original_shape2D_Elongation,original_shape2D_MajorAxisLength,original_shape2D_MaximumDiameter,original_shape2D_MeshSurface,original_shape2D_MinorAxisLength,original_shape2D_Perimeter,original_shape2D_PerimeterSurfaceRatio,original_shape2D_PixelSurface,original_shape2D_Sphericity,original_firstorder_10Percentile,original_firstorder_90Percentile,original_firstorder_Energy,original_firstorder_Entropy,original_firstorder_InterquartileRange,original_firstorder_Kurtosis,original_firstorder_Maximum,original_firstorder_MeanAbsoluteDeviation,original_firstorder_Mean,original_firstorder_Median,original_firstorder_Minimum,original_firstorder_Range,original_firstorder_RobustMeanAbsoluteDeviation,original_firstorder_RootMeanSquared,original_firstorder_Skewness,original_firstorder_TotalEnergy,original_firstorder_Uniformity,original_firstorder_Variance,original_glcm_Autocorrelation,original_glcm_JointAverage,original_glcm_ClusterProminence,original_glcm_ClusterShade,original_glcm_ClusterTendency,original_glcm_Contrast,original_glcm_Correlation,original_glcm_DifferenceAverage,original_glcm_DifferenceEntropy,original_glcm_DifferenceVariance,original_glcm_JointEnergy,original_glcm_JointEntropy,original_glcm_Imc1,original_glcm_Imc2,original_glcm_Idm,original_glcm_Idmn,original_glcm_Id,original_glcm_Idn,original_glcm_InverseVariance,original_glcm_MaximumProbability,original_glcm_SumEntropy,original_glcm_SumSquares,original_glrlm_GrayLevelNonUniformity,original_glrlm_GrayLevelNonUniformityNormalized,original_glrlm_GrayLevelVariance,original_glrlm_HighGrayLevelRunEmphasis,original_glrlm_LongRunEmphasis,original_glrlm_LongRunHighGrayLevelEmphasis,original_glrlm_LongRunLowGrayLevelEmphasis,original_glrlm_LowGrayLevelRunEmphasis,original_glrlm_RunEntropy,original_glrlm_RunLengthNonUniformity,original_glrlm_RunLengthNonUniformityNormalized,original_glrlm_RunPercentage,original_glrlm_RunVariance,original_glrlm_ShortRunEmphasis,original_glrlm_ShortRunHighGrayLevelEmphasis,original_glrlm_ShortRunLowGrayLevelEmphasis,original_glszm_GrayLevelNonUniformity,original_glszm_GrayLevelNonUniformityNormalized,original_glszm_GrayLevelVariance,original_glszm_HighGrayLevelZoneEmphasis,original_glszm_LargeAreaEmphasis,original_glszm_LargeAreaHighGrayLevelEmphasis,original_glszm_LargeAreaLowGrayLevelEmphasis,original_glszm_LowGrayLevelZoneEmphasis,original_glszm_SizeZoneNonUniformity,original_glszm_SizeZoneNonUniformityNormalized,original_glszm_SmallAreaEmphasis,original_glszm_SmallAreaHighGrayLevelEmphasis,original_glszm_SmallAreaLowGrayLevelEmphasis,original_glszm_ZoneEntropy,original_glszm_ZonePercentage,original_glszm_ZoneVariance,original_gldm_DependenceEntropy,original_gldm_DependenceNonUniformity,original_gldm_DependenceNonUniformityNormalized,original_gldm_DependenceVariance,original_gldm_GrayLevelNonUniformity,original_gldm_GrayLevelVariance,original_gldm_HighGrayLevelEmphasis,original_gldm_LargeDependenceEmphasis,original_gldm_LargeDependenceHighGrayLevelEmphasis,original_gldm_LargeDependenceLowGrayLevelEmphasis,original_gldm_LowGrayLevelEmphasis,original_gldm_SmallDependenceEmphasis,original_gldm_SmallDependenceHighGrayLevelEmphasis,original_gldm_SmallDependenceLowGrayLevelEmphasis,original_ngtdm_Busyness,original_ngtdm_Coarseness,original_ngtdm_Complexity,original_ngtdm_Contrast,original_ngtdm_Strength,filename,image_path,mask_path
0.5556251276436504,125.80940742741463,124.42668524074729,6730.5,69.90286806062927,336.8944443027292,0.05005489106347659,6731.0,0.8632463429390401,67.0,122.0,56047537.0,1.8117937714417738,22.0,5.377907777054366,197.0,16.937225525572448,88.23726043678502,82.0,36.0,161.0,9.882508062172493,91.25117615953066,1.5310344054480451,56047537.0,0.35659017063851145,540.9630211086694,10.218402882017413,3.0508856199339536,68.44217367849086,9.334800403991624,3.752476598524401,0.11047733413389371,0.9428016300169186,0.11047733413389374,0.50135406527079,0.09827209277656175,0.2958768375929798,2.3729099385309276,-0.6866037444407272,0.9572554669504725,0.9447613329330532,0.9977904533173222,0.9447613329330532,0.9861903332332633,0.11047733413389374,0.4687781447012909,2.262432604397036,0.9657384831645736,218.96521739130435,0.27200648123143395,1.3063076270205625,11.980124223602484,132.65714285714284,1197.3105590062112,19.52127969324376,0.13367922987000183,6.187407973230254,55.29565217391304,0.06869025114771807,0.11959589956915763,62.74261641140388,0.12832048728930023,1.577251340682148,0.02132403496863126,218.96521739130435,0.27200648123143395,1.3063076270205625,11.980124223602484,132.65714285714284,1197.3105590062112,19.52127969324376,0.13367922987000183,55.29565217391304,0.06869025114771807,0.12832048728930023,1.577251340682148,0.02132403496863126,6.187407973230254,0.11959589956915763,62.74261641140388,2.619484139215423,4316.957510028227,0.6413545550480207,0.19921277720803926,2400.2084385678204,0.973649417572954,10.32283464566929,7.821274699153172,78.75843113950378,1.096098394540305,0.13915743601456826,0.14959804552732794,1.600174978127734,0.020989568015588343,9.511062030075188,0.004434224624999712,2.4614904482928277,0.005104132396810486,0.11074708015023445,10_Benign_center1.png,/mnt/wangbd8/workspace/DataSets/ThyroidAgent/Classifaction_Data/Lymph_Node_Metastasis_fake/images/10_Benign_center1.png,/mnt/wangbd8/workspace/DataSets/ThyroidAgent/Classifaction_Data/Lymph_Node_Metastasis_fake/masks/10_Benign_center1.png
0.8183347464541406,304.2619285221523,308.97410894765926,57904.5,248.98810813282336,938.1391770309035,0.016201489988358478,57905.0,0.9092719992141047,14.0,83.0,195387312.0,2.1199103801064427,45.0,2.7625053959334376,173.0,23.011773377337555,51.27049477592609,54.0,5.0,168.0,18.27192117148783,58.08849788078626,0.29321064078358916,195387312.0,0.25397911196562895,745.6099514778459,7.812911177073028,2.5590098769289527,70.98820780060701,2.8507088448524636,5.120841946458369,0.0633234390459824,0.975570440239795,0.0633234390459824,0.3404988393777356,0.05931358111337215,0.22573974661994387,2.4973179787843547,-0.8208244664943762,0.9844251361794516,0.9683382804770089,0.9987335312190804,0.9683382804770089,0.9920845701192522,0.0633234390459824,0.3335589925185301,2.433994539738374,1.2960413463760876,961.9766734279918,0.2439088928569959,1.344199047825747,10.121957403651116,752.7847363083164,3792.3430527383366,395.86674972575236,0.22916276280627196,7.111924538555561,198.83569979716023,0.050414731185892556,0.0681115620412745,537.2296280148241,0.12140760992636902,1.2772226985830621,0.026741337181303285,961.9766734279918,0.2439088928569959,1.344199047825747,10.121957403651116,752.7847363083164,3792.3430527383366,395.86674972575236,0.22916276280627196,198.83569979716023,0.050414731185892556,0.12140760992636902,1.2772226985830621,0.026741337181303285,7.111924538555561,0.0681115620412745,537.2296280148241,2.695574293239422,44635.95843191434,0.7708480862086926,0.1278554873885995,14706.660478369744,1.3001613585657352,7.855193851998964,8.329073482428115,63.91059493998791,2.8762325900915577,0.3366744002266595,0.13314432643506127,1.097327998925443,0.04243129216238907,46.47394561557471,0.0011437647051317603,1.4058421930698177,0.003921317578907844,0.028144888846980225,10_Malignant_center1.png,/mnt/wangbd8/workspace/DataSets/ThyroidAgent/Classifaction_Data/Lymph_Node_Metastasis_fake/images/10_Malignant_center1.png,/mnt/wangbd8/workspace/DataSets/ThyroidAgent/Classifaction_Data/Lymph_Node_Metastasis_fake/masks/10_Malignant_center1.png
0.44698758611870953,131.72084875330054,134.39121995130486,5970.5,58.87758422574543,330.2497833620568,0.055313589039788426,5971.0,0.829407087021595,63.0,107.0,44646470.0,1.6335475526484804,22.0,3.888440218696751,157.0,13.785522281380043,84.60927817785965,83.0,40.0,117.0,9.606436555552584,86.4709096829879,0.6667194678005656,44646470.0,0.3824397332038701,318.48826762501193,8.949551379718978,2.9029964448958863,17.965655070785314,1.978737834324345,2.219683062756284,0.13103098019299136,0.8885181457217174,0.13103098019299136,0.5602588880190817,0.11386186242265527,0.3022765052891226,2.268499110105577,-0.6042148905563385,0.9272021786927374,0.9344845099035044,0.9964586221569462,0.9344845099035044,0.9812812885438584,0.13103098019299136,0.47045877772134753,2.137468129912587,0.5876785107373189,264.4630071599045,0.31558831403329896,0.8244940505009656,9.610978520286396,100.81026252983294,882.719570405728,14.379136502254045,0.1599429859453726,5.815541790845793,67.1527446300716,0.08013454013135035,0.14034500083738066,50.040386247515116,0.167110552232153,1.806218045850078,0.031405248238157754,264.4630071599045,0.31558831403329896,0.8244940505009656,9.610978520286396,100.81026252983294,882.719570405728,14.379136502254045,0.1599429859453726,67.1527446300716,0.08013454013135035,0.167110552232153,1.806218045850078,0.031405248238157754,5.815541790845793,0.14034500083738066,50.040386247515116,2.5322462126077476,3595.4501758499414,0.6021520977809314,0.2313789243331268,2283.547646960308,0.5967741532855685,9.052587506280355,7.626025791324736,68.31334784793167,1.1177891754591638,0.1484851318409349,0.15910232791827164,1.4809263291092132,0.02453492290928789,13.534684336864013,0.0037027080742414367,2.0874356396495855,0.005197162279492474,0.05944672755927153,11_Benign_center1.png,/mnt/wangbd8/workspace/DataSets/ThyroidAgent/Classifaction_Data/Lymph_Node_Metastasis_fake/images/11_Benign_center1.png,/mnt/wangbd8/workspace/DataSets/ThyroidAgent/Classifaction_Data/Lymph_Node_Metastasis_fake/masks/11_Benign_center1.png
0.9230231442873893,204.5275104595327,220.90722034374522,29350.5,188.78362579762975,684.8010819142783,0.02333183700155971,29351.0,0.8868460708497967,30.0,134.0,227331041.0,2.663139808982856,53.0,2.8880601696524018,255.0,31.35230484036993,78.82549146536745,75.0,7.0,248.0,22.46122390455629,88.00714229628524,0.5421909411422817,227331041.0,0.18009690149930505,1531.7989904018807,15.989402201872622,3.674143430394073,285.65956823927917,15.361479112933601,10.073675169897326,0.11338615083856365,0.9777391836038595,0.09994169496175877,0.46588827104560077,0.10339780844673443,0.14988724927149402,3.2064553483553,-0.7954219771958393,0.9927311652486391,0.9507530847586408,0.9991134941478953,0.9507760667344987,0.9917304923315938,0.0980248096511987,0.23507219535617518,3.10610020340908,2.5467653301839723,501.29029094475317,0.1638739100832799,2.903783828147768,20.03726708074534,198.62667538411245,2461.03563255966,40.45821497065195,0.12608250887169353,7.160468447383944,189.88394900294213,0.062073863681903284,0.10422132124970189,106.56330907858641,0.1293959504754313,2.9286163442489723,0.014833042948952246,501.29029094475317,0.1638739100832799,2.903783828147768,20.03726708074534,198.62667538411245,2461.03563255966,40.45821497065195,0.12608250887169353,189.88394900294213,0.062073863681903284,0.1293959504754313,2.9286163442489723,0.014833042948952246,7.160468447383944,0.10422132124970189,106.56330907858641,3.416233416671113,19850.354843105855,0.676309319720141,0.18080296798026124,5286.024155906102,2.5529724217394736,16.061871827194985,7.973595448195973,124.03325270007836,1.3308148354119511,0.1622692859258865,0.14489190222555356,2.474589167887522,0.02222886960840175,11.344508528448847,0.002057934094574731,5.785610108618495,0.004669285590508481,0.13379968705438577,11_Malignant_center1.png,/mnt/wangbd8/workspace/DataSets/ThyroidAgent/Classifaction_Data/Lymph_Node_Metastasis_fake/images/11_Malignant_center1.png,/mnt/wangbd8/workspace/DataSets/ThyroidAgent/Classifaction_Data/Lymph_Node_Metastasis_fake/masks/11_Malignant_center1.png
0.2739795948598262,266.60218209505564,263.09694030908076,15173.5,73.04355783914897,603.0193359837575,0.03974161109722592,15174.0,0.7241300635748336,39.0,84.0,64355262.0,1.6545506960137655,23.0,7.106640802628349,197.0,14.545928674587126,62.071174377224196,60.0,14.0,183.0,9.601281218502518,65.12413853805852,1.2991590957561654,64355262.0,0.39003306124158565,388.322731756465,9.709677419354838,3.018215539511161,42.30776912596848,4.619599811277195,2.5158616219472565,0.11565211631449956,0.9121022135412494,0.11565211631449958,0.5167325027339748,0.10227670430647703,0.3195066199912794,2.232420509428572,-0.6421275488821426,0.9375128572318786,0.9421739418427504,0.9982207366720848,0.9421739418427504,0.9871497648539447,0.11565211631449958,0.5024839372060674,2.116768393114075,0.6578784345654388,550.6719692814042,0.30206909998979936,1.0827047216811818,11.177180471749862,148.28414701042237,1284.828853538124,21.000295806108145,0.13618142393179616,6.165542714783,128.23971475589687,0.07034542773225282,0.12013971266640305,79.0011250766927,0.14707225590526032,1.7819263722570426,0.023317924693480544,550.6719692814042,0.30206909998979936,1.0827047216811818,11.177180471749862,148.28414701042237,1284.828853538124,21.000295806108145,0.13618142393179616,128.23971475589687,0.07034542773225282,0.14707225590526032,1.7819263722570426,0.023317924693480544,6.165542714783,0.12013971266640305,79.0011250766927,2.4720737989325223,9736.317648609464,0.6416447639784806,0.20416114506633642,5918.361671279821,0.6731860291016546,9.828456570449452,7.820218795307763,75.2825227362594,1.0584498901928856,0.1353595263948029,0.15108811856538232,1.542865720603957,0.020752484489321703,18.261591477439218,0.0016676720983423183,3.7920258078459006,0.0027688164573215967,0.07413147215712139,12_Benign_center1.png,/mnt/wangbd8/workspace/DataSets/ThyroidAgent/Classifaction_Data/Lymph_Node_Metastasis_fake/images/12_Benign_center1.png,/mnt/wangbd8/workspace/DataSets/ThyroidAgent/Classifaction_Data/Lymph_Node_Metastasis_fake/masks/12_Benign_center1.png
0.7562301521366365,440.1996379891269,453.1412583290116,113971.5,332.89223920700977,1321.8103166302524,0.011597726770554501,113972.0,0.9053863172766063,24.0,105.0,579022353.0,2.3536720259049293,51.0,3.340123725753327,255.0,26.298884375309836,64.03877268100938,63.0,5.0,250.0,20.501267161213864,71.27686344646692,0.4323664427095804,579022353.0,0.2144879320405977,979.4268562763015,11.121534805949134,3.0872172841679135,136.01504621731968,5.4237443274570705,6.522305134392463,0.15980814925635836,0.952168380728471,0.12115638475754642,0.525885931042251,0.14512927968883974,0.17062924820982617,2.9700834242004603,-0.7376991758134617,0.984341957843504,0.941173371345115,0.9988448073839562,0.9412103877817158,0.9900583975559774,0.11676965416236149,0.23538678165977295,2.8499263070176637,1.6705283209122053,2770.817143693727,0.20282681675526876,1.899733313037148,13.129419515408829,138.2083302832882,1287.921162433204,35.602674508623465,0.1908854335456532,6.76445599050618,910.8288558670669,0.06667365901962279,0.11986277331274348,68.6047857969172,0.13540689915603854,2.0216683541053246,0.02374275934599088,2770.817143693727,0.20282681675526876,1.899733313037148,13.129419515408829,138.2083302832882,1287.921162433204,35.602674508623465,0.1908854335456532,910.8288558670669,0.06667365901962279,0.13540689915603854,2.0216683541053246,0.02374275934599088,6.76445599050618,0.11986277331274348,68.6047857969172,3.179160258358594,73105.0111255396,0.6414295715223003,0.2014549066007304,24445.61859053101,1.6733331081616918,11.205146878180607,7.820569964552697,85.39512336363318,1.7487582421803818,0.2193488576034607,0.15027228910024687,1.7695788829225112,0.03177239126749764,74.88904243341902,0.0003616343629888609,6.665796561593856,0.004478978639752397,0.025097137198135687,12_Malignant_center1.png,/mnt/wangbd8/workspace/DataSets/ThyroidAgent/Classifaction_Data/Lymph_Node_Metastasis_fake/images/12_Malignant_center1.png,/mnt/wangbd8/workspace/DataSets/ThyroidAgent/Classifaction_Data/Lymph_Node_Metastasis_fake/masks/12_Malignant_center1.png
0.40922570400870695,128.9735346879446,123.96773773849388,5282.5,52.77928553116551,312.99494936611734,0.059251291881896324,5283.0,0.8231658695946401,46.0,90.0,24262423.0,1.5882738083166767,20.0,4.972547009924651,163.0,14.169057791252476,65.10789324247587,60.0,26.0,137.0,9.14341848645383,67.76832940104707,1.2624113053923807,24262423.0,0.42871246308100275,353.5087073351862,5.1205049732211165,2.1404934965570006,25.484878049936658,3.5684965623166827,2.2793095078644856,0.12413925019127772,0.8966990664767086,0.12413925019127774,0.5411431170374729,0.10872869675322511,0.35694827349525743,2.1763599680217824,-0.6131415467723881,0.9241389506166217,0.9379303749043612,0.9966448851299655,0.9379303749043612,0.9822658214012461,0.12413925019127774,0.5629303749043612,2.0522207178305067,0.6008621895139409,197.8153409090909,0.28098770015495866,1.081448137267562,6.396306818181818,111.68039772727273,514.7116477272727,33.00845880681818,0.364191130050505,5.902079303852837,55.08806818181818,0.07825009684917356,0.13325761877720993,55.36645911350725,0.1686760917463316,1.3287661438624452,0.06368864335309743,197.8153409090909,0.28098770015495866,1.081448137267562,6.396306818181818,111.68039772727273,514.7116477272727,33.00845880681818,0.364191130050505,55.08806818181818,0.07825009684917356,0.1686760917463316,1.3287661438624452,0.06368864335309743,5.902079303852837,0.13325761877720993,55.36645911350725,2.4350680664442086,3255.1105432519403,0.6161481247874201,0.22463496981324568,2264.8879424569373,0.6219737959273437,5.261215218625781,7.696573916335415,39.05716448987318,2.506424064609755,0.33117609943845033,0.15703409258207668,0.8915599301743539,0.05368567768033034,14.6667340697116,0.004552269672215903,2.2928340509675778,0.0051487767067744,0.09787779947646155,13_Benign_center1.png,/mnt/wangbd8/workspace/DataSets/ThyroidAgent/Classifaction_Data/Lymph_Node_Metastasis_fake/images/13_Benign_center1.png,/mnt/wangbd8/workspace/DataSets/ThyroidAgent/Classifaction_Data/Lymph_Node_Metastasis_fake/masks/13_Benign_center1.png
0.8783284972505648,143.7293877147265,148.71785366928881,14016.5,126.24161712221952,451.66399692442997,0.03222373609135162,14017.0,0.9292001029912901,50.0,93.0,73476334.0,1.5772961701111388,24.0,3.172342885781935,148.0,13.657170336721904,70.37368909181708,70.0,22.0,126.0,9.922467815725401,72.40127314685354,0.42186655985573185,73476334.0,0.3933821805846505,289.48823689356226,11.668993307908183,3.3450025185291796,12.665699474256028,0.8842977473091784,2.0158697344496943,0.09606389868316902,0.9090275402824399,0.09606389868316902,0.45639279470973115,0.08683562605295886,0.330741780383044,2.0923087184919265,-0.6730086719950331,0.9382137501986261,0.9519680506584155,0.9974036784139684,0.9519680506584155,0.9862765859024044,0.09606389868316902,0.4778009642368857,1.9962448198087592,0.527983408283216,475.80687285223365,0.3270150328881331,0.7384485303669064,11.685223367697594,201.83024054982818,2382.4591065292097,19.600399770904925,0.1143222604047346,6.240199038804962,88.67697594501718,0.06094637521994308,0.10380252550474424,109.02250847297506,0.14887627626797076,1.7644204834295603,0.01941533132261176,475.80687285223365,0.3270150328881331,0.7384485303669064,11.685223367697594,201.83024054982818,2382.4591065292097,19.600399770904925,0.1143222604047346,88.67697594501718,0.06094637521994308,0.14887627626797076,1.7644204834295603,0.01941533132261176,6.240199038804962,0.10380252550474424,109.02250847297506,2.338942654197616,9524.52372119569,0.6794980182061562,0.1853370408477127,5514.038025255048,0.528951806495083,11.722337162017551,7.982806591995434,93.62074623671256,0.8233565194644599,0.1043549895761496,0.14631043256997453,1.7155794947405134,0.01575640073737622,19.856249094596553,0.0021304863214631335,1.4982166200057394,0.0033862173624521733,0.03093113106871607,13_Malignant_center1.png,/mnt/wangbd8/workspace/DataSets/ThyroidAgent/Classifaction_Data/Lymph_Node_Metastasis_fake/images/13_Malignant_center1.png,/mnt/wangbd8/workspace/DataSets/ThyroidAgent/Classifaction_Data/Lymph_Node_Metastasis_fake/masks/13_Malignant_center1.png
0.3797584136088347,117.4197950561557,115.91807451816995,3977.5,44.591155096800186,287.58073580374423,0.07230188203739642,3978.0,0.7774102020060036,46.0,130.0,31397120.0,2.328701875922289,48.0,2.369274971551087,178.0,27.010191295968955,82.83308195072901,77.0,26.0,152.0,20.684299868828944,88.84081153313642,0.5398836788953141,31397120.0,0.22536482074233827,1031.3703284100768,9.888775769916007,2.864978365996437,116.13191986484799,9.652332674674588,6.845630972930627,0.1229320437770425,0.9647181080282109,0.1229320437770425,0.5377306177656725,0.10781975638984181,0.17915923783580026,2.963631920321713,-0.7287761769940669,0.983138194413457,0.9385339781114788,0.9975413591244592,0.9385339781114788,0.9846334945278697,0.1229320437770425,0.3176380758462713,2.8406998765446723,1.7421407541769176,109.49624060150376,0.20582000113064616,1.759963819322743,11.496240601503759,96.42105263157895,767.2424812030075,29.56637211651578,0.2191763102484101,6.254609431324134,39.67669172932331,0.07458024761150998,0.13373554550025138,40.50888970546667,0.11204472586810131,1.3831640155888192,0.026706663370037298,109.49624060150376,0.20582000113064616,1.759963819322743,11.496240601503759,96.42105263157895,767.2424812030075,29.56637211651578,0.2191763102484101,39.67669172932331,0.07458024761150998,0.11204472586810131,1.3831640155888192,0.026706663370037298,6.254609431324134,0.13373554550025138,40.50888970546667,3.18784500647988,2432.391151332328,0.6114608223560402,0.2110132627389304,896.5012569130216,1.7357164378945942,9.923831070889895,7.677727501256913,74.11789844142785,2.032765051889702,0.2579652630282882,0.15286855482933914,1.5841014468465449,0.03808653312543757,6.971505037783377,0.009981256915746448,2.502043216856127,0.01016023053138041,0.20132302304803204,14_Benign_center1.png,/mnt/wangbd8/workspace/DataSets/ThyroidAgent/Classifaction_Data/Lymph_Node_Metastasis_fake/images/14_Benign_center1.png,/mnt/wangbd8/workspace/DataSets/ThyroidAgent/Classifaction_Data/Lymph_Node_Metastasis_fake/masks/14_Benign_center1.png
0.8520030716674549,140.11974951526958,144.5441109142811,13096.5,119.38245698828405,432.96046148071207,0.03305924953084504,13097.0,0.9369886233263472,56.0,103.0,83069453.0,1.6385997657963438,26.0,2.8348036256060025,157.0,14.818490192662033,77.5364587310071,75.0,30.0,127.0,10.908168110004706,79.64064370342133,0.4368705540069129,83069453.0,0.3685090874523161,330.729696950137,7.399522268454306,2.6184311912467253,14.713534921386945,1.55005947092268,2.2659797377265476,0.0926182770842965,0.9214632790304246,0.09261827708429649,0.44514942481302877,0.08404013183423296,0.31270306986792085,2.1362331015477998,-0.6908308311543188,0.9460847581740316,0.9536908614578518,0.997496803322046,0.9536908614578518,0.9867688175593862,0.09261827708429649,0.42240715056249034,2.043614824463505,0.589649503702711,407.8993186979561,0.30878071059648454,0.814121845847748,8.53671461014383,204.63209689629068,1377.5382286146857,39.401436622087644,0.20170346538817394,6.322919696590067,75.12717638152914,0.05687144313514697,0.10086279300603192,106.3356047221813,0.13375560790709645,1.3284101742654115,0.028824179695313614,407.8993186979561,0.30878071059648454,0.814121845847748,8.53671461014383,204.63209689629068,1377.5382286146857,39.401436622087644,0.20170346538817394,75.12717638152914,0.05687144313514697,0.13375560790709645,1.3284101742654115,0.028824179695313614,6.322919696590067,0.10086279300603192,106.3356047221813,2.379011472028474,8974.891425517295,0.6852631461798346,0.1784409408075229,4826.363518362984,0.5958188333892833,7.473772619683897,8.008780636787051,58.82996105978469,1.5662448567526066,0.19618695545205436,0.14444783792726068,1.1234888396833882,0.028673823380531024,22.73440497381747,0.0024890137608423995,1.5311958691179595,0.0036940130771329163,0.042190561696213165,14_Malignant_center1.png,/mnt/wangbd8/workspace/DataSets/ThyroidAgent/Classifaction_Data/Lymph_Node_Metastasis_fake/images/14_Malignant_center1.png,/mnt/wangbd8/workspace/DataSets/ThyroidAgent/Classifaction_Data/Lymph_Node_Metastasis_fake/masks/14_Malignant_center1.png
0.21179853280817154,248.2654281700179,242.0743687382041,10094.5,52.58225343340229,548.3330444827424,0.05431998063130837,10095.0,0.6495355407220502,39.0,85.0,39045720.0,1.6422800729581244,24.0,3.608633961336147,141.0,14.167043713743706,59.53719663199604,56.0,16.0,125.0,10.018497235722787,62.19186150489692,0.8362381939819652,39045720.0,0.36705113212495166,323.14985464731905,8.966749875187219,2.9013479780329505,17.296342816566103,2.1699171734729825,2.307151992929229,0.11143285072391414,0.9078528495567668,0.11143285072391412,0.5042227982049071,0.09901557050345598,0.29838944030285075,2.2051208127861104,-0.6499641006946526,0.9382755157960438,0.9442835746380428,0.996988301331786,0.9442835746380428,0.984081021325155,0.11143285072391412,0.44483275087368945,2.0936879620621975,0.6046462109132856,383.0886287625418,0.3203082180288811,0.7921856299146541,10.009197324414716,141.12123745819397,1181.7516722408027,21.503842205499815,0.1427566425120773,6.068646211075606,78.48160535117057,0.06562007136385499,0.11847449232293214,69.87691063299069,0.14456189090295318,1.6584576286995516,0.021822845091422977,383.0886287625418,0.3203082180288811,0.7921856299146541,10.009197324414716,141.12123745819397,1181.7516722408027,21.503842205499815,0.1427566425120773,78.48160535117057,0.06562007136385499,0.14456189090295318,1.6584576286995516,0.021822845091422977,6.068646211075606,0.11847449232293214,69.87691063299069,2.4649257730594556,6516.789796929173,0.6455462899385015,0.2029933658966907,3705.381178801387,0.6129560752838132,9.073303615651312,7.837444279346211,70.06290242694404,1.1548996477904352,0.14672398327004568,0.1508007264322272,1.4174508832755488,0.022074450131161376,20.007128962939575,0.0025693299126504183,1.7991767962580867,0.004555932393805063,0.04136078203314624,15_Benign_center1.png,/mnt/wangbd8/workspace/DataSets/ThyroidAgent/Classifaction_Data/Lymph_Node_Metastasis_fake/images/15_Benign_center1.png,/mnt/wangbd8/workspace/DataSets/ThyroidAgent/Classifaction_Data/Lymph_Node_Metastasis_fake/masks/15_Benign_center1.png
0.5688869517863022,127.41962930595483,125.57467897629681,7213.5,72.48736451360523,340.0071426749374,0.04713483644207908,7214.0,0.885502740343203,20.0,91.0,27365410.0,2.2357492684039664,40.0,6.328533842483974,217.0,24.021694946884615,52.98724701968395,46.0,0.0,217.0,16.51481394644379,61.59038383711548,1.396267506258299,27365410.0,0.2527985775125824,985.7270344782106,8.56610644257703,2.644747899159664,262.82525963781563,22.205244062874772,6.456108149142009,0.1704481792717087,0.948556030968649,0.1704481792717087,0.6587289969876959,0.14139559745466812,0.18509689169785562,3.01697440731703,-0.6481693139316512,0.9719040125357847,0.9147759103641457,0.9979213636674182,0.9147759103641457,0.9829551820728292,0.1704481792717087,0.3235294117647059,2.846526228045324,1.6566390821034296,278.47482571649886,0.21570474493919353,2.2869871319106654,11.492641363284276,56.53911696359411,384.14794732765296,18.096555680165746,0.23894593598549096,6.019017798735616,131.15336948102245,0.10159052632147364,0.178957582478514,25.314307896952087,0.19654962240832452,3.0891623942091875,0.0336084136595164,278.47482571649886,0.21570474493919353,2.2869871319106654,11.492641363284276,56.53911696359411,384.14794732765296,18.096555680165746,0.23894593598549096,131.15336948102245,0.10159052632147364,0.19654962240832452,3.0891623942091875,0.0336084136595164,6.019017798735616,0.178957582478514,25.314307896952087,3.2363931415164946,3895.3947879123925,0.5399770984075953,0.27278389854185664,1823.6889381757694,1.6587102604990804,8.698780149708899,7.253396174105905,58.45009703354588,2.1809965920647287,0.2891346010752307,0.17395188368296213,1.7602886362936268,0.04595882933912777,11.017444178628386,0.0036260622090328863,7.199917273808461,0.007571700912660798,0.210022524036806,15_Malignant_center1.png,/mnt/wangbd8/workspace/DataSets/ThyroidAgent/Classifaction_Data/Lymph_Node_Metastasis_fake/images/15_Malignant_center1.png,/mnt/wangbd8/workspace/DataSets/ThyroidAgent/Classifaction_Data/Lymph_Node_Metastasis_fake/masks/15_Malignant_center1.png
0.6128397888390618,109.40784161993064,108.50345616615168,5739.5,67.0494785556958,296.9360748630719,0.05173553007458348,5740.0,0.9044384118873997,73.0,114.0,49353972.0,1.5070374898726333,19.0,5.170537565593215,180.0,12.825077881241729,91.1006968641115,88.0,53.0,127.0,8.281489247162824,92.72676507714735,1.208807514424454,49353972.0,0.45759078051208585,298.91599254573936,5.108856739590684,2.150317572335921,21.59558204818065,3.0035881600172796,2.0468803305362004,0.10691601976005646,0.9007185431014866,0.10691601976005646,0.4905430821472185,0.09548498447872368,0.3940483326020512,2.039717638426753,-0.6352376990540296,0.922091013387347,0.9465419901199718,0.9971103778443228,0.9465419901199718,0.9847262828914205,0.10691601976005646,0.5980945659844742,1.932801618666698,0.5384490875740642,193.98525073746313,0.2861139391408011,1.005368905596018,6.728613569321534,166.2802359882006,728.7831858407079,47.78031751884628,0.3239298590626024,6.045688437064383,48.640117994100294,0.07174058701194734,0.11811846689895471,94.60578136284927,0.1717847228321602,1.5304441566458664,0.05027926480270902,193.98525073746313,0.2861139391408011,1.005368905596018,6.728613569321534,166.2802359882006,728.7831858407079,47.78031751884628,0.3239298590626024,48.640117994100294,0.07174058701194734,0.1717847228321602,1.5304441566458664,0.05027926480270902,6.045688437064383,0.11811846689895471,94.60578136284927,2.292988829741369,3719.730662020906,0.6480367007005062,0.20725831320035454,2626.571080139373,0.549787268268402,5.211324041811847,7.845644599303136,39.20993031358885,2.4645045973674025,0.3155273422377081,0.15211962833914056,0.8779519938056524,0.047941801630317894,13.215416731439738,0.004822905271082567,1.9146682596993598,0.003917473740797498,0.10297459314097158,16_Benign_center1.png,/mnt/wangbd8/workspace/DataSets/ThyroidAgent/Classifaction_Data/Lymph_Node_Metastasis_fake/images/16_Benign_center1.png,/mnt/wangbd8/workspace/DataSets/ThyroidAgent/Classifaction_Data/Lymph_Node_Metastasis_fake/masks/16_Benign_center1.png
0.692224068189265,97.89442733800017,97.41663102366043,5154.5,67.76487874496887,282.8355697996835,0.0548715820738546,5155.0,0.8998376862021643,24.0,92.0,18835443.0,2.118283038880425,35.0,3.763752942874969,178.0,20.94961309022627,54.317555771096025,50.0,3.0,175.0,14.68383767434295,60.446837589635564,0.8641872840102366,18835443.0,0.27225981009651345,703.423309641652,8.296988781735879,2.679000196811651,82.0369358774594,7.8114321842018795,4.660066381420825,0.18027947254477467,0.9255096730754991,0.18027947254477472,0.6806880458553445,0.14777878432375252,0.1961885628376297,2.929121173500823,-0.6125718674573601,0.9616223575836672,0.9098602637276126,0.9972264696531573,0.9098602637276126,0.9799689474950251,0.18027947254477472,0.32532965951584336,2.7488417009560506,1.2100864634914,226.0848484848485,0.22836853382307928,1.6485297418630749,10.383838383838384,48.637373737373736,352.2111111111111,12.185962059655512,0.23070117988272748,5.755516313252036,109.03030303030303,0.11013161922252832,0.19204655674102813,21.523788388939902,0.19726363412322778,2.9161341304504185,0.03563147649690139,226.0848484848485,0.22836853382307928,1.6485297418630749,10.383838383838384,48.637373737373736,352.2111111111111,12.185962059655512,0.23070117988272748,109.03030303030303,0.11013161922252832,0.19726363412322778,2.9161341304504185,0.03563147649690139,5.755516313252036,0.19204655674102813,21.523788388939902,3.1489753544561765,2696.377303588749,0.5230605826554314,0.2811824704763392,1403.4993210475266,1.2193177360223,8.463821532492725,7.124151309408341,57.00349175557711,1.8055725087480838,0.24907536905806613,0.17809031145597587,1.7299170169199267,0.042105044545029995,9.516159115292565,0.004470662308457487,5.694449081622016,0.007526756982096919,0.17490042139250025,16_Malignant_center1.png,/mnt/wangbd8/workspace/DataSets/ThyroidAgent/Classifaction_Data/Lymph_Node_Metastasis_fake/images/16_Malignant_center1.png,/mnt/wangbd8/workspace/DataSets/ThyroidAgent/Classifaction_Data/Lymph_Node_Metastasis_fake/masks/16_Malignant_center1.png
0.4786744956638099,91.74734790004955,92.89241088485109,3153.5,43.917115484548326,236.752308678998,0.07507604524464817,3154.0,0.8408279254405843,54.0,122.0,24041021.0,2.0011754617629514,37.0,2.9908835246073093,171.0,20.87023533844352,83.4556119213697,78.0,38.0,133.0,15.187854384292608,87.30630522562303,0.7654803412649848,24041021.0,0.2954318358103509,657.5517709793886,9.193174500965874,2.8580167417900832,55.367607405126634,6.65114808670187,4.209124769001194,0.10946555054732775,0.9493049618289462,0.10946555054732776,0.4983017896902352,0.0974828437906982,0.2502280445922541,2.558916331274287,-0.711722904552972,0.9699658241926946,0.9452672247263361,0.9970414716068289,0.9452672247263361,0.9843620642075245,0.10946555054732776,0.38731487443657436,2.449450780726961,1.0796475798871303,87.08247422680412,0.22443936656392816,1.4858313848442979,12.420103092783505,150.1701030927835,1021.2396907216495,30.52197093356243,0.16793384879725085,6.1158967987227655,30.52061855670103,0.07866138803273462,0.12301838934686113,84.09164098203846,0.14113103700472185,2.052624014378363,0.020919505924862036,87.08247422680412,0.22443936656392816,1.4858313848442979,12.420103092783505,150.1701030927835,1021.2396907216495,30.52197093356243,0.16793384879725085,30.52061855670103,0.07866138803273462,0.14113103700472185,2.052624014378363,0.020919505924862036,6.1158967987227655,0.12301838934686113,84.09164098203846,2.791357534759434,2000.6385542168675,0.6343178675386391,0.2038920290848673,931.7920101458466,1.1013045607655063,9.380152187698162,7.788205453392518,69.40932149651236,1.4375062530825056,0.18241906221376739,0.15090185302613965,1.5482279997181707,0.026717557363958762,5.981747259245781,0.011992691834589068,1.5086084269711693,0.00806599091746455,0.15257933076576072,17_Benign_center1.png,/mnt/wangbd8/workspace/DataSets/ThyroidAgent/Classifaction_Data/Lymph_Node_Metastasis_fake/images/17_Benign_center1.png,/mnt/wangbd8/workspace/DataSets/ThyroidAgent/Classifaction_Data/Lymph_Node_Metastasis_fake/masks/17_Benign_center1.png
0.4093365832517943,355.30757033148353,352.61877431583247,40236.5,145.44038684298607,877.4112549695456,0.021806351322047036,40237.0,0.8104231329342161,29.0,82.0,144442300.0,1.8666001425154886,29.0,11.612289891820877,226.0,17.234848470497273,55.231055993240055,52.0,3.0,223.0,11.952985346238997,59.91483961477382,1.7153889214430773,144442300.0,0.32661595796576637,539.3184599356524,8.32599690572441,2.7470055397514592,104.37950922570178,8.237114755178323,3.455733459576801,0.335903578379997,0.8228187060009279,0.15938014672855222,0.615520635260957,0.3105015472087822,0.25458780037436807,2.556313876049668,-0.6303099702377138,0.9512585787083304,0.9305252857342845,0.9973850947122678,0.9311122340337042,0.9864334337490113,0.12964707205957843,0.3510505564705295,2.392404835419372,0.9479092594891992,1529.5661261261262,0.27559750020290563,1.6624431133836541,9.958918918918918,101.56774774774775,778.3122522522523,19.48175696115617,0.2168697879285181,6.203948228641609,421.09153153153153,0.07587234802369938,0.13793274846534284,49.006554045937825,0.16809108820142346,1.9810662770751095,0.046072667664771624,1529.5661261261262,0.27559750020290563,1.6624431133836541,9.958918918918918,101.56774774774775,778.3122522522523,19.48175696115617,0.2168697879285181,421.09153153153153,0.07587234802369938,0.16809108820142346,1.9810662770751095,0.046072667664771624,6.203948228641609,0.13793274846534284,49.006554045937825,2.7568188657716823,24420.210279096354,0.6069093192607887,0.22943790501452369,13142.046300668539,0.9478480063283421,8.496582747222705,7.650346695827223,63.059199244476474,1.4959227698179796,0.19846330006083318,0.1584928741650167,1.4254210469634088,0.033076401977439,45.287524264955735,0.0005783741372164144,9.067304350320496,0.0033264574928070344,0.0527944788877416,17_Malignant_center1.png,/mnt/wangbd8/workspace/DataSets/ThyroidAgent/Classifaction_Data/Lymph_Node_Metastasis_fake/images/17_Malignant_center1.png,/mnt/wangbd8/workspace/DataSets/ThyroidAgent/Classifaction_Data/Lymph_Node_Metastasis_fake/masks/17_Malignant_center1.png
0.49634831716198186,120.73142191328614,118.51160280748886,5661.5,59.92483809523279,307.9655121145946,0.05439645184396266,5662.0,0.8661011267593196,49.0,108.0,37153988.0,1.9746272867701737,31.0,3.417170700038012,176.0,18.29517162574469,77.61073825503355,77.0,19.0,157.0,12.933175140243526,81.00611155648654,0.4697541424793981,37153988.0,0.2992764045341972,538.5634170106138,14.066761870760441,3.6339700107104607,43.524093293323816,2.7131470639535094,3.58565191500307,0.14155658693323814,0.9240414981562213,0.1415565869332381,0.5883009006567055,0.12151831962905071,0.2286319907168361,2.675433798377032,-0.6467532536888158,0.9604624677920407,0.929221706533381,0.9978222063548734,0.929221706533381,0.9842714903407515,0.1415565869332381,0.3288111388789718,2.533877211443796,0.9318021254840769,225.85814771395076,0.26478094690967263,1.1764093077463307,14.943728018757326,83.58030480656507,1130.1113716295429,7.929935244222738,0.09896591628054115,5.992658946470827,71.37749120750293,0.0836781842995345,0.1506534793359237,39.52059141654377,0.1726514374498977,2.810292618685939,0.01789476169416813,225.85814771395076,0.26478094690967263,1.1764093077463307,14.943728018757326,83.58030480656507,1130.1113716295429,7.929935244222738,0.09896591628054115,71.37749120750293,0.0836781842995345,0.1726514374498977,2.810292618685939,0.01789476169416813,5.992658946470827,0.1506534793359237,39.52059141654377,2.9161340355609373,3304.7071706110914,0.5836642830468194,0.243018426087218,1694.5030024726245,0.9290465503974579,14.113564111621335,7.525962557400212,105.04539032144119,0.7266861607618439,0.09691676483674833,0.16288904588092154,2.3574904823580205,0.015988951769137342,6.193918831716784,0.004537533423437538,4.120454880221597,0.004673478730016984,0.13911718557085737,18_Benign_center1.png,/mnt/wangbd8/workspace/DataSets/ThyroidAgent/Classifaction_Data/Lymph_Node_Metastasis_fake/images/18_Benign_center1.png,/mnt/wangbd8/workspace/DataSets/ThyroidAgent/Classifaction_Data/Lymph_Node_Metastasis_fake/masks/18_Benign_center1.png
0.7393330770266198,452.12730492738854,459.6194077712559,117783.5,334.27267155971896,1328.6559876977024,0.011280493343275607,117784.0,0.9156607758022638,60.0,134.0,1260787203.0,2.2996355193576656,36.0,3.1955551404611806,241.0,22.762795573554094,99.30624702845887,101.0,7.0,234.0,15.6973960769678,103.46125603352185,-0.08279355021854051,1260787203.0,0.24071426008024502,842.5008011566636,21.59546275164356,4.499020676499642,99.09010070624814,-0.8723929525756056,5.569042728405405,0.15193991211636068,0.9468832815397239,0.15187178526416184,0.6148822161586847,0.12887487295703698,0.17836895225042487,3.0424912450034096,-0.6766199299977071,0.9774711517716285,0.9240709200531388,0.9984956833492966,0.9240754618432855,0.9861939901794109,0.1518121742684879,0.28948802670572604,2.8901794254518807,1.4302456601304414,4123.9831738700095,0.22676691817167105,1.5921380917536883,23.256131089849333,78.13207962168701,1552.4464423182667,5.756358823637577,0.06585550541786828,6.328335652216418,1559.4054767403497,0.08574757927748541,0.15440127691367247,36.185338607136295,0.1672646149811886,4.103763931422841,0.011562549524084153,4123.9831738700095,0.22676691817167105,1.5921380917536883,23.256131089849333,78.13207962168701,1552.4464423182667,5.756358823637577,0.06585550541786828,1559.4054767403497,0.08574757927748541,0.1672646149811886,4.103763931422841,0.011562549524084153,6.328335652216418,0.15440127691367247,36.185338607136295,3.252384271650557,67945.14567343613,0.5768622705412969,0.244602267813895,28352.288409291585,1.4312640051618577,21.681798886096583,7.487145962100115,159.99887081437208,0.5198217612868657,0.06880424334923041,0.16352107813172131,3.641940142784909,0.01116158753823141,70.99223725133146,0.0002449460159020175,6.815445781240122,0.004742904334613052,0.012162542868422721,18_Malignant_center1.png,/mnt/wangbd8/workspace/DataSets/ThyroidAgent/Classifaction_Data/Lymph_Node_Metastasis_fake/images/18_Malignant_center1.png,/mnt/wangbd8/workspace/DataSets/ThyroidAgent/Classifaction_Data/Lymph_Node_Metastasis_fake/masks/18_Malignant_center1.png
0.3611486760802982,161.03972167967743,163.76812876747417,7059.5,58.159282280955196,389.220346110534,0.05513426533189801,7060.0,0.7652377194981886,82.0,119.0,70379555.0,1.4034151104295733,17.0,5.501611184550148,178.0,11.538829217793255,98.60920679886685,96.0,67.0,111.0,7.564832498541164,99.8437554169048,1.3235468503235792,70379555.0,0.4535251867842611,244.99983024901897,6.508721761509865,2.465112953960537,15.558638696268163,2.9488354174330933,1.8249857367837412,0.09722619388046896,0.8988392566610766,0.09722619388046896,0.4601406549499569,0.08777326110398642,0.38716373092864675,1.8991444341458226,-0.6398561193987552,0.9124205523199299,0.9513869030597656,0.9973722650302577,0.9513869030597656,0.9861105437313616,0.09722619388046896,0.5498999142121819,1.8019182402653553,0.4805529826660525,259.5254691689008,0.34788936885911637,0.7245955192662924,7.819034852546917,189.71581769436997,1046.676943699732,40.96728701221328,0.20404639559130175,6.055896711717441,47.85790884718499,0.06415269282464475,0.1056657223796034,100.15217531930799,0.14882048481148744,1.2755109036586922,0.03710819698107151,259.5254691689008,0.34788936885911637,0.7245955192662924,7.819034852546917,189.71581769436997,1046.676943699732,40.96728701221328,0.20404639559130175,47.85790884718499,0.06415269282464475,0.14882048481148744,1.2755109036586922,0.03710819698107151,6.055896711717441,0.1056657223796034,100.15217531930799,2.154813050421019,4765.4356940509915,0.674990891508639,0.1876336380197257,3201.8878186968836,0.48639606689725456,6.579461756373938,7.964305949008499,51.12903682719547,1.6173758262511804,0.20303572552722698,0.14686811457349702,1.0143059490084987,0.030278481621375863,14.645687005271792,0.0038387976842153906,1.6722184425366977,0.003173745818942427,0.07757858012569539,19_Benign_center1.png,/mnt/wangbd8/workspace/DataSets/ThyroidAgent/Classifaction_Data/Lymph_Node_Metastasis_fake/images/19_Benign_center1.png,/mnt/wangbd8/workspace/DataSets/ThyroidAgent/Classifaction_Data/Lymph_Node_Metastasis_fake/masks/19_Benign_center1.png
0.6396055971807274,197.07473007770056,200.9601950635996,19477.5,126.05010042057835,545.6295090390246,0.02801332352915028,19478.0,0.9067210296711016,58.0,110.0,145043033.0,1.9102005913428228,26.0,8.237374894527633,226.0,17.430530953797177,82.83833042406818,80.0,22.0,204.0,11.06796171088934,86.29313670296827,1.521975660941507,145043033.0,0.3306379574983883,584.3164545900704,15.480620155038759,3.8296899224806205,91.43526711703234,8.945122339766959,3.688990829878013,0.432609819121447,0.7900767900808313,0.1874418604651163,0.6878477602964812,0.39747536806682293,0.2551036583004494,2.642569126007528,-0.6130896360329158,0.9504299124387068,0.9223412259170158,0.9965493454998854,0.9237572494975597,0.9843237207970692,0.13556594987932968,0.36790697674418604,2.4305524020428986,1.0304001622498649,773.6368260427264,0.26233869991275904,1.8403502701802692,18.03899626992201,81.71312309257375,1151.4513394370974,6.917031581640983,0.09654695659332016,6.136663275291175,243.63207867073584,0.08261515044785889,0.15140158127117773,38.08774761541895,0.1842983081401548,3.733747824122274,0.028766996279504225,773.6368260427264,0.26233869991275904,1.8403502701802692,18.03899626992201,81.71312309257375,1151.4513394370974,6.917031581640983,0.09654695659332016,243.63207867073584,0.08261515044785889,0.1842983081401548,3.733747824122274,0.028766996279504225,6.136663275291175,0.15140158127117773,38.08774761541895,2.8312723902929435,11359.32857582914,0.5831876258255027,0.2479755081284109,6440.166136153609,1.037804871221434,15.741041174658589,7.52284628811993,115.0734161618236,0.6215204065900166,0.08453451173027197,0.1644305256072378,2.726238149022829,0.015556369042559935,17.143969520735286,0.001101985792202073,8.483454509115912,0.0042541818145812515,0.06714033948167974,19_Malignant_center1.png,/mnt/wangbd8/workspace/DataSets/ThyroidAgent/Classifaction_Data/Lymph_Node_Metastasis_fake/images/19_Malignant_center1.png,/mnt/wangbd8/workspace/DataSets/ThyroidAgent/Classifaction_Data/Lymph_Node_Metastasis_fake/masks/19_Malignant_center1.png
0.3771176542307221,124.57860713159738,124.03628501370073,4566.5,46.98079208879871,300.99494936611734,0.06591370839069689,4567.0,0.7958614241611552,57.0,114.40000000000055,35676420.0,1.9451556432825252,29.0,4.390607966397925,218.0,17.826211103359565,85.2476461572148,83.0,24.0,194.0,11.970980514866765,88.38430030992133,0.6544946028703444,35676420.0,0.3146737845576713,544.62336592866,16.252489488824963,3.927970789997787,49.33735830707613,3.5450709575668125,3.4386408427920165,0.14450099579553,0.9193439711264728,0.14450099579553,0.5959062083852191,0.12362045800963023,0.2428636122734425,2.6344757736214275,-0.6347890765431723,0.9558768118989016,0.9277495021022351,0.9982377927342009,0.9277495021022351,0.985549900420447,0.14450099579553,0.40008851515822086,2.4899747778259,0.8957854596468865,181.10841654778886,0.2583572276002694,1.2653494803632876,18.074179743223965,78.65477888730385,1194.2753209700427,6.311392944481645,0.07686122414834799,5.987749483828176,59.328102710413695,0.08463352740429914,0.1534924458068754,36.20983270282316,0.19843810834607187,4.089208323633397,0.01543829296798397,181.10841654778886,0.2583572276002694,1.2653494803632876,18.074179743223965,78.65477888730385,1194.2753209700427,6.311392944481645,0.07686122414834799,59.328102710413695,0.08463352740429914,0.19843810834607187,4.089208323633397,0.01543829296798397,5.987749483828176,0.1534924458068754,36.20983270282316,2.8949424147672707,2651.895992993212,0.5806647674607428,0.2556617433670947,1437.115174074885,0.9196845315368498,16.438143201226186,7.507992117363696,121.11999124151522,0.5885902348880415,0.07813467837807822,0.16686129966182517,2.8779529474734202,0.012983672547774288,3.9860629219804946,0.005372008974913177,5.45807910900213,0.0036415506777515588,0.24086640384485375,1_Benign_center1.png,/mnt/wangbd8/workspace/DataSets/ThyroidAgent/Classifaction_Data/Lymph_Node_Metastasis_fake/images/1_Benign_center1.png,/mnt/wangbd8/workspace/DataSets/ThyroidAgent/Classifaction_Data/Lymph_Node_Metastasis_fake/masks/1_Benign_center1.png
0.3505358807705718,428.6966725314649,420.97980949209426,50456.5,150.27356568923045,1007.8549057834414,0.019974728841347326,50457.0,0.7900698314781591,52.0,105.0,339542098.0,1.9042417433171452,27.0,8.983636169811884,231.0,17.37867529993412,78.50407277483798,76.0,12.0,219.0,11.58767260629522,82.03252909979764,1.4848485363473325,339542098.0,0.32890100418516593,566.4463882720887,14.279739185750637,3.6690720419847325,102.12232729576206,8.715173564914677,3.6071518990871385,0.3365537531806616,0.8293210584886681,0.17493638676844786,0.6660777077930454,0.3059510137650616,0.2510831534142009,2.6440094691826963,-0.6097999471944957,0.9495692904685871,0.9227745015742207,0.997243153483921,0.9236213977745468,0.9849814254335232,0.14246130175359215,0.3529341603053435,2.4527410885862166,0.98592641306695,2040.9787735849056,0.26742384349907045,1.5872666059875884,15.8104035639413,83.28681865828092,1109.0657756813416,7.660581252157377,0.10460253221804676,6.121682941879571,643.2730607966457,0.08428630251528377,0.15125750639158095,39.578296046190815,0.17678385917214257,2.9672940855411336,0.02699244843103622,2040.9787735849056,0.26742384349907045,1.5872666059875884,15.8104035639413,83.28681865828092,1109.0657756813416,7.660581252157377,0.10460253221804676,643.2730607966457,0.08428630251528377,0.17678385917214257,2.9672940855411336,0.02699244843103622,6.121682941879571,0.15125750639158095,39.578296046190815,2.832340820848951,29406.106367798322,0.5827953776046598,0.24457282131077585,16595.357968170916,0.9882592053475361,14.453495055195512,7.520998077571001,106.6990110391026,0.6857688466955989,0.09310877922600233,0.16338554500752017,2.4327821489364982,0.01657648526241603,46.52739470727144,0.00042370970937974655,8.447521819516494,0.003806680280005,0.028787986878367578,1_Malignant_center1.png,/mnt/wangbd8/workspace/DataSets/ThyroidAgent/Classifaction_Data/Lymph_Node_Metastasis_fake/images/1_Malignant_center1.png,/mnt/wangbd8/workspace/DataSets/ThyroidAgent/Classifaction_Data/Lymph_Node_Metastasis_fake/masks/1_Malignant_center1.png
0.43178978562949843,138.51672371532385,137.44089638822936,6466.5,59.81010643914014,342.6934341759526,0.05299519588277315,6467.0,0.831828487134069,55.0,111.0,46142031.0,1.8865578995300614,32.0,2.8838314401100082,158.0,17.831131056126825,81.51987010978816,80.0,28.0,130.0,12.858114233890998,84.46891638444959,0.43506299119119235,46142031.0,0.31313584072761164,489.5086124464036,8.597564783015923,2.7978457695910084,30.41542083002666,2.4960126269962344,3.206188118401721,0.12769278801123948,0.9233969109300735,0.1276927880112395,0.5510765236778316,0.11138733990115617,0.24654975836831086,2.5330036965747555,-0.6574485586967317,0.9572492300010763,0.9361536059943804,0.9965488435672639,0.9361536059943804,0.9817581731412516,0.1276927880112395,0.3457695910084296,2.4053109085635183,0.8334702266032401,239.97610921501706,0.273010363157016,1.0443401269153463,9.328782707622299,103.95108077360636,821.5358361774744,19.519161610415875,0.2042488307420048,6.065415791042351,67.1547212741752,0.07639900031191718,0.13592082882325654,49.822334046471774,0.1815653750805381,1.6683987470065373,0.04802622873441611,239.97610921501706,0.273010363157016,1.0443401269153463,9.328782707622299,103.95108077360636,821.5358361774744,19.519161610415875,0.2042488307420048,67.1547212741752,0.07639900031191718,0.1815653750805381,1.6683987470065373,0.04802622873441611,6.065415791042351,0.13592082882325654,49.822334046471774,2.7839358445588727,3959.7558373279726,0.612301814957163,0.2325811606397758,2025.0494819854646,0.8333326439049948,8.649451059223752,7.675429101592702,65.476418741302,1.4458438138927547,0.19038275518444067,0.15945054378640275,1.4083294675532192,0.031925573710404394,14.2129717507816,0.004233724921791964,1.9421645820317992,0.007057190525931172,0.06202301849711082,20_Benign_center1.png,/mnt/wangbd8/workspace/DataSets/ThyroidAgent/Classifaction_Data/Lymph_Node_Metastasis_fake/images/20_Benign_center1.png,/mnt/wangbd8/workspace/DataSets/ThyroidAgent/Classifaction_Data/Lymph_Node_Metastasis_fake/masks/20_Benign_center1.png
0.4819781601915822,182.64546905047774,187.6406139405859,12568.5,88.03112714027782,467.40411229460796,0.03718853580734439,12569.0,0.8502646581303213,50.0,100.0,77509603.0,1.8197730093229734,27.0,12.305230049535487,226.0,16.374519872833584,75.13318481979474,74.0,10.0,216.0,11.191178804744153,78.5285164891141,1.683647625263244,77509603.0,0.3459852873179116,521.7324408156308,13.08385441718775,3.528178611511945,94.259303697267,6.642285432575278,3.1222848222073276,0.5790444123777456,0.6871154249304936,0.21508738175404843,0.7384660389802823,0.5327818305879339,0.2628389609309924,2.589389361535786,-0.5724212878658174,0.9352210643385938,0.9162399161873098,0.9954994604000669,0.918298664396548,0.9824711122826995,0.13865407533181745,0.3789482122815456,2.359818535125823,0.9253323086462683,552.1556439582297,0.2745676996311436,1.9083281632770137,15.179512680258577,77.70114370959722,970.7334659373446,7.507985140369941,0.12827006233917032,5.939867444227804,183.28244654400797,0.09113995352760217,0.15999681756703,38.63708974088559,0.20988378080323944,3.779114330497279,0.04174815581388883,552.1556439582297,0.2745676996311436,1.9083281632770137,15.179512680258577,77.70114370959722,970.7334659373446,7.507985140369941,0.12827006233917032,183.28244654400797,0.09113995352760217,0.20988378080323944,3.779114330497279,0.04174815581388883,5.939867444227804,0.15999681756703,38.63708974088559,2.7705914524581834,7163.461293659002,0.5699308850074789,0.2642203516183317,4348.6890762988305,0.9312521621044862,13.410374731482218,7.446654467340282,97.24234227066593,0.7418890854255735,0.10406248388211761,0.1698004791329638,2.4200281114912348,0.02048833840242092,15.857511871262748,0.001452070132827044,8.612045125504817,0.005534200245531253,0.081540228914451,20_Malignant_center1.png,/mnt/wangbd8/workspace/DataSets/ThyroidAgent/Classifaction_Data/Lymph_Node_Metastasis_fake/images/20_Malignant_center1.png,/mnt/wangbd8/workspace/DataSets/ThyroidAgent/Classifaction_Data/Lymph_Node_Metastasis_fake/masks/20_Malignant_center1.png
0.3981287910388834,144.26730736717784,143.58969322343438,6410.5,57.4369686685295,352.1076477383257,0.054926705832357176,6411.0,0.8060749523549464,60.0,97.0,40151380.0,1.4532037960145934,18.0,4.166947796663464,159.0,11.372908942843399,77.72391202620496,77.0,36.0,123.0,7.7490979771617425,79.13841535500285,0.5743037722709241,40151380.0,0.4168725805438764,221.88228424370345,7.308455361360416,2.6288773421508425,9.551423671861915,0.8879283389512005,1.6833657033220193,0.0935285781766651,0.8947280328936836,0.0935285781766651,0.4481393544446709,0.08478098324091655,0.3506995291780001,1.940591001230967,-0.655913851958721,0.9217015352427446,0.9532357109116674,0.9974722005898198,0.9532357109116674,0.9866387745461906,0.0935285781766651,0.4429223744292237,1.8470624230543036,0.444223570374671,238.10091743119267,0.36406868108745055,0.6332356049341151,8.301223241590215,209.9006116207951,1413.9281345565748,38.6356511213048,0.1754706082229018,6.026979203305098,39.39449541284404,0.060236231518110146,0.1020121665886757,113.80665909154672,0.12996822794968635,1.241200302871141,0.02290048198997283,238.10091743119267,0.36406868108745055,0.6332356049341151,8.301223241590215,209.9006116207951,1413.9281345565748,38.6356511213048,0.1754706082229018,39.39449541284404,0.060236231518110146,0.12996822794968635,1.241200302871141,0.02290048198997283,6.026979203305098,0.1020121665886757,113.80665909154672,2.2030099427277667,4373.352831071596,0.6821639106335354,0.17924445050756893,2672.5701138667914,0.4512852643861679,7.4027452815473405,7.996724379971924,58.32085478084542,1.439375335794381,0.17948738279692888,0.14459522695367338,1.1079914729891334,0.02582899328122382,11.713245265372924,0.0042656776628797214,1.6107318850471957,0.002822732662905215,0.08206437579425326,21_Benign_center1.png,/mnt/wangbd8/workspace/DataSets/ThyroidAgent/Classifaction_Data/Lymph_Node_Metastasis_fake/images/21_Benign_center1.png,/mnt/wangbd8/workspace/DataSets/ThyroidAgent/Classifaction_Data/Lymph_Node_Metastasis_fake/masks/21_Benign_center1.png
0.6782157819339396,190.43432082824313,196.02295783912658,19059.5,129.15556180758563,542.4579361637708,0.028461288919634346,19060.0,0.9021829522503957,56.0,96.0,115719639.0,1.5300490748093611,21.0,8.266692479596504,204.0,13.21293390618239,75.73457502623295,73.0,33.0,171.0,8.642931112326778,77.91876975387912,1.6170573207456158,115719639.0,0.41545378872043764,335.6088255539198,7.096227013316423,2.5599767491016694,41.058756528253845,5.378654090496152,2.290409298196915,0.119425068695836,0.9008852472713106,0.11931938279433522,0.527913775352797,0.10518795358541487,0.33823185448353726,2.1163989692212466,-0.6121766897966311,0.91947291315668,0.9403508771929825,0.998162834715858,0.9403579229197493,0.9867434650884239,0.11922690763052207,0.4629042485732403,1.9963641196895512,0.6024585917231877,785.8708733806936,0.3284040423655218,0.9122302494966776,8.388215628917676,127.92645215211031,790.1909736732135,25.928246271485335,0.20404264718145232,6.032827665970002,169.36523192645214,0.07077527452003851,0.12555089192025184,64.4868580860495,0.16184562545366477,1.5689217766432964,0.040898803232134115,785.8708733806936,0.3284040423655218,0.9122302494966776,8.388215628917676,127.92645215211031,790.1909736732135,25.928246271485335,0.20404264718145232,169.36523192645214,0.07077527452003851,0.16184562545366477,1.5689217766432964,0.040898803232134115,6.032827665970002,0.12555089192025184,64.4868580860495,2.3626827417275074,12034.568310598112,0.6314044234311705,0.21428262657604144,7918.549213011543,0.605941063675872,7.183578174186779,7.770724029380903,54.38221406086044,1.5101147318231245,0.19546182362416809,0.1540019820450041,1.1706161828145039,0.031014365749068663,29.542782826510948,0.001216913255473444,4.223134806365698,0.0025660073525473515,0.06797425920939,21_Malignant_center1.png,/mnt/wangbd8/workspace/DataSets/ThyroidAgent/Classifaction_Data/Lymph_Node_Metastasis_fake/images/21_Malignant_center1.png,/mnt/wangbd8/workspace/DataSets/ThyroidAgent/Classifaction_Data/Lymph_Node_Metastasis_fake/masks/21_Malignant_center1.png
0.3385814344075323,228.9596003906653,222.76669409945464,13833.5,77.52146992164685,539.4213562373106,0.038993845103358564,13834.0,0.7729347493512171,65.0,115.0,111214979.0,1.760386354394611,19.0,12.70847577624459,255.0,16.580080653964938,85.9957351452942,80.0,42.0,213.0,8.573879540130903,89.6618625862122,2.615670993849348,111214979.0,0.37137029411856304,643.9831392492101,9.816093625063603,2.95965690194083,211.24408457790292,20.664905743547827,4.381946523392355,0.15584793196191027,0.9313111541321483,0.11165224976375664,0.49577790441229364,0.14338170708460202,0.3090283155404747,2.2902302091365003,-0.6911624480018501,0.9544492541200296,0.9471220593500161,0.99859622673475,0.9472909029861855,0.9900990285030069,0.10297121218189972,0.45562259213491313,2.179604700868778,1.1344486138385665,449.88037012557834,0.2973432717287365,1.6905095255090385,11.80568407138136,186.44415069398545,1557.4448116325182,29.935737246209342,0.14063361393246437,6.3781055332901575,97.47058823529412,0.06442206757124529,0.10936822321815816,102.84195443848839,0.1461239046427046,1.9634118433282082,0.021213477237049295,449.88037012557834,0.2973432717287365,1.6905095255090385,11.80568407138136,186.44415069398545,1557.4448116325182,29.935737246209342,0.14063361393246437,97.47058823529412,0.06442206757124529,0.1461239046427046,1.9634118433282082,0.021213477237049295,6.3781055332901575,0.10936822321815816,102.84195443848839,2.5428106961552976,9210.555153968484,0.6657911778204774,0.19113080187102116,5137.536648836201,1.154556341430743,9.965592019661702,7.926557756252711,77.05435882608067,1.1811147559235733,0.14798194648926025,0.14767561402663323,1.5501863364014588,0.02165775600957296,14.216096756801592,0.002017921046833374,5.108968428887255,0.00360259857874997,0.15521641139683642,22_Benign_center1.png,/mnt/wangbd8/workspace/DataSets/ThyroidAgent/Classifaction_Data/Lymph_Node_Metastasis_fake/images/22_Benign_center1.png,/mnt/wangbd8/workspace/DataSets/ThyroidAgent/Classifaction_Data/Lymph_Node_Metastasis_fake/masks/22_Benign_center1.png
0.5687714294741373,197.5163731217939,202.80532537386685,17359.5,112.34166988502977,532.3158005400397,0.03066423575218409,17360.0,0.8774132343190344,26.0,100.0,82695868.0,2.244803985972975,45.0,2.3374969007794144,153.0,23.838647932638196,62.87799539170507,63.0,3.0,150.0,17.97315700786068,69.01874286278654,0.18597871558578086,82695868.0,0.23272219892119178,809.9445618801631,10.577857681377951,3.0455837151307783,68.80136208418566,1.5956177693627112,5.337509992439184,0.1283999304065418,0.9530179120333204,0.12839993040654177,0.5530336017741033,0.111913388278137,0.180186761684673,2.900774640160171,-0.7060138503616352,0.978673810314273,0.9358000347967291,0.9974320013918692,0.9358000347967291,0.9839500086991824,0.12839993040654177,0.2495505422490286,2.7723747097536315,1.3664774807114313,522.6645216645217,0.2242233040173838,1.4808005284195758,11.761475761475761,93.83783783783784,911.9296439296439,21.51486990391752,0.18809534267017258,6.403316130020941,164.4148434148434,0.07053403835900618,0.1342741935483871,38.37336435534633,0.12868369726757678,1.6489070098206966,0.02622373507014427,522.6645216645217,0.2242233040173838,1.4808005284195758,11.761475761475761,93.83783783783784,911.9296439296439,21.51486990391752,0.18809534267017258,164.4148434148434,0.07053403835900618,0.12868369726757678,1.6489070098206966,0.02622373507014427,6.403316130020941,0.1342741935483871,38.37336435534633,3.122794680054138,10616.014285714286,0.611521560236998,0.21601540434071653,4040.0573732718894,1.3722699436174055,10.69516129032258,7.6768433179723505,80.71209677419355,1.6044123810046294,0.20584503563330095,0.15439388120839734,1.7028961853558628,0.03122277387657572,24.875954823837827,0.0019714079975343777,2.701099949933534,0.008347072086821363,0.039575226388333266,22_Malignant_center1.png,/mnt/wangbd8/workspace/DataSets/ThyroidAgent/Classifaction_Data/Lymph_Node_Metastasis_fake/images/22_Malignant_center1.png,/mnt/wangbd8/workspace/DataSets/ThyroidAgent/Classifaction_Data/Lymph_Node_Metastasis_fake/masks/22_Malignant_center1.png
0.48785714645960016,151.9760674360209,151.79591562357663,8723.5,74.14261058948892,386.24978336205686,0.04427692822399918,8724.0,0.8571998095220159,57.0,100.0,56436042.0,1.6106566173836883,22.0,6.288844349589294,190.0,13.76335420257608,78.2585969738652,77.0,29.0,161.0,9.266015351649367,80.43044018523489,1.1458504068189188,56436042.0,0.3897635912336147,344.6477080727832,7.583699421965317,2.653988439306359,29.5457736885715,3.5130810084645363,2.2771733636272513,0.11699421965317919,0.9022673095482507,0.11699421965317919,0.5206586760822689,0.10330657222092285,0.3190718834575161,2.1818079927280776,-0.6300587088923989,0.9303737020041943,0.9415028901734105,0.9976601156069365,0.9415028901734105,0.9853757225433527,0.11699421965317919,0.40566473988439306,2.0648137730749005,0.5985418958201075,324.71639042357276,0.2990022011266784,1.0923523566300037,9.430939226519337,128.451197053407,880.8738489871087,23.688311534558576,0.1863236021848887,6.087592038374228,78.58011049723757,0.07235737614846921,0.12448418156808803,63.919711445519575,0.14958536497389083,1.8564206919997641,0.030950059099894393,324.71639042357276,0.2990022011266784,1.0923523566300037,9.430939226519337,128.451197053407,880.8738489871087,23.688311534558576,0.1863236021848887,78.58011049723757,0.07235737614846921,0.14958536497389083,1.8564206919997641,0.030950059099894393,6.087592038374228,0.12448418156808803,63.919711445519575,2.433155610933565,5520.952544704264,0.6328464631710528,0.21059613884321707,3400.297569922054,0.620089108429034,7.725699220541037,7.778771205868868,58.09089867033471,1.4356817991601347,0.1846896018074049,0.1529051403535585,1.276077487391105,0.0286196820565134,14.78054818489463,0.0028372327939100313,2.849702025834842,0.003452385813615503,0.08785163308789816,23_Benign_center1.png,/mnt/wangbd8/workspace/DataSets/ThyroidAgent/Classifaction_Data/Lymph_Node_Metastasis_fake/images/23_Benign_center1.png,/mnt/wangbd8/workspace/DataSets/ThyroidAgent/Classifaction_Data/Lymph_Node_Metastasis_fake/masks/23_Benign_center1.png
0.8323553184049592,141.40822994963472,142.772546380598,12897.5,117.7018922648099,437.5462479183389,0.03392488838289117,12898.0,0.9200972576455094,46.0,127.0,110909361.0,2.375127085250335,37.0,4.131415680010887,226.0,24.220547703739694,87.27035199255698,85.0,17.0,209.0,16.722995192642266,92.73056699660842,0.5270125507509376,110909361.0,0.2303007787932373,982.8437186076876,17.44292881781123,4.005957980558168,138.228606519561,6.359856176319471,6.174677702564308,0.5937597993101287,0.8245504079351567,0.20570711821887744,0.706815138732125,0.5514443808242133,0.17906768902509712,3.118261970215828,-0.6873122264692394,0.980723205657561,0.9236587084439931,0.9953530245573485,0.9261525544157247,0.9835039635749884,0.11833986710792352,0.31295076826591406,2.8672673512152604,1.6921093754686087,369.10543130990413,0.19654176321081157,2.6642021682595742,20.738019169329075,83.96379126730564,1337.4861554845581,7.973529717615166,0.11641087822933378,6.453992622777632,144.42279020234292,0.0769024441972007,0.14560396960769112,36.795127937295355,0.186585936180907,4.624764882451454,0.0433721857180859,369.10543130990413,0.19654176321081157,2.6642021682595742,20.738019169329075,83.96379126730564,1337.4861554845581,7.973529717615166,0.11641087822933378,144.42279020234292,0.0769024441972007,0.186585936180907,4.624764882451454,0.0433721857180859,6.453992622777632,0.14560396960769112,36.795127937295355,3.2694626232781303,7664.36455264382,0.5942289155406901,0.24470638706055392,2970.4194448751746,1.6892581693678665,17.81043572646922,7.58226081563033,131.04334005272136,0.6911912611861364,0.09442109288380904,0.16325959235712686,3.1063860029978807,0.018530176838074026,9.08613258957995,0.0022819390749866802,8.412117177881148,0.007599202426249548,0.09302283319037584,23_Malignant_center1.png,/mnt/wangbd8/workspace/DataSets/ThyroidAgent/Classifaction_Data/Lymph_Node_Metastasis_fake/images/23_Malignant_center1.png,/mnt/wangbd8/workspace/DataSets/ThyroidAgent/Classifaction_Data/Lymph_Node_Metastasis_fake/masks/23_Malignant_center1.png
0.2898587843540184,167.14928261043923,164.51443705644803,6349.5,48.44968786310818,381.2375900532367,0.06004214348424863,6350.0,0.7409330720298051,29.0,103.0,31820903.0,2.2656410083014293,42.0,4.58341797123011,197.0,25.29588299336599,62.74787401574803,55.0,8.0,189.0,17.012223007047307,70.78958840657046,1.2309074038565244,31820903.0,0.25526810093620184,1073.8701332754667,10.970009520787052,3.0449063789273247,216.10726656875818,21.43331838637191,6.913228495565578,0.11900983814662014,0.9661530703315063,0.11900983814662014,0.5265079624463018,0.10484649657093542,0.20844938880334088,2.87675584159909,-0.7263761773599288,0.9810314733626573,0.9404950809266899,0.9981690794131289,0.9404950809266899,0.9867766846503756,0.11900983814662014,0.3314820691843859,2.757746003452472,1.7580595834280492,160.44611528822054,0.20106029484739418,2.203773845641673,13.516290726817042,123.36591478696742,1070.733082706767,24.761956966892857,0.1840877100631397,6.523984643486184,58.17042606516291,0.0728952707583495,0.12566929133858268,60.04580373238862,0.13938970982876214,2.1211222489323736,0.028899167180249243,160.44611528822054,0.20106029484739418,2.203773845641673,13.516290726817042,123.36591478696742,1070.733082706767,24.761956966892857,0.1840877100631397,58.17042606516291,0.0728952707583495,0.13938970982876214,2.1211222489323736,0.028899167180249243,6.523984643486184,0.12566929133858268,60.04580373238862,3.09497218566674,3995.0170078740157,0.6291365366730733,0.20801001922003845,1620.9524409448818,1.7665159898319795,11.103149606299212,7.763149606299213,83.24236220472442,1.4521565253004087,0.18657251124859395,0.15208223972003498,1.7971303587051617,0.028484273828370658,7.597186728152706,0.005966589915335499,3.423474998829024,0.007526073466241421,0.192271094826018,24_Benign_center1.png,/mnt/wangbd8/workspace/DataSets/ThyroidAgent/Classifaction_Data/Lymph_Node_Metastasis_fake/images/24_Benign_center1.png,/mnt/wangbd8/workspace/DataSets/ThyroidAgent/Classifaction_Data/Lymph_Node_Metastasis_fake/masks/24_Benign_center1.png
0.5853524950943924,111.06537071764875,113.74093370462545,5638.5,65.01239186815936,300.3502884254449,0.05326776419711712,5639.0,0.8862549442812184,75.0,127.0,59137099.0,1.822452356766686,29.0,3.4907134436429432,192.0,16.35548424081888,100.33179641780457,99.0,55.0,137.0,11.927594508917878,102.40683896490943,0.609199511468529,59137099.0,0.33307088761070114,420.6912943611079,7.090386343216533,2.530008984725966,28.864565961074632,2.596854287738883,2.903495776855894,0.14573225516621743,0.9044136721584745,0.1457322551662174,0.5990564088872647,0.1244943649703859,0.2566892616783275,2.521037880791766,-0.6139918172411536,0.944911843689777,0.9271338724168914,0.9960612904009132,0.9271338724168914,0.9791811064048261,0.1457322551662174,0.39119496855345914,2.3753056256255505,0.762307008005528,246.54350282485876,0.27858022918063136,1.0122174343260237,8.390960451977401,76.27457627118645,478.8542372881356,18.10892184557439,0.23847332077840552,5.82674304940046,80.24745762711865,0.09067509336397588,0.1569427203404859,35.67536020939066,0.18043841363495455,1.7405781711538888,0.042173142052838265,246.54350282485876,0.27858022918063136,1.0122174343260237,8.390960451977401,76.27457627118645,478.8542372881356,18.10892184557439,0.23847332077840552,80.24745762711865,0.09067509336397588,0.18043841363495455,1.7405781711538888,0.042173142052838265,5.82674304940046,0.1569427203404859,35.67536020939066,2.7684354013827592,3230.842525270438,0.5729460055453871,0.24905528817071823,1878.1867352367442,0.7653382076368122,7.2051782230892005,7.464266713956375,52.00425607377195,1.813189641583417,0.24212513053929974,0.16500167484384545,1.2661917991763711,0.0398443571993108,15.381255334441398,0.004117234961669703,2.3261500212306196,0.007360674255630981,0.06797379693815123,24_Malignant_center1.png,/mnt/wangbd8/workspace/DataSets/ThyroidAgent/Classifaction_Data/Lymph_Node_Metastasis_fake/images/24_Malignant_center1.png,/mnt/wangbd8/workspace/DataSets/ThyroidAgent/Classifaction_Data/Lymph_Node_Metastasis_fake/masks/24_Malignant_center1.png
0.3293148052903499,118.35420672889772,114.21471008587291,3585.5,38.97579254422077,274.8528137423863,0.07665676021263039,3586.0,0.7722885715305371,23.0,82.0,11029724.0,1.9938929382916937,32.0,4.061848658971382,163.0,18.811025961094902,49.98047964305633,46.0,9.0,154.0,13.34437450543462,55.459657083861,0.9943030243326795,11029724.0,0.3000949655800319,577.7252185094853,7.257263751763045,2.515373765867419,57.9437279264053,5.942602694181715,3.8543437289255005,0.1337094499294781,0.9329450015168211,0.13370944992947814,0.5675243043721007,0.11583123292903451,0.2401505527362283,2.63445386049286,-0.664124642372082,0.9628886270486076,0.9331452750352609,0.9973258110014104,0.9331452750352609,0.9832863187588152,0.13370944992947814,0.3768688293370945,2.5007444105633834,0.997013294713745,115.76893203883495,0.2247940427938543,1.6432236780092375,9.724271844660194,94.48543689320388,601.3844660194175,25.575718094357484,0.2600733218853884,6.060161449892443,42.57669902912621,0.08267320199830333,0.14361405465699945,46.00058063908003,0.18345382469134616,2.5375781876224903,0.04534917293110924,115.76893203883495,0.2247940427938543,1.6432236780092375,9.724271844660194,94.48543689320388,601.3844660194175,25.575718094357484,0.2600733218853884,42.57669902912621,0.08267320199830333,0.18345382469134616,2.5375781876224903,0.04534917293110924,6.060161449892443,0.14361405465699945,46.00058063908003,2.8848637870518545,2140.3112102621303,0.5968519827836393,0.2381915915801955,1076.1405465699945,1.032328812333021,7.46207473508087,7.597322922476296,53.69297267150028,2.071448629275097,0.27071438372709183,0.16122885294664438,1.3697403482679555,0.04305807165670589,6.671332653917631,0.008055928723227404,3.1329034727063925,0.006497807041216529,0.2119647198081616,25_Benign_center1.png,/mnt/wangbd8/workspace/DataSets/ThyroidAgent/Classifaction_Data/Lymph_Node_Metastasis_fake/images/25_Benign_center1.png,/mnt/wangbd8/workspace/DataSets/ThyroidAgent/Classifaction_Data/Lymph_Node_Metastasis_fake/masks/25_Benign_center1.png
0.8467083725608675,156.9259930742352,157.54364474646383,16217.5,132.87055220838366,489.0609665441002,0.030156372224085105,16218.0,0.9230683994599793,67.0,129.0,153812942.0,2.038586027744464,27.0,5.841955806238173,226.0,19.821594299679447,93.57923295104206,88.0,22.0,204.0,12.38813067423045,97.38628329305023,1.283244207000892,153812942.0,0.3119440525783542,727.0153339288389,19.193769044213667,4.261457620794726,107.16544395041768,11.063262479540374,4.604801053011273,0.4698090914744108,0.8148393361862771,0.17791182140414155,0.6525350470823184,0.4381564752790716,0.25296128387968875,2.7137160050236764,-0.665238857348189,0.9659866282779903,0.9304280685152985,0.9963168128676537,0.9321964548520733,0.9854620195733863,0.11468733982202628,0.43336857160624337,2.5118232378000163,1.268652536121421,489.03386727688786,0.22381412690017752,2.3209873853871574,22.899771167048055,118.67734553775743,1986.574828375286,8.363201516630893,0.08603979979567046,6.440606194894308,172.5725400457666,0.07898056752666663,0.1347268467135282,63.584943315407216,0.1900083327033378,4.891539515246368,0.030506201327410543,489.03386727688786,0.22381412690017752,2.3209873853871574,22.899771167048055,118.67734553775743,1986.574828375286,8.363201516630893,0.08603979979567046,172.5725400457666,0.07898056752666663,0.1900083327033378,4.891539515246368,0.030506201327410543,6.440606194894308,0.1347268467135282,63.584943315407216,2.8957750642842326,9968.757799975336,0.6146724503622726,0.2312546158418895,5059.108644715748,1.2785234981491618,19.498335183129857,7.6871377481810335,145.50154149710198,0.5153240380805635,0.06938965570893316,0.15904824543374302,3.2889108124032282,0.012988101020489463,10.97180129119766,0.0016273768577538365,7.507703005355628,0.0050199491428542,0.07709088602359249,25_Malignant_center1.png,/mnt/wangbd8/workspace/DataSets/ThyroidAgent/Classifaction_Data/Lymph_Node_Metastasis_fake/images/25_Malignant_center1.png,/mnt/wangbd8/workspace/DataSets/ThyroidAgent/Classifaction_Data/Lymph_Node_Metastasis_fake/masks/25_Malignant_center1.png
0.2644394119783565,193.5702836338121,182.8578683021324,7568.5,51.18761198060896,430.350288425445,0.0568607106329451,7569.0,0.7166180473615962,57.0,87.0,40767595.0,1.2373153880464622,16.0,9.088619955556787,167.0,10.149623944145969,72.03633240850839,70.0,39.0,128.0,6.6812404872785365,73.39023753370066,1.6847480623225501,40767595.0,0.49882859521791334,196.89377838388958,6.0628746503263615,2.3934994005594774,14.613968625423206,2.6010812738961455,1.4293873828412427,0.09324630345011324,0.8775197156221708,0.09324630345011324,0.4472137230447306,0.08455143034300265,0.4311530631443509,1.7004040224766663,-0.6120139882961076,0.8813441018256029,0.9533768482749433,0.9974798296364834,0.9533768482749433,0.9866790995071266,0.09324630345011324,0.5883841747702144,1.6071577190265547,0.38065842157283897,275.90813648293965,0.36208416861278164,0.7567666246443605,7.645669291338582,252.1771653543307,1257.8083989501313,56.75181065908428,0.21186242344706913,5.990022261013934,48.727034120734906,0.06394623900358912,0.10067380103051922,153.51126852253705,0.1648190631795176,1.4451866170861096,0.048592075566332285,275.90813648293965,0.36208416861278164,0.7567666246443605,7.645669291338582,252.1771653543307,1257.8083989501313,56.75181065908428,0.21186242344706913,48.727034120734906,0.06394623900358912,0.1648190631795176,1.4451866170861096,0.048592075566332285,5.990022261013934,0.10067380103051922,153.51126852253705,1.95153426222956,5208.674990091161,0.6881589364633586,0.18353101525419174,3775.633637204386,0.3906776640244668,6.1521997621878715,8.015986259743691,47.87131721495574,1.6496896331527724,0.20617728013387945,0.14601958280119198,0.9581039620674975,0.031089550212122546,15.758307372793354,0.003463699115335826,1.6304596721456865,0.0024293691883672305,0.07677020139925154,26_Benign_center1.png,/mnt/wangbd8/workspace/DataSets/ThyroidAgent/Classifaction_Data/Lymph_Node_Metastasis_fake/images/26_Benign_center1.png,/mnt/wangbd8/workspace/DataSets/ThyroidAgent/Classifaction_Data/Lymph_Node_Metastasis_fake/masks/26_Benign_center1.png
0.46420787394773466,256.60126308202393,257.75181861628056,23918.5,119.11632678760968,646.4995667241136,0.027029268838936957,23919.0,0.8480152532694378,29.0,75.0,71516152.0,1.648278237525313,23.0,19.68725677189443,226.0,15.00380039584138,50.119988293824996,46.0,9.0,217.0,9.843233866483542,54.680258619732676,2.830104907914692,71516152.0,0.39375917223563045,477.9174561476952,7.087044279046298,2.536920230436062,125.8401318865417,10.979680231932612,2.992150714886193,0.3878306210840587,0.77051315819013,0.12779109373028888,0.49544915992751876,0.3715000574472752,0.3416506010658445,2.159323434400093,-0.6845037262625283,0.9456748687246916,0.9513211691483363,0.9971848471820373,0.9521405643961466,0.9897508303247533,0.0839724852145357,0.4944283251335099,2.034802103545223,0.8449953339925629,625.7014795474325,0.2722808875315198,2.321227600948643,10.530026109660575,246.67058311575283,1433.9412532637075,53.71126928861591,0.2398293771260559,6.596084273672,134.59268929503915,0.05856949055484733,0.09607425059576069,138.33129216687465,0.15897768265289242,2.43479735395959,0.05400644318028351,625.7014795474325,0.2722808875315198,2.321227600948643,10.530026109660575,246.67058311575283,1433.9412532637075,53.71126928861591,0.2398293771260559,134.59268929503915,0.05856949055484733,0.15897768265289242,2.43479735395959,0.05400644318028351,6.596084273672,0.09607425059576069,138.33129216687465,2.3427301060488372,16718.740122914838,0.6989732063595818,0.17596410755147654,9418.325640704043,0.8505567187847276,7.3150633387683435,8.059994146912496,56.016263221706595,1.7091508776573885,0.2146240564521895,0.14413460243135398,1.1846556201253304,0.03267626701837063,22.647052456594874,0.001222641205053246,7.0911918067514925,0.002388833573390035,0.11807561956159321,26_Malignant_center1.png,/mnt/wangbd8/workspace/DataSets/ThyroidAgent/Classifaction_Data/Lymph_Node_Metastasis_fake/images/26_Malignant_center1.png,/mnt/wangbd8/workspace/DataSets/ThyroidAgent/Classifaction_Data/Lymph_Node_Metastasis_fake/masks/26_Malignant_center1.png
0.40855888360820636,130.89920389926547,134.5362404707371,5198.5,53.48003261028688,331.13708498984846,0.06369858324321409,5199.0,0.7718557339877518,27.0,67.0,12783396.0,1.5521307844199337,20.0,4.60044860815401,125.0,12.389368751688197,46.83477591844586,46.0,9.0,116.0,8.512020503072637,49.58647229109793,0.7116245417950832,12783396.0,0.40380370394664716,265.32199894478657,6.191559704395176,2.3957604045118632,14.626610300579385,1.393525323776136,1.9312544354868602,0.12368728121353559,0.8796196697859249,0.12368728121353559,0.5398677763564698,0.10838873767953935,0.32443123272609053,2.152005979564807,-0.6020011006711101,0.9183098781728266,0.9381563593932323,0.9966571005077424,0.9381563593932323,0.9823303883980664,0.12368728121353559,0.46946713341112406,2.0283186983512733,0.5137354291750988,231.2049062049062,0.33362901328269295,0.7288469106650924,7.054834054834055,100.78354978354979,604.7128427128428,23.037903238736572,0.252303190636524,5.796505668420162,49.81962481962482,0.07188979050450912,0.13329486439699942,44.50107756601263,0.1488882132650375,1.2611459549594044,0.04091586776439642,231.2049062049062,0.33362901328269295,0.7288469106650924,7.054834054834055,100.78354978354979,604.7128427128428,23.037903238736572,0.252303190636524,49.81962481962482,0.07188979050450912,0.1488882132650375,1.2611459549594044,0.04091586776439642,5.796505668420162,0.13329486439699942,44.50107756601263,2.4186006128457294,3195.251586843624,0.6145896493255671,0.21937038582256543,2099.375456818619,0.5235695488068802,6.31352183112137,7.69090209655703,47.63608386228121,1.8473265692120275,0.241906082366267,0.1554251886046462,1.0293646214015517,0.03820002184655644,13.936268165304266,0.0042354154540118535,2.201152286851309,0.0043236364612634585,0.08639561597488289,27_Benign_center1.png,/mnt/wangbd8/workspace/DataSets/ThyroidAgent/Classifaction_Data/Lymph_Node_Metastasis_fake/images/27_Benign_center1.png,/mnt/wangbd8/workspace/DataSets/ThyroidAgent/Classifaction_Data/Lymph_Node_Metastasis_fake/masks/27_Benign_center1.png
0.5938494687337424,155.5102367739046,153.83432646844463,11240.5,92.34967149084174,420.77669529663814,0.03743398383493956,11241.0,0.8931945584033071,26.0,79.0,32610401.0,1.8330736133505772,27.0,4.261615929558935,159.0,16.85001626423459,49.27275153456098,46.0,3.0,156.0,11.454682646594657,53.861146753618264,1.0106353631664635,32610401.0,0.342885242373341,473.21908582822124,7.015340450345383,2.5038126850273614,40.31560359330882,4.667282007258104,3.109029500632041,0.12397954606620616,0.9233039287701205,0.12397954606620616,0.5406927830086536,0.10860861822342362,0.2775080358746622,2.445801086527456,-0.6555161129185941,0.9528411325006867,0.938010226966897,0.9975204090786759,0.938010226966897,0.9845025567417243,0.12397954606620616,0.43321072934421817,2.3218215404612517,0.8082522616745615,389.1490514905149,0.2636511188960128,1.272700608103642,8.481707317073171,116.90040650406505,734.1849593495934,26.867084416422394,0.2608420556569511,6.205375053826572,110.45392953929539,0.07483328559572859,0.1313050440352282,58.89917955581994,0.16308311754175142,1.8590197005988058,0.04281663446659336,389.1490514905149,0.2636511188960128,1.272700608103642,8.481707317073171,116.90040650406505,734.1849593495934,26.867084416422394,0.2608420556569511,110.45392953929539,0.07483328559572859,0.16308311754175142,1.8590197005988058,0.04281663446659336,6.205375053826572,0.1313050440352282,58.89917955581994,2.69332831246099,6965.456898852415,0.6196474422962739,0.2210457272498899,3854.373009518726,0.8287110705476677,7.156569700204608,7.714349257183525,53.616493194555645,1.875928042005285,0.24568797794597483,0.15595686425683758,1.209728276448319,0.03902321860287704,21.037168335811668,0.002393267171628085,3.087303645794784,0.004906035817396205,0.0704496174956264,27_Malignant_center1.png,/mnt/wangbd8/workspace/DataSets/ThyroidAgent/Classifaction_Data/Lymph_Node_Metastasis_fake/images/27_Malignant_center1.png,/mnt/wangbd8/workspace/DataSets/ThyroidAgent/Classifaction_Data/Lymph_Node_Metastasis_fake/masks/27_Malignant_center1.png
0.28485478437811357,148.70579485987494,143.28293687665675,4812.5,42.35955713058567,334.752308678998,0.06955892128394764,4813.0,0.734626723107992,63.0,115.0,37590537.0,1.778486936438892,26.0,4.1762490388849365,174.0,16.299095327949715,85.83648452108872,82.0,45.0,129.0,11.008341204599938,88.3753881180478,1.0275843031721352,37590537.0,0.3391642354453399,442.3071500764798,9.382050744390858,2.942650450828266,35.350347075656835,4.859907556977507,3.012006624702479,0.12057035017823445,0.9230216201261418,0.12057035017823445,0.5309981001931914,0.10603314083613236,0.27218635363524324,2.3726875217193375,-0.6555116944819002,0.9492620501660957,0.9397148249108828,0.9967413418870747,0.9397148249108828,0.9827756642602522,0.12057035017823445,0.4044873139022856,2.252117171541105,0.7831442437201783,179.05815831987076,0.28927004575100285,1.0192530033067038,10.801292407108239,115.47819063004846,980.2827140549273,18.3559450726979,0.14326961048285766,5.999394824796288,44.91276252019386,0.07255696691469121,0.1286100145439435,55.020657112806376,0.14662908997662222,1.8399378831251527,0.025551613630072766,179.05815831987076,0.28927004575100285,1.0192530033067038,10.801292407108239,115.47819063004846,980.2827140549273,18.3559450726979,0.14326961048285766,44.91276252019386,0.07255696691469121,0.14662908997662222,1.8399378831251527,0.025551613630072766,5.999394824796288,0.1286100145439435,55.020657112806376,2.6312533075206646,3002.7652191980055,0.6238863950130906,0.2139126540596709,1632.3974651984208,0.7991494398287345,9.531892790359443,7.736754622896322,72.1909412009142,1.1471431539580303,0.14741845003116558,0.15381951658702125,1.535251748736062,0.022914742864618202,10.384184352455001,0.005410722516385057,1.8627755096262668,0.006386996700341849,0.08345321254070341,28_Benign_center1.png,/mnt/wangbd8/workspace/DataSets/ThyroidAgent/Classifaction_Data/Lymph_Node_Metastasis_fake/images/28_Benign_center1.png,/mnt/wangbd8/workspace/DataSets/ThyroidAgent/Classifaction_Data/Lymph_Node_Metastasis_fake/masks/28_Benign_center1.png
0.5985787834947064,97.80990903777585,99.98499887483122,4469.5,58.54693636555975,267.8650070512063,0.059931761282292495,4470.0,0.8847456177813872,64.0,146.0,43175293.0,2.1216830951270156,35.0,3.4257245201944255,189.0,23.908829131820887,93.53534675615212,83.0,46.0,143.0,16.20601902868266,98.27971427073068,1.1336943575476701,43175293.0,0.2702717094825559,910.0411443428472,12.007257881605808,3.2442730777954187,122.10910581769856,15.572288853155953,6.084752002916158,0.15695168972556134,0.9497087021575246,0.15695168972556134,0.626966897099583,0.13231785681785244,0.20274196355307586,2.8391617961518354,-0.6527845741517126,0.9675542715409583,0.9215241551372193,0.9968609662054887,0.9215241551372193,0.9803810387843048,0.15695168972556134,0.31753232025402583,2.682210106426276,1.5604259231604298,179.45949535192563,0.23832602304372594,1.6359140683833944,13.723771580345286,62.61885790172643,739.9070385126162,9.132718867538161,0.12358697485191511,5.880068625505599,71.1062416998672,0.09443059986702151,0.16845637583892617,27.379734713205607,0.1751877879740945,2.870650298075051,0.02108311201976511,179.45949535192563,0.23832602304372594,1.6359140683833944,13.723771580345286,62.61885790172643,739.9070385126162,9.132718867538161,0.12358697485191511,71.1062416998672,0.09443059986702151,0.1751877879740945,2.870650298075051,0.02108311201976511,5.880068625505599,0.16845637583892617,27.379734713205607,3.09823965273634,2479.6536912751676,0.5547323694127893,0.2591967328799003,1208.1145413870247,1.5806847539400128,12.225503355704697,7.351230425055928,87.53020134228188,1.019444947926971,0.13590324384787472,0.1688416604523987,2.1897837434750183,0.022260220216183253,9.704526144584163,0.005590739134486044,3.2934030865215793,0.01179577788574602,0.12240026698730692,28_Malignant_center1.png,/mnt/wangbd8/workspace/DataSets/ThyroidAgent/Classifaction_Data/Lymph_Node_Metastasis_fake/images/28_Malignant_center1.png,/mnt/wangbd8/workspace/DataSets/ThyroidAgent/Classifaction_Data/Lymph_Node_Metastasis_fake/masks/28_Malignant_center1.png
0.48663662869539015,197.73791326030235,203.2141727340886,14914.5,96.22651147425502,511.3036072312197,0.03428231635195412,14915.0,0.8467016860206502,50.0,82.0,70947404.0,1.3430552833802742,17.0,26.870918301371226,226.0,12.032890547834535,66.13409319477037,63.0,22.0,204.0,7.141889198617299,68.96942823825569,3.6891942114274023,70947404.0,0.5357453011472204,383.06374881732876,10.606303995680346,3.1858126349892015,115.05321077266603,10.482688974887985,2.2715868833355106,0.44397948164146867,0.6730115033331304,0.14565334773218144,0.5497354645572013,0.4227645839358769,0.46950222814180803,1.8715511320760145,-0.5984021615568093,0.8931503988248598,0.9457126328252312,0.9966873171980385,0.9471836538791183,0.9883789714257591,0.08754861899525929,0.6634719222462203,1.7198056351970399,0.6788915912442447,459.3671373555841,0.294844118970208,2.2945203109216417,13.83183568677792,234.6591784338896,2270.9550706033374,25.94927933269181,0.14564441231967518,6.27162102734221,107.2426187419769,0.06883351652244987,0.10445859872611465,143.013580575472,0.19175668521799824,3.319533295089684,0.045904803347575074,459.3671373555841,0.294844118970208,2.2945203109216417,13.83183568677792,234.6591784338896,2270.9550706033374,25.94927933269181,0.14564441231967518,107.2426187419769,0.06883351652244987,0.19175668521799824,3.319533295089684,0.045904803347575074,6.27162102734221,0.10445859872611465,143.013580575472,2.0509170937336623,10161.309353000335,0.6812812170969048,0.193698559352253,7990.641166610794,0.6858123668494022,10.861548776399598,7.983841770030171,83.76305732484076,0.8976641193626232,0.11578119874425727,0.14881364770737887,1.7480277125935857,0.019465243863017317,13.766935653837429,0.0014636804837024845,7.280344697971982,0.0022234554479298235,0.13117808512945908,29_Benign_center1.png,/mnt/wangbd8/workspace/DataSets/ThyroidAgent/Classifaction_Data/Lymph_Node_Metastasis_fake/images/29_Benign_center1.png,/mnt/wangbd8/workspace/DataSets/ThyroidAgent/Classifaction_Data/Lymph_Node_Metastasis_fake/masks/29_Benign_center1.png
0.41546403254526126,295.2330086118297,300.70749907509787,28248.5,122.6586962983406,728.2569260369943,0.02578037510087241,28249.0,0.8181218734570725,51.0,104.0,177865631.0,1.8713160017872463,28.0,3.319429382035583,168.0,16.59688975947939,76.49711494212184,75.0,13.0,155.0,11.624655003422612,79.34955205084276,0.3983562314934581,177865631.0,0.32046496477411823,444.5428162012029,13.59537777777778,3.5878577777777774,29.842174591172263,2.034357131627572,3.0429729324246906,0.15235555555555555,0.9046385646241589,0.15235555555555555,0.6157038253796723,0.1291433402469136,0.23961372128395064,2.598781920116857,-0.6094125649228209,0.9473590100966773,0.9238222222222223,0.996952888888889,0.9238222222222223,0.9809555555555556,0.15235555555555555,0.3476977777777778,2.4464263645613036,0.7988321219950617,1259.726241778181,0.2857169974547927,0.9807168279526388,14.28691313222953,74.96189612156952,967.1764572465412,7.265472676482705,0.09959798397320674,5.930192409866703,379.2925833522341,0.0860268957478417,0.15607632128570922,33.91068640861768,0.16636006116171156,2.4854621397437975,0.019788144083244183,1259.726241778181,0.2857169974547927,0.9807168279526388,14.28691313222953,74.96189612156952,967.1764572465412,7.265472676482705,0.09959798397320674,379.2925833522341,0.0860268957478417,0.16636006116171156,2.4854621397437975,0.019788144083244183,5.930192409866703,0.15607632128570922,33.91068640861768,2.8267317255164364,16216.736344649367,0.5740640852649428,0.24621891032621443,9052.814789904067,0.8017386826643675,13.6885907465751,7.470742327162023,101.37388934121562,0.710975695043968,0.09580963133244377,0.16409233758520458,2.2855145314878405,0.01622789173396738,44.12523536501544,0.0007747085480980293,3.243314343665419,0.005789751540356507,0.016241768752529154,29_Malignant_center1.png,/mnt/wangbd8/workspace/DataSets/ThyroidAgent/Classifaction_Data/Lymph_Node_Metastasis_fake/images/29_Malignant_center1.png,/mnt/wangbd8/workspace/DataSets/ThyroidAgent/Classifaction_Data/Lymph_Node_Metastasis_fake/masks/29_Malignant_center1.png
0.36780591863485085,133.166716035941,135.5322839769182,4920.5,48.9795063231856,327.72287142747524,0.06660357106543548,4921.0,0.758757153677206,47.0,96.0,25864885.0,1.6913644991639476,23.0,5.518764310748145,188.0,15.108739296078198,69.6689697216013,67.0,29.0,159.0,10.14771816832811,72.49842860344987,1.2478230110552475,25864885.0,0.39484695415774895,402.25680790011967,5.930786609159993,2.2994454713493533,39.203810578225806,4.937586261270161,2.68712959767726,0.11378106387348531,0.918754235588157,0.11378106387348534,0.5112164884653871,0.10083493337730319,0.3309785596006203,2.258145589628763,-0.6532630048510827,0.9424245282718046,0.9431094680632574,0.9977243787225303,0.9431094680632574,0.9857773670158144,0.11378106387348534,0.5243376463339495,2.1443645257552797,0.700227665387686,165.6963696369637,0.2734263525362437,1.2061126904769686,7.6138613861386135,130.71452145214522,680.0214521452145,34.54235886598864,0.2958621831570912,6.090302652683056,41.43234323432343,0.06837020335696936,0.12314570209307052,64.77261760829549,0.15498415154378634,1.6073684543815008,0.039185478098870546,165.6963696369637,0.2734263525362437,1.2061126904769686,7.6138613861386135,130.71452145214522,680.0214521452145,34.54235886598864,0.2958621831570912,41.43234323432343,0.06837020335696936,0.15498415154378634,1.6073684543815008,0.039185478098870546,6.090302652683056,0.12314570209307052,64.77261760829549,2.5091153207538275,3130.4045925624873,0.6361318009677885,0.21042365741239527,1943.0418614102825,0.719504567203473,6.060760008128429,7.79333468807153,45.43121316805527,2.224889009386861,0.2870145152825067,0.15289349499875815,1.0134683555736186,0.04387496954271032,9.135230839114637,0.00556123746291849,2.996447554762665,0.0039546607268322615,0.18662973574018793,2_Benign_center1.png,/mnt/wangbd8/workspace/DataSets/ThyroidAgent/Classifaction_Data/Lymph_Node_Metastasis_fake/images/2_Benign_center1.png,/mnt/wangbd8/workspace/DataSets/ThyroidAgent/Classifaction_Data/Lymph_Node_Metastasis_fake/masks/2_Benign_center1.png
0.6901848449302825,108.0520648498955,113.22543883774529,6267.5,74.57589762282196,308.7350647362953,0.04925968324472203,6268.0,0.9090047357724471,67.0,121.0,55761903.0,1.8954698738454878,25.0,8.395947684353732,226.0,17.673828308740134,91.006541161455,86.0,22.0,204.0,11.315328105282134,94.32011018032604,1.4698439513560775,55761903.0,0.3421691158054465,614.0926502572399,17.91001615508885,4.145961227786753,95.10394562874427,8.821064252684327,3.6448297451984937,0.7607431340872375,0.6546450802509135,0.2415185783521809,0.7739701815841794,0.702411910397979,0.27321230501016547,2.639720157772214,-0.5982749348216401,0.9460188929920735,0.915804567039094,0.9940312036603203,0.9196163166397415,0.981041342520896,0.11731106984318289,0.4596122778675283,2.3687930057392625,1.1013932198214327,223.71900826446281,0.2311146779591558,2.5184488337545248,21.695247933884296,81.77685950413223,1341.896694214876,5.750331010579929,0.11249481974454918,6.003091250418112,84.26652892561984,0.08705219930332628,0.15443522654754308,39.84855884160918,0.21819096719118014,5.5862602341495595,0.055327425211466844,223.71900826446281,0.2311146779591558,2.5184488337545248,21.695247933884296,81.77685950413223,1341.896694214876,5.750331010579929,0.11249481974454918,84.26652892561984,0.08705219930332628,0.21819096719118014,5.5862602341495595,0.055327425211466844,6.003091250418112,0.15443522654754308,39.84855884160918,2.7928820952524176,3637.252074026803,0.5802890992384816,0.2626079774741406,2144.7160178685385,1.1136352066737012,18.399489470325463,7.504786215698788,133.34141671984685,0.5233800987245922,0.07575673699955768,0.16902432106643975,3.357370772176133,0.01791862854815203,7.391773039805139,0.0032681595850459276,7.489669109660562,0.009518032694471646,0.12001276324186343,2_Malignant_center1.png,/mnt/wangbd8/workspace/DataSets/ThyroidAgent/Classifaction_Data/Lymph_Node_Metastasis_fake/images/2_Malignant_center1.png,/mnt/wangbd8/workspace/DataSets/ThyroidAgent/Classifaction_Data/Lymph_Node_Metastasis_fake/masks/2_Malignant_center1.png
0.44111997237500455,129.1255035658451,124.78781991845197,5713.5,56.959838565874136,319.5807358037443,0.05593431973461876,5714.0,0.8384466918599979,73.0,147.0,63850926.0,2.120537561912835,31.0,4.209173087011559,230.0,21.56579820590609,101.80119005950297,96.0,45.0,185.0,13.985646648701874,105.70936937442525,1.1499281718206824,63850926.0,0.2865560323868486,810.9884760076295,14.256804524566986,3.595440084835631,118.71777782252944,13.303077130246653,5.447481339122489,0.12902085542594557,0.9537269596873551,0.12902085542594555,0.5547467495202074,0.11237447429110281,0.22688826938986348,2.7687649371998413,-0.6925587514268118,0.9730245314920327,0.9354895722870271,0.9984265749338298,0.9354895722870271,0.9870979144574054,0.12902085542594555,0.3969600565570873,2.639744081773898,1.3941255486371085,189.83969465648855,0.24152632907950197,1.617711995545455,15.34351145038168,98.45801526717557,1272.9758269720103,10.516631422948974,0.10339857676413322,6.215017053468854,59.603053435114504,0.07583085678767748,0.1375568778438922,45.60918490893434,0.14584535016896444,2.2832044770329687,0.016733699788791752,189.83969465648855,0.24152632907950197,1.617711995545455,15.34351145038168,98.45801526717557,1272.9758269720103,10.516631422948974,0.10339857676413322,59.603053435114504,0.07583085678767748,0.14584535016896444,2.2832044770329687,0.016733699788791752,6.215017053468854,0.1375568778438922,45.60918490893434,3.0081408410486183,3464.0598529926497,0.6062407863130294,0.22357738467952448,1637.381169058453,1.3947544725853727,14.365593279663983,7.648582429121456,108.56825341267063,0.7884993309409738,0.10308743699971597,0.15670089060008557,2.2997802667911174,0.016304677015523322,5.050906247679857,0.005249471630666506,5.074309549284822,0.005007322064735238,0.24415675760091324,30_Benign_center1.png,/mnt/wangbd8/workspace/DataSets/ThyroidAgent/Classifaction_Data/Lymph_Node_Metastasis_fake/images/30_Benign_center1.png,/mnt/wangbd8/workspace/DataSets/ThyroidAgent/Classifaction_Data/Lymph_Node_Metastasis_fake/masks/30_Benign_center1.png
0.33637810420118347,322.8340196374444,319.03761533712606,24962.5,108.59429549729118,772.416305603428,0.03094306682437368,24963.0,0.7250993867902602,55.0,103.0,165710448.0,1.7749752669381529,23.0,8.154062637400074,205.0,16.291453741474488,78.14749829748027,74.0,28.0,177.0,10.172264833470106,81.475410517088,1.8077682702569833,165710448.0,0.3653711703552399,531.2110287733316,7.897319272258895,2.653236193849622,93.2219734762876,11.031262683414989,3.5466317517331327,0.11600386411205924,0.9366555255400199,0.11600386411205926,0.5177639481654779,0.10254696762313015,0.29864196087044753,2.3603778785432383,-0.6652475468484043,0.9512634613792457,0.9419980679439703,0.9982153251675068,0.9419980679439703,0.9871106817653267,0.11600386411205926,0.434511350829174,2.2443740144311812,0.915658903961298,869.3438853715428,0.28968473354599894,1.2168932692767855,9.207264245251583,152.45284905031656,1006.6377874041985,31.77441013756941,0.20878452080598986,6.295249302341284,206.7607464178607,0.0688972830449386,0.1202179225253375,83.25994434155625,0.14513999388547197,1.4911405033721248,0.03650550121086736,869.3438853715428,0.28968473354599894,1.2168932692767855,9.207264245251583,152.45284905031656,1006.6377874041985,31.77441013756941,0.20878452080598986,206.7607464178607,0.0688972830449386,0.14513999388547197,1.4911405033721248,0.03650550121086736,6.295249302341284,0.1202179225253375,83.25994434155625,2.5921229544874396,16014.583062933141,0.6415327910480768,0.20441870199919276,9120.760525577854,0.925010298741717,7.993029683932219,7.819613027280375,61.09682329848175,1.5578089736642433,0.20032505642364304,0.15116372230901734,1.2653504965126166,0.031027091990830227,35.594170592968894,0.0010770292966594856,3.948730656435887,0.0038219847413687663,0.052996440271768426,30_Malignant_center1.png,/mnt/wangbd8/workspace/DataSets/ThyroidAgent/Classifaction_Data/Lymph_Node_Metastasis_fake/images/30_Malignant_center1.png,/mnt/wangbd8/workspace/DataSets/ThyroidAgent/Classifaction_Data/Lymph_Node_Metastasis_fake/masks/30_Malignant_center1.png
0.2774672826753986,169.9266702188672,167.29913329123974,6178.5,47.14909143970767,387.62236636408704,0.06273729325306904,6179.0,0.7188489273046811,63.0,153.0,70915904.0,2.3998261496395576,40.0,4.31459189850657,255.0,27.11816527384033,101.07266547985111,93.0,32.0,223.0,17.706932178158542,107.13039941755838,1.1673795185987141,70915904.0,0.23441941825049373,1261.2387721637074,14.720744246776563,3.5673249551166966,280.92363483851375,26.366672319914116,8.143612505966615,0.1638648604537294,0.9605500314412925,0.15015505141178392,0.612221857560621,0.14131832098925393,0.17987154492729632,3.1183762711734064,-0.6957979855503464,0.9818917747863455,0.9259921407138643,0.9984089749949999,0.9261193623850716,0.9864336196962279,0.1463456830422719,0.3192426962624449,2.9646384281906064,2.076869341605086,183.73584905660377,0.19259522961908151,2.47931472471641,16.68763102725367,79.04297693920336,1040.5136268343815,9.639786182768391,0.1311418047982451,6.403540597487234,81.54088050314465,0.08547262107247867,0.15439391487295678,37.09223549525555,0.1816258461130013,3.398799835619676,0.027602088590213462,183.73584905660377,0.19259522961908151,2.47931472471641,16.68763102725367,79.04297693920336,1040.5136268343815,9.639786182768391,0.1311418047982451,81.54088050314465,0.08547262107247867,0.1816258461130013,3.398799835619676,0.027602088590213462,6.403540597487234,0.15439391487295678,37.09223549525555,3.344025500255886,3569.645735555915,0.5777060585136616,0.2493660496592971,1448.4775853698009,2.099567729641778,14.901116685547823,7.491988994983007,109.03058747370125,0.9278207449730473,0.1249153359488047,0.1649763535991081,2.580739422056787,0.021354746586772617,5.027577027930661,0.005268167996497551,7.171371390058562,0.006875101752670654,0.3084885040907099,31_Benign_center1.png,/mnt/wangbd8/workspace/DataSets/ThyroidAgent/Classifaction_Data/Lymph_Node_Metastasis_fake/images/31_Benign_center1.png,/mnt/wangbd8/workspace/DataSets/ThyroidAgent/Classifaction_Data/Lymph_Node_Metastasis_fake/masks/31_Benign_center1.png
0.553183397226959,273.07111840187866,268.41944787961995,32123.5,151.0584089621164,720.1147904132632,0.022417071315805042,32124.0,0.8822966490813194,64.0,124.0,299585907.0,1.9884347745565534,32.0,2.7459488241719554,171.0,18.35380312337507,93.85602664674387,94.0,20.0,151.0,13.270646806055446,96.57081157040389,-0.008157550233292031,299585907.0,0.28704430934350533,516.96790945216,19.31902051538654,4.2976138353765325,34.072570494265555,-0.1681384014150682,3.549975973935355,0.15183262446835125,0.9179684089913104,0.15183262446835122,0.6144075101853893,0.12877947861540387,0.21246714810391634,2.72046069589907,-0.6306517924160056,0.958326956768107,0.9240836877658243,0.9969633475106329,0.9240836877658243,0.981020921941456,0.15183262446835122,0.31451713785339,2.568628071430721,0.9254521496009266,1357.4233459924046,0.2713218760728372,1.0532769684581416,20.10633619828103,72.37377573455926,1332.3723765740556,4.8521939568685095,0.06528398607094246,5.999919520332866,424.7181690985409,0.08489269820078771,0.1557402565060391,31.145209815945332,0.15563904631490186,3.1320375490635635,0.0114242700686646,1357.4233459924046,0.2713218760728372,1.0532769684581416,20.10633619828103,72.37377573455926,1332.3723765740556,4.8521939568685095,0.06528398607094246,424.7181690985409,0.08489269820078771,0.15563904631490186,3.1320375490635635,0.0114242700686646,5.999919520332866,0.1557402565060391,31.145209815945332,2.942250749115966,18443.673577387624,0.5741400067671405,0.24278813307188224,9221.011393350766,0.9276596720192756,19.395125140082182,7.4709251649856805,143.80410285145064,0.4865451426388843,0.06510544969450861,0.16302798876575492,3.1964488302273133,0.010751672678345588,40.64420023712192,0.0007390154103485209,3.1881509817712725,0.006674132110312945,0.014469004719619686,31_Malignant_center1.png,/mnt/wangbd8/workspace/DataSets/ThyroidAgent/Classifaction_Data/Lymph_Node_Metastasis_fake/images/31_Malignant_center1.png,/mnt/wangbd8/workspace/DataSets/ThyroidAgent/Classifaction_Data/Lymph_Node_Metastasis_fake/masks/31_Malignant_center1.png
0.4712513272475983,110.80629157168755,107.78682665335315,4518.5,52.21761197054212,277.58073580374423,0.06143205395678748,4519.0,0.8584455480121983,58.0,121.0,34755392.0,1.9672475144594628,30.0,4.000177054307427,182.0,19.944219878391063,83.89466696171719,77.0,38.0,144.0,13.272537649279883,87.69804761092891,1.1148422603719397,34755392.0,0.310817530721875,652.6324101513117,9.281844638459816,2.866465189164988,76.44272120493592,10.014440291213269,4.389609568244385,0.12872173718379226,0.9430224441358914,0.12872173718379223,0.5539220939167913,0.11215245156017896,0.25221103804839207,2.5981670058778707,-0.6720736663725912,0.963283262416972,0.935639131408104,0.9974255652563242,0.935639131408104,0.983909782852026,0.12872173718379223,0.3955674949630625,2.4694452686940807,1.1295828263570438,149.60287081339712,0.23860106987782637,1.48266345143706,11.779904306220097,117.82296650717703,821.5311004784689,23.524653598281414,0.16679089498638372,6.109969800036297,52.85326953748007,0.08429548570570983,0.13874751051117504,65.8772667495911,0.1916256745477887,2.6167946943038434,0.033865101466779644,149.60287081339712,0.23860106987782637,1.48266345143706,11.779904306220097,117.82296650717703,821.5311004784689,23.524653598281414,0.16679089498638372,52.85326953748007,0.08429548570570983,0.1916256745477887,2.6167946943038434,0.033865101466779644,6.109969800036297,0.13874751051117504,65.8772667495911,2.8457229488616926,2741.1677362248283,0.6065872397045428,0.23501244603628524,1404.5844213321532,1.1451180947244408,9.43350298738659,7.647045806594379,69.04536401858819,1.3548349285129706,0.1755598972642092,0.16020014260775492,1.6513363330136954,0.027833681893827414,7.7038661067193654,0.0065867386315354515,2.7698673098706545,0.006968521266855969,0.15519657741388213,32_Benign_center1.png,/mnt/wangbd8/workspace/DataSets/ThyroidAgent/Classifaction_Data/Lymph_Node_Metastasis_fake/images/32_Benign_center1.png,/mnt/wangbd8/workspace/DataSets/ThyroidAgent/Classifaction_Data/Lymph_Node_Metastasis_fake/masks/32_Benign_center1.png
0.43341213431802744,231.81305180005242,224.54398232862977,17426.5,100.47058954343616,573.7716446627556,0.03292523711948789,17427.0,0.8155882030590539,62.0,108.0,129964741.0,1.7193171668994378,24.0,3.7829281886054096,166.0,14.161883459796975,84.3615653870431,83.0,26.0,140.0,9.476314909197193,86.35777757996728,0.4631934437168339,129964741.0,0.36295728543646066,340.79203399875144,9.022603769221872,2.906781130766563,20.37983788881991,1.2509550939937844,2.4318267021299764,0.1389177939646202,0.8919240755542525,0.13891779396462023,0.5813975796368577,0.11961964048462355,0.28123260607240397,2.3910070321032735,-0.6052405693195239,0.935123763665296,0.9305411030176899,0.9962454650279833,0.9305411030176899,0.9801546008621971,0.13891779396462023,0.45184414383165683,2.2520892381386552,0.6426861240236491,782.9210110584518,0.30921050989670296,0.8303753035396529,9.609004739336493,83.8416271721959,741.054897314376,12.678406398104265,0.16475710900473933,5.894131810024521,194.69431279620852,0.07689348846611711,0.14529178860389053,36.470048310535105,0.15803035877050484,1.6426601419566098,0.028713724118124003,782.9210110584518,0.30921050989670296,0.8303753035396529,9.609004739336493,83.8416271721959,741.054897314376,12.678406398104265,0.16475710900473933,194.69431279620852,0.07689348846611711,0.15803035877050484,1.6426601419566098,0.028713724118124003,5.894131810024521,0.14529178860389053,36.470048310535105,2.6392145362769894,10327.245136856602,0.5926002832878063,0.23472110891259523,6325.2566133012,0.6475007934548532,9.117748321569978,7.575658461008779,68.3986343030929,1.1922365358989564,0.15845268835714696,0.1602016028767621,1.4925562505180339,0.025948308535003514,40.67367519686179,0.0012394884945993664,2.1903354596768096,0.0059906301293799384,0.019409545822848803,32_Malignant_center1.png,/mnt/wangbd8/workspace/DataSets/ThyroidAgent/Classifaction_Data/Lymph_Node_Metastasis_fake/images/32_Malignant_center1.png,/mnt/wangbd8/workspace/DataSets/ThyroidAgent/Classifaction_Data/Lymph_Node_Metastasis_fake/masks/32_Malignant_center1.png
0.3549487169367106,85.77120821375274,82.76472678623425,1991.5,30.444380305582992,202.46803743153586,0.10166609963923467,1992.0,0.7813374021408012,60.0,116.0,15267156.0,1.8888581425897353,26.0,4.303026605644709,181.0,17.273203254786214,84.6214859437751,80.0,27.0,154.0,11.69152665189933,87.5456163366221,1.0051792021562453,15267156.0,0.3193174303640264,503.4390564265092,9.10112359550562,2.880490296220634,46.700372399460754,5.524092256737157,3.3514499066713554,0.13585291113380998,0.9220871153258131,0.13585291113381004,0.5732740550570798,0.11739689767027915,0.2559917616212162,2.5264631144945167,-0.6418477890573925,0.952986335520668,0.932073544433095,0.9972829417773238,0.932073544433095,0.9830183861082737,0.13585291113381004,0.3595505617977528,2.3906102033607084,0.8718257044512913,72.65333333333334,0.24217777777777777,1.362488888888889,11.946666666666667,77.12666666666667,608.4333333333333,13.196517139077853,0.15718284202569915,5.778705233342903,24.973333333333333,0.08324444444444444,0.15060240963855423,33.03706666666667,0.1981254163575729,3.2023093207549587,0.03333529468537428,72.65333333333334,0.24217777777777777,1.362488888888889,11.946666666666667,77.12666666666667,608.4333333333333,13.196517139077853,0.15718284202569915,24.973333333333333,0.08324444444444444,0.1981254163575729,3.2023093207549587,0.03333529468537428,5.778705233342903,0.15060240963855423,33.03706666666667,2.7913948549441687,1166.4126506024097,0.5855485193787197,0.251645134755891,636.0803212851406,0.9127796325865711,9.355421686746988,7.535140562248996,66.91666666666667,1.2505189095383802,0.16440552174685136,0.16552320392681838,1.7561635430611335,0.027162144736669027,3.395285236416237,0.013260462917967527,3.025698449562779,0.005978715321493605,0.3122123530618826,33_Benign_center1.png,/mnt/wangbd8/workspace/DataSets/ThyroidAgent/Classifaction_Data/Lymph_Node_Metastasis_fake/images/33_Benign_center1.png,/mnt/wangbd8/workspace/DataSets/ThyroidAgent/Classifaction_Data/Lymph_Node_Metastasis_fake/masks/33_Benign_center1.png
0.6346507984660718,234.06936311573108,233.3838040653207,27072.5,148.55230819784362,659.9726547895322,0.024377972288836723,27073.0,0.8837779702306344,88.0,158.0,468255128.0,2.0251701975849086,31.0,2.935764714245578,207.0,20.073760882755057,129.02670557381893,133.0,48.0,159.0,13.933164987468947,131.51433080591764,-0.6916608521216722,468255128.0,0.2943202689534598,648.1284560953766,23.09584664536741,4.697507244223196,55.30758108930286,-5.9429321810207245,4.249528603326752,0.1324392599747381,0.9395526101029159,0.13243925997473813,0.5640901158801651,0.11489910239208184,0.2299207290828484,2.6790928983917492,-0.6727266222319879,0.9663577245430072,0.9337803700126309,0.9979624729234655,0.9337803700126309,0.9852845266694735,0.13243925997473813,0.4019615127424028,2.5466536384170135,1.0954919658253726,958.1236559139785,0.2575601225575211,1.251289166377616,22.729032258064517,96.4244623655914,2264.8736559139784,5.2493812038256165,0.06057554654926487,6.2433161428271085,275.2951612903226,0.07400407561567811,0.1374062719314446,43.45971723609666,0.14585496082429444,3.2251730882184497,0.009547256192065761,958.1236559139785,0.2575601225575211,1.251289166377616,22.729032258064517,96.4244623655914,2264.8736559139784,5.2493812038256165,0.06057554654926487,275.2951612903226,0.07400407561567811,0.14585496082429444,3.2251730882184497,0.009547256192065761,6.2433161428271085,0.1374062719314446,43.45971723609666,2.918723098738263,16422.21656262697,0.6065902028820955,0.22366914171536603,7968.1326413770175,1.1068139522478566,23.104864625272413,7.650315812802423,177.24810697004395,0.43472202015663874,0.057369169444702,0.15672851590555578,3.5983452147896426,0.009185731307267677,20.44980360355407,0.0010109039694998477,3.7181506983945494,0.005221288860855483,0.028603995610178498,33_Malignant_center1.png,/mnt/wangbd8/workspace/DataSets/ThyroidAgent/Classifaction_Data/Lymph_Node_Metastasis_fake/images/33_Malignant_center1.png,/mnt/wangbd8/workspace/DataSets/ThyroidAgent/Classifaction_Data/Lymph_Node_Metastasis_fake/masks/33_Malignant_center1.png
0.49053320139674006,122.51498478437345,122.97154142320898,5773.5,60.09766770535161,313.52186130069873,0.05430360462469884,5774.0,0.859125655566444,60.0,108.0,41112823.0,1.6640978620558626,24.0,9.189729734377192,255.0,15.421827587543218,81.71233113959127,77.0,46.0,209.0,10.18267346814494,84.38208641937173,1.787498044116438,41112823.0,0.3708888632666364,443.4314482201007,8.364448336252188,2.7657618213660244,67.03350042102164,8.053433240974268,2.969846890421757,0.10980735551663748,0.9286885171207402,0.09929947460595447,0.46452399584453813,0.09994696985961887,0.31511093696805004,2.161075737187092,-0.6879426319995329,0.9467286345833837,0.9510602546504472,0.9989449279737904,0.9511008256192144,0.991032478904633,0.09720762794317961,0.408231173380035,2.0625626417397522,0.7699135614845987,185.47020933977456,0.29866378315583664,1.1323225486916586,10.942028985507246,207.18840579710144,1340.8373590982287,40.41386332847685,0.14014287357455057,6.171082196033378,41.830917874396135,0.06736057628727236,0.10755109109802563,120.73733861285496,0.17243257854126967,2.1495252727829146,0.023772236029311538,185.47020933977456,0.29866378315583664,1.1323225486916586,10.942028985507246,207.18840579710144,1340.8373590982287,40.41386332847685,0.14014287357455057,41.830917874396135,0.06736057628727236,0.17243257854126967,2.1495252727829146,0.023772236029311538,6.171082196033378,0.10755109109802563,120.73733861285496,2.423960957060044,3881.6366470384482,0.6722612828261947,0.19411899717916598,2141.512296501559,0.7940594394397733,8.518877727745064,7.949774852788361,65.21371666089367,1.3312785969947383,0.1642723264112249,0.1487126197898626,1.3687988300042335,0.023524884260622877,6.557944791969742,0.005336890027622611,3.732414439677947,0.0028560639073817863,0.33334475028301624,34_Benign_center1.png,/mnt/wangbd8/workspace/DataSets/ThyroidAgent/Classifaction_Data/Lymph_Node_Metastasis_fake/images/34_Benign_center1.png,/mnt/wangbd8/workspace/DataSets/ThyroidAgent/Classifaction_Data/Lymph_Node_Metastasis_fake/masks/34_Benign_center1.png
0.4018565316088451,425.3461367774783,407.962008035062,55160.5,170.92812325861885,1049.9209229614232,0.019033926867258695,55161.0,0.7929803736392361,69.0,179.0,995108829.0,2.6943081987907256,59.0,2.2380254529157706,233.0,33.55964956907609,128.11477311868893,130.0,31.0,202.0,25.181245497470385,134.31336332281103,-0.20983838237554972,995108829.0,0.17024498886835865,1626.6844758323011,24.255692055692055,4.6561288561288565,252.81632712892187,-7.682593901671701,10.416627435267895,0.11200291200291201,0.9787241249224892,0.11200291200291201,0.5059279423414061,0.09945825970577997,0.134914882950191,3.2984389045217637,-0.775849402209853,0.992329032544553,0.943998543998544,0.9986341108292328,0.943998543998544,0.9887997087997088,0.11200291200291201,0.19466739466739466,3.1864359925188537,2.632157586817702,1139.9557299843013,0.1789569434826219,2.4428122651065016,26.033124018838304,147.87111459968602,3054.9174254317113,17.022741645515698,0.08024790297391123,7.011370833457456,404.2690737833595,0.0634645327760376,0.11548013995395297,72.88421513225506,0.11912877580750889,3.1070769191950176,0.010064689460006417,1139.9557299843013,0.1789569434826219,2.4428122651065016,26.033124018838304,147.87111459968602,3054.9174254317113,17.022741645515698,0.08024790297391123,404.2690737833595,0.0634645327760376,0.11912877580750889,3.1070769191950176,0.010064689460006417,7.011370833457456,0.11548013995395297,72.88421513225506,3.5029758308313625,35860.03272239445,0.6500975820306819,0.1937159593548572,9390.883830967532,2.6311663660147127,24.29977701637026,7.86129693080256,189.04965464730518,0.7195590238677811,0.09008957042621916,0.14810786203618095,3.6617900328130375,0.013019021111872016,26.094633828759036,0.0009368486861652945,3.568940430504944,0.008181171040206468,0.02745226291836747,34_Malignant_center1.png,/mnt/wangbd8/workspace/DataSets/ThyroidAgent/Classifaction_Data/Lymph_Node_Metastasis_fake/images/34_Malignant_center1.png,/mnt/wangbd8/workspace/DataSets/ThyroidAgent/Classifaction_Data/Lymph_Node_Metastasis_fake/masks/34_Malignant_center1.png
0.5362621352841398,107.73777875800461,111.30588483993108,4831.5,57.775691287537796,284.55129855222145,0.05889502195016485,4832.0,0.8659351165633847,52.0,114.0,34625648.0,2.036995132568573,33.0,3.544578411395077,192.0,19.713054491853427,80.90521523178808,79.0,20.0,172.0,13.820693059303096,84.65166255608884,0.5808142088947615,34625648.0,0.28826004067804045,620.25012180798,15.115424973767048,3.760650577124868,56.87823112292206,4.805004537485672,4.024572493776212,0.13284365162644282,0.936093166052985,0.13284365162644285,0.565185652207888,0.11519621584899514,0.22786030528215417,2.698359171995985,-0.6723867091997391,0.9669495746516434,0.9335781741867786,0.9979562515134394,0.9335781741867786,0.9852395942637285,0.13284365162644285,0.32822665267576073,2.5655155203695448,1.039354036350664,167.22571428571428,0.2388938775510204,1.4332142857142856,17.835714285714285,82.29714285714286,1110.7714285714285,7.695620673388403,0.0843669561872368,6.120759621851248,53.57142857142857,0.07653061224489796,0.14486754966887416,34.64770612244897,0.16252341155882577,3.4188098539443845,0.015099259842497454,167.22571428571428,0.2388938775510204,1.4332142857142856,17.835714285714285,82.29714285714286,1110.7714285714285,7.695620673388403,0.0843669561872368,53.57142857142857,0.07653061224489796,0.16252341155882577,3.4188098539443845,0.015099259842497454,6.120759621851248,0.14486754966887416,34.64770612244897,2.9376681525617,2869.4155629139073,0.5938360022586728,0.23641781062234113,1392.8725165562914,1.0461532320402613,15.261175496688741,7.581953642384106,112.15769867549669,0.6819789821799305,0.08899561226601568,0.16071100073583516,2.610582229580574,0.014273048461436023,4.654035723561495,0.006128483815387035,3.7094884107029973,0.004948690785431699,0.17071605960264902,35_Benign_center1.png,/mnt/wangbd8/workspace/DataSets/ThyroidAgent/Classifaction_Data/Lymph_Node_Metastasis_fake/images/35_Benign_center1.png,/mnt/wangbd8/workspace/DataSets/ThyroidAgent/Classifaction_Data/Lymph_Node_Metastasis_fake/masks/35_Benign_center1.png
0.586185436599518,200.62850309195153,200.89798406156294,18369.5,117.60550667926337,539.2031021678314,0.029353172496139328,18370.0,0.891048241747601,47.0,93.0,99242628.0,1.720626035467992,24.0,3.4463941893736907,159.0,14.6812446745051,71.08862275449101,71.0,15.0,144.0,10.297416901653985,73.50122036914725,0.26023143352600026,99242628.0,0.353836196563176,348.83711062360857,11.921711499479537,3.3634197118281923,19.999027130883086,0.9305185810649864,2.496905788985413,0.060428422725031496,0.95274108292274,0.06042842272503151,0.3291432549790536,0.05677682845199641,0.317512424940836,2.0846361081889526,-0.7839561234887236,0.9653869720787132,0.9697857886374842,0.9987914315454993,0.9697857886374842,0.992446447159371,0.06042842272503151,0.4353256998849504,2.024207685463923,0.6393335529276111,360.9688524590164,0.29587610857296426,0.9461972588013975,13.718032786885246,447.1360655737705,5046.954918032787,48.454027238764354,0.10257101037136167,6.936455511956531,46.459016393442624,0.03808116097823166,0.06641262928688078,220.41146197258803,0.06780287930118012,1.24136265233246,0.00549105104438633,360.9688524590164,0.29587610857296426,0.9461972588013975,13.718032786885246,447.1360655737705,5046.954918032787,48.454027238764354,0.10257101037136167,46.459016393442624,0.03808116097823166,0.06780287930118012,1.24136265233246,0.00549105104438633,6.936455511956531,0.06641262928688078,220.41146197258803,2.2836336013891145,14196.686118671747,0.7728190592635682,0.12040862107131312,6499.970930865542,0.6459674731795378,11.99776810016331,8.34109961894393,98.97436037016875,0.8981219891694656,0.10732121841659908,0.13115587007802576,1.6182241577451157,0.01392409416033596,12.428886222462577,0.0027753527224782496,1.3385149336788782,0.0018695665391423746,0.06324541000643341,35_Malignant_center1.png,/mnt/wangbd8/workspace/DataSets/ThyroidAgent/Classifaction_Data/Lymph_Node_Metastasis_fake/images/35_Malignant_center1.png,/mnt/wangbd8/workspace/DataSets/ThyroidAgent/Classifaction_Data/Lymph_Node_Metastasis_fake/masks/35_Malignant_center1.png
0.39977832149158543,171.46839615785032,170.83617883809038,8810.5,68.54934760483962,421.220346110534,0.047808903707001194,8811.0,0.7899432076073312,73.0,125.0,87155604.0,1.8361196655781815,26.0,4.841135823878776,255.0,16.366482497985636,97.1097491771649,95.0,46.0,209.0,10.896511583785847,99.45693192259948,0.9118990074838405,87155604.0,0.33910407308700297,461.3779222047079,12.277994046256012,3.3963247080375547,38.58326891185759,4.11445597050896,3.102299987693156,0.13040989237462788,0.9193185301417188,0.1159835127089535,0.5150064958007131,0.1169577171543199,0.27614393612102844,2.423278621092244,-0.6756332864248805,0.9568836167967886,0.9428738264254637,0.9987624960660149,0.9429098923746279,0.9895331907145104,0.11358612600066359,0.43954659949622166,2.3082913460403987,0.8081774700169458,305.4981343283582,0.2849796029182446,1.0800846513700155,13.645522388059701,132.84794776119404,1489.660447761194,14.81487693336041,0.10488633575320676,6.224086775495434,72.3768656716418,0.06751573290265092,0.12166609919418908,65.29242923674538,0.16327431826143465,2.6037707054507684,0.0179392634726006,305.4981343283582,0.2849796029182446,1.0800846513700155,13.645522388059701,132.84794776119404,1489.660447761194,14.81487693336041,0.10488633575320676,72.3768656716418,0.06751573290265092,0.16327431826143465,2.6037707054507684,0.0179392634726006,6.224086775495434,0.12166609919418908,65.29242923674538,2.6736818935974007,5638.911020315515,0.6399853615157775,0.21067935156682752,2987.8459879695833,0.8172451762295407,12.385427306775622,7.809896720009079,95.31585518102372,0.8365729526403684,0.106801269594207,0.1530221062056268,1.97451418050669,0.016319867421615238,9.122018581861884,0.0031891091794839406,3.9862401994194223,0.0033921034602001146,0.15740622517307912,36_Benign_center1.png,/mnt/wangbd8/workspace/DataSets/ThyroidAgent/Classifaction_Data/Lymph_Node_Metastasis_fake/images/36_Benign_center1.png,/mnt/wangbd8/workspace/DataSets/ThyroidAgent/Classifaction_Data/Lymph_Node_Metastasis_fake/masks/36_Benign_center1.png
0.502232430260974,468.5568342086457,458.38084602216964,85802.5,235.32443755999637,1208.9087296525997,0.01408943480262929,85803.0,0.8589371547987384,20.0,78.0,259366653.0,1.9041501013424742,27.0,3.3655631122951193,172.0,17.196579868604605,50.3560131930119,51.0,0.0,172.0,11.758566458153268,54.98013887560436,0.19855085187061072,259366653.0,0.3079145437459111,487.0876060859535,7.303116710100384,2.5506772154117634,34.71287635635255,1.1930824123651926,3.301304799774077,0.11265498825536688,0.9340033302967561,0.1126549882553669,0.5078726276169756,0.09996384187655005,0.2460119149406166,2.4883074252330664,-0.6930306429398252,0.9636178590675384,0.9436725058723164,0.9977469002348925,0.9436725058723164,0.985918126468079,0.1126549882553669,0.36584824297951407,2.3756524369777012,0.853489947007361,2996.669975688817,0.3035524691743129,0.8960104142587518,8.442362236628849,152.00901539708266,903.163695299838,57.88585529700806,0.21299467308533357,6.295845897456785,634.7267017828201,0.06429565455660657,0.11505425218232462,76.46594159496007,0.1282526683911711,1.1892629293604458,0.028724331423706867,2996.669975688817,0.3035524691743129,0.8960104142587518,8.442362236628849,152.00901539708266,903.163695299838,57.88585529700806,0.21299467308533357,634.7267017828201,0.06429565455660657,0.1282526683911711,1.1892629293604458,0.028724331423706867,6.295845897456785,0.11505425218232462,76.46594159496007,2.706354182111819,55903.92243860937,0.6515380865308832,0.19459386839416298,26419.991597030406,0.8538466531993295,7.357318508676853,7.866892765987203,56.66794867312332,2.1732620198412103,0.26823873745699656,0.1483980746593942,1.1378260537380849,0.03788653609769034,136.64499337456314,0.00034269248641521417,2.724848097072753,0.004558380898243069,0.010123303416014756,36_Malignant_center1.png,/mnt/wangbd8/workspace/DataSets/ThyroidAgent/Classifaction_Data/Lymph_Node_Metastasis_fake/images/36_Malignant_center1.png,/mnt/wangbd8/workspace/DataSets/ThyroidAgent/Classifaction_Data/Lymph_Node_Metastasis_fake/masks/36_Malignant_center1.png
0.4534701456132331,145.61204722742028,153.0261415575783,7192.5,66.03071625925926,382.04877323528024,0.053117660512378206,7193.0,0.7869118000914553,58.0,110.0,53400155.0,1.8034138393262182,27.0,12.024529409707752,255.0,16.35080694735248,83.26414569720562,82.0,32.0,223.0,11.223129621122158,86.16209074017044,1.6298993708948502,53400155.0,0.34223672245416625,490.9879220318796,8.801097200731466,2.8403432268954854,102.94222498589232,7.931995139556376,3.1373130187235194,0.20312280208186806,0.8783854484994146,0.14995076663384443,0.6023138882212288,0.18063756966779038,0.26755244249358223,2.4793469936499335,-0.6122796488836105,0.942253168406964,0.928438484904936,0.9981671453711219,0.9286116190744128,0.9866623275609815,0.140142928273668,0.40244760163173443,2.337695565882317,0.8351089552013469,295.25114573785515,0.27062433156540344,1.3718474881141511,10.834097158570119,89.84142988084326,681.1906507791017,15.817337305224568,0.17328877686118752,5.9283311947572,97.21081576535289,0.08910248924413647,0.15167523981648826,46.3733336917921,0.204107625140051,2.6647300286561633,0.03646043201255802,295.25114573785515,0.27062433156540344,1.3718474881141511,10.834097158570119,89.84142988084326,681.1906507791017,15.817337305224568,0.17328877686118752,97.21081576535289,0.08910248924413647,0.204107625140051,2.6647300286561633,0.03646043201255802,5.9283311947572,0.15167523981648826,46.3733336917921,2.7370310445661135,4199.005282913944,0.5837627252765111,0.25331422958999655,2461.708744612818,0.8625709275370426,9.012790212706799,7.525232865285695,65.25218962880578,1.2803570601047314,0.1706353399138051,0.16607195267003416,1.6319647187852389,0.02854456621921519,13.539299276136228,0.003152179081284194,4.234830901074899,0.006170072009187334,0.14269001438683412,37_Benign_center1.png,/mnt/wangbd8/workspace/DataSets/ThyroidAgent/Classifaction_Data/Lymph_Node_Metastasis_fake/images/37_Benign_center1.png,/mnt/wangbd8/workspace/DataSets/ThyroidAgent/Classifaction_Data/Lymph_Node_Metastasis_fake/masks/37_Benign_center1.png
0.5092314688788836,161.90234482530238,163.37074401495514,10357.5,82.44576887032424,419.44574285495065,0.040496813213125815,10358.0,0.860115179174256,37.0,76.0,34113857.0,1.4564578121151959,18.0,3.8575025761530513,132.0,11.858932826923947,55.33317242710948,54.0,12.0,120.0,8.20493664759157,57.388841655441944,0.5941726994494487,34113857.0,0.4188503030026686,231.7191757051598,8.018744508444792,2.7610075173289075,9.850185507246987,0.894991439448064,1.693818764979465,0.11149077418724984,0.8764856975843471,0.11149077418724984,0.5043962722746692,0.09906058145837751,0.3412795039726294,2.019911143282618,-0.6115650989692998,0.9117371774878336,0.9442546129063751,0.9969867358327772,0.9442546129063751,0.9840727465446787,0.11149077418724984,0.4882358683979303,1.90842036909537,0.45132738479167883,453.09069212410503,0.3604540112363604,0.6147454920701827,8.31901352426412,125.92840095465394,989.0843277645187,19.472930036241493,0.17203747900645275,5.9169751453613095,81.76213206046141,0.06504545112208546,0.12135547402973547,58.026605504006525,0.1506233179961797,1.2115653203625234,0.033626966328529906,453.09069212410503,0.3604540112363604,0.6147454920701827,8.31901352426412,125.92840095465394,989.0843277645187,19.472930036241493,0.17203747900645275,81.76213206046141,0.06504545112208546,0.1506233179961797,1.2115653203625234,0.033626966328529906,5.9169751453613095,0.12135547402973547,58.026605504006525,2.291520154653842,6628.747827765978,0.6399640691027204,0.2083244522667011,4338.451438501641,0.45258357669351107,8.069608032438694,7.810967368217803,62.7197335392933,1.2356743848018708,0.1598227617944262,0.15231383149900238,1.2347568170603507,0.025404962228753828,21.253526873392158,0.0022468461345320277,1.890236958824548,0.0033688157716807972,0.04064336777936972,37_Malignant_center1.png,/mnt/wangbd8/workspace/DataSets/ThyroidAgent/Classifaction_Data/Lymph_Node_Metastasis_fake/images/37_Malignant_center1.png,/mnt/wangbd8/workspace/DataSets/ThyroidAgent/Classifaction_Data/Lymph_Node_Metastasis_fake/masks/37_Malignant_center1.png
0.6335807967025798,126.88104583985847,130.24976007655445,7989.5,80.38939410967409,351.8061325481608,0.04403356061682969,7990.0,0.9006609364964173,56.0,102.0,50507517.0,1.6056320166175042,25.0,7.332815543564343,204.0,15.686244225807918,76.66770963704631,73.0,39.0,165.0,10.526266921452967,79.50686323599388,1.6609304140227747,50507517.0,0.40663510865427843,443.4036006365904,7.3827066717306,2.5898214963919486,56.18019529949513,7.764005957034142,2.8041633869147553,0.10203823268768199,0.9297789719753574,0.10203823268768197,0.4754235400401772,0.09162643175765645,0.3491050073707972,2.1233309800607922,-0.6696794197982797,0.9391916522455234,0.9489808836561591,0.9984301810355742,0.9489808836561591,0.9886624185902577,0.10203823268768197,0.5066464109380935,2.0212927473731126,0.7265504049006093,252.01895206243032,0.28095758312422553,1.369673965864165,10.243032329988852,177.2196209587514,1012.4949832775919,37.799074772421044,0.18456544174711875,6.236445714607322,62.22853957636566,0.06937406864700743,0.11226533166458072,97.876610875593,0.1861773387373791,2.2088908829634932,0.04450700138724543,252.01895206243032,0.28095758312422553,1.369673965864165,10.243032329988852,177.2196209587514,1012.4949832775919,37.799074772421044,0.18456544174711875,62.22853957636566,0.06937406864700743,0.1861773387373791,2.2088908829634932,0.04450700138724543,6.236445714607322,0.11226533166458072,97.876610875593,2.3687205727854868,5295.935168961201,0.6628204216472092,0.2039038785966814,3249.0145181476846,0.7436720180576158,7.48936170212766,7.907133917396746,56.2360450563204,1.5364476375656646,0.19284751276397086,0.15139758030871922,1.2527673480739814,0.029634621234230496,9.557885324794489,0.003913445747348138,3.3832752956233354,0.0026975229870094546,0.18955795792183236,38_Benign_center1.png,/mnt/wangbd8/workspace/DataSets/ThyroidAgent/Classifaction_Data/Lymph_Node_Metastasis_fake/images/38_Benign_center1.png,/mnt/wangbd8/workspace/DataSets/ThyroidAgent/Classifaction_Data/Lymph_Node_Metastasis_fake/masks/38_Benign_center1.png
0.7245445969646924,425.72754516877546,425.68767893844426,102732.5,308.45859263107826,1253.2173875176984,0.012198840556958104,102733.0,0.9066349331119159,37.0,102.0,578123708.0,2.1600640188669704,33.0,4.06361239020077,255.0,20.45068723027596,70.22125315137298,71.0,0.0,255.0,13.835761250795038,75.0162593545615,0.35230598101353866,578123708.0,0.268692414399403,696.4147734016263,12.303151605092559,3.3420536202452547,85.44732795920508,2.9760453973029706,4.68734173402787,0.15202491603530424,0.9371715651950775,0.15120479575099585,0.6134051214332747,0.12916202577720381,0.20113321120143635,2.8973370299380936,-0.6588157412833576,0.9705412598442396,0.9244436088721583,0.9987565074406164,0.9244522768101225,0.9874032803810003,0.1510145312200169,0.334159962508787,2.74532402386146,1.2098416625157935,3791.351539728805,0.240232640966215,1.4588722916394088,13.439804840958054,77.69794702826005,881.0998606006843,12.574951996829629,0.14184763498029282,6.245794990188418,1326.7493346850842,0.08406724969491093,0.15362152375575522,35.324298208413424,0.16313234645126232,2.4475726104490483,0.023804113040213237,3791.351539728805,0.240232640966215,1.4588722916394088,13.439804840958054,77.69794702826005,881.0998606006843,12.574951996829629,0.14184763498029282,1326.7493346850842,0.08406724969491093,0.16313234645126232,2.4475726104490483,0.023804113040213237,6.245794990188418,0.15362152375575522,35.324298208413424,3.1080313547649583,59383.59394741709,0.5780381566528485,0.24302006607756693,27603.57780849386,1.2095670786722272,12.38427769071282,7.493960071252665,91.2785181003183,1.1233327652848506,0.14851693248040473,0.16300398984638714,2.092069842320492,0.023957050325378666,75.57304817368282,0.00026111943717256153,10.12593237339625,0.003240067592557848,0.0265560544867266,38_Malignant_center1.png,/mnt/wangbd8/workspace/DataSets/ThyroidAgent/Classifaction_Data/Lymph_Node_Metastasis_fake/images/38_Malignant_center1.png,/mnt/wangbd8/workspace/DataSets/ThyroidAgent/Classifaction_Data/Lymph_Node_Metastasis_fake/masks/38_Malignant_center1.png
0.4555388540378885,128.4897482058132,131.10301293257908,5852.5,58.532072653292985,324.350288425445,0.05542080964125502,5853.0,0.8361060283806936,52.0,87.0,30695784.0,1.3851504272730193,20.0,3.9754025681803706,152.0,11.235874692831013,71.0100803007005,71.0,37.0,115.0,8.08823677871969,72.41859637533621,0.5072847738033963,30695784.0,0.4410936852014395,202.02159666192696,6.039412273120138,2.386516853932584,7.64232273099419,0.6188607258998973,1.4916150835655948,0.11581676750216076,0.85589837923738,0.11581676750216074,0.5172155335925259,0.10240324386751118,0.35963043336976314,1.9517801410664308,-0.5832183068774591,0.8941431423959217,0.9420916162489195,0.996869817094536,0.9420916162489195,0.9834547474996912,0.11581676750216074,0.4914433880726016,1.8359633735642718,0.40185796276693886,263.79945799457994,0.35745184010105685,0.648036148383164,6.524390243902439,142.3130081300813,836.1693766937669,29.711176979825357,0.2648023938572719,5.767955462099092,57.11924119241193,0.07739734578917605,0.12608918503331626,79.41392359045541,0.18165836330431326,1.2910182351130486,0.054250743593477764,263.79945799457994,0.35745184010105685,0.648036148383164,6.524390243902439,142.3130081300813,836.1693766937669,29.711176979825357,0.2648023938572719,57.11924119241193,0.07739734578917605,0.18165836330431326,1.2910182351130486,0.054250743593477764,5.767955462099092,0.12608918503331626,79.41392359045541,2.2309540687106173,3697.557662737058,0.631737171149335,0.21933789950139254,2581.721339484025,0.40723495910061913,6.131043909106441,7.769861609431061,47.175636425764566,1.7320249349811112,0.22851875581373277,0.15553277521498945,0.9778176433737685,0.037489962412438065,14.884383512066893,0.0037451278305612803,2.138746002178152,0.00315648259773303,0.08024521421407887,39_Benign_center1.png,/mnt/wangbd8/workspace/DataSets/ThyroidAgent/Classifaction_Data/Lymph_Node_Metastasis_fake/images/39_Benign_center1.png,/mnt/wangbd8/workspace/DataSets/ThyroidAgent/Classifaction_Data/Lymph_Node_Metastasis_fake/masks/39_Benign_center1.png
0.5107207431415122,318.2799493657736,306.03594560116625,40215.5,162.55217226713074,814.7005768508902,0.020258372439753085,40216.0,0.8725767652611149,77.0,150.0,547438241.0,2.1887394971169116,46.0,2.004388889962123,189.0,23.971906022922806,113.30234235130297,113.0,47.0,142.0,18.823631166857492,116.67239948450555,0.0557142048909265,547438241.0,0.2373574976804191,775.0280191801896,17.792815058917515,4.067954863191532,55.23351069222137,0.009558406532902408,5.127024851447239,0.1487916916317156,0.9435948197149094,0.14879169163171557,0.6068082340830997,0.12665272413308803,0.17627002157534674,2.913556043723341,-0.6688415831407117,0.9728758088166064,0.9256041541841422,0.9970241661673657,0.9256041541841422,0.9814010385460356,0.14879169163171557,0.24228579988016777,2.764764352091627,1.3189541357697387,1407.2781045751633,0.22994740270836003,1.3678354212055193,18.155065359477124,76.98725490196078,1347.8016339869282,6.299865734256666,0.08141317823425666,6.197866952524603,506.63660130718955,0.08278375838352771,0.152178237517406,33.80603571276005,0.16074841209828789,2.940458784104035,0.014213301510808254,1407.2781045751633,0.22994740270836003,1.3678354212055193,18.155065359477124,76.98725490196078,1347.8016339869282,6.299865734256666,0.08141317823425666,506.63660130718955,0.08278375838352771,0.16074841209828789,2.940458784104035,0.014213301510808254,6.197866952524603,0.152178237517406,33.80603571276005,3.1362335403519532,23344.673164909487,0.5804822251071585,0.24156248124064802,9545.569126715734,1.319137271425767,17.839715536105032,7.508056494927392,133.47135468470262,0.6081560385990481,0.08102728641187924,0.16250027628583427,2.9152396503326488,0.0133011636774043,49.82257062422,0.0007278698432760448,2.972011101462077,0.009265587605617345,0.012563428557938176,39_Malignant_center1.png,/mnt/wangbd8/workspace/DataSets/ThyroidAgent/Classifaction_Data/Lymph_Node_Metastasis_fake/images/39_Malignant_center1.png,/mnt/wangbd8/workspace/DataSets/ThyroidAgent/Classifaction_Data/Lymph_Node_Metastasis_fake/masks/39_Malignant_center1.png
0.368277227723372,155.83140751946206,161.11176245079065,6822.5,57.38915875349852,382.83556979968364,0.05611367824106759,6823.0,0.7648291330847038,57.0,115.0,52779417.0,1.9675458581587437,30.0,5.627635009510383,225.0,18.498854292461015,84.4626996922175,82.0,30.0,195.0,12.393442661631607,87.95177502240128,1.1543868356832068,52779417.0,0.31119718634944454,601.567090293371,9.300843070551693,2.8915101316373315,77.23408371884516,7.876683194681248,3.8959755548327064,0.13592663807129124,0.9325744367953578,0.13592663807129124,0.5734708159204935,0.11745058713392745,0.24378193437872592,2.632542273956486,-0.6554153084697294,0.9608291765390278,0.9320366809643543,0.9983423580723013,0.9320366809643543,0.9864073361928709,0.13592663807129124,0.36399940837154265,2.496615635885197,1.0079755482259996,252.64322120285422,0.2575364130508198,1.4327284667603946,11.25178389398573,91.87869520897044,723.3710499490315,16.815125953362053,0.1723855726361976,6.129097280627594,79.12436289500509,0.08065684291030081,0.14377839659973618,43.50461417285198,0.1660390607070512,2.2492194355966952,0.030565968979069564,252.64322120285422,0.2575364130508198,1.4327284667603946,11.25178389398573,91.87869520897044,723.3710499490315,16.815125953362053,0.1723855726361976,79.12436289500509,0.08065684291030081,0.1660390607070512,2.2492194355966952,0.030565968979069564,6.129097280627594,0.14377839659973618,43.50461417285198,2.872812530592182,4064.0839806536715,0.5956447282212621,0.23447362915764847,2123.29840246226,1.0286102632961005,9.44906932434413,7.591821779275978,69.28345302652792,1.3415072681069216,0.1759553890915994,0.16009575455566957,1.627444753855424,0.028196014809482563,7.838039631988678,0.003850399317390735,5.930525036274053,0.0038735994819356625,0.2354148725891361,3_Benign_center1.png,/mnt/wangbd8/workspace/DataSets/ThyroidAgent/Classifaction_Data/Lymph_Node_Metastasis_fake/images/3_Benign_center1.png,/mnt/wangbd8/workspace/DataSets/ThyroidAgent/Classifaction_Data/Lymph_Node_Metastasis_fake/masks/3_Benign_center1.png
0.5934026474707186,269.31237415887705,273.02930245671433,33638.5,159.8106758225024,737.5706345359791,0.021926382999716967,33639.0,0.8814945373776429,26.0,76.0,104878565.0,1.8388925912110021,25.0,6.822702453838777,192.0,16.640265124820736,50.89494336930349,49.0,7.0,185.0,10.791826679075584,55.836968277013426,1.4958134158488527,104878565.0,0.34673047971734794,527.4717658035947,7.4811771735882875,2.5750224081266806,79.75470694499695,8.694052332650239,3.5315947096736067,0.12984762473857184,0.9290729647613483,0.12984762473857187,0.5570201471637203,0.11298721908832289,0.27522546088078015,2.482698142184996,-0.6484798677332144,0.9527213493933275,0.935076187630714,0.9980023442347912,0.935076187630714,0.9855724861401587,0.12984762473857187,0.39772930982969823,2.3528505174464267,0.9153605836030447,1244.7634551495016,0.2756951174196017,1.3856960617309841,8.761461794019933,109.46998892580288,738.1211517165005,24.118248136408493,0.24951524397134273,6.257502484498184,337.6719822812846,0.07478892187846835,0.13421920984571478,53.96006342829182,0.1657563028694398,1.7975418334372482,0.04473361652436331,1244.7634551495016,0.2756951174196017,1.3856960617309841,8.761461794019933,109.46998892580288,738.1211517165005,24.118248136408493,0.24951524397134273,337.6719822812846,0.07478892187846835,0.1657563028694398,1.7975418334372482,0.04473361652436331,6.257502484498184,0.13421920984571478,53.96006342829182,2.7169602422210417,20654.990368322484,0.6140191553947051,0.2249175382795681,11663.666607211868,0.9184191116396914,7.562918041558905,7.686346205297423,56.633520615951724,1.7694207528106718,0.2329456259821923,0.157114262215484,1.2668413977162751,0.037571179984567965,52.17858419443088,0.0007530736459416161,4.481098741413356,0.004202590499937434,0.036616928105697666,3_Malignant_center1.png,/mnt/wangbd8/workspace/DataSets/ThyroidAgent/Classifaction_Data/Lymph_Node_Metastasis_fake/images/3_Malignant_center1.png,/mnt/wangbd8/workspace/DataSets/ThyroidAgent/Classifaction_Data/Lymph_Node_Metastasis_fake/masks/3_Malignant_center1.png
0.45478778531302777,121.16236020191306,120.07081243999309,5212.5,55.10316145952738,302.6934341759526,0.05807068281553047,5213.0,0.845522103562687,52.0,125.0,37950843.0,1.9977359005119482,36.0,3.7608926076070524,191.0,23.13789674760258,80.22002685593708,70.0,34.0,157.0,15.944239317589554,85.32314422891814,1.1621485491920476,37950843.0,0.3315004480711927,844.7862323415002,8.85575616385168,2.7489807804309847,113.03294641939614,14.91553976153982,5.319691049580477,0.12424771888953602,0.9543537412253241,0.12424771888953604,0.5414487842956226,0.10881022324028286,0.2805951395783657,2.6067286439756883,-0.6886925038206082,0.9671120733463326,0.9378761405552319,0.9975150456222092,0.9378761405552319,0.9844690351388079,0.12424771888953604,0.47971267715006793,2.4824809250861546,1.360984692117504,148.21652421652422,0.21113464988108863,1.7575100851454126,11.418803418803419,123.53703703703704,790.5925925925926,27.647512379595714,0.21380693160455067,6.197348215866517,57.193732193732195,0.0814725529825245,0.13466334164588528,68.39266117969824,0.1788784666699824,2.153040151298646,0.04935383479275724,148.21652421652422,0.21113464988108863,1.7575100851454126,11.418803418803419,123.53703703703704,790.5925925925926,27.647512379595714,0.21380693160455067,57.193732193732195,0.0814725529825245,0.1788784666699824,2.153040151298646,0.04935383479275724,6.197348215866517,0.13466334164588528,68.39266117969824,2.8339207296030096,3199.928064454249,0.6138361911479473,0.22786597672325992,1728.1118357951275,1.3682978876938159,8.977556109725686,7.684442739305582,65.77517744101286,1.6110527960144987,0.20990527235895956,0.15801308694076774,1.5328452373340156,0.034322627424693684,8.561967495952969,0.006484359111345514,2.616269350111689,0.008093072102543512,0.1493978152332267,40_Benign_center1.png,/mnt/wangbd8/workspace/DataSets/ThyroidAgent/Classifaction_Data/Lymph_Node_Metastasis_fake/images/40_Benign_center1.png,/mnt/wangbd8/workspace/DataSets/ThyroidAgent/Classifaction_Data/Lymph_Node_Metastasis_fake/masks/40_Benign_center1.png
0.6902565106521781,167.0072896365859,170.31735084835015,15084.5,115.27786899802746,475.48737341529346,0.03152158662304309,15085.0,0.9156540127040389,35.0,87.0,59504261.0,1.8815120349323042,27.0,5.050273580006485,177.0,16.720638520706164,58.771030825323166,56.0,9.0,168.0,11.010356283649394,62.80603483161051,1.0529852556047774,59504261.0,0.3288082678983275,490.5639469983868,9.147153167602246,2.888432237369687,52.94660235215612,5.638018262957681,3.3680800909619606,0.15163058005880783,0.9138391792784303,0.15136327185244586,0.614457415507008,0.12871973999293035,0.24825828759047555,2.6010212598211178,-0.6152229576221053,0.9491322413362964,0.9243450948944133,0.9976675847070676,0.9243629154415041,0.9831848287742434,0.15112937717187916,0.388265169740711,2.44853616608449,0.8799276677551922,670.8431208053692,0.28139392651231926,1.1447682536822668,9.825503355704697,70.41652684563758,617.3301174496644,11.42086494108969,0.1854746240288621,5.944821762841871,203.2491610738255,0.08525552058465835,0.15803778588001327,30.377996592214313,0.16957628386162402,1.8925117785712648,0.03599168898117714,670.8431208053692,0.28139392651231926,1.1447682536822668,9.825503355704697,70.41652684563758,617.3301174496644,11.42086494108969,0.1854746240288621,203.2491610738255,0.08525552058465835,0.16957628386162402,1.8925117785712648,0.03599168898117714,5.944821762841871,0.15803778588001327,30.377996592214313,2.841608974235191,8613.239177991381,0.57098038965803,0.24905214940989018,4960.072721246271,0.8824815560129985,9.22896917467683,7.452502485913159,67.92250580046404,1.2482542727454475,0.17046551711503294,0.16505726807350937,1.575877435274187,0.029278131791269646,24.024479516453997,0.001454114587603319,4.9781963834622065,0.004714521594638315,0.06188493433436245,40_Malignant_center1.png,/mnt/wangbd8/workspace/DataSets/ThyroidAgent/Classifaction_Data/Lymph_Node_Metastasis_fake/images/40_Malignant_center1.png,/mnt/wangbd8/workspace/DataSets/ThyroidAgent/Classifaction_Data/Lymph_Node_Metastasis_fake/masks/40_Malignant_center1.png
0.3693251089201457,172.56531177903253,173.3666634621547,8593.5,63.73270256863008,417.4213562373106,0.04857407997175896,8594.0,0.7872547829444345,59.0,139.0,81347813.0,2.2146380861109307,41.0,3.012348574595183,198.0,24.982006729884827,92.28729346055387,83.0,32.0,166.0,17.85963165467626,97.29158219747609,0.8356627456753757,81347813.0,0.25362445799871525,948.7074322138578,11.846162872565126,3.2173785496362353,108.24406112171354,11.799439843748598,6.103992601172905,0.1254400375498709,0.9597266573619808,0.12544003754987093,0.544798509018987,0.10970483452935789,0.20445940104717303,2.8457101679354064,-0.7105383063066373,0.9780343284949998,0.9372799812250645,0.9974911992490025,0.9372799812250645,0.9843199953062661,0.12544003754987093,0.3080262849096456,2.7202701303855368,1.5573581596806938,233.65907099035934,0.20478446186709845,1.8629198828464353,14.381244522348817,113.62839614373357,1071.43032427695,19.2355078788746,0.1444135211782639,6.413336043309672,87.08939526730937,0.07632725264444293,0.13276704677682105,56.89753057307081,0.1488686815011086,2.272073310382518,0.02791562468452241,233.65907099035934,0.20478446186709845,1.8629198828464353,14.381244522348817,113.62839614373357,1071.43032427695,19.2355078788746,0.1444135211782639,87.08939526730937,0.07632725264444293,0.1488686815011086,2.272073310382518,0.02791562468452241,6.413336043309672,0.13276704677682105,56.89753057307081,3.068786627484631,5288.46869909239,0.6153675470202921,0.21783234797656376,2179.6485920409586,1.5734310633073965,11.978822434256458,7.695136141494066,89.05119851058878,1.1719030323323183,0.1509477212652185,0.15495953249036795,1.9638248907506528,0.023658406723259553,13.380831762488219,0.004203725633774984,2.4640001872399733,0.009359122347044394,0.08050373420478689,41_Benign_center1.png,/mnt/wangbd8/workspace/DataSets/ThyroidAgent/Classifaction_Data/Lymph_Node_Metastasis_fake/images/41_Benign_center1.png,/mnt/wangbd8/workspace/DataSets/ThyroidAgent/Classifaction_Data/Lymph_Node_Metastasis_fake/masks/41_Benign_center1.png
0.6291643144531064,396.5333272602695,417.2673004202462,76422.5,249.48461900351674,1131.4011537017775,0.014804555643976283,76423.0,0.8661616180329588,48.0,109.0,549237959.0,2.001421489087318,28.0,4.02845549346175,226.0,17.972759037932,81.42461039215942,83.0,15.0,211.0,12.01272767605716,84.7750844941863,0.08393467671215618,549237959.0,0.30166848422747505,556.8477734814707,15.306638290045848,3.7950446012165164,53.27954590731213,0.5411896235666762,3.74747386715952,0.13037480786662986,0.9327592081113113,0.13032225856881985,0.5586098093548852,0.11339091678815151,0.2355270356096851,2.650723485285317,-0.6722889743713142,0.9652656111387456,0.934844125645371,0.9987091903348873,0.9348476289318917,0.98815292004903,0.1302762779332361,0.3978507337195707,2.5201458375946024,0.9694621687565373,2785.2543533555076,0.27247645796864683,1.154679670309541,17.081197417335158,112.62991586773626,1504.784777929955,11.994410661036627,0.08639337930618525,6.255697835174402,767.4488358442575,0.07507814868364875,0.1337555447967235,56.73447180478335,0.1538140203577613,2.8589000081980633,0.01419842601296967,2785.2543533555076,0.27247645796864683,1.154679670309541,17.081197417335158,112.62991586773626,1504.784777929955,11.994410661036627,0.08639337930618525,767.4488358442575,0.07507814868364875,0.1538140203577613,2.8589000081980633,0.01419842601296967,6.255697835174402,0.1337555447967235,56.73447180478335,2.874279237772032,46925.03048820381,0.6140171216545256,0.22109840341718554,23054.410570116328,0.9765481847512267,15.389372309383301,7.6875940489119765,116.13137406278214,0.7144238937923435,0.09194928857486774,0.15594999760107126,2.4894258127643365,0.014170878861522133,53.050436088391855,0.00035416447755546866,6.528200681836883,0.002809925622218373,0.024513615960617,41_Malignant_center1.png,/mnt/wangbd8/workspace/DataSets/ThyroidAgent/Classifaction_Data/Lymph_Node_Metastasis_fake/images/41_Malignant_center1.png,/mnt/wangbd8/workspace/DataSets/ThyroidAgent/Classifaction_Data/Lymph_Node_Metastasis_fake/masks/41_Malignant_center1.png
0.43769828620035556,113.30984362106545,112.37882362794157,4355.5,49.59552436257064,280.752308678998,0.06445926040156079,4356.0,0.8332985091174668,59.0,103.0,28793538.0,1.6027516689680343,20.0,5.3517219357562995,170.0,13.31449185906987,79.2584940312213,77.0,38.0,132.0,8.6437679911898,81.302440165468,1.1711361656156103,28793538.0,0.38698477807543663,328.177900762361,7.802368787738041,2.694728286112402,24.155691766579523,3.3372368557238867,2.26843505071505,0.10520204366000926,0.9113579376482505,0.10520204366000926,0.4852720442062041,0.09413457366976677,0.32307642648146045,2.1288620663433937,-0.6558757847202624,0.9352904691441165,0.9473989781699953,0.9971567015227024,0.9473989781699953,0.9849711366199987,0.10520204366000926,0.40803529958197865,2.023660022683386,0.5934092735937648,151.98608349900596,0.30215921172764604,1.0563181546901494,9.713717693836978,147.5666003976143,1016.48310139165,26.742585597525952,0.1741567263088138,6.098972305270969,31.88667992047714,0.06339300182997443,0.11547291092745639,72.57031172804129,0.13892533126458195,1.6911551481014182,0.02955284888196353,151.98608349900596,0.30215921172764604,1.0563181546901494,9.713717693836978,147.5666003976143,1016.48310139165,26.742585597525952,0.1741567263088138,31.88667992047714,0.06339300182997443,0.13892533126458195,1.6911551481014182,0.02955284888196353,6.098972305270969,0.11547291092745639,72.57031172804129,2.390054824923353,2838.3599632690543,0.6515977877109858,0.19781186942469187,1685.7056932966025,0.6164628061228362,7.953397612488522,7.865472910927457,60.60904499540863,1.3704968880726456,0.17409601061116214,0.14935975920824404,1.27020202020202,0.026377523835436296,8.53144248938624,0.006264962163569304,1.699734135950267,0.004363545268316679,0.10791750428114064,42_Benign_center1.png,/mnt/wangbd8/workspace/DataSets/ThyroidAgent/Classifaction_Data/Lymph_Node_Metastasis_fake/images/42_Benign_center1.png,/mnt/wangbd8/workspace/DataSets/ThyroidAgent/Classifaction_Data/Lymph_Node_Metastasis_fake/masks/42_Benign_center1.png
0.7957041146040292,138.1822043995138,141.4814475470194,11708.5,109.95214860574814,424.33304448274237,0.03624145231948946,11709.0,0.9039589496346944,74.0,120.0,110516209.0,1.744200150746221,24.0,5.208868468695557,205.0,15.120454463679872,95.07771799470493,92.0,37.0,168.0,10.06647507204021,97.15229997826455,1.0999182092672999,110516209.0,0.3654906644847373,398.7969319860635,11.750172473266646,3.334727492238703,33.692840797752226,3.7990425833228927,2.681616156907718,0.1625560538116592,0.8856918345527717,0.16238358054501556,0.6408397792478769,0.1361876265810397,0.2747035902044704,2.4839866860565625,-0.5681063885713177,0.9277337106879117,0.9188254570541566,0.9974993717602731,0.9188369552719329,0.9819592963090721,0.16223266643670237,0.45196619523973786,2.3206922496463327,0.7110430526798444,585.6546365914787,0.2935612213491121,0.9953580693588608,12.974937343358397,61.91729323308271,684.3253132832081,6.751664438874966,0.10849928747605975,5.714092412854677,188.1468671679198,0.09430920660046105,0.17038175762234178,27.47010232347787,0.19188344944655983,2.8036542407071416,0.02116949477616882,585.6546365914787,0.2935612213491121,0.9953580693588608,12.974937343358397,61.91729323308271,684.3253132832081,6.751664438874966,0.10849928747605975,188.1468671679198,0.09430920660046105,0.19188344944655983,2.8036542407071416,0.02116949477616882,5.714092412854677,0.17038175762234178,27.47010232347787,2.7351382820476133,6467.311042787599,0.5523367531631735,0.26580865779944596,4279.530190451789,0.7216810104685039,11.889230506448031,7.337347339653258,85.51994192501495,0.7966833674854061,0.10854701545548327,0.1710175458574126,2.1257105170761332,0.01860851361615807,17.29455800740925,0.0016522771516062713,4.972469982211628,0.004092105579532682,0.06294252992059414,42_Malignant_center1.png,/mnt/wangbd8/workspace/DataSets/ThyroidAgent/Classifaction_Data/Lymph_Node_Metastasis_fake/images/42_Malignant_center1.png,/mnt/wangbd8/workspace/DataSets/ThyroidAgent/Classifaction_Data/Lymph_Node_Metastasis_fake/masks/42_Malignant_center1.png
0.20089683711402304,237.14210204070045,223.37860237721964,8794.5,47.64109824654763,499.6812408671326,0.05681747010826455,8795.0,0.6652999077893286,57.0,95.0,50260589.0,1.3928452740336612,17.0,6.359748190217653,173.0,12.152575863398535,73.7461057418988,71.0,38.0,135.0,7.809916999148648,75.59548626776022,1.4826975470644923,50260589.0,0.46298949510371573,276.18943196380445,6.5144,2.4610285714285713,21.612308381568727,3.896022018782417,1.9198677681632659,0.08891428571428574,0.9114744324376505,0.08891428571428572,0.43283542420634114,0.0810085355102041,0.4017123395918368,1.8536500823360156,-0.6616411677082557,0.9165314958158816,0.9555428571428571,0.9975969111969112,0.9555428571428571,0.9872979591836735,0.08891428571428572,0.5697142857142857,1.7647357966217314,0.5021955134693877,293.6755771567436,0.35683545219531426,0.7176099059688866,7.908869987849331,261.1968408262454,1380.3791008505468,58.079671931956256,0.19853246928581073,6.179837343470846,46.484811664641555,0.05648215269093749,0.09357589539511085,146.9952858950377,0.12119837108256099,0.9847727462146362,0.031050500991415184,293.6755771567436,0.35683545219531426,0.7176099059688866,7.908869987849331,261.1968408262454,1380.3791008505468,58.079671931956256,0.19853246928581073,46.484811664641555,0.05648215269093749,0.12119837108256099,0.9847727462146362,0.031050500991415184,6.179837343470846,0.09357589539511085,146.9952858950377,2.081989891118496,6175.1446276293345,0.7021199121807089,0.16599751590213702,4071.9926094371804,0.508791541010077,6.591927231381467,8.078112563956793,52.03206367254122,1.6367110732107892,0.2020511022677026,0.1413429347482787,0.9702545638304592,0.02884193109159946,17.033116724828083,0.003312295205909331,1.523292881395006,0.0030217030311267415,0.06882630780600307,43_Benign_center1.png,/mnt/wangbd8/workspace/DataSets/ThyroidAgent/Classifaction_Data/Lymph_Node_Metastasis_fake/images/43_Benign_center1.png,/mnt/wangbd8/workspace/DataSets/ThyroidAgent/Classifaction_Data/Lymph_Node_Metastasis_fake/masks/43_Benign_center1.png
0.4923783334757982,104.1814351018134,101.25709851659784,4107.5,51.29668139454791,265.8061325481608,0.06471238771714201,4108.0,0.8547295553513569,61.0,121.0,33940194.0,1.9692657451088318,31.0,3.12055632280276,173.0,18.68753300610868,87.83739045764362,83.0,37.0,136.0,13.232874119659204,90.89540786199939,0.6589912959405474,33940194.0,0.2923184533657461,546.5680079906783,10.017130089374382,3.0248262164846076,37.80969602575527,3.5787459601704183,3.6171969993560475,0.14697120158887786,0.9219103962718861,0.1469712015888779,0.6022085440037804,0.1253706674923993,0.2232132643491587,2.6685892796869335,-0.6361685701554526,0.9576292883300696,0.9265143992055611,0.9960278053624627,0.9265143992055611,0.9790041140587318,0.1469712015888779,0.3416087388282026,2.521618078098057,0.9410420502362313,170.00595238095238,0.25298504818594103,1.2231788548752835,11.74702380952381,70.89880952380952,633.2544642857143,11.141863012566137,0.15157448743386243,5.842770028950784,62.74404761904762,0.09336911848072563,0.16358325219084713,33.528876133786845,0.1837998758999334,2.5327179289186494,0.026138136298161113,170.00595238095238,0.25298504818594103,1.2231788548752835,11.74702380952381,70.89880952380952,633.2544642857143,11.141863012566137,0.15157448743386243,62.74404761904762,0.09336911848072563,0.1837998758999334,2.5327179289186494,0.026138136298161113,5.842770028950784,0.16358325219084713,33.528876133786845,2.9389296911355296,2310.671859785784,0.5624809785262376,0.2571295565021916,1200.844206426485,0.9584226730278584,10.22176241480039,7.401168451801364,73.3074488802337,1.1402816320458726,0.1536948907281186,0.1678567564643514,1.8307908687655523,0.025485806826787843,9.807174363917857,0.006118029720399489,2.126870638656954,0.009355586462613709,0.08146462794652447,43_Malignant_center1.png,/mnt/wangbd8/workspace/DataSets/ThyroidAgent/Classifaction_Data/Lymph_Node_Metastasis_fake/images/43_Malignant_center1.png,/mnt/wangbd8/workspace/DataSets/ThyroidAgent/Classifaction_Data/Lymph_Node_Metastasis_fake/masks/43_Malignant_center1.png
0.3979295035261353,232.64377517160605,235.5949914577982,16549.5,92.57582195248305,576.5756851698617,0.03483946253179018,16550.0,0.7909354603067584,25.0,83.0,57738689.0,1.9408268164142093,33.0,2.5421520024193476,143.0,18.179916481229636,54.759093655589126,55.0,5.0,138.0,13.53648058136602,59.065578281807674,0.12392126912242257,57738689.0,0.29303495221839887,490.1841997827694,8.193277821673858,2.717802224518325,29.321911815800007,0.16824133782958556,3.3652843198051627,0.1379687594967483,0.9212339180906441,0.1379687594967483,0.5788943555107784,0.11893338089967675,0.2235907487210373,2.621482204000723,-0.6469822099743712,0.9583803825236376,0.9310156202516259,0.9962711146081961,0.9310156202516259,0.9802901772147503,0.1379687594967483,0.3451042363094876,2.483513444503976,0.8758132698254777,644.9619771863117,0.272480767717073,1.0162516605865506,8.86903253062949,92.35994930291508,722.539501478665,22.54397596582641,0.2247529690653898,6.075551968625038,186.9324038867765,0.07897439961418526,0.14302114803625376,43.47226340780294,0.16271290063864816,1.6261301851227012,0.03649422803216359,644.9619771863117,0.272480767717073,1.0162516605865506,8.86903253062949,92.35994930291508,722.539501478665,22.54397596582641,0.2247529690653898,186.9324038867765,0.07897439961418526,0.16271290063864816,1.6261301851227012,0.03649422803216359,6.075551968625038,0.14302114803625376,43.47226340780294,2.859967127414072,9879.229728096676,0.5969323098547841,0.23322512207811177,4849.7284592145015,0.8798181433174214,8.295649546827795,7.5987915407854985,62.28175226586103,1.7474181940248406,0.22916018798254445,0.15970124202752603,1.367435381000336,0.036353155421282306,38.60592581587319,0.0015534409256217647,2.1603117629816344,0.008069872758645593,0.023187875072808742,44_Benign_center1.png,/mnt/wangbd8/workspace/DataSets/ThyroidAgent/Classifaction_Data/Lymph_Node_Metastasis_fake/images/44_Benign_center1.png,/mnt/wangbd8/workspace/DataSets/ThyroidAgent/Classifaction_Data/Lymph_Node_Metastasis_fake/masks/44_Benign_center1.png
0.7176994827475303,371.36061179783894,365.9781414237741,77513.5,266.5253190001154,1079.7371567773503,0.013929665887585391,77514.0,0.9140617982951391,17.0,92.0,291720196.0,2.208830451584795,40.0,2.8036492166070754,174.0,22.56449511874318,54.61498568000619,53.0,3.0,171.0,16.359245432657943,61.34697801806385,0.38676706390433513,291720196.0,0.2399973691853292,780.6550511215278,8.681246278509851,2.7163771455199734,76.84032201883655,4.079705210989434,5.288919130944063,0.07875320371760686,0.9706564787090078,0.07875320371760688,0.3977707178800198,0.07255113662182,0.20645140335430162,2.66472990111342,-0.792899252384511,0.984796641420941,0.9606233981411966,0.9984249359256478,0.9606233981411966,0.9901558495352991,0.07875320371760688,0.3024438864007042,2.5859766973958154,1.3419180836654172,1436.6062421185372,0.226451173095608,1.5045118144419405,11.104350567465321,391.5813366960908,2350.234709962169,179.8447553422378,0.2005528783602554,7.09055631764904,323.1472257250946,0.05093745676625072,0.0818432799236267,242.29022617114762,0.11533332555909907,1.485930578169107,0.022151465139508688,1436.6062421185372,0.226451173095608,1.5045118144419405,11.104350567465321,391.5813366960908,2350.234709962169,179.8447553422378,0.2005528783602554,323.1472257250946,0.05093745676625072,0.11533332555909907,1.485930578169107,0.022151465139508688,7.09055631764904,0.0818432799236267,242.29022617114762,2.857638531762985,56751.30600923704,0.7321426582196383,0.14816865248417124,18603.156075031606,1.3440347421733487,8.7391309956911,8.19284258327528,69.71123926000465,2.361173016686269,0.2803520086811031,0.13729061130175768,1.2684489970270605,0.03636475006720719,76.20009949341095,0.0007193244675205362,1.682384053397228,0.005032098494143284,0.01604329474849015,44_Malignant_center1.png,/mnt/wangbd8/workspace/DataSets/ThyroidAgent/Classifaction_Data/Lymph_Node_Metastasis_fake/images/44_Malignant_center1.png,/mnt/wangbd8/workspace/DataSets/ThyroidAgent/Classifaction_Data/Lymph_Node_Metastasis_fake/masks/44_Malignant_center1.png
0.42356451028233044,118.52562900849915,118.71394189394942,4645.5,50.203250006890116,296.3086578651021,0.06378401848350061,4646.0,0.8154114825764417,67.0,119.0,40623731.0,1.833213595198668,24.0,5.453014517105531,196.0,16.752122229760268,90.72083512699096,86.0,43.0,153.0,10.798264561298971,93.50833006555476,1.3494846455257112,40623731.0,0.3499965439468201,513.5378655100533,10.677988242978445,3.137274112780318,61.456279659084814,7.768941443704971,3.4785096206331456,0.1365120836054866,0.9244750959888147,0.13651208360548664,0.5750308727133256,0.11787653463517528,0.2785953397309559,2.484383029669752,-0.6348557288790632,0.9491095757152159,0.9317439581972566,0.9972697583278902,0.9317439581972566,0.982935989549314,0.13651208360548664,0.4637491835401698,2.3478709460642673,0.9037554260596581,181.02941176470588,0.266219723183391,1.2633131487889275,12.723529411764705,94.56470588235294,883.3205882352942,13.021687433306656,0.1223469304388422,5.938618520836123,58.01470588235294,0.08531574394463667,0.14636246233318984,47.88365916955018,0.17805302161470463,2.5900606483850206,0.02113877108035363,181.02941176470588,0.266219723183391,1.2633131487889275,12.723529411764705,94.56470588235294,883.3205882352942,13.021687433306656,0.1223469304388422,58.01470588235294,0.08531574394463667,0.17805302161470463,2.5900606483850206,0.02113877108035363,5.938618520836123,0.14636246233318984,47.88365916955018,2.7414029830806523,2748.629789065863,0.5916120940735823,0.2401838360856056,1626.0839431769264,0.9221982203086581,10.848902281532501,7.569522169608265,79.50365906155832,0.9902204551644159,0.1294765387142086,0.16189553737982496,1.871227340125317,0.020583155241975935,7.6308578954617445,0.005241062358602151,2.9927438788823144,0.0059784184484884696,0.12491683951003794,45_Benign_center1.png,/mnt/wangbd8/workspace/DataSets/ThyroidAgent/Classifaction_Data/Lymph_Node_Metastasis_fake/images/45_Benign_center1.png,/mnt/wangbd8/workspace/DataSets/ThyroidAgent/Classifaction_Data/Lymph_Node_Metastasis_fake/masks/45_Benign_center1.png
0.6216737900993855,215.61194680947153,211.25576915199264,22486.5,134.04029616375126,594.9015869776666,0.02645594409880002,22487.0,0.8935538618923222,39.0,97.0,124609210.0,1.8518866447280553,31.0,2.4369812067715664,132.0,17.4799818770986,71.33846222261751,74.0,12.0,120.0,13.029966418388446,74.44050511931778,-0.2744509921818799,124609210.0,0.31238724097288967,452.2126101313495,12.253400751745124,3.3928763200286385,23.09642145444097,-1.0751369846274161,3.0780465205205942,0.11088240558439233,0.9304579009731482,0.11088240558439234,0.5025718359399218,0.09858749771621066,0.2525322290210062,2.43314720878776,-0.6860599255904546,0.9597933651219358,0.9445587972078039,0.9970031782274489,0.9445587972078039,0.9841596563450868,0.11088240558439234,0.3715321281546447,2.322264803203369,0.7972322315262467,750.9312189529996,0.2869435303603361,0.9363205133128398,12.99847153228888,148.05617118838364,1725.7562094000764,17.283572687131148,0.1196151233388528,6.296555705197886,170.24875811998473,0.06505493241115197,0.11637835193667452,74.22230765625362,0.14285914429298568,1.945547939355402,0.01977670071404237,750.9312189529996,0.2869435303603361,0.9363205133128398,12.99847153228888,148.05617118838364,1725.7562094000764,17.283572687131148,0.1196151233388528,170.24875811998473,0.06505493241115197,0.14285914429298568,1.945547939355402,0.01977670071404237,6.296555705197886,0.11637835193667452,74.22230765625362,2.6633169334192552,14614.96513541157,0.6499295208525624,0.19983774678378136,7024.651887757371,0.7966917531549419,12.3047983279228,7.857473206741673,95.90625694845912,0.9039330749124185,0.11556065726864412,0.1499335418488707,1.8761630176447628,0.01765207483390952,32.92526137467552,0.0013595684230303163,1.641560578030002,0.005890660477515675,0.01792274955691231,45_Malignant_center1.png,/mnt/wangbd8/workspace/DataSets/ThyroidAgent/Classifaction_Data/Lymph_Node_Metastasis_fake/images/45_Malignant_center1.png,/mnt/wangbd8/workspace/DataSets/ThyroidAgent/Classifaction_Data/Lymph_Node_Metastasis_fake/masks/45_Malignant_center1.png
0.4388854383189617,161.8561878341899,166.97305171793442,8743.5,71.03632394224464,412.87720036002645,0.047221044245442496,8744.0,0.8028357218330656,59.0,96.0,54669764.0,1.4343702186137248,19.0,16.87133754069127,255.0,11.915871942302719,77.41445562671547,76.0,36.0,219.0,8.238459577162578,79.07123555865424,1.7845247923085898,54669764.0,0.42204697781524114,259.2623527914893,7.254700657515285,2.618122044065059,28.878845820841004,2.6040306075297757,1.7547781875083075,0.15422770792478951,0.838420920235241,0.11869881185834583,0.5184931327861344,0.14013829998820648,0.34300060646777525,1.9981043778129115,-0.5987691265571902,0.9048248253781886,0.9427425752238302,0.9986092435607584,0.9428262903577241,0.9893972738862916,0.11294706125038549,0.4218479640096897,1.8839493841026316,0.4772514738582742,378.8812441093308,0.35709825080992535,0.9088202138895872,8.597549481621112,143.13477851083883,960.8586239396795,26.13359514085245,0.18197376688658498,5.938255578100495,74.564561734213,0.07027762651669463,0.12134034766697163,75.21605264537126,0.1656574012168809,1.8447226658822338,0.03194618691355992,378.8812441093308,0.35709825080992535,0.9088202138895872,8.597549481621112,143.13477851083883,960.8586239396795,26.13359514085245,0.18197376688658498,74.564561734213,0.07027762651669463,0.1656574012168809,1.8447226658822338,0.03194618691355992,5.938255578100495,0.12134034766697163,75.21605264537126,2.261881044403984,5602.2644098810615,0.6406981255582184,0.21031925486063272,3690.3787740164685,0.4921509241417354,7.377973467520586,7.8131290027447395,56.279849039341265,1.3973311858290132,0.1792104427162753,0.15292390972857578,1.2044004777879433,0.02764839452520529,15.843465846593823,0.0025294210810642716,3.6814741811956067,0.0027887587492347174,0.15368099737396645,46_Benign_center1.png,/mnt/wangbd8/workspace/DataSets/ThyroidAgent/Classifaction_Data/Lymph_Node_Metastasis_fake/images/46_Benign_center1.png,/mnt/wangbd8/workspace/DataSets/ThyroidAgent/Classifaction_Data/Lymph_Node_Metastasis_fake/masks/46_Benign_center1.png
0.5394980807310847,220.9600928588222,224.28776159211185,20637.5,119.20754601549683,583.9726547895322,0.02829667618604638,20638.0,0.8720491516046591,29.0,83.0,71411759.0,1.8634723367821848,27.0,5.315806291022643,174.0,16.6666788315043,54.60194786316504,52.0,5.0,169.0,11.533871389334584,58.82352706173074,1.0263060235980903,71411759.0,0.32975313960106273,478.8346255303761,8.17157340612205,2.7190485474751416,51.69846621585104,5.1719164506998645,3.248995092151826,0.1356014817703256,0.9198714063500999,0.1356014817703256,0.572602543262208,0.11721371991201765,0.257324483673153,2.527925854923249,-0.6388900180751603,0.9522679791831421,0.9321992591148371,0.9972879703645935,0.9321992591148371,0.9830498147787093,0.1356014817703256,0.3501169818678105,2.392324373152925,0.8461491434805379,800.7011019283747,0.27572351994778743,1.1728650137741048,9.3732782369146,94.48209366391184,703.0929752066115,18.502782864982542,0.20778165857711312,6.120052965301383,227.51101928374655,0.0783440149048714,0.14071130923539102,43.97620789032322,0.14825408239496837,1.6746796595271978,0.03296117764938161,800.7011019283747,0.27572351994778743,1.1728650137741048,9.3732782369146,94.48209366391184,703.0929752066115,18.502782864982542,0.20778165857711312,227.51101928374655,0.0783440149048714,0.14825408239496837,1.6746796595271978,0.03296117764938161,6.120052965301383,0.14071130923539102,43.97620789032322,2.7586893865479167,12388.414671964338,0.6002720550423655,0.22674180792333065,6805.4452950867335,0.8548274196930308,8.275026649869174,7.61740478728559,61.58455276674096,1.5171557618104903,0.20044319265322824,0.15768916023301138,1.3770471944955904,0.032085488429919526,38.36720053608834,0.0011935673210312656,3.185391303101933,0.0054723802969517945,0.03271288359434595,46_Malignant_center1.png,/mnt/wangbd8/workspace/DataSets/ThyroidAgent/Classifaction_Data/Lymph_Node_Metastasis_fake/images/46_Malignant_center1.png,/mnt/wangbd8/workspace/DataSets/ThyroidAgent/Classifaction_Data/Lymph_Node_Metastasis_fake/masks/46_Malignant_center1.png
0.5734586611501081,117.34024133847338,125.92458060283545,5920.5,67.28977769699152,322.6934341759526,0.054504422629161824,5921.0,0.8452671591208267,21.0,60.0,10908915.0,1.5701806188179397,19.0,6.626923673987861,150.0,13.00693677130008,39.24387772335754,36.0,5.0,145.0,8.718676240676581,42.923314297933736,1.418380757018766,10908915.0,0.4201451236529523,302.3289715533646,4.921904435691044,2.0978763486898444,27.065539490043165,3.2599088802803844,2.1903159217151935,0.10703887651995203,0.9068155457727465,0.10703887651995202,0.49091919460241495,0.09558155543329848,0.3522580609018247,2.1121052625009185,-0.6464164979632602,0.931121577518172,0.9464805617400239,0.9978592224696009,0.9464805617400239,0.986620140435006,0.10703887651995202,0.5471827367699948,2.005066385980968,0.5743386995587865,222.65770862800565,0.31493310979915934,0.9418524394367098,5.854314002828854,146.1230551626591,644.8599717114569,47.000257924480486,0.36949020485138895,6.001041021965414,50.77652050919377,0.07181968954624296,0.11940550582671847,75.98539158825966,0.14412714712497235,1.0572918467779797,0.054924589026520095,222.65770862800565,0.31493310979915934,0.9418524394367098,5.854314002828854,146.1230551626591,644.8599717114569,47.000257924480486,0.36949020485138895,50.77652050919377,0.07181968954624296,0.14412714712497235,1.0572918467779797,0.054924589026520095,6.001041021965414,0.11940550582671847,75.98539158825966,2.383242458154463,3806.723357540956,0.6429189929979658,0.20238493996318868,2487.67927714913,0.5861052184563394,5.011653436919439,7.826549569329505,38.28677588245229,2.71194704673515,0.3494931631944565,0.15057516560641032,0.8036649214659685,0.053440744100251014,11.679696836555362,0.004454728380817959,3.06113520803217,0.002988480939523723,0.18067648859297256,47_Benign_center1.png,/mnt/wangbd8/workspace/DataSets/ThyroidAgent/Classifaction_Data/Lymph_Node_Metastasis_fake/images/47_Benign_center1.png,/mnt/wangbd8/workspace/DataSets/ThyroidAgent/Classifaction_Data/Lymph_Node_Metastasis_fake/masks/47_Benign_center1.png
0.6168523609800538,247.24891993202738,250.80071770232237,29179.5,152.51608000983938,679.9554108468295,0.023302503841629553,29180.0,0.890560484327737,51.0,118.0,205602723.0,2.0935452485531254,37.0,3.4129613766347933,200.0,21.59814121984459,79.53958190541466,74.0,22.0,178.0,15.45233046173689,83.94054551664085,0.8377247338665893,205602723.0,0.28229497045353436,719.470091943086,14.962582690187432,3.7166310639470783,75.0748973718389,7.950148776175189,4.741135913097125,0.14419101433296583,0.9409697584317792,0.14412210584343987,0.5953088837170799,0.12341983294021812,0.21957351509232675,2.7964220674013327,-0.6634184167791132,0.9683568318912367,0.9279458379272327,0.9982416323145819,0.9279504318265345,0.98558841585647,0.14406181091510473,0.37951350606394707,2.6519288228193933,1.2213317318575228,986.1005071461503,0.22731685273078614,1.537510938852743,16.775933609958507,89.69940064545874,1177.2058552328263,8.790222345947925,0.09151819662260342,6.253619706993448,364.6168741355463,0.08405183820552013,0.1486634681288554,44.452224554001965,0.17385592525715593,3.197176675224719,0.01671147714229742,986.1005071461503,0.22731685273078614,1.537510938852743,16.775933609958507,89.69940064545874,1177.2058552328263,8.790222345947925,0.09151819662260342,364.6168741355463,0.08405183820552013,0.17385592525715593,3.197176675224719,0.01671147714229742,6.253619706993448,0.1486634681288554,44.452224554001965,3.017447391850221,17137.051884852637,0.5872875902965263,0.24161725500439005,8237.367237834133,1.2224534476983635,15.061720356408498,7.546058944482522,111.22943797121316,0.7074939986186641,0.09336494303824136,0.16239623791028865,2.5537944558677936,0.015150386027503937,25.472221079762004,0.0009815689737551734,5.46391826206971,0.004816593195513981,0.041432711559794735,47_Malignant_center1.png,/mnt/wangbd8/workspace/DataSets/ThyroidAgent/Classifaction_Data/Lymph_Node_Metastasis_fake/images/47_Malignant_center1.png,/mnt/wangbd8/workspace/DataSets/ThyroidAgent/Classifaction_Data/Lymph_Node_Metastasis_fake/masks/47_Malignant_center1.png
0.26243721986519314,169.20851141641822,163.783393541592,5870.5,44.4066113136526,375.48023074035603,0.06396051967300162,5871.0,0.7233615197563544,32.0,95.0,25531289.0,2.0151199506204347,31.0,4.230083739166712,183.0,19.599680938972906,60.790836314086185,57.0,13.0,170.0,13.090617918897609,65.944765860823,1.0176759657921342,25531289.0,0.29963626938468507,653.186364672747,9.817307692307693,2.962053571428571,74.99668544742646,8.312119402888651,4.287509505003925,0.11332417582417581,0.9484987690773846,0.11332417582417581,0.509861963906015,0.10048180699794709,0.24662265747645215,2.602582709471467,-0.7049881870549247,0.9701550310875261,0.9433379120879122,0.9982565511411666,0.9433379120879122,0.987408424908425,0.11332417582417581,0.3629807692307692,2.489258533647293,1.100208420207025,167.55728429985857,0.23699757326712667,1.5582225832201326,12.298444130127299,131.17821782178217,1044.6944837340877,23.7333438132443,0.16190712128793056,6.384210820268905,46.55869872701556,0.06585388787413798,0.12042241526145461,62.220110473362965,0.1259727775644004,1.856704443535965,0.02489494382271712,167.55728429985857,0.23699757326712667,1.5582225832201326,12.298444130127299,131.17821782178217,1044.6944837340877,23.7333438132443,0.16190712128793056,46.55869872701556,0.06585388787413798,0.1259727775644004,1.856704443535965,0.02489494382271712,6.384210820268905,0.12042241526145461,62.220110473362965,2.819956237307513,3753.7545562936466,0.6393722630375824,0.19953081411013565,1759.164537557486,1.109582359223272,9.924544370635326,7.81246806336229,74.7547266223812,1.3214182358346167,0.1680484503175028,0.14966218134332596,1.5886466435776605,0.02529631681224001,6.398640039360642,0.005787646317732023,3.4693604634811623,0.0044717273340232734,0.2101987704193622,48_Benign_center1.png,/mnt/wangbd8/workspace/DataSets/ThyroidAgent/Classifaction_Data/Lymph_Node_Metastasis_fake/images/48_Benign_center1.png,/mnt/wangbd8/workspace/DataSets/ThyroidAgent/Classifaction_Data/Lymph_Node_Metastasis_fake/masks/48_Benign_center1.png
0.788245820714016,389.40349489530297,401.4336806995646,92862.5,306.9456774226542,1184.6660889654775,0.01275720650386838,92863.0,0.911862090241243,44.0,100.0,535780513.0,1.9136507276611954,28.0,3.7508100845028887,198.0,17.24637577990479,72.69766214746454,72.0,11.0,187.0,12.205727594868423,75.95775180188188,0.40923914837608644,535780513.0,0.3111505243006171,484.62997708939207,12.681552957448186,3.448290579819765,38.45324763278164,2.3750113049391937,3.283266465097464,0.11988632679964557,0.9295439645936,0.11986471592505352,0.5291015730726858,0.10551877667585183,0.24788722082937997,2.5298455820615375,-0.6760512075336403,0.9615100093349797,0.9400698031249325,0.998155624308342,0.9400712438499053,0.9866819383513785,0.11984580640978543,0.3638514900698031,2.409869588046274,0.8507881979742775,3152.715838373214,0.2763358610196524,1.0859458137688804,13.931720571478657,138.46235428170743,1540.0376018932423,16.641502329932468,0.10880074227809568,6.360108696482479,792.5961083355246,0.06947112878740684,0.12285840431603545,72.21168664783967,0.14273983013099978,2.1064766118701463,0.018118137853272955,3152.715838373214,0.2763358610196524,1.0859458137688804,13.931720571478657,138.46235428170743,1540.0376018932423,16.641502329932468,0.10880074227809568,792.5961083355246,0.06947112878740684,0.14273983013099978,2.1064766118701463,0.018118137853272955,6.360108696482479,0.12285840431603545,72.21168664783967,2.751762235098991,59019.075078341215,0.6355499507698568,0.2064894937772138,28894.371138128212,0.8541986954216001,12.740628668037862,7.792565392029118,97.86133336204946,0.8451883740764289,0.10843793464138757,0.15170077306234872,1.9864005159332687,0.016653294279759537,94.27386033289238,0.00030718183102580553,3.5870313459151113,0.0036429276513058884,0.010405405938330505,48_Malignant_center1.png,/mnt/wangbd8/workspace/DataSets/ThyroidAgent/Classifaction_Data/Lymph_Node_Metastasis_fake/images/48_Malignant_center1.png,/mnt/wangbd8/workspace/DataSets/ThyroidAgent/Classifaction_Data/Lymph_Node_Metastasis_fake/masks/48_Malignant_center1.png
0.4200306134695601,123.46240834136152,124.16923934694937,4957.5,51.85799111605141,308.45079348883326,0.06221902037091947,4958.0,0.8091898035081393,49.0,119.0,37440026.0,2.1499261372598024,33.0,10.245434241080453,255.0,24.48094546835614,79.33642597821702,69.0,29.0,226.0,14.5015820588169,86.89900616862076,2.3433845421558366,37440026.0,0.30548450469217747,1257.168786096881,9.218322791267088,2.6839420526423177,689.5410940933702,53.645552763773196,8.24886858971063,0.1897571924097123,0.9550265179878533,0.14486839420526423,0.5951003256983107,0.16877034077010045,0.25041406462942806,2.8045587766701368,-0.689049592557392,0.9734303491399304,0.931186081702783,0.9982181792824387,0.9315717880704619,0.9871087220607727,0.13237955972703982,0.4411344623546215,2.6605953348772675,2.109656445530086,144.25452016689846,0.20063215600403125,3.541799091227385,13.500695410292073,104.00556328233658,747.5173852573018,25.344881537802884,0.2539305962043809,6.2734000723113645,61.892906815020865,0.08608192881087742,0.14501815248083905,56.45504399751625,0.22479548608928523,5.358205054185811,0.042376263386635214,144.25452016689846,0.20063215600403125,3.541799091227385,13.500695410292073,104.00556328233658,747.5173852573018,25.344881537802884,0.2539305962043809,61.892906815020865,0.08608192881087742,0.22479548608928523,5.358205054185811,0.042376263386635214,6.2734000723113645,0.14501815248083905,56.45504399751625,3.0432401165153293,2964.1956434045987,0.5978611624454616,0.2539184738735593,1514.592174263816,2.1208896562508697,9.393908834207341,7.597821702299314,66.3188785800726,1.9779259906736364,0.25981642385227144,0.16606158397203172,2.0007731612209225,0.04148808727317474,5.334512552103709,0.006268764093813989,7.746802133181576,0.006673230866783695,0.5193310417191014,49_Benign_center1.png,/mnt/wangbd8/workspace/DataSets/ThyroidAgent/Classifaction_Data/Lymph_Node_Metastasis_fake/images/49_Benign_center1.png,/mnt/wangbd8/workspace/DataSets/ThyroidAgent/Classifaction_Data/Lymph_Node_Metastasis_fake/masks/49_Benign_center1.png
0.8978041283070554,74.67796569635026,78.24321056807422,3918.5,67.04618589575593,238.8944443027289,0.060965789027109585,3919.0,0.9288782793987836,27.0,97.0,15512739.0,2.1270973504695334,34.0,3.364631588868241,157.0,21.389754417747856,56.73258484307221,51.0,7.0,150.0,14.681904197186746,62.915349148350046,0.8697823786350681,15512739.0,0.27388223414941026,739.7549754824037,9.146163849154746,2.8172951885565674,81.68440889468583,8.660325894900836,5.0074380961882845,0.17139141742522757,0.933810751261576,0.17139141742522757,0.6608778763966674,0.14201639945819897,0.20043496273849642,2.9217677009605874,-0.6296955816969226,0.9652967288085352,0.9143042912873861,0.9965721716514954,0.9143042912873861,0.9785760728218464,0.17139141742522757,0.33263979193758125,2.7503762835353616,1.2947073784033778,169.66030013642566,0.2314601638968972,1.600177930313109,10.830832196452933,50.81173260572988,389.34242837653477,11.493371005064144,0.20691958775324587,5.8375130613626425,76.16780354706685,0.10391241957307892,0.18703750956876755,22.226444241367307,0.21747651863302736,2.7159620893082645,0.042590558347745125,169.66030013642566,0.2314601638968972,1.600177930313109,10.830832196452933,50.81173260572988,389.34242837653477,11.493371005064144,0.20691958775324587,76.16780354706685,0.10391241957307892,0.21747651863302736,2.7159620893082645,0.042590558347745125,5.8375130613626425,0.18703750956876755,22.226444241367307,3.170768305542301,2074.924470528196,0.5294525313927523,0.2872176631651885,1073.3444756315387,1.2822865371306598,9.223781576932891,7.1826996682827255,63.43403929573871,1.5733279045223603,0.21669823709019204,0.17928326387116894,1.7946613365087465,0.037902259752813826,8.684074012427875,0.006259513454200455,3.614259374447263,0.010182070888040998,0.14309038832064688,49_Malignant_center1.png,/mnt/wangbd8/workspace/DataSets/ThyroidAgent/Classifaction_Data/Lymph_Node_Metastasis_fake/images/49_Malignant_center1.png,/mnt/wangbd8/workspace/DataSets/ThyroidAgent/Classifaction_Data/Lymph_Node_Metastasis_fake/masks/49_Malignant_center1.png
0.3501127510915625,174.10700863789353,170.17931719218996,8161.5,60.957083778535335,413.2792206135796,0.050637654918039524,8162.0,0.7749012379066945,77.0,118.0,79991280.0,1.5609728391130604,19.0,20.068556906352477,255.0,14.268928313391147,96.52046067140407,92.0,57.0,198.0,8.51205103969754,98.99722657673209,3.104496402013126,79991280.0,0.44748477609226694,484.25154166477273,6.374166460854533,2.372190664361571,194.20256892050185,16.72139865175451,3.193982384595814,0.206470733514448,0.8785628112825207,0.1333662632748827,0.5539900099467134,0.1886841733345427,0.37266013866563336,2.1546382578822927,-0.608355101102202,0.9208623730751009,0.9381369528159587,0.9978174648037822,0.9384082195486247,0.9871438036525096,0.1192331558868711,0.5691528772536428,2.0280141613853964,0.8501132795275654,311.69083969465646,0.2974149233727638,1.403930969931822,7.909351145038168,124.05725190839695,657.6555343511451,29.83367749269626,0.2810636367920083,5.983798859550376,77.94847328244275,0.07437831420080415,0.12839990198480764,63.401692063399565,0.14855897770484958,1.3431244649884642,0.050725190915476955,311.69083969465646,0.2974149233727638,1.403930969931822,7.909351145038168,124.05725190839695,657.6555343511451,29.83367749269626,0.2810636367920083,77.94847328244275,0.07437831420080415,0.14855897770484958,1.3431244649884642,0.050725190915476955,5.983798859550376,0.12839990198480764,63.401692063399565,2.384332180419638,5096.1651555991175,0.6243770099974415,0.21388723485416394,3652.370742465082,0.8686926211984813,6.536265621171282,7.739034550355305,48.87907375643225,1.9007507691469956,0.2503995329152562,0.15381578589125758,1.0719935201067277,0.040303556764947394,17.64391148325359,0.0027667215129715916,3.8207315105638715,0.005493884560151887,0.13821747075593765,4_Benign_center1.png,/mnt/wangbd8/workspace/DataSets/ThyroidAgent/Classifaction_Data/Lymph_Node_Metastasis_fake/images/4_Benign_center1.png,/mnt/wangbd8/workspace/DataSets/ThyroidAgent/Classifaction_Data/Lymph_Node_Metastasis_fake/masks/4_Benign_center1.png
0.6237257433664647,415.49608962032715,425.0294107470682,78344.5,259.1556073642978,1211.4600282048114,0.015463242833955304,78345.0,0.8190305462284124,38.0,127.0,701693499.0,2.3988286831048393,38.0,2.8533273892047797,242.0,25.427574117681957,88.97240411002616,92.0,5.0,237.0,17.558691043201645,94.63855138773472,-0.4178758046999704,701693499.0,0.2234372383652019,1040.3667156511056,18.39006810224314,4.087987841633428,139.33566308520687,-7.427485875340709,6.866763766655494,0.15306973105385335,0.9563893556438904,0.15296712880429908,0.61775540648007,0.12967078855922234,0.16467984165152605,3.1404744881536604,-0.6896626848837569,0.981494157147997,0.9235266958228059,0.9984845167159079,0.9235335359727762,0.9860946746711967,0.15287735183593903,0.2812968924343666,2.9872124717195705,1.7549583744273365,2649.335041066927,0.21544564048686077,1.789353309340006,19.733674880052046,72.64820687972676,1223.8693990404163,10.248875498706195,0.10403150446188915,6.348547645892805,1054.8204440107343,0.08577868130525611,0.15695960176143978,32.05772345476536,0.16383989311485797,3.354894176992331,0.017147669461082524,2649.335041066927,0.21544564048686077,1.789353309340006,19.733674880052046,72.64820687972676,1223.8693990404163,10.248875498706195,0.10403150446188915,1054.8204440107343,0.08577868130525611,0.16383989311485797,3.354894176992331,0.017147669461082524,6.348547645892805,0.15695960176143978,32.05772345476536,3.357225759388415,44846.62144361478,0.5724248062239425,0.2458800320193797,17505.190439721744,1.760690988617307,18.427136383942816,7.460910077222541,135.48811028144743,0.9058865470491432,0.11841384078408998,0.16403230724502024,3.0966118521354975,0.018746843454717128,49.91533696204154,0.0003869202991743117,7.032155850289663,0.005890070137001587,0.020383453510160427,4_Malignant_center1.png,/mnt/wangbd8/workspace/DataSets/ThyroidAgent/Classifaction_Data/Lymph_Node_Metastasis_fake/images/4_Malignant_center1.png,/mnt/wangbd8/workspace/DataSets/ThyroidAgent/Classifaction_Data/Lymph_Node_Metastasis_fake/masks/4_Malignant_center1.png
0.2853243277819892,136.97655369643462,133.2216198670471,4174.5,39.08274310532876,307.4386001800133,0.07364680804408032,4175.0,0.7449871308370444,43.0,92.0,20533199.0,1.7948616172507816,23.0,5.330769981592989,172.0,16.026849983864608,66.62251497005988,63.0,5.0,167.0,10.058543700174576,70.1293911067677,1.042173675548152,20533199.0,0.37894642332102274,479.5719960701352,10.960348162475823,3.193786266924565,55.22892514613429,5.8156190924349955,3.1754645135976407,0.13515473887814314,0.918350780581566,0.1351547388781431,0.5714074722894831,0.11688793543692406,0.30393152987029026,2.447791263622935,-0.6300190699355036,0.9459086949040947,0.9324226305609284,0.9972969052224372,0.9324226305609284,0.9831056576402322,0.1351547388781431,0.5045938104448743,2.312636524744794,0.8276548131189462,166.32441471571906,0.27813447276876097,1.1627414682162391,11.396321070234114,97.68394648829431,995.6538461538462,11.81372473627132,0.14762629020392998,5.949912507306696,48.35451505016722,0.0808603930604803,0.14323353293413174,48.94113320880079,0.1871555411641946,1.896469787448126,0.03599381110203215,166.32441471571906,0.27813447276876097,1.1627414682162391,11.396321070234114,97.68394648829431,995.6538461538462,11.81372473627132,0.14762629020392998,48.35451505016722,0.0808603930604803,0.1871555411641946,1.896469787448126,0.03599381110203215,5.949912507306696,0.14323353293413174,48.94113320880079,2.699132493929974,2497.402874251497,0.5981803291620352,0.2403318297536663,1582.1013173652696,0.8346300835454838,11.060838323353293,7.6035928143712574,83.56,0.9623419446820644,0.12958083289203903,0.16187624750499,1.785016633399867,0.02258295774286649,6.657677144284286,0.005593474324613095,2.99089594121275,0.0054023675210956605,0.13514215621620196,50_Benign_center1.png,/mnt/wangbd8/workspace/DataSets/ThyroidAgent/Classifaction_Data/Lymph_Node_Metastasis_fake/images/50_Benign_center1.png,/mnt/wangbd8/workspace/DataSets/ThyroidAgent/Classifaction_Data/Lymph_Node_Metastasis_fake/masks/50_Benign_center1.png
0.7040162115861401,496.98991231898594,500.56767774198124,134169.5,349.88895526734046,1440.288455329543,0.010734842533731906,134170.0,0.9015345043052407,32.0,96.0,622808295.0,2.043095389788534,36.0,4.202735884968823,213.0,19.815153317383004,63.47404784974287,61.0,9.0,204.0,14.52259285797057,68.13174059256097,0.6829608293300095,622808295.0,0.28077481138345517,612.9793257405738,10.462239194117295,3.0772702815806783,61.34282605974439,4.69561391015319,4.099674935387571,0.12908770251688886,0.9389477662520884,0.0910952352484008,0.43400987847308736,0.12078936063192737,0.2397673760460738,2.534274354213408,-0.7583969808425884,0.9771228755477945,0.9568099309166588,0.9986200452023811,0.9569735830104545,0.9911316584918991,0.0839281910453546,0.3487848986668261,2.4380012254547054,1.057190659476115,2859.200952867109,0.24325344162558354,1.4732209373316856,12.146333163178493,290.74680959673304,2611.824825591288,47.539029747068724,0.16334388142494755,7.027202485973364,591.9230900119109,0.05035928960455256,0.08760527688753074,160.44829439676948,0.12118960067753551,1.5402213966663632,0.02542625656327391,2859.200952867109,0.24325344162558354,1.4732209373316856,12.146333163178493,290.74680959673304,2611.824825591288,47.539029747068724,0.16334388142494755,591.9230900119109,0.05035928960455256,0.12118960067753551,1.5402213966663632,0.02542625656327391,7.027202485973364,0.08760527688753074,160.44829439676948,2.7257468930059057,96276.64006856973,0.7175720359884454,0.15785309906727174,37671.55644331818,1.0599497852658994,10.53145263471715,8.137288514571067,84.29913542520683,1.279547922565146,0.15773013205631453,0.13952241352181727,1.513678749182215,0.022439969946686397,87.2377926147357,0.0003299019003246934,3.7689522194053833,0.002683164398492409,0.01681537783629285,50_Malignant_center1.png,/mnt/wangbd8/workspace/DataSets/ThyroidAgent/Classifaction_Data/Lymph_Node_Metastasis_fake/images/50_Malignant_center1.png,/mnt/wangbd8/workspace/DataSets/ThyroidAgent/Classifaction_Data/Lymph_Node_Metastasis_fake/masks/50_Malignant_center1.png
0.24078267366563902,210.02584789383846,196.46119209655632,8057.5,50.57058519477124,462.49242404917595,0.057398997710105606,8058.0,0.6880190544198165,45.0,100.30000000000018,43348897.0,1.8868404504630583,27.0,6.4901700710690164,192.0,17.961058048926862,69.22697939935468,64.0,22.0,170.0,11.649872781695402,73.34582437222923,1.5515103226919802,43348897.0,0.34307913198928025,587.2352760832192,11.874045323650932,3.303493176411669,95.27002222262672,10.887805378650402,3.95784777281989,0.11393514460999124,0.9440367294030952,0.11393514460999127,0.5116726138016987,0.10095392743269166,0.2829798434977183,2.4706769569976843,-0.6880572095839532,0.9618182636275611,0.9430324276950044,0.9982471516213848,0.9430324276950044,0.9873405394877788,0.11393514460999127,0.47164141730311754,2.3567418123876953,1.01794572935747,257.1936799184506,0.26217500501371105,1.3528436833994726,13.28032619775739,132.3873598369011,1424.2222222222222,15.635850106097486,0.11545251501891957,6.29471320425542,65.96636085626912,0.06724399679538136,0.12174236783320923,64.91645858466835,0.14656153391854626,2.1423823044487036,0.017246532755379025,257.1936799184506,0.26217500501371105,1.3528436833994726,13.28032619775739,132.3873598369011,1424.2222222222222,15.635850106097486,0.11545251501891957,65.96636085626912,0.06724399679538136,0.14656153391854626,2.1423823044487036,0.017246532755379025,6.29471320425542,0.12174236783320923,64.91645858466835,2.7143651615119397,5144.657483246463,0.6384533982683622,0.2067861688536221,2764.53164556962,1.0197942553617079,11.96276991809382,7.805162571357657,91.82328121121867,0.9086623285038348,0.1162796817039052,0.1518297895810926,1.8779542759438514,0.01764920438209664,8.415778844806923,0.0037256888744632882,3.4893559650401165,0.004142473473739519,0.13426065282024469,51_Benign_center1.png,/mnt/wangbd8/workspace/DataSets/ThyroidAgent/Classifaction_Data/Lymph_Node_Metastasis_fake/images/51_Benign_center1.png,/mnt/wangbd8/workspace/DataSets/ThyroidAgent/Classifaction_Data/Lymph_Node_Metastasis_fake/masks/51_Benign_center1.png
0.5457572594295964,262.8802006840087,263.00570336021235,29420.5,143.4687778836069,707.3107499061572,0.024041425193526866,29421.0,0.8596461014880106,24.0,86.0,107271842.0,2.0585257143255262,33.0,8.865326396475442,226.0,19.622781738468454,54.47822983583155,51.0,3.0,223.0,13.652573078160172,60.382926008147884,1.41903369274666,107271842.0,0.282483941013257,678.2202272597754,8.359812444383598,2.7105893627216093,122.20411724539574,8.781253389871114,4.416283613002111,0.3662126086658909,0.8468529438636268,0.11835170100622902,0.4692176985458265,0.3522054835348231,0.2445050192392446,2.551654475710013,-0.7585157733701438,0.9776268010827184,0.9559228436889493,0.9972991170078165,0.95700437977459,0.9905730500433404,0.07220166894560573,0.32976247518652885,2.420170461865709,1.1956240554170008,587.7948316366484,0.23014676258286937,2.551657724858024,11.582223962411902,242.79287392325764,1793.8825371965545,61.20717823557393,0.24134692752938644,6.986462652002972,114.11824588880188,0.04468216362130066,0.08680874205499473,110.09221657921088,0.11792226947503881,2.2617137280734303,0.042150074961086595,587.7948316366484,0.23014676258286937,2.551657724858024,11.582223962411902,242.79287392325764,1793.8825371965545,61.20717823557393,0.24134692752938644,114.11824588880188,0.04468216362130066,0.11792226947503881,2.2617137280734303,0.042150074961086595,6.986462652002972,0.08680874205499473,110.09221657921088,2.7265535200793116,21185.781754529078,0.7200904712460174,0.15754603484470867,8310.960028551035,1.2009145114974125,8.574351653580775,8.145984160973454,67.3745963767377,1.9389924852157772,0.23807481392641652,0.13952430048076014,1.3113818927523424,0.03405368876899061,24.712006924068895,0.00133735948798964,5.182700129084278,0.0039497351672475416,0.08205590517923146,51_Malignant_center1.png,/mnt/wangbd8/workspace/DataSets/ThyroidAgent/Classifaction_Data/Lymph_Node_Metastasis_fake/images/51_Malignant_center1.png,/mnt/wangbd8/workspace/DataSets/ThyroidAgent/Classifaction_Data/Lymph_Node_Metastasis_fake/masks/51_Malignant_center1.png
0.2194703487056388,268.7739217709488,249.9059823213522,11591.5,58.98790633405221,581.8061325481609,0.05019248005419151,11592.0,0.6559888492808663,29.0,88.0,41861696.0,1.9108135171106169,33.0,3.9996016013128415,191.0,19.25522063477775,55.165631469979296,50.0,14.0,177.0,14.03713621548212,60.093738599870726,0.9502190683567068,41861696.0,0.32052712039096953,568.0105234280226,8.373339122883195,2.732783326096396,53.97439240988957,6.3022523930392875,3.7100388343547066,0.08910117238384715,0.9530940306354554,0.08910117238384718,0.43346251056853624,0.08116215346367113,0.2774322076831952,2.3971265324777753,-0.7400888622675112,0.9696224380248812,0.9554494138080765,0.9986292127325563,0.9554494138080765,0.9900998697351282,0.08910117238384718,0.4204950065132436,2.3080253600939304,0.9497850016846382,258.41069809610156,0.23427987134732686,1.5454874984485567,10.442429737080689,228.29374433363554,1607.935630099728,45.750909847242006,0.2166196371265339,6.7186134675875415,59.75793291024479,0.054177636364682494,0.09515182884748102,117.84374437473336,0.13906124957768873,1.7139056666837764,0.03636657180937242,258.41069809610156,0.23427987134732686,1.5454874984485567,10.442429737080689,228.29374433363554,1607.935630099728,45.750909847242006,0.2166196371265339,59.75793291024479,0.054177636364682494,0.13906124957768873,1.7139056666837764,0.03636657180937242,6.7186134675875415,0.09515182884748102,117.84374437473336,2.615392674890603,8111.575741890959,0.6997563614467701,0.17151398646695254,3715.550379572119,0.9657146688227907,8.467132505175984,8.065907522429262,66.48386818495514,1.5872331349939908,0.19874047511948187,0.14286672801165554,1.282747680392608,0.029239719583533514,10.73027801705135,0.003663624181436626,2.9184011087736628,0.0030690336959316414,0.14452409554519186,52_Benign_center1.png,/mnt/wangbd8/workspace/DataSets/ThyroidAgent/Classifaction_Data/Lymph_Node_Metastasis_fake/images/52_Benign_center1.png,/mnt/wangbd8/workspace/DataSets/ThyroidAgent/Classifaction_Data/Lymph_Node_Metastasis_fake/masks/52_Benign_center1.png
0.6548110760206176,270.9156427982527,266.27053911388697,37601.5,177.3985635715411,753.2274887854716,0.020031846835511125,37602.0,0.9126018735317402,3.0,70.0,55245470.0,1.576380233086539,32.0,5.1662084308400935,174.0,22.166098994204724,25.69740971224935,12.0,0.0,174.0,14.769510813234703,38.3303569653647,1.5934713781924115,55245470.0,0.463109205609891,808.8593991730751,3.8781693339389243,1.6537310641481202,125.39394016663083,17.81578306546767,4.629451116181753,0.05607951053995565,0.9760626853146013,0.05607951053995565,0.31168131256227594,0.05293459903755466,0.4415372505385513,1.8849741626121834,-0.7967016598286171,0.95791036413168,0.9719602447300222,0.998878409789201,0.9719602447300222,0.9929900611825055,0.05607951053995565,0.6407865558791311,1.8288946520722296,1.171382656680427,551.4903169014085,0.24273341412914104,1.4720913509224363,7.917253521126761,1415.0272887323943,2176.7667253521126,1338.1000757246854,0.3296096469691162,6.694184909073404,143.38732394366198,0.06311061793294981,0.060422317961810544,1141.1189612366097,0.13768506632933256,1.5091763823018083,0.03163544503105366,551.4903169014085,0.24273341412914104,1.4720913509224363,7.917253521126761,1415.0272887323943,2176.7667253521126,1338.1000757246854,0.3296096469691162,143.38732394366198,0.06311061793294981,0.13768506632933256,1.5091763823018083,0.03163544503105366,6.694184909073404,0.060422317961810544,1141.1189612366097,2.0434370303796063,29862.905270996223,0.7941839601881874,0.11645343264621737,17413.83234934312,1.1845229763229042,3.946013509919685,8.405989043136003,30.8569756927823,6.159763687818266,0.7062842988462161,0.13101548971981394,0.6100251759658174,0.08473015674178196,45.28775799212058,0.0020342681290040424,1.4236519191929782,0.0031876614018582746,0.07017674278902561,52_Malignant_center1.png,/mnt/wangbd8/workspace/DataSets/ThyroidAgent/Classifaction_Data/Lymph_Node_Metastasis_fake/images/52_Malignant_center1.png,/mnt/wangbd8/workspace/DataSets/ThyroidAgent/Classifaction_Data/Lymph_Node_Metastasis_fake/masks/52_Malignant_center1.png
0.2414647756209436,164.51127561115632,159.9656213065795,4987.5,39.72367825256307,367.7228714274753,0.0737288965268121,4988.0,0.6808097137973146,50.0,88.0,24406520.0,1.493097795323325,21.0,3.599498506455821,131.0,12.575688790225652,68.0926222935044,67.0,20.0,111.0,8.610865848752704,69.95032032487433,0.5840114484301516,24406520.0,0.43314693033930995,256.44210274667216,10.984004859283255,3.250050617533914,11.088583409983686,1.0867481533485832,1.7839137374736724,0.09921036647094554,0.8946321527475242,0.09921036647094554,0.4664875052795704,0.08936766965564623,0.36841964372717056,2.005295065211587,-0.647339956705944,0.9237403979273818,0.9503948167645273,0.9973186387440286,0.9503948167645273,0.9858270905041506,0.09921036647094554,0.5507187689815752,1.906084698740643,0.4707810259861544,173.2300556586271,0.3213915689399389,0.7539558241917108,11.745825602968461,178.3413729128015,1873.0667903525045,18.982021232735516,0.11592815914244488,6.043670306469649,33.170686456400745,0.061541162256773176,0.10805934242181235,92.70162914212742,0.15532089625723083,1.9199482321946406,0.02112810515579567,173.2300556586271,0.3213915689399389,0.7539558241917108,11.745825602968461,178.3413729128015,1873.0667903525045,18.982021232735516,0.11592815914244488,33.170686456400745,0.061541162256773176,0.15532089625723083,1.9199482321946406,0.02112810515579567,6.043670306469649,0.10805934242181235,92.70162914212742,2.262223611111193,3342.7890938251803,0.6701662176874861,0.1926672128585751,2160.536888532478,0.47893529072822083,11.093624699278267,7.942662389735365,87.43524458700882,0.8594154860554218,0.1090367994297425,0.14823353826962488,1.672302414684131,0.016620246616571126,7.513151130201164,0.0055050873496668585,1.5659334928991941,0.00318458042150882,0.08331634112825555,53_Benign_center1.png,/mnt/wangbd8/workspace/DataSets/ThyroidAgent/Classifaction_Data/Lymph_Node_Metastasis_fake/images/53_Benign_center1.png,/mnt/wangbd8/workspace/DataSets/ThyroidAgent/Classifaction_Data/Lymph_Node_Metastasis_fake/masks/53_Benign_center1.png
0.4812452836227658,231.7963539348228,244.49539872971025,20065.5,111.55090209208682,612.4579361637708,0.03052293419868784,20066.0,0.8198863546465002,51.0,105.0,126875055.0,1.9082574993715737,28.0,4.755128506468387,205.0,17.69793406467121,76.13669889365096,74.0,21.0,184.0,12.22917729651601,79.51658457307413,0.9933354721295385,126875055.0,0.3230893816378243,526.0903037443794,13.671144976940043,3.5819881692400237,56.3536039650982,5.868382597535649,3.507852085263273,0.14582915580509326,0.9201741223804999,0.14572889512733103,0.5995689694852121,0.12459224493006059,0.25009645089263366,2.611049632206878,-0.6302899160974847,0.9537060989067979,0.9271455785041107,0.9982216819685272,0.9271522625492948,0.9854280219479739,0.14564116703428914,0.38971325446160016,2.46487416293855,0.9134203102670914,775.6097883597884,0.2564847183729459,1.334655647238319,15.671296296296296,81.7063492063492,1002.9963624338625,8.0553485333299,0.09348187722999743,6.088269066553859,252.83068783068782,0.08360803169004227,0.15070268115219776,37.675400587189614,0.1669514843166015,3.1244567083585153,0.015359524026352381,775.6097883597884,0.2564847183729459,1.334655647238319,15.671296296296296,81.7063492063492,1002.9963624338625,8.0553485333299,0.09348187722999743,252.83068783068782,0.08360803169004227,0.1669514843166015,3.1244567083585153,0.015359524026352381,6.088269066553859,0.15070268115219776,37.675400587189614,2.830760541525594,11702.41742250573,0.5831963232585334,0.24105952201649636,6483.111531944583,0.9150192310158696,13.76881291737267,7.523472540615967,100.91184092494767,0.7257234838185914,0.09597829030224446,0.16229221347331585,2.3721607583862148,0.015432696883761794,19.457082163088494,0.0012273235520551616,5.670195516492974,0.0036087713173807174,0.060547298163165786,53_Malignant_center1.png,/mnt/wangbd8/workspace/DataSets/ThyroidAgent/Classifaction_Data/Lymph_Node_Metastasis_fake/images/53_Malignant_center1.png,/mnt/wangbd8/workspace/DataSets/ThyroidAgent/Classifaction_Data/Lymph_Node_Metastasis_fake/masks/53_Malignant_center1.png
0.36553986379624004,151.77506298900647,146.5127980757995,6565.5,55.479835852667186,355.58073580374435,0.054158972782536646,6566.0,0.8077939767384558,63.0,96.0,42566158.0,1.3656381659005519,17.0,5.426193368495003,157.0,10.57680002456836,79.25860493451111,78.0,38.0,119.0,7.048942523604685,80.51592509767524,0.8917665236871584,42566158.0,0.4458428112812949,200.88773816954009,7.615998771687393,2.698295716259788,9.626271148712952,1.0785222132060923,1.483587337602017,0.14279134039613084,0.8244057889742037,0.14279134039613084,0.5915026561770531,0.12240197350400712,0.3438194416302685,2.01537675120452,-0.517537829979767,0.8690013507981704,0.9286043298019346,0.9961407745838885,0.9286043298019346,0.9796012370862671,0.14279134039613084,0.48564409642253953,1.8725854108083912,0.4065946694995369,371.61037639877924,0.37803700549214575,0.5985952442799204,8.13733468972533,78.93794506612412,596.7487283825026,12.574579235899176,0.1720246976376173,5.49571120916063,79.15462868769075,0.08052352867516861,0.14971063052086506,34.32152492680761,0.1638682842694545,1.545863760169239,0.030789466118302956,371.61037639877924,0.37803700549214575,0.5985952442799204,8.13733468972533,78.93794506612412,596.7487283825026,12.574579235899176,0.1720246976376173,79.15462868769075,0.08052352867516861,0.1638682842694545,1.545863760169239,0.030789466118302956,5.49571120916063,0.14971063052086506,34.32152492680761,2.2915502635510507,3841.5857447456597,0.5850724557943435,0.2408373135534509,2927.403898872982,0.41098111177222607,7.713981114833993,7.53396283886689,57.55223880597015,1.2209728991098927,0.16361386096727248,0.16219074694554436,1.289885605983687,0.027162672559349888,17.93931418204674,0.0026142203474014566,2.473404375473809,0.003928710698888728,0.050521127118264335,54_Benign_center1.png,/mnt/wangbd8/workspace/DataSets/ThyroidAgent/Classifaction_Data/Lymph_Node_Metastasis_fake/images/54_Benign_center1.png,/mnt/wangbd8/workspace/DataSets/ThyroidAgent/Classifaction_Data/Lymph_Node_Metastasis_fake/masks/54_Benign_center1.png
0.727755475660403,117.69359987653309,124.04031602668546,7819.5,85.6521617603315,346.6345596729071,0.04432950440218775,7820.0,0.9043208916588841,47.0,102.0,42590280.0,1.861358682927503,26.0,5.646569455787821,189.0,17.779284999444013,69.82122762148337,64.0,22.0,167.0,11.15387970358561,73.79923689123689,1.4424762105817104,42590280.0,0.36001681046042355,571.3235391579071,12.033492822966506,3.3309194361825942,81.86815705130677,10.166844763755618,3.8702584574207903,0.11638432691064271,0.9416128641532346,0.11638432691064271,0.5188776363750931,0.10283901536019936,0.29940747288818104,2.4498273455859074,-0.6793510010623717,0.9589441511435041,0.9418078365446787,0.9982094718936825,0.9418078365446787,0.9870684081210397,0.11638432691064271,0.4999353420406052,2.3334430186752666,0.9966606960828581,252.9209726443769,0.25625225191932816,1.4410990290185788,13.829787234042554,130.2451874366768,1394.8824721377912,14.840048260607858,0.11270732533134835,6.266997269020778,69.80040526849038,0.07071976217678863,0.1262148337595908,67.47127449138704,0.17215517897856897,2.6861475527819247,0.019287249068998674,252.9209726443769,0.25625225191932816,1.4410990290185788,13.829787234042554,130.2451874366768,1394.8824721377912,14.840048260607858,0.11270732533134835,69.80040526849038,0.07071976217678863,0.17215517897856897,2.6861475527819247,0.019287249068998674,6.266997269020778,0.1262148337595908,67.47127449138704,2.70630508768599,4935.22557544757,0.6311030147631164,0.2183764496569227,2815.3314578005115,1.0020930494960132,12.145907928388747,7.767519181585678,92.32135549872123,0.8795154318973967,0.11316335845932578,0.15523586246092638,1.9760159136118216,0.017533084912709045,8.229682103888543,0.003737576263045073,3.5455704593066635,0.004196745188106705,0.13263756216060935,54_Malignant_center1.png,/mnt/wangbd8/workspace/DataSets/ThyroidAgent/Classifaction_Data/Lymph_Node_Metastasis_fake/images/54_Malignant_center1.png,/mnt/wangbd8/workspace/DataSets/ThyroidAgent/Classifaction_Data/Lymph_Node_Metastasis_fake/masks/54_Malignant_center1.png
0.341612427803682,132.04844965397598,134.09325113517085,4614.5,45.10939147400701,315.1370849898484,0.06829279119944705,4615.0,0.7641308676383098,50.0,134.0,41514206.0,2.375213657084964,40.0,3.090075506183105,196.0,25.10112706575313,89.29534127843986,86.0,24.0,172.0,17.12370552690867,94.84457948588745,0.5388556020988808,41514206.0,0.2244373416094534,1021.8362838217739,18.44570928196147,4.0993870402802095,139.41472928469187,9.386895558529762,6.697791842130284,0.13485113835376533,0.9605273863309006,0.13485113835376536,0.5705939125321274,0.11666630883845899,0.17340466766449616,3.0571917227942995,-0.7122649956340984,0.9828626703697273,0.9325744308231173,0.9979253671022498,0.9325744308231173,0.985016540182915,0.13485113835376536,0.30122591943957966,2.922340584440536,1.7081607451210123,134.57164404223226,0.2029738220848149,1.9215322281598566,20.30920060331825,91.63046757164405,1518.4660633484164,7.910199126659211,0.07816430204560457,6.30965229477701,52.97285067873303,0.07989871897244802,0.14366197183098592,43.1779493094372,0.14234302686606842,3.026017303281311,0.011762890152586074,134.57164404223226,0.2029738220848149,1.9215322281598566,20.30920060331825,91.63046757164405,1518.4660633484164,7.910199126659211,0.07816430204560457,52.97285067873303,0.07989871897244802,0.14234302686606842,3.026017303281311,0.011762890152586074,6.30965229477701,0.14366197183098592,43.1779493094372,3.2834432043699127,2743.2660888407368,0.5944238545700404,0.22773747577556344,1035.7783315276274,1.7111484172976859,18.520260021668474,7.586348862405201,137.97724810400868,0.6366638543102325,0.08297564692182399,0.15803539183820872,3.0123389912122307,0.013003457524416612,4.262227708190145,0.007593782806293542,3.5136601096607825,0.008243227749325255,0.1830357616816127,55_Benign_center1.png,/mnt/wangbd8/workspace/DataSets/ThyroidAgent/Classifaction_Data/Lymph_Node_Metastasis_fake/images/55_Benign_center1.png,/mnt/wangbd8/workspace/DataSets/ThyroidAgent/Classifaction_Data/Lymph_Node_Metastasis_fake/masks/55_Benign_center1.png
0.8235734009567891,88.09407829535128,89.67719888578144,4980.5,72.55193966585611,269.66399692442974,0.05414396083213126,4981.0,0.9277232418807706,50.0,80.0,21284976.0,1.1373625442499768,15.0,4.646592883810917,136.0,9.60252646061861,64.16382252559727,62.0,30.0,106.0,6.6556649738355285,65.36997389667182,0.8325935544460129,21284976.0,0.5798821306953174,156.23736615521233,4.646890927624873,2.0986748216106013,5.454797236872714,0.6693421992029784,1.051369122397936,0.08154943934760449,0.8560365376625877,0.08154943934760449,0.4076153434272023,0.07489912828969586,0.5218438403052491,1.5544203512637516,-0.6134002461385946,0.8644254304169539,0.9592252803261976,0.9968634831020151,0.9592252803261976,0.9864084267753991,0.08154943934760449,0.7047910295616717,1.4728709119161483,0.2832296404363851,162.1596638655462,0.3406715627427442,0.6821375609067156,5.697478991596639,242.03991596638656,1030.0735294117646,63.45146591970122,0.33190767973856206,5.934220462383225,27.537815126050422,0.05785255278582021,0.09556313993174062,132.53864045618246,0.1394469495260921,1.060008933322239,0.05533652817330966,162.1596638655462,0.3406715627427442,0.6821375609067156,5.697478991596639,242.03991596638656,1030.0735294117646,63.45146591970122,0.33190767973856206,27.537815126050422,0.05785255278582021,0.1394469495260921,1.060008933322239,0.05533652817330966,5.934220462383225,0.09556313993174062,132.53864045618246,1.8115183540459021,3479.8211202569764,0.6986189761608064,0.171862634324426,2888.392892993375,0.29302080691208,4.73418992170247,8.061634209997992,37.30596265810078,2.2788698164134824,0.28765040487184634,0.1429320306051886,0.7209395703673961,0.04297100896988805,12.04589207439877,0.006123414901006226,0.967100820718197,0.002408994588044504,0.07545155105885884,55_Malignant_center1.png,/mnt/wangbd8/workspace/DataSets/ThyroidAgent/Classifaction_Data/Lymph_Node_Metastasis_fake/images/55_Malignant_center1.png,/mnt/wangbd8/workspace/DataSets/ThyroidAgent/Classifaction_Data/Lymph_Node_Metastasis_fake/masks/55_Malignant_center1.png
0.2615720954587666,202.2962260644253,204.29880077964236,7913.5,52.915047755072074,464.350288425445,0.0586782445726221,7914.0,0.6791153012283595,32.0,89.0,33393997.0,1.9260453216891351,30.0,2.877572868430121,146.0,17.83901744741567,61.10828910791003,60.0,9.0,137.0,13.004271042719528,64.95852859478806,0.2949908877824841,33393997.0,0.3043804739718719,485.387439503983,9.594501718213056,2.968563064782996,31.186675941493938,1.3912235528564476,3.2583607366686516,0.1298205421916762,0.9233685971871352,0.1298205421916762,0.5569458158273306,0.11296716901673542,0.23945275522764373,2.5748027583544415,-0.6582831280253059,0.9592000355924006,0.935089728904162,0.9964913366975223,0.935089728904162,0.981454208258332,0.1298205421916762,0.3757159221076747,2.4449822161627672,0.8470453197150821,277.246982358403,0.25742523895859143,1.1829482666611488,10.441039925719592,96.88207985143919,884.5970287836583,15.35607345507067,0.18795316207572477,6.174300291586835,78.5636025998143,0.07294670622081179,0.1360879454131918,42.886192172107094,0.15520613031241454,1.8160732355473999,0.03350025982228032,277.246982358403,0.25742523895859143,1.1829482666611488,10.441039925719592,96.88207985143919,884.5970287836583,15.35607345507067,0.18795316207572477,78.5636025998143,0.07294670622081179,0.15520613031241454,1.8160732355473999,0.03350025982228032,6.174300291586835,0.1360879454131918,42.886192172107094,2.809949036919879,4824.89613343442,0.6096659253771064,0.224378712554962,2408.867071013394,0.8562535154094283,9.71202931513773,7.665403083143795,73.52173363659338,1.2589735489849214,0.16769360907533765,0.15694409344902144,1.572340156684357,0.027422092665911637,15.823052423232932,0.0034857501134718688,1.9250468455209047,0.007400523180945779,0.04734078478142961,56_Benign_center1.png,/mnt/wangbd8/workspace/DataSets/ThyroidAgent/Classifaction_Data/Lymph_Node_Metastasis_fake/images/56_Benign_center1.png,/mnt/wangbd8/workspace/DataSets/ThyroidAgent/Classifaction_Data/Lymph_Node_Metastasis_fake/masks/56_Benign_center1.png
0.7282553946258957,141.75581974287266,146.71059948074645,11399.5,103.23444044736307,413.50461735799615,0.036273925817623245,11400.0,0.9153084464600204,47.0,89.0,55242538.0,1.6352152582033996,23.0,5.3783718324100995,171.0,14.078823822714682,67.13438596491228,64.0,9.0,162.0,9.626735342230397,69.61204397707819,0.9530981642613802,55242538.0,0.40197637734687597,338.81088778085564,10.90637732506643,3.218334809565988,27.354537199628865,2.8926038221905674,2.3209228323896687,0.12612931798051372,0.8969132570701989,0.12577502214348982,0.5471734515345358,0.11030996178531836,0.32735586725987953,2.2559681168881567,-0.6159540157381113,0.9304521629777581,0.9371479185119577,0.9974782158196435,0.9371715382344259,0.9842830430075781,0.12546501328609388,0.5162976085031001,2.128432390157842,0.6117630375925456,449.2447643979058,0.2940083536635509,0.9885950905951044,12.225130890052355,113.17931937172774,1153.3128272251308,12.798279333766667,0.12118242541344634,6.025728391539195,115.87434554973822,0.07583399577862449,0.13403508771929826,57.51678270880733,0.17772435513454662,2.440195740492046,0.023599456481675014,449.2447643979058,0.2940083536635509,0.9885950905951044,12.225130890052355,113.17931937172774,1153.3128272251308,12.798279333766667,0.12118242541344634,115.87434554973822,0.07583399577862449,0.17772435513454662,2.440195740492046,0.023599456481675014,6.025728391539195,0.13403508771929826,57.51678270880733,2.5032872272639963,7014.5633333333335,0.6153125730994152,0.22796294244382884,4582.5307017543855,0.6159302862419207,11.008070175438597,7.69140350877193,83.1282456140351,0.8895865571667264,0.11639821627481402,0.1580458089668616,1.8132115009746588,0.01879847847683583,16.042921759505294,0.0021456161955627526,2.7293526694487538,0.003559480162972836,0.052808349025799055,56_Malignant_center1.png,/mnt/wangbd8/workspace/DataSets/ThyroidAgent/Classifaction_Data/Lymph_Node_Metastasis_fake/images/56_Malignant_center1.png,/mnt/wangbd8/workspace/DataSets/ThyroidAgent/Classifaction_Data/Lymph_Node_Metastasis_fake/masks/56_Malignant_center1.png
0.4021176215388833,136.50676520537482,138.6001443000692,5706.5,54.89177574835211,338.45079348883337,0.05930969832451299,5707.0,0.7912146248535789,31.0,82.0,18450474.0,1.697396102051862,23.0,5.208847130447227,147.0,15.9760468032873,52.72262134221132,47.0,12.0,135.0,10.602696102436031,56.85907990447673,1.3789745701386957,18450474.0,0.3784411465954293,453.28016638947264,7.722782793414764,2.6428571428571423,45.02412305488164,6.770871492516292,3.037503477227322,0.08514781377234908,0.9454644109524696,0.08514781377234906,0.42006303434377573,0.07789766358213843,0.3273589890897557,2.159795497940393,-0.7229414181592658,0.9556679493343468,0.9574260931138254,0.9976987077358824,0.9574260931138254,0.9878360266039501,0.08514781377234906,0.4749513188174898,2.0746476841680455,0.7806628227499177,161.36363636363637,0.29937594872659806,1.1264452483641458,8.985157699443414,231.01855287569575,1595.8200371057515,44.482720573077714,0.20543186971758404,6.3539296517178006,30.2430426716141,0.05610954113472004,0.09444541790783248,118.91013730504852,0.1573731967849415,1.6385494436907517,0.03444239629426956,161.36363636363637,0.29937594872659806,1.1264452483641458,8.985157699443414,231.01855287569575,1595.8200371057515,44.482720573077714,0.20543186971758404,30.2430426716141,0.05610954113472004,0.1573731967849415,1.6385494436907517,0.03444239629426956,6.3539296517178006,0.09444541790783248,118.91013730504852,2.4106107714020744,4013.041002277904,0.7031787282771866,0.17388745032253605,2159.7636236201156,0.790414349173065,7.8049763448396705,8.076222183283686,61.97879796740845,1.533444940910772,0.1914417479508596,0.14366372680723477,1.1701906041313785,0.0280327819204053,10.087708804354982,0.006209122416106945,1.355013397015174,0.0045381537599271235,0.1082107051699462,57_Benign_center1.png,/mnt/wangbd8/workspace/DataSets/ThyroidAgent/Classifaction_Data/Lymph_Node_Metastasis_fake/images/57_Benign_center1.png,/mnt/wangbd8/workspace/DataSets/ThyroidAgent/Classifaction_Data/Lymph_Node_Metastasis_fake/masks/57_Benign_center1.png
0.490327218221187,174.00819764041483,176.0284067984483,11518.5,85.32095549670711,450.91883092036926,0.03914735694060592,11519.0,0.8437320042536891,52.0,100.0,70367347.0,1.7556303850130015,22.0,5.022709233854201,179.0,14.688481791419454,75.67245420609427,75.0,19.0,160.0,9.901187537430863,78.15885700088438,0.7844474586023816,70367347.0,0.354778636376678,382.4866021112591,13.24481581940677,3.5530230116370634,31.370898019206557,2.8646700853436027,2.6435796849935915,0.16020649225654038,0.8857213195810343,0.1600314988187943,0.6352498884574219,0.13459641164235062,0.26454316389069443,2.4943260390215,-0.5733258775857354,0.9302181907627864,0.9200017499343774,0.9975355222821679,0.9200134161635606,0.9822206667249979,0.1598783795607665,0.3704611077084609,2.333201647477911,0.7009465443125329,572.5380604796663,0.2985078521791795,0.9634093234501964,14.317518248175183,65.13190823774765,821.7361835245047,6.166906230862175,0.09560295603295195,5.744666646992941,178.20646506777894,0.09291265123450414,0.16650750933240732,29.063053656648332,0.1810987169732109,2.782295781976289,0.019138004318884978,572.5380604796663,0.2985078521791795,0.9634093234501964,14.317518248175183,65.13190823774765,821.7361835245047,6.166906230862175,0.09560295603295195,178.20646506777894,0.09291265123450414,0.1810987169732109,2.782295781976289,0.019138004318884978,5.744666646992941,0.16650750933240732,29.063053656648332,2.736171244426162,6426.15409323726,0.5578743027378471,0.2592720191337591,4086.6951124229536,0.7095890919105701,13.385884191336054,7.372080909801198,97.21382064415315,0.6933947331717941,0.09426351985942973,0.16871642021394603,2.3269429252153446,0.016181691375205764,15.75991415594387,0.0016902976708258642,4.796956670064694,0.003994205214873687,0.06030274983754523,57_Malignant_center1.png,/mnt/wangbd8/workspace/DataSets/ThyroidAgent/Classifaction_Data/Lymph_Node_Metastasis_fake/images/57_Malignant_center1.png,/mnt/wangbd8/workspace/DataSets/ThyroidAgent/Classifaction_Data/Lymph_Node_Metastasis_fake/masks/57_Malignant_center1.png
0.346151197212503,113.04994407612647,110.45361017187261,3447.5,39.132373486757686,265.19595949289385,0.07692413618358052,3448.0,0.7848563322594188,34.0,109.30000000000018,17486662.0,2.12592270318453,31.0,5.205264612714496,188.0,23.65517587114626,63.685614849187935,54.0,12.0,176.0,14.446341265671052,71.21472953691702,1.5268077396792268,17486662.0,0.2906195662706381,1015.6801642971344,11.065121736579641,3.0667351129363447,239.61275212815275,26.554681480210544,6.769220019720719,0.12819008506893517,0.9628295017633013,0.12819008506893517,0.5524535105487254,0.11175738715895435,0.23699697993706542,2.757529055717861,-0.69835174589689,0.9737166876587148,0.9359049574655325,0.9980278448450933,0.9359049574655325,0.9857566572145628,0.12819008506893517,0.35083602229392785,2.629338970648928,1.724352526197413,103.15966386554622,0.21672198291081138,2.065055433938281,14.373949579831933,106.82352941176471,921.5483193277311,18.48314471621982,0.14293038644029038,6.118993807503146,39.87394957983193,0.08376880163830237,0.13805104408352667,54.3523762446155,0.15718659248155492,2.491943034814476,0.022870390781653316,103.15966386554622,0.21672198291081138,2.065055433938281,14.373949579831933,106.82352941176471,921.5483193277311,18.48314471621982,0.14293038644029038,39.87394957983193,0.08376880163830237,0.15718659248155492,2.491943034814476,0.022870390781653316,6.118993807503146,0.13805104408352667,54.3523762446155,2.9778205642298445,2087.190255220418,0.6053336007019773,0.2242316740327625,1002.0562645011601,1.7201100304961754,11.183584686774942,7.643851508120649,81.17488399071925,1.2634700429379022,0.16187480352736605,0.15690255220417634,1.9056618973962363,0.024662967409400813,4.447936818905351,0.009491745649845978,3.6363167758164265,0.00787504799344661,0.32568686942919234,58_Benign_center1.png,/mnt/wangbd8/workspace/DataSets/ThyroidAgent/Classifaction_Data/Lymph_Node_Metastasis_fake/images/58_Benign_center1.png,/mnt/wangbd8/workspace/DataSets/ThyroidAgent/Classifaction_Data/Lymph_Node_Metastasis_fake/masks/58_Benign_center1.png
0.8224462193737294,167.02937540844516,169.77926846349644,17975.5,137.3726783290311,512.4163056034279,0.028506372874380567,17976.0,0.927518286543225,46.5,94.0,92362399.0,1.7276943221930845,24.0,4.061662139635985,168.0,14.967063536626693,69.04811971517579,68.0,23.0,145.0,10.245375330980956,71.6805076883912,0.7287818896889627,92362399.0,0.3640635097897429,370.45234626426196,11.430519699180602,3.2879111011336857,26.119238700007294,2.6831948551334905,2.6007444272497913,0.1201032663598608,0.9117162885361478,0.12010326635986082,0.5296576284229738,0.10567847176955315,0.2936965443022685,2.3370649268226464,-0.6459434667207428,0.9446935810988184,0.9399483668200698,0.9975979346728029,0.9399483668200698,0.9849870917050175,0.12010326635986082,0.46857110786844763,2.216961660462788,0.680211923402413,692.6422976501306,0.30141092151876875,0.8986163849292644,12.618363794604004,123.79199303742385,1287.4865100087031,14.257132222340633,0.1102463272805496,6.110712443570816,164.07049608355092,0.07139708271694992,0.12783711615487317,62.60120163520555,0.1486871118803102,2.022154841241804,0.01706347722395436,692.6422976501306,0.30141092151876875,0.8986163849292644,12.618363794604004,123.79199303742385,1287.4865100087031,14.257132222340633,0.1102463272805496,164.07049608355092,0.07139708271694992,0.1486871118803102,2.022154841241804,0.01706347722395436,6.110712443570816,0.12783711615487317,62.60120163520555,2.5825631819911345,11248.54906542056,0.6257537308311394,0.21400318359503817,6544.405651980418,0.682119055442365,11.5014463729417,7.7453271028037385,87.7070538495772,0.872487570666154,0.11229255251648203,0.15386255748405278,1.8253226524254562,0.017244430383536492,24.568164247396652,0.0014430392062577937,2.6512659442933497,0.0038695985049638265,0.03391150844132748,58_Malignant_center1.png,/mnt/wangbd8/workspace/DataSets/ThyroidAgent/Classifaction_Data/Lymph_Node_Metastasis_fake/images/58_Malignant_center1.png,/mnt/wangbd8/workspace/DataSets/ThyroidAgent/Classifaction_Data/Lymph_Node_Metastasis_fake/masks/58_Malignant_center1.png
0.5020733003030586,125.42289590386652,128.16005617976296,6176.5,62.971487280021236,326.30865786510225,0.05283067398447377,6177.0,0.8537831076768699,49.0,93.0,31524171.0,1.6277910412653833,21.0,5.167334165308557,157.0,14.378829599398813,68.76752468836004,65.0,19.0,138.0,9.179767860432593,71.43861672235471,1.158123117336028,31524171.0,0.4204700999957306,374.50350743928846,11.341838403663724,3.2800948642459926,31.974018214535672,4.290532394256772,2.4622751357400965,0.13101079489695777,0.8989615504027548,0.13101079489695783,0.5602037917555006,0.11384696651742507,0.34188442972466543,2.2574359965823514,-0.6062176345881363,0.9271808173615372,0.9344946025515212,0.9973797841020609,0.9344946025515212,0.9836236506378804,0.13101079489695783,0.543997383055283,2.1264252016853957,0.6483214826592635,260.59027777777777,0.3016091177983539,0.9106170696159123,12.19212962962963,107.86226851851852,1137.1967592592594,11.758169301671286,0.11642086850172166,5.843228170829959,69.70138888888889,0.08067290380658436,0.13987372510927634,56.74969859182098,0.1780297825354454,2.1746837677467457,0.024773562207194535,260.59027777777777,0.3016091177983539,0.9106170696159123,12.19212962962963,107.86226851851852,1137.1967592592594,11.758169301671286,0.11642086850172166,69.70138888888889,0.08067290380658436,0.1780297825354454,2.1746837677467457,0.024773562207194535,5.843228170829959,0.13987372510927634,56.74969859182098,2.511198200195001,3729.672170956775,0.6037999305418124,0.23386699142339987,2597.243807673628,0.6547905274254089,11.465760077707625,7.6336409260158655,86.5242026873887,0.8352219153270288,0.11034960171538259,0.1598582555357689,1.865612577123019,0.018287093682531442,9.464905432640132,0.003613389019029522,2.927638223441154,0.004086225644679329,0.08927017408919877,59_Benign_center1.png,/mnt/wangbd8/workspace/DataSets/ThyroidAgent/Classifaction_Data/Lymph_Node_Metastasis_fake/images/59_Benign_center1.png,/mnt/wangbd8/workspace/DataSets/ThyroidAgent/Classifaction_Data/Lymph_Node_Metastasis_fake/masks/59_Benign_center1.png
0.8448596927861765,172.12853021659163,175.85505395068975,19508.5,145.42445715852568,533.68838354207,0.027356710333550506,19509.0,0.927746065256982,39.0,94.0,89500293.0,1.8563300252362378,28.0,12.135427263482239,255.0,17.371190214775034,63.613357937362245,60.0,13.0,242.0,11.837589692887196,67.73212858388152,1.826361234974018,89500293.0,0.3276263448132455,540.9819344364919,10.314745972738535,3.0717420487401905,142.01030582857578,11.101484909354456,3.650261136570736,0.1336741016109046,0.9293465172119902,0.11519000413052458,0.5126545198589064,0.1204053645593143,0.26691317642884843,2.437013335095847,-0.6839378146018943,0.9594666840205481,0.9436076031708002,0.9989481922789186,0.9436724297319092,0.9904897118216693,0.1116945746355819,0.4202292441140025,2.324766329726168,0.9459838095454102,639.5079913606911,0.2762453526396074,1.3369216631136032,11.961987041036718,145.10453563714904,1357.5079913606912,20.6222161084391,0.13408158529641798,6.356475727681316,154.72786177105831,0.06683708931795175,0.11866318109590446,74.08660282037049,0.14512811040238371,1.9681903099083693,0.01971878116415866,639.5079913606911,0.2762453526396074,1.3369216631136032,11.961987041036718,145.10453563714904,1357.5079913606912,20.6222161084391,0.13408158529641798,154.72786177105831,0.06683708931795175,0.14512811040238371,1.9681903099083693,0.01971878116415866,6.356475727681316,0.11866318109590446,74.08660282037049,2.678281886364586,12579.06099748834,0.6447824592489794,0.2022235349352568,6391.662360961607,0.9608373550573284,10.427443743913066,7.834589163975601,79.93792608539648,1.0902022641022924,0.13847906704793936,0.1505572926455596,1.640103428047454,0.0207216452247098,21.681958239564118,0.0015224967448232948,4.3006997959492335,0.003946234715975623,0.0930958896491665,59_Malignant_center1.png,/mnt/wangbd8/workspace/DataSets/ThyroidAgent/Classifaction_Data/Lymph_Node_Metastasis_fake/images/59_Malignant_center1.png,/mnt/wangbd8/workspace/DataSets/ThyroidAgent/Classifaction_Data/Lymph_Node_Metastasis_fake/masks/59_Malignant_center1.png
0.43221454052163294,136.45619265610608,133.9328189802634,6241.5,58.97835061019031,341.6639969244298,0.05474068684201391,6242.0,0.8196910672525072,76.0,134.0,72204255.0,1.9778328473347673,29.0,12.170812611309916,255.0,18.974443776338745,104.04053188080744,100.5,52.0,203.0,12.12641588079503,107.55225327065445,2.1334604892875846,72204255.0,0.30523566159557675,743.0549095536936,8.29574951330305,2.671317326411421,271.8409726166711,20.787307060655788,4.864755939850448,0.22550292018170018,0.911398250508511,0.14373783257624917,0.5784161607765698,0.2048423556679823,0.2400116057693644,2.631392915904924,-0.6628119536653323,0.9624786300228962,0.9335526246558044,0.9976198418950195,0.9338497728747567,0.9861656391953277,0.12790877761444183,0.3530175210902012,2.496849428478724,1.2725647150080368,233.78684807256235,0.2650644535970095,1.7078596366740193,10.060090702947846,103.3015873015873,708.1360544217687,25.278669270177208,0.22331352705691326,6.034834894991709,71.55102040816327,0.08112360590494701,0.1413008651073374,53.216278196841856,0.15876915995836674,1.6666981228222382,0.033859713902097105,233.78684807256235,0.2650644535970095,1.7078596366740193,10.060090702947846,103.3015873015873,708.1360544217687,25.278669270177208,0.22331352705691326,71.55102040816327,0.08112360590494701,0.15876915995836674,1.6666981228222382,0.033859713902097105,6.034834894991709,0.1413008651073374,53.216278196841856,2.881194657304345,3744.305671259212,0.5998567240082043,0.23029326304090253,1905.28099967959,1.3222636990727819,8.543735982057033,7.614546619673182,62.95770586350529,1.7996813600420885,0.23436621097226673,0.15878101748015236,1.4294385702588202,0.036617562935976435,12.286735716132368,0.004104410630436684,3.791112610067706,0.008982742283641631,0.15849380975194574,5_Benign_center1.png,/mnt/wangbd8/workspace/DataSets/ThyroidAgent/Classifaction_Data/Lymph_Node_Metastasis_fake/images/5_Benign_center1.png,/mnt/wangbd8/workspace/DataSets/ThyroidAgent/Classifaction_Data/Lymph_Node_Metastasis_fake/masks/5_Benign_center1.png
0.5621794509346649,249.31018227211248,247.95160818191923,27251.5,140.15706138215742,669.9310242291893,0.024583271534748156,27252.0,0.8735143577876313,43.0,108.0,181413567.0,2.1721022428798684,30.0,7.399067460268869,241.0,21.89350892612139,75.41167620725085,71.0,12.0,229.0,13.34134270203086,81.58976667707832,1.6298780435482876,181413567.0,0.2820509752586387,969.9691180328363,14.109102980230153,3.543799793449395,288.7396738305262,25.34387447116152,6.321073730492602,0.11872971377987605,0.9631262926555705,0.11865594570669812,0.5258612727099867,0.10465048032832515,0.22770909058614902,2.7886550644841286,-0.7159983529902126,0.9774469342280998,0.9406794039539687,0.9988245004165395,0.9406843218255139,0.9892136546938848,0.11859139864266743,0.37105340808498083,2.6696536620692872,1.609950861068119,784.5983313468415,0.23378972924518518,2.064473854310356,16.702622169249107,137.40345649582838,1609.0521454112038,16.91225713996862,0.10760062804036105,6.6200739763314,233.24135876042908,0.06949980892742226,0.12314692499633055,71.46286230983307,0.14858228192163753,2.9084171599951976,0.017190779868059558,784.5983313468415,0.23378972924518518,2.064473854310356,16.702622169249107,137.40345649582838,1609.0521454112038,16.91225713996862,0.10760062804036105,233.24135876042908,0.06949980892742226,0.14858228192163753,2.9084171599951976,0.017190779868059558,6.6200739763314,0.12314692499633055,71.46286230983307,3.006309328097122,17320.599368853662,0.6355716779999142,0.2087507588011617,7686.453177748422,1.6068724282169307,14.177711727579627,7.791648319389402,107.50187142228093,0.8830812199999599,0.11253321329272395,0.1523822920234193,2.2906432963126053,0.017036681491447495,18.965094242675956,0.0012305547391969682,5.852541625840773,0.0041778892781526205,0.08578826635544251,5_Malignant_center1.png,/mnt/wangbd8/workspace/DataSets/ThyroidAgent/Classifaction_Data/Lymph_Node_Metastasis_fake/images/5_Malignant_center1.png,/mnt/wangbd8/workspace/DataSets/ThyroidAgent/Classifaction_Data/Lymph_Node_Metastasis_fake/masks/5_Malignant_center1.png
0.341353647457739,164.8392927727186,158.14550262337528,7222.5,56.26849383232162,383.13708498984846,0.05304770993282776,7223.0,0.786311299403249,68.0,107.0,53913331.0,1.468285585491986,18.0,11.200294074391596,255.0,11.809146444044435,84.91250173058286,82.0,51.0,204.0,7.909373082436154,86.39513253450197,1.693625792291772,53913331.0,0.4356707633745472,253.98597550792306,4.1297976273552,1.9202372644801113,21.776322672376402,2.4187120791155223,1.8915090560504588,0.12156315422191208,0.8792262357986006,0.10062805303558968,0.4658322955117439,0.11143714916417863,0.36822475309095887,1.9645394979444544,-0.6553810657630609,0.9234007714551123,0.9511005073461458,0.9986091708573964,0.9511813378526567,0.9900767620376831,0.0964604171512755,0.5521284019539427,1.8674006284399203,0.5032680525680927,266.40318302387266,0.35331987138444654,0.8406043101689311,4.584880636604774,186.90053050397879,745.1114058355438,72.11981199037234,0.4680785195009333,6.043902235695867,44.37135278514589,0.058847947990909664,0.10438875813373945,95.13226188884745,0.13067024967791444,0.7950979276694399,0.0712474060615063,266.40318302387266,0.35331987138444654,0.8406043101689311,4.584880636604774,186.90053050397879,745.1114058355438,72.11981199037234,0.4680785195009333,44.37135278514589,0.058847947990909664,0.13067024967791444,0.7950979276694399,0.0712474060615063,6.043902235695867,0.10438875813373945,95.13226188884745,2.226235413708936,4886.200886058425,0.6764780404345043,0.18235684694291043,3146.849923854354,0.5113704780610204,4.217914993769901,7.973279800636854,33.2939221929946,3.295353632856633,0.41939871005344725,0.14535357730705925,0.637900533788669,0.06304079859775784,18.995992071166114,0.0036766399491388805,2.6911468250601636,0.003450199081292223,0.18849802074350958,60_Benign_center1.png,/mnt/wangbd8/workspace/DataSets/ThyroidAgent/Classifaction_Data/Lymph_Node_Metastasis_fake/images/60_Benign_center1.png,/mnt/wangbd8/workspace/DataSets/ThyroidAgent/Classifaction_Data/Lymph_Node_Metastasis_fake/masks/60_Benign_center1.png
0.5186482581182634,277.427175548552,270.83020511013905,30402.5,143.88712135292616,729.5117600329337,0.02399512408627362,30403.0,0.8472806404171079,35.0,87.0,134419814.0,1.8570813434136313,26.0,3.425883231238223,159.0,16.251234468676206,63.115810939709895,64.0,5.0,154.0,10.977929733807297,66.49261687242357,-0.07201376430119052,134419814.0,0.3355793480638623,437.66250796570347,10.089035203811541,3.0603990206458445,31.901019446272443,-0.6112046390488884,3.020247695581129,0.12827554261514026,0.9185170107312739,0.12820937003705668,0.5528574414739832,0.1118379000498414,0.26515631844080173,2.4942717779605514,-0.652380721296579,0.9542682842047386,0.9359019322392802,0.9974346389724025,0.9359063437444858,0.9839747478089526,0.1281514690312335,0.43822789835892006,2.3657327588495813,0.7871308095490673,1166.2484579323957,0.28774943447628815,0.9858761978665486,10.973846533432026,102.5252899087096,969.4586725882062,16.834065758797966,0.160202585022824,6.135661651829228,294.9935849987663,0.07278400814181257,0.13330921290662107,46.25493277483167,0.13921458168578094,1.6583312053182149,0.02454333769339241,1166.2484579323957,0.28774943447628815,0.9858761978665486,10.973846533432026,102.5252899087096,969.4586725882062,16.834065758797966,0.160202585022824,294.9935849987663,0.07278400814181257,0.13921458168578094,1.6583312053182149,0.02454333769339241,6.135661651829228,0.13330921290662107,46.25493277483167,2.729841684816509,18671.261684702167,0.6141256351248945,0.2177676887267,10202.618919185607,0.7948046317541619,10.13965727066408,7.689142518830379,76.8922145840871,1.274360837220459,0.16484184879863645,0.15493536822024143,1.613797249540433,0.02557697875984527,45.226805093007265,0.0008316393999744843,2.850615980678964,0.004811429795821896,0.02058951168220233,60_Malignant_center1.png,/mnt/wangbd8/workspace/DataSets/ThyroidAgent/Classifaction_Data/Lymph_Node_Metastasis_fake/images/60_Malignant_center1.png,/mnt/wangbd8/workspace/DataSets/ThyroidAgent/Classifaction_Data/Lymph_Node_Metastasis_fake/masks/60_Malignant_center1.png
0.23729355254728626,179.84872734266426,177.40631330367023,5882.5,42.67694343224907,399.48023074035603,0.0679099414773236,5883.0,0.6805979049287126,49.0,92.0,30080776.0,1.5859032514033806,23.0,4.015707452281355,148.0,13.637366056655408,69.37140914499405,68.0,26.0,122.0,9.65233853722674,71.50642958054996,0.7163535157759406,30080776.0,0.4006763250603032,300.7770645959865,5.786399451867077,2.303699897225077,16.14834156190802,1.696822866111308,2.0603220844261316,0.14285714285714285,0.8703172750649981,0.14285714285714285,0.5916727785823268,0.12244897959183675,0.31016505251238746,2.264674026518878,-0.5719235319171097,0.9148709755524821,0.9285714285714285,0.9945054945054944,0.9285714285714285,0.9761904761904762,0.14285714285714285,0.4852689277149709,2.1218168836617366,0.5507948068208185,290.87030716723547,0.3309104745929869,0.7116370992479043,6.097838452787259,74.80432309442548,417.4209328782708,18.845142523069146,0.310764441916319,5.627247265155388,70.18088737201366,0.0798417376245889,0.14941356450790413,30.010312680792246,0.15026685636372916,0.9648711421722769,0.05648543890131507,290.87030716723547,0.3309104745929869,0.7116370992479043,6.097838452787259,74.80432309442548,417.4209328782708,18.845142523069146,0.310764441916319,70.18088737201366,0.0798417376245889,0.15026685636372916,0.9648711421722769,0.05648543890131507,5.627247265155388,0.14941356450790413,30.010312680792246,2.511443069910861,3442.2636409994902,0.5851204557197841,0.23808633472551577,2357.1788203297638,0.5506796666101219,5.8689444161142275,7.534421213666497,43.898181200067995,2.0302662568228604,0.2759421213666497,0.16134058586888778,0.9628401986892553,0.04695327927508221,25.620783889635824,0.003355618564904097,1.5628691599833118,0.007839439415025958,0.03620449511747738,61_Benign_center1.png,/mnt/wangbd8/workspace/DataSets/ThyroidAgent/Classifaction_Data/Lymph_Node_Metastasis_fake/images/61_Benign_center1.png,/mnt/wangbd8/workspace/DataSets/ThyroidAgent/Classifaction_Data/Lymph_Node_Metastasis_fake/masks/61_Benign_center1.png
0.7035687609278771,239.60848599233043,249.83394485137524,31645.5,168.5810455974285,690.4995667241136,0.021819834312117477,31646.0,0.9132664478793405,74.0,127.0,340011347.0,1.8899275241642541,25.0,4.859087902567901,230.0,16.414035888444534,101.36336345825697,100.0,34.0,196.0,11.132984086243743,103.65429293526999,0.6353109452118333,340011347.0,0.32220257060776486,469.6809923400588,13.651253021244115,3.5876319806640375,45.8390053841042,2.733581330689334,3.234802197847634,0.11420302760463044,0.9317988358234298,0.11420302760463046,0.5124648206099058,0.10116069609056648,0.26006107373809095,2.4784159895584703,-0.6837337102203463,0.9611621715925965,0.9428984861976848,0.9986072801511631,0.9428984861976848,0.988579697239537,0.11420302760463046,0.3775283042869864,2.3642129619538426,0.8372513063630659,1074.3324545214869,0.28324082639638465,1.0980510047752639,15.20854205114685,135.84339572897443,1700.4091747956763,14.229225049407427,0.09293825966492095,6.342280837897944,255.5779066701819,0.06738146761671024,0.11985716994248878,66.23334310383045,0.13047929112310186,2.185001871601047,0.012995061340951445,1074.3324545214869,0.28324082639638465,1.0980510047752639,15.20854205114685,135.84339572897443,1700.4091747956763,14.229225049407427,0.09293825966492095,255.5779066701819,0.06738146761671024,0.13047929112310186,2.185001871601047,0.012995061340951445,6.342280837897944,0.11985716994248878,66.23334310383045,2.710342019613344,20283.7583896859,0.6409580480846205,0.20001033361665171,10196.422549453328,0.8464806843867396,13.748846615686027,7.819187259053277,105.80970738797953,0.7656556266384663,0.09723904520664456,0.14983111785235276,2.1252413856060453,0.014478350342500204,24.852919466066403,0.0009116530132132793,4.585056834121727,0.002688216797726959,0.04724203876863759,61_Malignant_center1.png,/mnt/wangbd8/workspace/DataSets/ThyroidAgent/Classifaction_Data/Lymph_Node_Metastasis_fake/images/61_Malignant_center1.png,/mnt/wangbd8/workspace/DataSets/ThyroidAgent/Classifaction_Data/Lymph_Node_Metastasis_fake/masks/61_Malignant_center1.png
0.4399648847396375,128.1477658708411,131.10682667199293,5479.5,56.38051704100667,328.45079348883326,0.059941745321440504,5480.0,0.798923290859832,58.0,110.0,39109553.0,1.7604098124263536,25.0,5.121913710632346,195.0,15.921963144014066,81.78047445255474,79.0,36.0,159.0,10.723998609256855,84.4794634483763,1.1391112188995032,39109553.0,0.351338243912835,448.7337428405882,8.496125461254612,2.7916974169741695,40.918227675983324,5.09679129492756,2.9212740839585507,0.111070110701107,0.9267430716495074,0.111070110701107,0.5031353212666407,0.09873354120995084,0.29024614997072484,2.3222549170044338,-0.671309753916803,0.9509500758622539,0.9444649446494464,0.9977785977859778,0.9444649446494464,0.9861162361623615,0.111070110701107,0.3872693726937269,2.211184806303329,0.7580860486649147,182.81873111782477,0.2761612252535117,1.1712584770128056,10.620845921450151,147.98791540785498,1080.1359516616315,27.035089375629408,0.16344850175719836,6.1401318317320275,46.83987915407855,0.0707551044623543,0.1208029197080292,79.4635317311817,0.1774200423691785,2.5463765199993964,0.02675918317944493,182.81873111782477,0.2761612252535117,1.1712584770128056,10.620845921450151,147.98791540785498,1080.1359516616315,27.035089375629408,0.16344850175719836,46.83987915407855,0.0707551044623543,0.1774200423691785,2.5463765199993964,0.02675918317944493,6.1401318317320275,0.1208029197080292,79.4635317311817,2.5800682786480578,3524.2642335766423,0.6431139112366135,0.21315946507539024,1925.3335766423359,0.7764200277052586,8.626642335766423,7.821897810218978,65.28138686131386,1.3410668530794312,0.17049864586954,0.1538118410381184,1.4591038118410382,0.02566029928800393,8.175575074838507,0.005280362687685337,2.5910036772924014,0.004179633360822103,0.1403851705224958,62_Benign_center1.png,/mnt/wangbd8/workspace/DataSets/ThyroidAgent/Classifaction_Data/Lymph_Node_Metastasis_fake/images/62_Benign_center1.png,/mnt/wangbd8/workspace/DataSets/ThyroidAgent/Classifaction_Data/Lymph_Node_Metastasis_fake/masks/62_Benign_center1.png
0.5941407005401627,189.17659702289905,209.0956718825141,15646.5,112.39751588098927,542.8427124746211,0.03469419438689937,15647.0,0.8168447504193146,50.0,96.0,85748079.0,1.7050726338724587,24.0,3.853759940787716,169.0,14.776786074049049,71.62158880296542,71.0,23.0,146.0,10.365422819192746,74.02810945395693,0.6117717648111642,85748079.0,0.3649897916954632,350.5090066659652,12.113810659276918,3.3958883804859186,22.464176376534077,2.1374539808793678,2.459897577798544,0.1328865115679577,0.8974951195412293,0.13288651156795772,0.5653016438314121,0.11522768661125676,0.2867777035233585,2.357901570150487,-0.6152979507969953,0.9364772160544861,0.9335567442160211,0.9973422697686407,0.9335567442160211,0.9833891860540052,0.13288651156795772,0.4442224656827995,2.2250150585825303,0.6481960223416254,671.9434306569343,0.3065435358836379,0.857394506899675,12.992700729927007,92.97855839416059,1060.1131386861314,9.669422125602065,0.10424318434794844,5.919854655111167,168.27098540145985,0.07676596049336672,0.140090752220873,42.02423190333794,0.136230968286965,1.8643476288320568,0.015508912932886837,671.9434306569343,0.3065435358836379,0.857394506899675,12.992700729927007,92.97855839416059,1060.1131386861314,9.669422125602065,0.10424318434794844,168.27098540145985,0.07676596049336672,0.136230968286965,1.8643476288320568,0.015508912932886837,5.919854655111167,0.140090752220873,42.02423190333794,2.5962834430114894,9401.377963826932,0.6008422038618861,0.22353705403766763,5710.995270658912,0.6503032494866644,12.201700006391002,7.620949702818431,91.90963123921519,0.7866682093471802,0.10333833382099138,0.1567038054863197,1.9517585905711428,0.016350814525810796,23.2571858594301,0.001464338007058152,2.9464570384834166,0.004099684958052586,0.03387184500993058,62_Malignant_center1.png,/mnt/wangbd8/workspace/DataSets/ThyroidAgent/Classifaction_Data/Lymph_Node_Metastasis_fake/images/62_Malignant_center1.png,/mnt/wangbd8/workspace/DataSets/ThyroidAgent/Classifaction_Data/Lymph_Node_Metastasis_fake/masks/62_Malignant_center1.png
0.31522450825167886,134.2643338652753,129.2594290564522,4406.5,42.32340861842063,308.2670273047594,0.06995734195047303,4407.0,0.7633518189845792,77.0,152.0,52537907.0,2.0433726785745616,30.0,5.371046034518132,241.0,22.869999349694766,104.65010211027911,95.0,55.0,186.0,13.456757107490104,109.18547265166073,1.6026803405287162,52537907.0,0.33255430576466505,969.8235664747108,8.842081136832455,2.700091680036672,215.06592382976885,25.02673712589363,6.330799874699048,0.1244556497822599,0.9614405194929102,0.12445564978225991,0.5420343022352999,0.1089664410195354,0.2759546777437781,2.6568596536823974,-0.6925843491166502,0.9695809435164762,0.93777217510887,0.9980852976956575,0.93777217510887,0.9861715944686378,0.12445564978225991,0.47261058904423564,2.5324040039001403,1.6138138811203266,132.8534923339012,0.22632622203390323,1.9955074310225238,10.681431005110733,118.13117546848382,809.0732538330494,27.416004862052713,0.24371421666338317,6.217662948657275,44.359454855195914,0.07556976977035079,0.13319718629453142,61.76612521730045,0.1612409114671204,1.9366836825645626,0.04506495223575573,132.8534923339012,0.22632622203390323,1.9955074310225238,10.681431005110733,118.13117546848382,809.0732538330494,27.416004862052713,0.24371421666338317,44.359454855195914,0.07556976977035079,0.1612409114671204,1.9366836825645626,0.04506495223575573,6.217662948657275,0.13319718629453142,61.76612521730045,2.8949234879447734,2713.4933061039255,0.6157234640580725,0.22265781860232361,1465.5668255048786,1.6277717715936482,8.982981620149761,7.695257544815067,66.9602904470161,1.7707330615666583,0.23192300070697666,0.15643042634193077,1.4974535461261125,0.037245121122640786,6.603609206455389,0.006975523935923947,3.9493652472059773,0.007235508579849556,0.29387903019125744,63_Benign_center1.png,/mnt/wangbd8/workspace/DataSets/ThyroidAgent/Classifaction_Data/Lymph_Node_Metastasis_fake/images/63_Benign_center1.png,/mnt/wangbd8/workspace/DataSets/ThyroidAgent/Classifaction_Data/Lymph_Node_Metastasis_fake/masks/63_Benign_center1.png
0.8158808212719162,188.10013808342822,202.25231766286387,21485.5,153.46729514086826,585.5878784786817,0.027255026807785795,21486.0,0.8873308603924142,46.0,87.0,96157176.0,1.5462444910336361,21.0,3.942657902921432,141.0,13.131786222771245,64.74485711626176,62.0,20.0,121.0,9.040223607273239,66.89798925386738,0.8212519374681401,96157176.0,0.4214638585959079,283.44444320540566,10.216993525382376,3.1226189359106686,15.181643894757011,1.7342524503050307,1.9805358751989235,0.11555784930092897,0.889739807003618,0.11555784930092897,0.5164557831077512,0.10220423276587276,0.3485279818821685,2.121995774861403,-0.6210027895236641,0.9230905974694017,0.9422210753495355,0.9968768148837586,0.9422210753495355,0.983491735814153,0.11555784930092897,0.5446654780895186,2.006437925560476,0.5240234311249634,820.4231499051233,0.3113560341195914,0.8269045004302755,11.198481973434536,145.94003795066413,1399.5085388994307,17.47162523719165,0.1230921357790428,6.052682319622883,188.08235294117648,0.0713785020649626,0.12263799683514846,79.45102225550806,0.160122822924917,1.9374012969497345,0.02134113603974545,820.4231499051233,0.3113560341195914,0.8269045004302755,11.198481973434536,145.94003795066413,1399.5085388994307,17.47162523719165,0.1230921357790428,188.08235294117648,0.0713785020649626,0.160122822924917,1.9374012969497345,0.02134113603974545,6.052682319622883,0.12263799683514846,79.45102225550806,2.37346558387404,13694.21930559434,0.6373554549750694,0.21024832511205133,9055.572465791678,0.5311745418366154,10.313459927394582,7.798752676161222,79.39062645443545,0.939123266312948,0.12072547240063296,0.15285664049975695,1.6200368198413437,0.018692466843181262,38.233032393166916,0.0011447706502671318,1.8262063666537478,0.004103833842729133,0.017284216452517688,63_Malignant_center1.png,/mnt/wangbd8/workspace/DataSets/ThyroidAgent/Classifaction_Data/Lymph_Node_Metastasis_fake/images/63_Malignant_center1.png,/mnt/wangbd8/workspace/DataSets/ThyroidAgent/Classifaction_Data/Lymph_Node_Metastasis_fake/masks/63_Malignant_center1.png
0.24096704486088572,159.3136088820266,150.7647173578752,4735.5,38.38932953842491,348.26702730475944,0.07354387652935475,4736.0,0.7004473451463865,55.0,96.0,27124455.0,1.5071096247784341,19.0,3.861376878145177,144.0,12.585858230089254,73.86380912162163,73.0,31.0,113.0,8.430372513574618,75.67887432157723,0.764217424654418,27124455.0,0.4166559368437272,271.42972062572755,6.515661623694864,2.46398891966759,12.476101102243737,1.7781230951645168,1.8865664840603642,0.10888557425953549,0.890866258795299,0.10888557425953549,0.49654533565328995,0.09702950597770668,0.34513796588478457,2.052417748418384,-0.6291391895689672,0.9208681191554225,0.9455572128702325,0.9958120932977104,0.9455572128702325,0.9818524042900776,0.10888557425953549,0.4988280417643299,1.9435321741588498,0.498863014579975,188.8592057761733,0.34090109345879654,0.7038016916680786,7.592057761732852,152.06137184115522,863.1805054151624,33.63481648616125,0.21701213397513036,5.879364250282056,36.57039711191336,0.06601154713341761,0.11697635135135136,78.98047674282213,0.14464750300500276,1.396377959437301,0.031245668591547343,188.8592057761733,0.34090109345879654,0.7038016916680786,7.592057761732852,152.06137184115522,863.1805054151624,33.63481648616125,0.21701213397513036,36.57039711191336,0.06601154713341761,0.14464750300500276,1.396377959437301,0.031245668591547343,5.879364250282056,0.11697635135135136,78.98047674282213,2.311971490825363,3072.144847972973,0.6486792331024014,0.20075599776296568,1973.2825168918919,0.5071990275748722,6.6144425675675675,7.851773648648648,50.88175675675676,1.685601421734234,0.21502967811561563,0.1501853415915916,1.0527285097597598,0.032223075940523864,15.495577185792346,0.0052191871248296,1.1474627173173966,0.00553677992517333,0.05390212504574207,64_Benign_center1.png,/mnt/wangbd8/workspace/DataSets/ThyroidAgent/Classifaction_Data/Lymph_Node_Metastasis_fake/images/64_Benign_center1.png,/mnt/wangbd8/workspace/DataSets/ThyroidAgent/Classifaction_Data/Lymph_Node_Metastasis_fake/masks/64_Benign_center1.png
0.8214972775740419,101.44212457529137,101.39033484509261,6509.5,83.33442916992867,309.1787155501912,0.0474965382210909,6510.0,0.92505841692561,51.0,85.0,30043595.0,1.2850767869883,17.0,4.231854666505561,145.0,10.981601176023652,66.47450076804915,64.0,29.0,116.0,7.740158915716355,67.93372911491973,0.8181946270762606,30043595.0,0.5147613620543603,196.13229909792568,5.136788048552755,2.1973233737939624,8.369721763485746,1.2025109268677314,1.3422309131834773,0.10799875505757858,0.8510597908418633,0.10799875505757858,0.4938499315778646,0.09633502396359173,0.4398949848639528,1.8173072358844102,-0.5774481733797011,0.8782412571966621,0.9460006224712106,0.9958462017285546,0.9460006224712106,0.9820002074904035,0.10799875505757858,0.6311858076563959,1.7093084808268328,0.36255741706026395,260.75835475578407,0.3351649804058921,0.6943847846630673,5.858611825192802,146.33676092544988,683.4074550128535,36.300813696086834,0.3238431876606684,5.817693206501756,54.63239074550128,0.07022158193509162,0.11950844854070661,76.31987628947734,0.1639083852339911,1.080700070756003,0.06670557272151069,260.75835475578407,0.3351649804058921,0.6943847846630673,5.858611825192802,146.33676092544988,683.4074550128535,36.300813696086834,0.3238431876606684,54.63239074550128,0.07022158193509162,0.1639083852339911,1.080700070756003,0.06670557272151069,5.817693206501756,0.11950844854070661,76.31987628947734,2.073662528057506,4195.139477726574,0.6444146663174461,0.20738705194183119,3351.0964669738864,0.3674625826744156,5.214900153609831,7.830414746543779,40.10583717357911,2.0511628690902883,0.2697211554872845,0.15209933435739886,0.8268646526711044,0.04398670611215414,20.649251637043964,0.003686455362744943,1.2398222037394153,0.003987900378793772,0.042530246351902404,64_Malignant_center1.png,/mnt/wangbd8/workspace/DataSets/ThyroidAgent/Classifaction_Data/Lymph_Node_Metastasis_fake/images/64_Malignant_center1.png,/mnt/wangbd8/workspace/DataSets/ThyroidAgent/Classifaction_Data/Lymph_Node_Metastasis_fake/masks/64_Malignant_center1.png
0.4750958472821893,119.25989293246609,122.97154142320898,5207.5,56.65987987953315,308.10764773832557,0.05916613494735008,5208.0,0.830265692888596,46.0,87.0,22916917.0,1.5595718407064598,23.0,4.748588140450482,155.0,13.551152619389761,64.02745775729646,60.0,26.0,129.0,9.333352231283014,66.33498085550222,1.0403137715624708,22916917.0,0.41468172857072083,300.81433823746295,4.907112320248737,2.101049358725223,19.75454097200713,2.2435949914871642,2.0769174764577407,0.10610182666148464,0.9027935057561052,0.10610182666148466,0.4880447448880487,0.09484422904058093,0.34642432422920366,2.105082034231919,-0.6473870196942221,0.9309610668225003,0.9469490866692577,0.9971323830632032,0.9469490866692577,0.9848425961912165,0.10610182666148466,0.5376991838321026,1.998980207570436,0.5457548257798065,196.05263157894737,0.3224549861495845,0.7765944208795015,5.511513157894737,144.3453947368421,662.71875,47.9478947368421,0.3714112755847953,5.947023191776256,41.07565789473684,0.06755864785318559,0.11674347158218126,70.97264542936287,0.13680448829631336,0.8812920971893788,0.04962676290201454,196.05263157894737,0.3224549861495845,0.7765944208795015,5.511513157894737,144.3453947368421,662.71875,47.9478947368421,0.3714112755847953,41.07565789473684,0.06755864785318559,0.13680448829631336,0.8812920971893788,0.04962676290201454,5.947023191776256,0.11674347158218126,70.97264542936287,2.365297890268697,3375.9612135176653,0.6482260394619173,0.19778799483719953,2159.6624423963135,0.5489875776012799,4.981758832565284,7.8513824884792625,38.53283410138249,2.6984603814644137,0.3473253754906981,0.14928955453149,0.7723907663423792,0.052509292446568434,12.731627906976744,0.005142175017599706,2.0394296345884433,0.003879174895492914,0.11762004942229347,65_Benign_center1.png,/mnt/wangbd8/workspace/DataSets/ThyroidAgent/Classifaction_Data/Lymph_Node_Metastasis_fake/images/65_Benign_center1.png,/mnt/wangbd8/workspace/DataSets/ThyroidAgent/Classifaction_Data/Lymph_Node_Metastasis_fake/masks/65_Benign_center1.png
0.576065226112828,389.77636630126955,398.1067695983076,66902.5,224.5366105867773,1088.6316010800763,0.0162719121270517,66904.0,0.8422580458948671,38.0,77.0,232641660.0,1.452467484636206,18.0,4.490550415087706,155.0,11.992020635105328,56.865150065765874,55.0,17.0,138.0,8.194005445301967,58.9681770498266,0.7627265772090842,232641660.0,0.42858229557492533,243.6006125776237,8.338976176885872,2.8162796286838705,11.642180003540219,1.246360857932238,1.7264947960724855,0.09631387628804039,0.8943236580465519,0.09631387628804038,0.45720074221681956,0.08703751352241243,0.3618864697099455,1.9547312460346693,-0.6481142255177578,0.9200710264976109,0.9518430618559797,0.998073722474239,0.9518430618559797,0.9879607654639948,0.09631387628804038,0.5229068405083065,1.8584173697466309,0.45570216809013153,2302.703648768911,0.3415460766492007,0.7216423195699336,9.234500148323939,210.8267576386829,1630.5864728567192,32.811263055701865,0.15500615830234002,6.280279324542508,395.91901512904184,0.05872426804049864,0.10077125433456893,112.35160306454598,0.12607732427771745,1.2313241282628584,0.02368293316126953,2302.703648768911,0.3415460766492007,0.7216423195699336,9.234500148323939,210.8267576386829,1630.5864728567192,32.811263055701865,0.15500615830234002,395.91901512904184,0.05872426804049864,0.12607732427771745,1.2313241282628584,0.02368293316126953,6.280279324542508,0.10077125433456893,112.35160306454598,2.1895893740147403,45803.10080114791,0.6846093028988987,0.17634821255986705,28673.869903144805,0.4617722286157394,8.413727131412173,8.00771254334569,66.56612459643668,1.203601270124615,0.1507416469816433,0.14381634713752375,1.238665351349197,0.022043814119994346,90.53404740594358,0.0004092981373233548,2.390164352157678,0.0021176030965272263,0.012720940365228547,65_Malignant_center1.png,/mnt/wangbd8/workspace/DataSets/ThyroidAgent/Classifaction_Data/Lymph_Node_Metastasis_fake/images/65_Malignant_center1.png,/mnt/wangbd8/workspace/DataSets/ThyroidAgent/Classifaction_Data/Lymph_Node_Metastasis_fake/masks/65_Malignant_center1.png
0.7829569667297512,77.39053642243553,77.6659513557904,3659.5,60.59345965089845,229.23759005323654,0.06264177894609552,3660.0,0.9354702351201836,39.0,107.0,20049029.0,2.0596002114971306,30.0,5.2865516872161615,255.0,21.30522246110663,68.17404371584699,61.0,20.0,235.0,13.348824651941724,74.01267983228472,1.4224123538824403,20049029.0,0.2986137239093434,830.176539386067,11.900555555555556,3.252777777777778,145.56874320701868,17.148389231824403,5.47996913580247,0.2,0.9295770821220337,0.1688888888888889,0.6515017328934443,0.17147654320987657,0.22037314814814818,2.8257637474062296,-0.6291222790104861,0.9618987403280291,0.9172307692307693,0.9984599025254765,0.917283950617284,0.9860623781676414,0.164453125,0.38222222222222224,2.6572229875430446,1.4199922839506174,166.96024464831805,0.25529089395767285,1.7019166923846663,13.527522935779816,54.342507645259936,569.6131498470947,7.555652023664243,0.12698614102678502,5.810002429273883,64.06422018348624,0.09795752321633981,0.17868852459016393,23.023595095811235,0.20246063968780068,3.0208687287993947,0.026982011975233255,166.96024464831805,0.25529089395767285,1.7019166923846663,13.527522935779816,54.342507645259936,569.6131498470947,7.555652023664243,0.12698614102678502,64.06422018348624,0.09795752321633981,0.20246063968780068,3.0208687287993947,0.026982011975233255,5.810002429273883,0.17868852459016393,23.023595095811235,3.0790361696259083,1978.4803278688526,0.5405683955925826,0.2761067813311834,1092.9262295081967,1.4090700677834513,11.996448087431695,7.259562841530054,84.50081967213114,0.9611872670489939,0.13129000331654286,0.17493928354584093,2.2197783849423196,0.02287293234678682,4.857412986347031,0.006037173151404384,7.432221483720472,0.006518125427398404,0.417090959623807,66_Benign_center1.png,/mnt/wangbd8/workspace/DataSets/ThyroidAgent/Classifaction_Data/Lymph_Node_Metastasis_fake/images/66_Benign_center1.png,/mnt/wangbd8/workspace/DataSets/ThyroidAgent/Classifaction_Data/Lymph_Node_Metastasis_fake/masks/66_Benign_center1.png
0.5865302307641626,175.99745679138712,167.5022387910084,13706.5,103.227828945758,482.3158005400396,0.03518883745230654,13707.0,0.8604719700054904,56.0,113.0,106729105.0,1.9212181971285622,32.0,2.688985168469071,159.0,17.868016606542977,85.44181804917196,85.0,24.0,135.0,13.026382969880377,88.24096063383139,0.18857997155197703,106729105.0,0.2991393117490557,486.16286203357527,16.487032124963157,3.9617595048629535,28.676619751240043,1.0081406877015717,3.2840121376433453,0.11803713527851459,0.9306082153377288,0.1180371352785146,0.5236922277721165,0.10410436997375626,0.23930040319831172,2.5330682876972346,-0.6808663412888619,0.9627162794759281,0.9409814323607427,0.9976392572944297,0.9409814323607427,0.9852453580901858,0.1180371352785146,0.35669024462127913,2.415031152418721,0.850512318230465,463.17386298215314,0.2666516194485625,1.0711875934029549,17.558434081750143,125.90040299366724,1892.2435233160622,10.10720414168354,0.07745254021777584,6.229007250859723,122.42544617156017,0.0704809707378009,0.12672357189757058,63.62949639214775,0.14245802126668464,2.433571861157504,0.013169840781211037,463.17386298215314,0.2666516194485625,1.0711875934029549,17.558434081750143,125.90040299366724,1892.2435233160622,10.10720414168354,0.07745254021777584,122.42544617156017,0.0704809707378009,0.14245802126668464,2.433571861157504,0.013169840781211037,6.229007250859723,0.12672357189757058,63.62949639214775,2.7705259503746342,8601.087108776537,0.6274959589097934,0.2109524055194922,4100.302546144306,0.8517006664119001,16.57335667906909,7.75450499744656,127.26920551543007,0.5925641292240735,0.07649790058772958,0.152955099989462,2.569457616951598,0.011908676986192124,14.229133914700006,0.00222706890387412,2.4667073104316892,0.004765253496671375,0.042186219252635215,66_Malignant_center1.png,/mnt/wangbd8/workspace/DataSets/ThyroidAgent/Classifaction_Data/Lymph_Node_Metastasis_fake/images/66_Malignant_center1.png,/mnt/wangbd8/workspace/DataSets/ThyroidAgent/Classifaction_Data/Lymph_Node_Metastasis_fake/masks/66_Malignant_center1.png
0.34949021918048573,120.75987982750664,118.69709347747316,3934.5,42.20439686912441,287.3797256769676,0.07304097742456922,3935.0,0.7737373842796231,49.0,87.0,18731378.0,1.4444791363347873,20.0,3.061059154110353,115.0,11.96394911595511,67.30622617534942,67.0,20.0,95.0,8.3889130859375,68.99418607994114,0.10446043289050835,18731378.0,0.4363460877118487,230.06963086625257,10.653192584963955,3.2070030895983526,8.095164183895218,0.42561959987506504,1.5989387394056904,0.12564366632337795,0.8542909101867331,0.12564366632337795,0.5453687146064194,0.1098573354361976,0.3524131454826423,2.050161148198005,-0.5719650790153626,0.8980327440524074,0.937178166838311,0.9951675512952547,0.937178166838311,0.9790593889461037,0.12564366632337795,0.5352729145211123,1.9245174818746287,0.43114560143226693,187.97588126159556,0.3487493158842218,0.6173460782525189,11.62152133580705,104.0278293135436,1046.7402597402597,11.912377860235,0.11153009688723974,5.574158381127507,42.07977736549165,0.0780700878766079,0.13697585768742057,50.72970284420059,0.1728740313684098,2.3129264822744777,0.018661343598487406,187.97588126159556,0.3487493158842218,0.6173460782525189,11.62152133580705,104.0278293135436,1046.7402597402597,11.912377860235,0.11153009688723974,42.07977736549165,0.0780700878766079,0.1728740313684098,2.3129264822744777,0.018661343598487406,5.574158381127507,0.13697585768742057,50.72970284420059,2.3271024800802347,2397.5911054637863,0.6092988832182431,0.23041424417431292,1717.0218551461246,0.4366941193375839,10.779415501905971,7.661753494282084,81.54536213468869,0.8533924890583087,0.11144275024707045,0.15878864887759422,1.7771848086968798,0.017596882990572108,10.454322875743632,0.005281166768778171,1.3442175792646298,0.005559942917106215,0.04956795430739538,67_Benign_center1.png,/mnt/wangbd8/workspace/DataSets/ThyroidAgent/Classifaction_Data/Lymph_Node_Metastasis_fake/images/67_Benign_center1.png,/mnt/wangbd8/workspace/DataSets/ThyroidAgent/Classifaction_Data/Lymph_Node_Metastasis_fake/masks/67_Benign_center1.png
0.491891430827232,222.27001773302064,229.5125268912353,18775.5,109.33271705268976,586.6589462905473,0.031245982599160997,18776.0,0.8279707408634074,56.0,108.0,128201028.0,1.8567961818870335,25.0,4.01515796860449,175.0,16.20082976772422,79.83468257349809,78.0,16.0,159.0,10.693827067694862,82.63122963371487,0.6173397436298687,128201028.0,0.33086173907021066,454.3435691685203,14.565869868153072,3.719771679708436,35.29158261695177,3.0286234927111564,3.0688340073653246,0.1521599313967199,0.9055198896430079,0.15215993139671996,0.6152192427813734,0.12900728667406544,0.24938103268035297,2.5774546159901996,-0.6091826232014262,0.946269905188341,0.92392003430164,0.997659077978512,0.92392003430164,0.98309334095592,0.15215993139671996,0.35416443348697607,2.425294684593482,0.8052484846905112,845.164355765979,0.28581817915657054,1.0408244698644726,16.178897531281706,74.06560703415624,988.7084883327697,6.801969681937706,0.08454827825054044,5.915304995930313,255.86100777815352,0.08652722616778949,0.15748828291435876,33.747187079740286,0.1779268451283168,3.1919091633726624,0.015086526823736728,845.164355765979,0.28581817915657054,1.0408244698644726,16.178897531281706,74.06560703415624,988.7084883327697,6.801969681937706,0.08454827825054044,255.86100777815352,0.08652722616778949,0.1779268451283168,3.1919091633726624,0.015086526823736728,5.915304995930313,0.15748828291435876,33.747187079740286,2.8141586749728456,10744.688964635705,0.572256549032579,0.2509175857311975,6212.260012782275,0.8102814459447365,14.67495739241585,7.460268427780145,107.23620579463145,0.6567887399465183,0.08743548152910503,0.16559851820290677,2.534325734980827,0.014337471498663535,22.64137026785739,0.0011604239799613023,4.394978971916413,0.004341718214031443,0.03784557783340813,67_Malignant_center1.png,/mnt/wangbd8/workspace/DataSets/ThyroidAgent/Classifaction_Data/Lymph_Node_Metastasis_fake/images/67_Malignant_center1.png,/mnt/wangbd8/workspace/DataSets/ThyroidAgent/Classifaction_Data/Lymph_Node_Metastasis_fake/masks/67_Malignant_center1.png
0.42265801154274746,98.00330753728807,97.32420048477151,3182.5,41.421883088322524,239.09545442950557,0.07512818678067731,3183.0,0.8364073076699847,55.0,104.0,21327714.0,1.7353440176734225,28.0,4.0813665411660605,170.0,15.809550007901112,79.3641218975809,78.0,30.0,140.0,11.345951711501664,81.85662507581787,0.6921297054844684,21327714.0,0.3538819417363035,401.8432242289362,7.777459407831899,2.68274434893346,23.641625286929727,2.450710690078997,2.477051567923838,0.15568290353390637,0.8817329242871156,0.15568290353390637,0.623880921160329,0.13144573708115878,0.2749382949176054,2.4287901382277814,-0.5757744854833415,0.9271858128477685,0.9221585482330469,0.9957923539585432,0.9221585482330469,0.977759585209442,0.15568290353390637,0.367398917542184,2.2731072346938768,0.658183617864436,138.59322033898306,0.2610041814293466,1.1525494660609092,9.894538606403014,76.81920903954803,512.5517890772128,14.82193084327265,0.19880048127223268,5.591993013921783,53.94915254237288,0.10159915733026909,0.16682375117813383,40.88697373040953,0.2092498976890944,2.626823454248936,0.048103410156049915,138.59322033898306,0.2610041814293466,1.1525494660609092,9.894538606403014,76.81920903954803,512.5517890772128,14.82193084327265,0.19880048127223268,53.94915254237288,0.10159915733026909,0.2092498976890944,2.626823454248936,0.048103410156049915,5.591993013921783,0.16682375117813383,40.88697373040953,2.6681434616753497,1777.0358152686144,0.5582896058022666,0.26693884778436816,1126.4062205466541,0.6921827581316033,8.004084197298146,7.376374489475338,56.1153000314169,1.3871371347785104,0.18975119558767062,0.17108248682235486,1.5265996439417742,0.03366394289881043,8.408945743586104,0.006715969152538796,2.395307916627544,0.007111019852624388,0.10378914742981876,68_Benign_center1.png,/mnt/wangbd8/workspace/DataSets/ThyroidAgent/Classifaction_Data/Lymph_Node_Metastasis_fake/images/68_Benign_center1.png,/mnt/wangbd8/workspace/DataSets/ThyroidAgent/Classifaction_Data/Lymph_Node_Metastasis_fake/masks/68_Benign_center1.png
0.5725404503899414,150.06772125591687,152.7776161615307,10020.5,85.91984071685482,403.8477631085038,0.04030215688922746,10021.0,0.8786824383063265,59.0,105.0,67593605.0,1.7029082684893277,21.0,4.943626133604351,174.0,14.475190444543058,79.83225227023252,77.0,30.0,144.0,9.493600361073208,82.1291397085258,1.0791796041393535,67593605.0,0.3623145909108285,372.00708672450463,7.969388782599939,2.7120128889336423,29.490607288206213,3.9533474967928695,2.6061250074917797,0.14862551606081967,0.8920951172963941,0.14862551606081964,0.6063899427518048,0.12653597203647468,0.27603193887587724,2.395213653737905,-0.586558640317052,0.9289917063357646,0.9256872419695902,0.9959830941605183,0.9256872419695902,0.9787677834198829,0.14862551606081964,0.3730742120632363,2.2465881376770866,0.6886876308881499,486.2120051085568,0.31048020760444245,0.9041052767216505,9.015325670498084,75.9367816091954,557.0536398467433,13.877956577266923,0.18603395061728398,5.763015633778947,134.99361430395913,0.0862028188403315,0.15627182915876658,34.98822397726921,0.1800339244611938,1.812186137038836,0.039464096394422894,486.2120051085568,0.31048020760444245,0.9041052767216505,9.015325670498084,75.9367816091954,557.0536398467433,13.877956577266923,0.18603395061728398,134.99361430395913,0.0862028188403315,0.1800339244611938,1.812186137038836,0.039464096394422894,5.763015633778947,0.15627182915876658,34.98822397726921,2.6536878741113044,5755.610118750624,0.5743548666550867,0.25018593574987386,3630.7545155174134,0.6968567684342275,8.098992116555234,7.472607524199182,59.16116156072248,1.3369324418720687,0.17991467917373516,0.16531395181230527,1.4008193903912893,0.030638506358868597,28.105148736250086,0.002013382231002711,2.3702240839877473,0.0068681987987579945,0.03418848093657386,68_Malignant_center1.png,/mnt/wangbd8/workspace/DataSets/ThyroidAgent/Classifaction_Data/Lymph_Node_Metastasis_fake/images/68_Malignant_center1.png,/mnt/wangbd8/workspace/DataSets/ThyroidAgent/Classifaction_Data/Lymph_Node_Metastasis_fake/masks/68_Malignant_center1.png
0.15370421884056032,217.57499308316974,206.29348026537338,5673.5,33.44219435108892,450.95331880577464,0.07948414890381152,5674.0,0.5921051985855661,90.0,173.0,104577816.0,2.420436537963676,49.0,2.927085443796398,255.0,26.668143865077138,131.72329925978147,130.0,53.0,202.0,19.426171056045813,135.7610280974924,0.4202321694676447,104577816.0,0.21062421158345043,1080.0291822061783,16.107643199148786,3.7926937400248266,143.30328633625558,7.499432363142491,7.033274681389623,0.1408051072885263,0.9607461552042563,0.13974108884554,0.584591001632317,0.12127753537678924,0.15912428206508136,3.115118602572932,-0.7101721631421554,0.9836787552262952,0.9302358574215287,0.9982845946565514,0.9302624578826033,0.9860347579358043,0.13922878366928731,0.23142401134953006,2.974830224079021,1.7935199471695376,172.14494518879414,0.2096771561373863,1.8721620791613565,17.600487210718637,93.70767356881852,1327.3434835566381,11.887717263304923,0.10613524742914714,6.320597530093464,68.02801461632156,0.08285994472146353,0.14469510045823053,45.94459090767476,0.17249331913660373,3.1007684677413034,0.02243287088971827,172.14494518879414,0.2096771561373863,1.8721620791613565,17.600487210718637,93.70767356881852,1327.3434835566381,11.887717263304923,0.10613524742914714,68.02801461632156,0.08285994472146353,0.17249331913660373,3.1007684677413034,0.02243287088971827,6.320597530093464,0.14469510045823053,45.94459090767476,3.340941084591832,3373.1071554458936,0.5944848705403408,0.23771964929417888,1195.0817765244976,1.8060552441061264,16.251145576313007,7.585125132181882,121.3755727881565,0.8414994241423642,0.11004157237870019,0.161105236360788,2.6910272980065013,0.017928175673884484,4.6387262947655685,0.006047087134965996,5.082121820862115,0.006989418940517629,0.22568003857938504,69_Benign_center1.png,/mnt/wangbd8/workspace/DataSets/ThyroidAgent/Classifaction_Data/Lymph_Node_Metastasis_fake/images/69_Benign_center1.png,/mnt/wangbd8/workspace/DataSets/ThyroidAgent/Classifaction_Data/Lymph_Node_Metastasis_fake/masks/69_Benign_center1.png
0.7124043643200346,306.189655069833,297.12118739665806,52181.5,218.13084658139502,882.0975464705607,0.01690441145751963,52182.0,0.9180082781127648,47.0,108.0,337475663.0,2.028146335052063,31.0,4.095485574416829,209.0,19.134631192039006,76.55779770802192,74.0,20.0,189.0,13.325704844347184,80.41940755974849,0.8039081278229449,337475663.0,0.29266123154536816,606.1847223585261,13.935997844786113,3.5977832085746724,64.46433714940372,5.81773633508325,4.077076962351325,0.10926164681432447,0.9478008555853052,0.10926164681432447,0.4976848373166977,0.09732353934974629,0.23911847826086108,2.607792612749801,-0.712113573873374,0.9716386734975433,0.9453691765928376,0.9986675408925081,0.9453691765928376,0.9890738353185674,0.10926164681432447,0.35612985163661554,2.498530965935479,1.0465846522914122,1472.6134396741897,0.24989198026034104,1.3517459344623903,15.318004412014254,156.47785508230103,2014.1169183777363,15.807090884537159,0.09947296309999133,6.626117260111297,366.96029187171223,0.06227053994089805,0.11293166225901652,78.06837778381015,0.13451091807440077,2.235320348623535,0.014392945510898203,1472.6134396741897,0.24989198026034104,1.3517459344623903,15.318004412014254,156.47785508230103,2014.1169183777363,15.807090884537159,0.09947296309999133,366.96029187171223,0.06227053994089805,0.13451091807440077,2.235320348623535,0.014392945510898203,6.626117260111297,0.11293166225901652,78.06837778381015,2.8280067509334983,34279.13479743973,0.6569149284703486,0.19370616030873603,15271.648384500402,1.0520721870577834,14.00266375378483,7.8895404545628764,109.03911310413552,0.7855135509929445,0.09952583713244317,0.14824290197982276,2.1323253229082826,0.014825893946269672,37.674838785447854,0.0006532832160703817,4.3066324085149486,0.0031788109851310893,0.030705285606735182,69_Malignant_center1.png,/mnt/wangbd8/workspace/DataSets/ThyroidAgent/Classifaction_Data/Lymph_Node_Metastasis_fake/images/69_Malignant_center1.png,/mnt/wangbd8/workspace/DataSets/ThyroidAgent/Classifaction_Data/Lymph_Node_Metastasis_fake/masks/69_Malignant_center1.png
0.1885080653569457,275.8158769395345,263.20524310887123,10910.5,51.99351735660107,590.208152801714,0.05409542668087751,10911.0,0.6273675544194403,34.0,76.0,38095489.0,1.5627479491879457,19.0,30.199051764330694,255.0,13.167521093945119,55.784712675281824,55.0,11.0,244.0,8.59052875983303,59.08870859527276,3.019401204758778,38095489.0,0.4119792318047822,379.54131519331287,8.343960195337694,2.7827789551276143,166.79129725568788,10.436104397932276,2.569115041633963,0.1687091126877361,0.8767567943168106,0.11784759974200683,0.512171239822856,0.1548210559227839,0.3405965138489228,2.1293310076966385,-0.6342426969190066,0.9282292284809529,0.9441906460039695,0.9987502621987234,0.9443290860986429,0.990417094999184,0.10912262260474079,0.5035474062471206,2.018946782136888,0.6844560385804248,401.53025477707007,0.3196896932938456,1.154580307517546,9.22452229299363,159.76035031847132,1283.6337579617834,24.462182256116463,0.18830419861615577,6.158842846113792,84.77707006369427,0.06749766724816422,0.1151131885253414,84.29461070935939,0.14861880568351724,1.4851998978566416,0.03227474129838908,401.53025477707007,0.3196896932938456,1.154580307517546,9.22452229299363,159.76035031847132,1283.6337579617834,24.462182256116463,0.18830419861615577,84.77707006369427,0.06749766724816422,0.14861880568351724,1.4851998978566416,0.03227474129838908,6.158842846113792,0.1151131885253414,84.29461070935939,2.3621358707732094,7124.313903400238,0.6529478419393491,0.19885174052320453,4495.105398221978,0.6867132990369644,8.445422051141051,7.870497662908991,65.60773531298689,1.3070101625313213,0.16876009577111886,0.14969602541777413,1.2998248454668582,0.026279397095500805,16.577619275953005,0.002320562617865163,3.7127425472011804,0.0038406985205662702,0.14490740229186647,6_Benign_center1.png,/mnt/wangbd8/workspace/DataSets/ThyroidAgent/Classifaction_Data/Lymph_Node_Metastasis_fake/images/6_Benign_center1.png,/mnt/wangbd8/workspace/DataSets/ThyroidAgent/Classifaction_Data/Lymph_Node_Metastasis_fake/masks/6_Benign_center1.png
0.6022403664987627,187.0822025657323,186.47251808242416,16354.5,112.66845423858237,511.10259710444325,0.031251496352957486,16355.0,0.8869833750273308,65.0,152.0,226367906.0,2.4594659249815125,45.0,4.621748871372414,255.0,27.010792724591873,112.42262305105473,114.0,26.0,229.0,19.025576033206253,117.64735090330063,0.45836773469191955,226367906.0,0.20753997521926612,1202.0530008848127,18.194906893575038,4.0357010728819835,282.9609018102551,9.76698453562646,7.887490215513956,0.25539523985694906,0.9372715627017704,0.17893698359847082,0.6773024230897112,0.22337679575762964,0.147719745401936,3.2576211063423246,-0.6739199863750883,0.9815921266035547,0.915732974651823,0.9977081675004431,0.9161142968717885,0.9841678724047986,0.16281753302299257,0.2417684054753977,3.08302906132897,2.035721363842726,588.8038938053097,0.20842615709922468,2.0735401049416557,19.14725663716814,57.865132743362835,977.5469026548673,6.726093003632132,0.10362900387293561,6.209417029920442,265.0545132743363,0.09382460646879161,0.17273005197187405,24.34820581094839,0.18129993724637763,3.4516790671965,0.019868712263854695,588.8038938053097,0.20842615709922468,2.0735401049416557,19.14725663716814,57.865132743362835,977.5469026548673,6.726093003632132,0.10362900387293561,265.0545132743363,0.09382460646879161,0.18129993724637763,3.4516790671965,0.019868712263854695,6.209417029920442,0.17273005197187405,24.34820581094839,3.4711203101689563,8972.49948028126,0.5486089562996795,0.26488232422609737,3394.3162947110977,2.0519236621801085,18.30926322225619,7.311464383980434,132.43815346988688,0.7965736637363598,0.1078969558984299,0.17093651278915725,3.175457726145589,0.018335574381138933,14.657793542347347,0.0017294008453497436,6.414523859400487,0.010050864230659045,0.06784727384051245,6_Malignant_center1.png,/mnt/wangbd8/workspace/DataSets/ThyroidAgent/Classifaction_Data/Lymph_Node_Metastasis_fake/images/6_Malignant_center1.png,/mnt/wangbd8/workspace/DataSets/ThyroidAgent/Classifaction_Data/Lymph_Node_Metastasis_fake/masks/6_Malignant_center1.png
0.4243072606578622,83.03457880658202,83.24061508662703,2254.5,35.23217467330019,206.02438661764003,0.09138362679868708,2255.0,0.8169799944601311,37.0,101.0,12458580.0,2.101229597471123,37.0,3.199666872336918,167.0,20.87231901514742,69.77915742793792,70.0,8.0,159.0,15.244368416501118,74.32946373814954,0.33316411776393884,12458580.0,0.26835561280426357,655.7383682479438,12.052821670428894,3.320993227990971,59.38502902760233,2.7018571471376687,4.261442555121299,0.16613995485327313,0.924952294179052,0.1661399548532731,0.6487979926100801,0.13853747025462546,0.19374325474269935,2.878105463756399,-0.6275742115082642,0.9633677052033844,0.9169300225733635,0.9966772009029345,0.9169300225733635,0.979232505643341,0.1661399548532731,0.29164785553047406,2.711965508903128,1.1068956274936432,102.40196078431373,0.25098519800076896,1.246822135717032,13.105392156862745,50.169117647058826,590.25,6.646975290116045,0.1353638399804366,5.654461835506339,40.049019607843135,0.09815936178392926,0.18093126385809313,19.621822135717032,0.1852323720321403,2.8387190023618096,0.025174100315475515,102.40196078431373,0.25098519800076896,1.246822135717032,13.105392156862745,50.169117647058826,590.25,6.646975290116045,0.1353638399804366,40.049019607843135,0.09815936178392926,0.1852323720321403,2.8387190023618105,0.025174100315475515,5.654461835506339,0.18093126385809313,19.621822135717032,3.1266279775806542,1211.3920177383593,0.5372026686201149,0.27260318287520713,605.1419068736142,1.1155453513011244,12.23059866962306,7.232372505543237,87.04035476718404,0.9772495286362882,0.13512626011232282,0.17410692288741067,2.2243902439024392,0.023659338392497512,3.8921461784365015,0.01052331930224093,3.430905780597333,0.008716118255335574,0.210348175226224,70_Benign_center1.png,/mnt/wangbd8/workspace/DataSets/ThyroidAgent/Classifaction_Data/Lymph_Node_Metastasis_fake/images/70_Benign_center1.png,/mnt/wangbd8/workspace/DataSets/ThyroidAgent/Classifaction_Data/Lymph_Node_Metastasis_fake/masks/70_Benign_center1.png
0.6080500689296664,365.3165631911651,369.4116944548453,63492.5,222.13076142953673,1012.1635636485436,0.015941466529882167,63493.0,0.8825014883794738,68.0,128.0,640462692.0,1.9873436764719365,32.0,2.974943266524578,198.0,18.677873338751905,97.71785866158474,97.0,31.0,167.0,13.619855831368952,100.43474803923914,0.3372368562326786,640462692.0,0.2850067218080124,538.3587122999955,12.799061062548411,3.451029827861467,38.39844640817199,1.8483120574511374,3.6807796283271315,0.1229628692916871,0.9353463756452159,0.12293125523607795,0.537910676471319,0.10785077577776933,0.22348906971337246,2.6186632715723848,-0.6820328726866043,0.9661678179430582,0.9385375337875218,0.99754081419316,0.9385396413912291,0.9846340321795958,0.12290359293741997,0.3094383763021039,2.4955277643876532,0.9509356244047044,2181.561079190607,0.2724907668237081,1.0536036425091873,14.00587059705221,120.8032725455908,1353.0731951036723,15.558897685437735,0.10558907704142527,6.314756312790723,548.5470896827379,0.06851699846149611,0.12609264013355803,57.907634990095175,0.13545874313466516,1.955814409989304,0.015937213541006044,2181.561079190607,0.2724907668237081,1.0536036425091873,14.00587059705221,120.8032725455908,1353.0731951036723,15.558897685437735,0.10558907704142527,548.5470896827379,0.06851699846149611,0.13545874313466516,1.955814409989304,0.015937213541006044,6.314756312790723,0.12609264013355803,57.907634990095175,2.8376497352492382,39901.38448332887,0.6284375361587714,0.20906256268191672,18095.93178775613,0.9516952198939599,12.860189312207645,7.759548296662624,98.36914305513994,0.8674595368468316,0.1108894008991939,0.1523930022032175,2.0074181405824265,0.016812291086166792,80.50283347838291,0.0004650460962944253,2.5893032638740876,0.0055423532871464645,0.009471393072225848,70_Malignant_center1.png,/mnt/wangbd8/workspace/DataSets/ThyroidAgent/Classifaction_Data/Lymph_Node_Metastasis_fake/images/70_Malignant_center1.png,/mnt/wangbd8/workspace/DataSets/ThyroidAgent/Classifaction_Data/Lymph_Node_Metastasis_fake/masks/70_Malignant_center1.png
0.2687322077828243,233.39706392587615,224.89108474992955,11455.5,62.72130827882968,522.208152801714,0.045585801824600765,11456.0,0.7265546874562515,73.0,125.0,108959163.0,1.732095378990706,23.0,4.376660059495154,255.0,15.75129248767692,95.37578561452514,91.0,55.0,200.0,10.725835344851447,97.52486924988264,1.0922547092641302,108959163.0,0.3833394432621485,414.55964061884345,6.113305248376338,2.322055467790065,34.80881073406651,4.560368634109803,2.9343399897996685,0.04888537826926452,0.9672264933165886,0.04625241355099176,0.2692587065306332,0.046746092509972574,0.36003500174652875,2.018358220996087,-0.8276859995396932,0.9706480271792906,0.9770516962460092,0.9994153632750328,0.9770618621329523,0.9953923117430228,0.0457282585376319,0.5487098472880464,1.9720794435671507,0.7458063420172332,143.58904109589042,0.24587164571214112,1.3487521110902605,8.705479452054794,920.0205479452055,4383.106164383562,268.0306451885676,0.2699393285980044,7.177441789611828,18.45205479452055,0.03159598423719272,0.05097765363128492,535.2158941640082,0.07966679530549742,1.0468694837417043,0.01602369134502254,143.58904109589042,0.24587164571214112,1.3487521110902605,8.705479452054794,920.0205479452055,4383.106164383562,268.0306451885676,0.2699393285980044,18.45205479452055,0.03159598423719272,0.07966679530549742,1.0468694837417043,0.01602369134502254,7.177441789611828,0.05097765363128492,535.2158941640082,2.191808523109074,9398.867842178772,0.8204318996315267,0.096623271745576,4391.536662011174,0.7596121960925064,6.189944134078212,8.495286312849162,51.347765363128495,2.456301948625767,0.28812564120801437,0.12681855214152699,0.8343032278088144,0.036074731985826614,7.865931626065559,0.006493237816535422,1.3470662780593976,0.0016924054648243525,0.28175810889685654,71_Benign_center1.png,/mnt/wangbd8/workspace/DataSets/ThyroidAgent/Classifaction_Data/Lymph_Node_Metastasis_fake/images/71_Benign_center1.png,/mnt/wangbd8/workspace/DataSets/ThyroidAgent/Classifaction_Data/Lymph_Node_Metastasis_fake/masks/71_Benign_center1.png
0.5643515704153106,426.33337348710745,419.86902719776793,79925.5,240.60190884790623,1164.0458146424464,0.014564135534246847,79927.0,0.8609492246683744,40.0,101.0,473387355.0,2.0894882538543538,31.0,5.87638230749794,231.0,19.644107157836952,72.28001801644,71.0,9.0,222.0,12.999201386043834,76.95938177785612,1.0135937330591749,473387355.0,0.2853375523511946,698.345439172921,12.851901133524976,3.4257371678194395,116.81074143015401,9.083095054210231,4.595717514269851,0.13081355208817144,0.9446471205831007,0.13081355208817141,0.5596651408065854,0.11370136667824667,0.22252732636431818,2.7477969728741067,-0.6819227366989643,0.9704440118132598,0.9345932239559144,0.9987048163159588,0.9345932239559144,0.9881078589010753,0.13081355208817141,0.3391411320186285,2.616983420785939,1.1816327665895057,2685.227983153954,0.2513081874734632,1.5620966508268754,14.187365465605989,109.01141787552643,1266.2748713149274,13.439035909336782,0.12678191406894307,6.450603242794003,790.4882545624707,0.07398111881726446,0.1336844870944737,53.056537486349754,0.1566248290570218,2.4147262712981643,0.02287827971803403,2685.227983153954,0.2513081874734632,1.5620966508268754,14.187365465605989,109.01141787552643,1266.2748713149274,13.439035909336782,0.12678191406894307,790.4882545624707,0.07398111881726446,0.1566248290570218,2.4147262712981643,0.02287827971803403,6.450603242794003,0.1336844870944737,53.056537486349754,2.9721983872826345,49109.92316739025,0.6144347112664087,0.2220316666656098,22806.17454677393,1.1935699979752863,12.948978442829082,7.689303989890775,97.98327223591528,0.9272034517971731,0.12141161522592504,0.15623562055931595,2.090520099590876,0.01941632060904168,62.20153307322464,0.00035723751257853544,6.885161635486299,0.0034515722121271635,0.0264093860371173,71_Malignant_center1.png,/mnt/wangbd8/workspace/DataSets/ThyroidAgent/Classifaction_Data/Lymph_Node_Metastasis_fake/images/71_Malignant_center1.png,/mnt/wangbd8/workspace/DataSets/ThyroidAgent/Classifaction_Data/Lymph_Node_Metastasis_fake/masks/71_Malignant_center1.png
0.17988063658462902,186.13778507035,177.48521065147935,4769.5,33.48258327090741,399.1370849898484,0.08368530977877102,4770.0,0.6133654050888668,43.0,89.0,21442993.0,1.708185014026365,23.0,5.857696787171295,174.0,15.152620545073376,63.89622641509434,60.0,21.0,153.0,9.882481500197118,67.04764256232741,1.2992716113150318,21442993.0,0.37856853412092534,412.65862307661877,10.066934971404363,3.068735437407329,39.51358187340696,4.9186075824879465,2.7180219026149737,0.11883075619572124,0.9162235262189898,0.11883075619572123,0.5259905449605053,0.10471000757767428,0.31133874743632645,2.288314796615771,-0.6451101559570496,0.9417302331492622,0.9405846219021392,0.9976233848760854,0.9405846219021392,0.9851461554755347,0.11883075619572123,0.49841135352679516,2.1694840404200515,0.7092131647026736,171.1672131147541,0.28060198871271164,1.2049556570814297,12.236065573770492,122.34098360655737,1104.5967213114754,16.655539747593025,0.12481112226311289,6.051129995605958,45.321311475409836,0.07429723192690137,0.1278825995807128,61.193711367911845,0.16789553025044135,2.396509437598882,0.022068390471238486,171.1672131147541,0.28060198871271164,1.2049556570814297,12.236065573770492,122.34098360655737,1104.5967213114754,16.655539747593025,0.12481112226311289,45.321311475409836,0.07429723192690137,0.16789553025044135,2.396509437598882,0.022068390471238486,6.051129995605958,0.1278825995807128,61.193711367911845,2.549409835176504,2990.263312368973,0.6268895833058643,0.21802231803418465,1805.7719077568133,0.7355957262590703,10.243186582809225,7.748846960167715,76.92788259958071,1.0161564209890803,0.13021420846465773,0.1550896808758444,1.691043559282553,0.020075314425793613,6.9981127427608785,0.0054163276730627395,2.706946082045635,0.004178436340635031,0.13718723863632176,72_Benign_center1.png,/mnt/wangbd8/workspace/DataSets/ThyroidAgent/Classifaction_Data/Lymph_Node_Metastasis_fake/images/72_Benign_center1.png,/mnt/wangbd8/workspace/DataSets/ThyroidAgent/Classifaction_Data/Lymph_Node_Metastasis_fake/masks/72_Benign_center1.png
0.7141451032191475,573.2626926500739,607.3755016462221,182319.5,409.39274481427344,1691.9696961966674,0.009280245372528268,182320.0,0.8946000378003944,34.0,100.0,986797903.0,2.1585687560755042,30.0,5.409773050257942,236.0,20.45327438673276,68.16505594559017,66.0,7.0,229.0,13.391050619117458,73.56935574145238,0.956097324964787,986797903.0,0.27875282792879097,765.9752521469359,11.880968877158253,3.260925987022985,135.17127173424424,10.046809757821503,5.1064234040203536,0.11710106675464643,0.9551639635614562,0.11707907181348289,0.5210369854008662,0.10339355769793973,0.2240327802632448,2.7702270223892995,-0.7158804878946728,0.976954646079583,0.941462663587375,0.9988405960612303,0.9414641299167859,0.9893566146452982,0.11705982623996479,0.37526668866160784,2.653006060109534,1.3058811176937495,5294.502896551724,0.24342542053111374,1.600881382481173,13.69880459770115,146.36358620689654,1461.3513103448277,24.74640632060828,0.14036138259007308,6.648026698349146,1479.8428505747127,0.0680387517505615,0.11929574374725757,76.09679820319725,0.14074748591363015,2.0562582700598235,0.021024195297322835,5294.502896551724,0.24342542053111374,1.600881382481173,13.69880459770115,146.36358620689654,1461.3513103448277,24.74640632060828,0.14036138259007308,1479.8428505747127,0.0680387517505615,0.14074748591363015,2.0562582700598235,0.021024195297322835,6.648026698349146,0.11929574374725757,76.09679820319725,2.982452573409425,117239.65518867924,0.6430433040186444,0.20192666901046835,50822.21558797718,1.3084063025020884,11.938860245721807,7.827303641948223,91.40058688021062,1.1959324854696076,0.15113516759880297,0.15043970308614887,1.869995063624397,0.0224099522726816,130.6525223973523,0.0001829088280558113,6.151918064195459,0.003378104005503205,0.013760458523828652,72_Malignant_center1.png,/mnt/wangbd8/workspace/DataSets/ThyroidAgent/Classifaction_Data/Lymph_Node_Metastasis_fake/images/72_Malignant_center1.png,/mnt/wangbd8/workspace/DataSets/ThyroidAgent/Classifaction_Data/Lymph_Node_Metastasis_fake/masks/72_Malignant_center1.png
0.3194112558098578,171.74048655153643,171.5488268686207,7070.5,54.85584448282225,412.4507934888332,0.0583340348615845,7071.0,0.7226996624300792,46.0,90.0,32803162.0,1.5809074915846324,24.0,3.0264463827354375,137.0,14.029862892770286,65.85631452411258,63.0,25.0,112.0,10.00213479840895,68.11102809538998,0.598100181587575,32803162.0,0.3999960119235087,302.05798551216213,5.202882008845771,2.1737052361249827,13.177371521608976,1.2592202035137363,2.0343922813627247,0.12284206020830361,0.8861115291546462,0.12284206020830361,0.5374754756777111,0.10775188845208314,0.324495220776923,2.186356220710799,-0.6124640902508133,0.9245924275940967,0.9385789698958482,0.9952753053766037,0.9385789698958482,0.9795263232986161,0.12284206020830361,0.512483949208161,2.0635141605024967,0.5393085853927571,286.1982665222102,0.3100739615625246,0.7860209008027663,5.913326110509209,113.68689057421452,545.1408450704225,34.307024196460816,0.3446644396292284,5.873178581692198,68.81798483206934,0.07455903015392128,0.13053316362607834,54.99767938408013,0.1499486988464649,1.0398952903651477,0.058681842876500315,286.1982665222102,0.3100739615625246,0.7860209008027663,5.913326110509209,113.68689057421452,545.1408450704225,34.307024196460816,0.3446644396292284,68.81798483206934,0.07455903015392128,0.1499486988464649,1.0398952903651477,0.058681842876500315,5.873178581692198,0.13053316362607834,54.99767938408013,2.437252426357304,4386.422429642201,0.6203397581165607,0.2172354065750981,2828.37180031113,0.5436254667364521,5.292462169424409,7.718993070287088,40.094328949229244,2.4572445355835257,0.32190174264209054,0.15480287245242697,0.8577758921416112,0.051328919547936176,26.40024515966809,0.0033673424924477663,1.383109893214471,0.006700178111452666,0.03691757554897855,73_Benign_center1.png,/mnt/wangbd8/workspace/DataSets/ThyroidAgent/Classifaction_Data/Lymph_Node_Metastasis_fake/images/73_Benign_center1.png,/mnt/wangbd8/workspace/DataSets/ThyroidAgent/Classifaction_Data/Lymph_Node_Metastasis_fake/masks/73_Benign_center1.png
0.7995462503614705,188.54231490981098,189.61276328348785,21647.5,150.74830092061094,592.090403795623,0.027351444914915028,21648.0,0.8808881825173847,32.0,72.0,62901708.0,1.4708001142925435,21.0,2.97798288034902,117.0,12.333364718039189,51.65788987435329,51.0,11.0,106.0,8.78142061618296,53.90416580292372,0.3368322517983384,62901708.0,0.41079552026811844,237.12150463827882,7.2015262202782555,2.606951747243032,8.824281533432865,0.6325755451841717,1.7199611761131433,0.09864594481410824,0.891514837175154,0.09864594481410824,0.4646885856618679,0.08891492238584014,0.3425196763020771,1.9913390638209871,-0.6451890032951063,0.9219148727926392,0.9506770275929458,0.9962059251994574,0.9506770275929458,0.9835590091976486,0.09864594481410824,0.4296682332139035,1.8926931190068803,0.4546517802318129,798.7171717171717,0.35077609649414654,0.6369486235442585,7.657004830917875,177.96662274923145,1207.888888888889,32.57064961206266,0.2081204557653833,6.19897003803036,131.77821695213,0.05787361306637242,0.10518292682926829,87.57888907983425,0.13242215902316737,1.0076725895133671,0.035222736235368174,798.7171717171717,0.35077609649414654,0.6369486235442585,7.657004830917875,177.96662274923145,1207.888888888889,32.57064961206266,0.2081204557653833,131.77821695213,0.05787361306637242,0.13242215902316737,1.0076725895133671,0.035222736235368174,6.19897003803036,0.10518292682926829,87.57888907983425,2.2345669421953835,14608.73253880266,0.6748305866039662,0.18394280776233482,8892.901422764227,0.4554202637448794,7.2621489283074645,7.9660014781966,57.43870103473762,1.4718351579822615,0.18729814660836003,0.145776874435411,1.071330684897758,0.028437473623999707,55.080473372781064,0.0012503179508647224,1.0442896419088603,0.004485199567184419,0.01223416554692581,73_Malignant_center1.png,/mnt/wangbd8/workspace/DataSets/ThyroidAgent/Classifaction_Data/Lymph_Node_Metastasis_fake/images/73_Malignant_center1.png,/mnt/wangbd8/workspace/DataSets/ThyroidAgent/Classifaction_Data/Lymph_Node_Metastasis_fake/masks/73_Malignant_center1.png
0.45895325937179837,117.34588882210788,116.77756633874505,4952.5,53.85627814878709,295.1787155501911,0.05960196174663122,4953.0,0.8451467690187162,45.0,99.0,27452951.0,1.8856917614440072,27.0,3.608568568740322,179.0,17.04467510447184,71.22249141934181,70.0,20.0,159.0,11.896191271485183,74.44925453018955,0.44220242768166873,27452951.0,0.3146328567476333,470.04821612273076,12.087446242064303,3.366680319475732,33.50402626034578,2.124182620281039,3.1310332893538417,0.11939381527749335,0.9265365372400587,0.11939381527749335,0.5276158922655139,0.10513893215097714,0.2521441837292879,2.4927666905386383,-0.671825437461059,0.9590026853387854,0.9403030923612534,0.998163172072654,0.9403030923612534,0.986734020524723,0.11939381527749335,0.3743600245750563,2.3733728752611474,0.8126067761578337,179.67993874425727,0.275160702518005,1.094742371760446,13.924961715160796,106.0781010719755,1183.8070444104135,12.132403202730812,0.10781313916582459,6.078677027151866,47.15926493108729,0.0722193949940081,0.13183928931960429,48.54599222811901,0.15142409642934837,2.338212043965449,0.01670048220673622,179.67993874425727,0.275160702518005,1.094742371760446,13.924961715160796,106.0781010719755,1183.8070444104135,12.132403202730812,0.10781313916582459,47.15926493108729,0.0722193949940081,0.15142409642934837,2.338212043965449,0.01670048220673622,6.078677027151866,0.13183928931960429,48.54599222811901,2.7495707053978826,3059.7296587926508,0.617752808155189,0.2187837222485753,1558.3765394710276,0.8239860503389645,12.238643246517261,7.706238643246517,92.16959418534222,0.8716388473418846,0.11233417766460511,0.15525943872400566,1.9860353994212263,0.017276704451549784,5.130282823226545,0.005753264742523107,3.6448060760101413,0.003526259127773755,0.1976510113346842,74_Benign_center1.png,/mnt/wangbd8/workspace/DataSets/ThyroidAgent/Classifaction_Data/Lymph_Node_Metastasis_fake/images/74_Benign_center1.png,/mnt/wangbd8/workspace/DataSets/ThyroidAgent/Classifaction_Data/Lymph_Node_Metastasis_fake/masks/74_Benign_center1.png
0.6446821635897114,97.04745020696568,98.08159868191383,4713.5,62.56476017029143,271.86500705120625,0.05767794782034714,4714.0,0.8952068083741078,30.0,96.0,20434763.0,2.0783191561742944,34.0,3.8546243386190784,177.0,20.343497348279136,60.51187950784896,56.0,5.0,172.0,14.18662042150065,65.84002900024157,0.8680139678396263,20434763.0,0.28368481107467636,673.2218571802207,9.779551337359793,2.952868852459016,75.53649001700067,7.480556778865565,4.40806889064909,0.16760138050043139,0.9267423697213542,0.1676013805004315,0.652188229040662,0.13951115775478107,0.21063265522999286,2.851832327933635,-0.6226064617265029,0.9612940799728275,0.9161993097497844,0.9974215172230704,0.9161993097497844,0.981377624388841,0.1676013805004315,0.3283002588438309,2.6842309474332056,1.1439175677873803,198.27017543859648,0.23189494203344618,1.552773160972607,11.658479532163742,57.50877192982456,500.6198830409357,9.913463481786478,0.18204483596557533,5.888132179302874,87.26666666666667,0.1020662768031189,0.18137462876537971,27.110637803084714,0.2311382989659252,3.28873493804879,0.039628626740485895,198.27017543859648,0.23189494203344618,1.552773160972607,11.658479532163742,57.50877192982456,500.6198830409357,9.913463481786478,0.18204483596557533,87.26666666666667,0.1020662768031189,0.2311382989659252,3.28873493804879,0.039628626740485895,5.888132179302874,0.18137462876537971,27.110637803084714,3.110422617315447,2534.4853627492575,0.5376506921402753,0.28971123666151916,1337.2901994060246,1.1562800774518855,9.956300381841324,7.24480271531608,69.33517182859568,1.2813732473083987,0.17797601700487858,0.17938292556451232,1.96068448592844,0.03193282916550552,7.2868761033541976,0.00519111255981645,5.019120366682177,0.006613972501940826,0.1855990469420382,74_Malignant_center1.png,/mnt/wangbd8/workspace/DataSets/ThyroidAgent/Classifaction_Data/Lymph_Node_Metastasis_fake/images/74_Malignant_center1.png,/mnt/wangbd8/workspace/DataSets/ThyroidAgent/Classifaction_Data/Lymph_Node_Metastasis_fake/masks/74_Malignant_center1.png
0.4080639825685265,117.27682919749671,119.64113005150027,4394.5,47.85644998533936,288.79393923934083,0.06571713260651743,4395.0,0.813713632015171,52.0,107.0,28603809.0,1.887581244355578,27.0,5.047729359746062,181.0,17.591719517861463,77.18521046643913,73.0,24.0,157.0,11.606566220700334,80.67379644870508,1.1801934350006458,28603809.0,0.33509601483742124,550.7047186985935,13.961759963142134,3.6139138447362362,67.36604556009713,8.0047384187759,3.7165810677520668,0.11103432388850493,0.94198250736947,0.11103432388850491,0.503027930034833,0.09870570280712752,0.27912203177186756,2.461118022891279,-0.6924469626251613,0.9624041588173724,0.9444828380557475,0.9982917796324845,0.9444828380557475,0.9876628529012772,0.11103432388850491,0.4160331720801659,2.3500836990027767,0.9569038479101432,135.15671641791045,0.25215805301848965,1.416264062151927,16.46082089552239,123.75559701492537,1558.5205223880596,11.748007977755778,0.08993745928097607,6.218571095180096,36.41417910447761,0.06793690131432391,0.12195676905574517,56.521716278681225,0.12680527123591423,2.538720194376935,0.011599254120533404,135.15671641791045,0.25215805301848965,1.416264062151927,16.46082089552239,123.75559701492537,1558.5205223880596,11.748007977755778,0.08993745928097607,36.41417910447761,0.06793690131432391,0.12680527123591423,2.538720194376935,0.011599254120533404,6.218571095180096,0.12195676905574517,56.521716278681225,2.693802182232975,2797.5956769055747,0.636540540820381,0.20262222688156595,1472.7469852104664,0.9566049950753326,14.08259385665529,7.798634812286689,107.04778156996586,0.7309548555485903,0.09321307840542362,0.15054986727341677,2.238339021615472,0.01392996657328081,3.960077483987947,0.0072385356911689866,3.2060004854635276,0.0038051206329382035,0.22801284308359507,75_Benign_center1.png,/mnt/wangbd8/workspace/DataSets/ThyroidAgent/Classifaction_Data/Lymph_Node_Metastasis_fake/images/75_Benign_center1.png,/mnt/wangbd8/workspace/DataSets/ThyroidAgent/Classifaction_Data/Lymph_Node_Metastasis_fake/masks/75_Benign_center1.png
0.7373885933190504,330.71769787059793,342.8410710518797,62626.5,243.86745801851492,981.2518754031117,0.015668317332169477,62627.0,0.9040730071303631,46.0,111.0,436679990.0,2.143073822486028,35.0,4.9174100805918135,226.0,20.445072122237757,79.18872051990355,79.0,16.0,210.0,14.104586840554237,83.50276217381904,0.6332201753387405,436679990.0,0.265433825749517,701.8578330779898,14.818082701342012,3.7045567509499917,88.30722857320728,5.000622442171114,4.62010068921291,0.2427327678814796,0.9001681756024947,0.12129423271176384,0.5151041431522114,0.22802047699234404,0.21936417352522075,2.711746783064554,-0.7337694817810118,0.978182556874861,0.9472688814794696,0.9980129197848497,0.9478917143666459,0.9896462485931871,0.0964378186868641,0.32753451233786013,2.5756614442440715,1.2157083642735975,1543.1033221578787,0.23515747061229483,1.8220130105441164,17.251752514477293,174.9023163669613,2283.93233770192,19.016899092826538,0.10644927621787537,6.817459072513824,372.77994513867725,0.056808891365235786,0.10477908889137273,83.81649801146516,0.12054892739402767,2.290043642205409,0.020848256404459847,1543.1033221578787,0.23515747061229483,1.8220130105441164,17.251752514477293,174.9023163669613,2283.93233770192,19.016899092826538,0.10644927621787537,372.77994513867725,0.056808891365235786,0.12054892739402767,2.290043642205409,0.020848256404459847,6.817459072513824,0.10477908889137273,83.81649801146516,2.8939759752112346,42245.53124051927,0.6745577984019555,0.18049337306240515,16623.324205215,1.2180366103292253,14.927906494004183,7.967058936241557,116.52945215322465,0.7928887526899586,0.10014682844731615,0.14475386015616268,2.2385446106844227,0.01517407105903102,34.800362088928225,0.0005960102695499674,5.644731270275527,0.0032683073673618235,0.03358471539283643,75_Malignant_center1.png,/mnt/wangbd8/workspace/DataSets/ThyroidAgent/Classifaction_Data/Lymph_Node_Metastasis_fake/images/75_Malignant_center1.png,/mnt/wangbd8/workspace/DataSets/ThyroidAgent/Classifaction_Data/Lymph_Node_Metastasis_fake/masks/75_Malignant_center1.png
0.604757794618292,134.24556872161025,132.09844813622905,8519.5,81.18605407735937,366.2497833620567,0.042989586637954894,8520.0,0.8933766745669877,38.0,74.0,27277719.0,1.4065169852884634,20.0,4.904773926102528,131.0,11.433869878110604,54.65645539906103,52.0,23.0,108.0,8.089629924819024,56.58277309630208,1.0211966782744102,27277719.0,0.42181599770768585,214.2820944780577,7.661531168523347,2.6953069447736433,10.24393727205848,1.491771114001546,1.669653545870129,0.08224697795686181,0.906105424550938,0.08224697795686181,0.4100474894101808,0.0754824125738253,0.3635954876530348,1.8392105208369252,-0.6802434621757933,0.921861026093596,0.958876511021569,0.9977771087038686,0.958876511021569,0.9882504317204482,0.08224697795686181,0.4638539938374022,1.756963542880065,0.4379751309567476,278.8144329896907,0.3592969497289829,0.7035551068126262,9.275773195876289,259.2474226804124,1731.7190721649486,47.15239654925544,0.14616015177548683,6.162213461421737,43.146907216494846,0.055601684557338715,0.09107981220657277,138.70060580295464,0.13022431993326528,1.5298961692596296,0.016984175599741018,278.8144329896907,0.3592969497289829,0.7035551068126262,9.275773195876289,259.2474226804124,1731.7190721649486,47.15239654925544,0.14616015177548683,43.146907216494846,0.055601684557338715,0.13022431993326528,1.5298961692596296,0.016984175599741018,6.162213461421737,0.09107981220657277,138.70060580295464,2.098448016366163,6041.3622065727695,0.7090800711939871,0.16376622804117347,3593.8723004694834,0.4489023341929511,7.761737089201878,8.103990610328639,61.59342723004695,1.3298850743348982,0.1623524713093375,0.14092983828899322,1.1539710485133021,0.022297770677563323,13.408287793901545,0.003647524157355562,1.4024154689158288,0.002457020209452029,0.06860030806713044,76_Benign_center1.png,/mnt/wangbd8/workspace/DataSets/ThyroidAgent/Classifaction_Data/Lymph_Node_Metastasis_fake/images/76_Benign_center1.png,/mnt/wangbd8/workspace/DataSets/ThyroidAgent/Classifaction_Data/Lymph_Node_Metastasis_fake/masks/76_Benign_center1.png
0.4973128450889258,103.69121413075456,104.23531071570709,4108.5,51.566972710090575,266.83556979968347,0.064947199659166,4109.0,0.8515356920566273,14.0,61.0,6789131.0,1.6709540512848433,24.0,3.930829088434486,119.0,14.680616737348483,36.178388902409345,34.0,0.0,119.0,10.49959197519209,40.64798519500968,0.8419020000882711,6789131.0,0.35620252239399225,343.3828768397503,4.449962751427862,1.9703253041966726,20.444841683454946,2.4828603725698364,2.4109300957054907,0.13980630742488204,0.8903796509484038,0.13980630742488204,0.5837313233935943,0.1202605038291014,0.2725751598858191,2.3297617687911494,-0.5980662440807964,0.9289766589133687,0.9300968462875591,0.9946228343298122,0.9300968462875591,0.9766989487625197,0.13980630742488204,0.42264713185994535,2.1899554613662686,0.6376841007825931,210.33953488372094,0.32610780602127276,0.7652761252328587,5.1395348837209305,73.4217054263566,306.45116279069765,33.61993884582257,0.4047648578811369,5.570458912039075,54.87906976744186,0.08508382909680909,0.15697249939157945,32.83789195360856,0.18672372124331182,1.1570654071398923,0.07118022373103747,210.33953488372094,0.32610780602127276,0.7652761252328587,5.1395348837209305,73.4217054263566,306.45116279069765,33.61993884582257,0.4047648578811369,54.87906976744186,0.08508382909680909,0.18672372124331182,1.1570654071398923,0.07118022373103747,5.570458912039075,0.15697249939157945,32.83789195360856,2.640621321332805,2357.9812606473592,0.573857693026858,0.25480918753217935,1463.636164516914,0.6475550260037961,4.555609637381358,7.469700657094183,33.18885373570212,3.2841444255158057,0.4338448122008599,0.16676130986182092,0.8085097752900138,0.07041015806915864,21.045974620345323,0.005076951209868733,1.666505769623748,0.009101071489831887,0.0639710739491708,76_Malignant_center1.png,/mnt/wangbd8/workspace/DataSets/ThyroidAgent/Classifaction_Data/Lymph_Node_Metastasis_fake/images/76_Malignant_center1.png,/mnt/wangbd8/workspace/DataSets/ThyroidAgent/Classifaction_Data/Lymph_Node_Metastasis_fake/masks/76_Malignant_center1.png
0.38978272773777994,173.67087670399977,166.50825805346713,9121.5,67.69390805029668,416.3086578651023,0.04564037251165952,9122.0,0.8132472817692996,42.0,65.0,26140186.0,1.0845216324248017,13.0,3.2574592511844815,97.0,7.666775274253786,52.65928524446393,52.0,25.0,72.0,5.468277748105188,53.53148643055813,0.39478140047299926,26140186.0,0.5062799957755526,92.61971700721266,2.9197039982328254,1.640159045725646,1.9412377889113186,-0.18199217701496917,0.9932132409870356,0.07488402915838303,0.8597805064173827,0.07488402915838303,0.38389106896167874,0.06927641133538948,0.4415932795832326,1.4733817076509912,-0.6306993757654098,0.8617654464373856,0.9625579854208085,0.9925115970841617,0.9625579854208085,0.9812789927104043,0.07488402915838303,0.5660481555113762,1.3984976784926086,0.26702431753635464,328.73458445040217,0.4406629818370002,0.3693263086775582,3.123324396782842,288.1903485254692,869.8753351206434,144.22278075662794,0.5495978552278821,6.037740239751434,34.65415549597855,0.046453291549569106,0.0817803113352335,138.6692494016345,0.10196475351431075,0.4335282776574249,0.04858636843224195,328.73458445040217,0.4406629818370002,0.3693263086775582,3.123324396782842,288.1903485254692,869.8753351206434,144.22278075662794,0.5495978552278821,34.65415549597855,0.046453291549569106,0.10196475351431075,0.4335282776574249,0.04858636843224195,6.037740239751434,0.0817803113352335,138.6692494016345,1.7327702310835227,6672.158298618724,0.7314359020630041,0.14645555261737156,4618.286121464591,0.2698409621510571,2.974895856171892,8.19184389388292,24.26869107651831,4.31465748252089,0.5289318862822481,0.136775560915004,0.41643523593753806,0.07239603211338211,69.92229923518164,0.0031180472451495427,0.27172962783487736,0.006744544986893336,0.00932229902388801,77_Benign_center1.png,/mnt/wangbd8/workspace/DataSets/ThyroidAgent/Classifaction_Data/Lymph_Node_Metastasis_fake/images/77_Benign_center1.png,/mnt/wangbd8/workspace/DataSets/ThyroidAgent/Classifaction_Data/Lymph_Node_Metastasis_fake/masks/77_Benign_center1.png
0.5260321339806908,299.79291372782905,304.19894805866767,36397.5,157.70070616053906,790.6417023478447,0.021722417812977395,36398.0,0.8553837428119114,34.0,90.0,165399635.0,1.9329484452935712,29.0,3.0024996152625687,150.0,17.464543400299565,63.74248585087093,64.0,3.0,147.0,12.325996810621309,67.41064973404276,0.008536755285971299,165399635.0,0.3070805576778738,481.09119511731984,10.253905603091361,3.0766353850400225,33.161517159880475,0.0072692850900142325,3.2889839197832047,0.13610267733922163,0.9205259934428704,0.13610267733922163,0.5739403557428918,0.11757873856031734,0.23639339176081536,2.6064251342405913,-0.6491261265677484,0.9582879688213051,0.9319486613303891,0.9972779464532155,0.9319486613303891,0.9829871653325972,0.13610267733922163,0.3845155948109302,2.4703224569013718,0.8562716492806066,1419.1306138458522,0.2783154763376843,1.0177776360672914,11.147872131790548,96.31888605608943,885.9129241027653,17.23564911798543,0.15730478031573486,6.12266795665785,394.1876838595803,0.07730686092558939,0.1400901148414748,45.364095902118635,0.15173276873859506,1.6995823869441766,0.028069011557034947,1419.1306138458522,0.2783154763376843,1.0177776360672914,11.147872131790548,96.31888605608943,885.9129241027653,17.23564911798543,0.15730478031573486,394.1876838595803,0.07730686092558939,0.15173276873859506,1.6995823869441766,0.028069011557034947,6.12266795665785,0.1400901148414748,45.364095902118635,2.8353098829948875,21898.610308258696,0.6016432306241742,0.227010330724031,11177.11813835925,0.8605613983043621,10.321281389087313,7.6244299137315235,77.54739271388537,1.2379294762028115,0.16145590622643916,0.15776507866732606,1.6640108430866165,0.02564818098512552,56.72491813844443,0.0006938854107666089,3.0089086372991853,0.005543180086492881,0.016249652710259486,77_Malignant_center1.png,/mnt/wangbd8/workspace/DataSets/ThyroidAgent/Classifaction_Data/Lymph_Node_Metastasis_fake/images/77_Malignant_center1.png,/mnt/wangbd8/workspace/DataSets/ThyroidAgent/Classifaction_Data/Lymph_Node_Metastasis_fake/masks/77_Malignant_center1.png
0.35677818288571117,144.27065935744216,135.95955280891445,5723.5,51.47262368927163,334.9949493661173,0.05852973693825758,5724.0,0.800566690445161,64.0,97.0,37402278.0,1.3122736826195225,18.0,27.258707178837973,255.0,10.594716497677219,79.59853249475891,78.0,50.0,205.0,7.514575889572248,80.83495751464295,2.385567553014969,37402278.0,0.4396865039425987,198.36398107493991,3.1670194003527334,1.6801587301587304,30.91365971576391,2.422211968149986,1.5401889644746787,0.16384479717813052,0.8076977101448842,0.10458553791887125,0.46840490566623166,0.15290666243635084,0.3666873672194072,1.8092997296875326,-0.6174089060432512,0.8951491895161594,0.9508981142314475,0.9983607376850997,0.9509994121105232,0.9898900300861084,0.09613646384479717,0.47548500881834216,1.71212159917607,0.4260084404132023,236.14710743801652,0.39032579741820916,0.7252510074448466,4.061157024793388,177.93719008264463,508.59834710743803,103.94704877053361,0.49622742577288026,5.839123569475418,35.67438016528926,0.05896591762857728,0.1056953179594689,88.42369783484735,0.12089121755852776,0.7621108897342262,0.051587766786786,236.14710743801652,0.39032579741820916,0.7252510074448466,4.061157024793388,177.93719008264463,508.59834710743803,103.94704877053361,0.49622742577288026,35.67438016528926,0.05896591762857728,0.12089121755852776,0.7621108897342262,0.051587766786786,5.839123569475418,0.1056953179594689,88.42369783484735,2.0736158147894064,3848.964709993012,0.6724257005578288,0.1817290933854097,2516.7655485674354,0.42742573474150547,3.257861635220126,7.9580712788259955,25.136268343815512,4.339224976490583,0.5397214781168309,0.1450617283950617,0.5142091777311902,0.07643900516584085,23.92547890696528,0.004212318824848413,2.241658176276068,0.004469152729608509,0.21172427925158807,78_Benign_center1.png,/mnt/wangbd8/workspace/DataSets/ThyroidAgent/Classifaction_Data/Lymph_Node_Metastasis_fake/images/78_Benign_center1.png,/mnt/wangbd8/workspace/DataSets/ThyroidAgent/Classifaction_Data/Lymph_Node_Metastasis_fake/masks/78_Benign_center1.png
0.3471358259767834,378.35078051585447,350.5253200554847,33708.5,131.33911070333184,916.624458405142,0.027192680137209962,33709.0,0.7100406358142067,30.0,92.0,153527958.0,2.0317871002512935,32.0,3.1031111062155348,168.0,18.978019551216132,63.17351449167878,64.0,3.0,165.0,13.552653834683404,67.48710557469157,0.11939801793351881,153527958.0,0.2854510784230655,563.6164856192166,10.30856648571258,3.063234504563622,46.82089543995623,0.7794578427635364,3.83868553962001,0.13804211656624713,0.9305750212230364,0.13798246137326248,0.5792579127781085,0.11900295691962313,0.21896905536420058,2.7194018440800396,-0.6609379533446608,0.9652692227052815,0.9310147348326671,0.9972392927370364,0.9310187118455328,0.9827530208726891,0.137930263079401,0.35646960567917435,2.5810306277394557,0.9941819140465645,1233.3801996672214,0.2565266638242973,1.1865753071004788,10.690099833610649,88.92366888519135,892.1963394342762,14.909066980438874,0.18534489357306982,6.215874966936844,371.3040765391015,0.07722630543658517,0.14263253137144383,39.76922124904139,0.15053673815298704,1.6161123171028073,0.03318502699778566,1233.3801996672214,0.2565266638242973,1.1865753071004788,10.690099833610649,88.92366888519135,892.1963394342762,14.909066980438874,0.18534489357306982,371.3040765391015,0.07722630543658517,0.15053673815298704,1.6161123171028073,0.03318502699778566,6.215874966936844,0.14263253137144383,39.76922124904139,2.9455674900630893,20121.028597703877,0.5969037526388762,0.2295200438062355,9622.270402563114,0.9953882158703586,10.371058174374797,7.599305823370613,78.36292978136403,1.3148055901486844,0.17476914241128333,0.15856299504583346,1.658678361532199,0.0286705090059818,51.961873452626264,0.0008014539104800069,3.043494156692881,0.00651111280665146,0.017763523906436145,78_Malignant_center1.png,/mnt/wangbd8/workspace/DataSets/ThyroidAgent/Classifaction_Data/Lymph_Node_Metastasis_fake/images/78_Malignant_center1.png,/mnt/wangbd8/workspace/DataSets/ThyroidAgent/Classifaction_Data/Lymph_Node_Metastasis_fake/masks/78_Malignant_center1.png
0.39215828013048387,137.91683353508566,144.62710672622887,5802.5,54.08522824016143,339.70562748477266,0.058544700988327904,5803.0,0.7948950000071193,46.0,86.0,26877229.0,1.5844218822224996,22.0,5.860249991318534,175.0,13.489085446631634,65.69894881957607,64.0,19.0,156.0,9.143591964524921,68.05592802979439,1.0006979955176842,26877229.0,0.4118196186354019,315.2574639992762,10.45545073375262,3.1546121593291403,23.83304599004241,2.549285467635415,2.1353376932171284,0.11984626135569534,0.8937148687026757,0.11984626135569536,0.5289187867892707,0.10548313499475773,0.33551568640090323,2.178870280831062,-0.618398019853363,0.9261735285769606,0.9400768693221525,0.9981562113637586,0.9400768693221525,0.9866837487382563,0.11984626135569536,0.5267295597484277,2.0590240194753693,0.563795988643206,247.56209150326796,0.32361057712845487,0.816550899226793,11.470588235294118,120.81960784313725,1205.3150326797386,14.016907505594828,0.12136300631363657,5.8897405909238145,57.89673202614379,0.07568200264855397,0.13182836463897984,63.27796317655603,0.17504946538169988,2.3690711679443677,0.02140495639422383,247.56209150326796,0.32361057712845487,0.816550899226793,11.470588235294118,120.81960784313725,1205.3150326797386,14.016907505594828,0.12136300631363657,57.89673202614379,0.07568200264855397,0.17504946538169988,2.3690711679443677,0.02140495639422383,5.8897405909238145,0.13182836463897984,63.27796317655603,2.4525723732296982,3593.389798380148,0.6192296740272528,0.2237816998457215,2389.7892469412373,0.5723091109440295,10.5759090125797,7.711356195071515,80.49181457866621,0.9161027139473171,0.11917214632708158,0.1567867195128956,1.7265686330825052,0.01876850973187125,6.981188860148973,0.004041471923157014,3.938950097475576,0.0024726188171309707,0.17345385258533633,79_Benign_center1.png,/mnt/wangbd8/workspace/DataSets/ThyroidAgent/Classifaction_Data/Lymph_Node_Metastasis_fake/images/79_Benign_center1.png,/mnt/wangbd8/workspace/DataSets/ThyroidAgent/Classifaction_Data/Lymph_Node_Metastasis_fake/masks/79_Benign_center1.png
0.6877551277804942,177.6462826952056,189.42280749687984,16612.5,122.17714185477094,519.102597104443,0.031247710886648187,16613.0,0.8801754020008213,41.0,93.0,84254266.0,1.8499292998080281,26.0,3.827837740270764,168.0,16.279067076090957,68.0405706374526,69.0,0.0,168.0,11.131592732180025,71.21507191899998,-0.13007741042311505,84254266.0,0.333367844024363,442.06721575816266,11.331837205070665,3.2606599138715353,32.15109661088236,-0.5350903484070665,2.949976107269261,0.15023958270152243,0.903077980549838,0.1502395827015224,0.6104395359037182,0.12766765049119483,0.25164701392333433,2.5624860976598813,-0.6094860848723607,0.9456303495001089,0.9248802086492388,0.9969952083459696,0.9248802086492388,0.9812200521623098,0.1502395827015224,0.38879116879966036,2.4122465149583605,0.7750539224926958,752.9731079523626,0.2892712669813149,0.9932775046493976,11.721859393008067,72.2754514022282,802.2827506723012,9.09288331621546,0.14320524982947463,5.896039181846976,221.39262389550518,0.08505287126219946,0.1566845241678204,31.54232040249076,0.1628274515366438,1.9546481673614646,0.0244057457258473,752.9731079523626,0.2892712669813149,0.9932775046493976,11.721859393008067,72.2754514022282,802.2827506723012,9.09288331621546,0.14320524982947463,221.39262389550518,0.08505287126219946,0.1628274515366438,1.9546481673614646,0.0244057457258473,5.896039181846976,0.1566845241678204,31.54232040249076,2.8059434668130643,9519.665382531752,0.5730250636568803,0.2465900640681788,5538.239992776741,0.7832389885511405,11.392644314693312,7.464575934509119,84.54029976524409,1.0100064834617808,0.13660696422070903,0.16423550499274328,1.889948969013557,0.02291598023488998,28.21245436114378,0.0012920478935781222,3.293161970498816,0.005563245690064081,0.03014112221012678,79_Malignant_center1.png,/mnt/wangbd8/workspace/DataSets/ThyroidAgent/Classifaction_Data/Lymph_Node_Metastasis_fake/images/79_Malignant_center1.png,/mnt/wangbd8/workspace/DataSets/ThyroidAgent/Classifaction_Data/Lymph_Node_Metastasis_fake/masks/79_Malignant_center1.png
0.29827260076855394,155.4141583741791,145.13442045221387,5527.5,46.35578521452233,353.7228714274753,0.0639932829357712,5528.0,0.7450855927369768,31.0,63.0,13680773.0,1.2520404760535901,17.0,3.8014108174293773,124.0,10.045241328974347,48.09605643994211,49.0,11.0,113.0,7.239640816060396,49.74750464620189,0.28928327878404053,13680773.0,0.4618753809052088,161.58357344978126,6.4255941499085925,2.4785191956124315,4.418330882694492,0.21705028559671727,1.2338032946869912,0.1036563071297989,0.8449952327696574,0.1036563071297989,0.48047980389912126,0.0929116771220117,0.382205932976615,1.7656892398465118,-0.5804496930961374,0.8740771684762083,0.9481718464351007,0.9960132189565463,0.9481718464351007,0.9827239488117003,0.1036563071297989,0.4524680073126143,1.6620329327167143,0.33436490045419753,247.192,0.3955072,0.51060224,6.9744,170.5696,1005.7232,34.435199555555556,0.21360044444444443,5.729865869243225,43.1856,0.06909696,0.11306078147612156,92.33911296,0.1321016090638219,0.9799309241919986,0.03792279747759005,247.192,0.3955072,0.51060224,6.9744,170.5696,1005.7232,34.435199555555556,0.21360044444444443,43.1856,0.06909696,0.1321016090638219,0.9799309241919986,0.03792279747759005,5.729865869243225,0.11306078147612156,92.33911296,2.034545119790683,3625.9352387843705,0.6559217146860294,0.19199494325428657,2553.247105643994,0.3387537606208415,6.510311143270623,7.886396526772793,50.83556439942113,1.541249849252291,0.1974545244412285,0.14771265476764753,0.9815384306158547,0.030376347237855313,16.23492684462962,0.004124078973725036,1.159938498424579,0.003483746615646678,0.045817757395945104,7_Benign_center1.png,/mnt/wangbd8/workspace/DataSets/ThyroidAgent/Classifaction_Data/Lymph_Node_Metastasis_fake/images/7_Benign_center1.png,/mnt/wangbd8/workspace/DataSets/ThyroidAgent/Classifaction_Data/Lymph_Node_Metastasis_fake/masks/7_Benign_center1.png
0.39478266837006454,250.11723754281766,256.2225595063791,19040.5,98.74195044250284,625.3868683519053,0.0328450864395318,19041.0,0.782159543153925,70.0,113.0,160963377.0,1.5676557679975751,20.0,9.136366037700832,255.0,13.366274365185136,90.19479018959089,88.0,47.0,208.0,8.977103901238722,91.94299804185145,1.375562487844845,160963377.0,0.42171793228160975,318.41471157958125,10.31537242472266,3.1306127839408346,32.99735811537387,3.3296495518259026,2.1880211075977356,0.12947702060221872,0.8882613806443188,0.11077654516640255,0.49871324648098314,0.1172055776432147,0.352973513785183,2.122805536043862,-0.6422670213227166,0.9304790924752763,0.9457577418940335,0.9987855340185362,0.9458088068824994,0.9900304668762765,0.10756462824608626,0.5505018489170629,2.0147759533708585,0.5793745320499888,678.8543599257885,0.31486751388023587,0.9376127285118803,11.773191094619666,172.04313543599258,1584.997680890538,21.919633451865597,0.11791537827252112,6.1518601072040875,143.13450834879407,0.06638891852912526,0.11322934719815136,94.04540011737535,0.150482748154207,1.9382396462323999,0.018603348658110034,678.8543599257885,0.31486751388023587,0.9376127285118803,11.773191094619666,172.04313543599258,1584.997680890538,21.919633451865597,0.11791537827252112,143.13450834879407,0.06638891852912526,0.150482748154207,1.9382396462323999,0.018603348658110034,6.1518601072040875,0.11322934719815136,94.04540011737535,2.3577538098628197,12516.992227298986,0.6573705281917435,0.19702274616685794,8029.931148574129,0.5878231175959138,10.41389632897432,7.88955412005672,80.67375663042907,0.9571325764869959,0.12087587311590779,0.14923936067783555,1.612768353669567,0.017984115336560937,25.454089835291033,0.0013635567282673344,3.2034419498661184,0.003107725110970467,0.06579806350256383,7_Malignant_center1.png,/mnt/wangbd8/workspace/DataSets/ThyroidAgent/Classifaction_Data/Lymph_Node_Metastasis_fake/images/7_Malignant_center1.png,/mnt/wangbd8/workspace/DataSets/ThyroidAgent/Classifaction_Data/Lymph_Node_Metastasis_fake/masks/7_Malignant_center1.png
0.5458794322208447,185.39930124137163,182.4828759089466,14304.5,101.20566529578129,490.71782079359275,0.03430513620144659,14305.0,0.8639914465902342,63.0,101.0,98193702.0,1.4388404244648443,20.0,5.298984855250416,255.0,11.916757844927524,81.47025515554002,80.0,37.0,218.0,8.479757336670753,82.85102501076133,0.40955151572643683,98193702.0,0.4241733659559595,226.889870225004,8.109630569655952,2.781831641285956,10.586376422456087,0.5603907524550685,1.6118522317990382,0.1276790750141004,0.853202900673272,0.1247179921037789,0.5424438834770058,0.11212449745970215,0.3391480984627468,2.0436396077222794,-0.5744594159415186,0.8985477354526796,0.9378186689227298,0.9987468694574972,0.9378260716300056,0.9886778353858078,0.12422591710118903,0.4987309644670051,1.9193446274628339,0.4348828267032847,663.432059447983,0.35214015894266615,0.6340720944279913,8.797770700636942,115.50902335456476,895.343949044586,17.93328054965794,0.1629148973814579,5.7833995267541995,141.63694267515925,0.07517884430740936,0.13170220202726318,57.85708316992802,0.15536353687978915,1.4791426955054494,0.02720395483065565,663.432059447983,0.35214015894266615,0.6340720944279913,8.797770700636942,115.50902335456476,895.343949044586,17.93328054965794,0.1629148973814579,141.63694267515925,0.07517884430740936,0.15536353687978915,1.4791426955054494,0.02720395483065565,5.7833995267541995,0.13170220202726318,57.85708316992802,2.3044816383569104,8845.41747640685,0.6183444583297344,0.21974779486351237,6067.8,0.4398054224140996,8.193918210415939,7.708703250611674,62.4046137714086,1.2022593887141246,0.1569214726785506,0.15555555555555556,1.3075226222377567,0.024779540521530502,31.94953430407976,0.0014683764775634538,3.0885140543031175,0.0036535158590382494,0.0728555076173113,80_Benign_center1.png,/mnt/wangbd8/workspace/DataSets/ThyroidAgent/Classifaction_Data/Lymph_Node_Metastasis_fake/images/80_Benign_center1.png,/mnt/wangbd8/workspace/DataSets/ThyroidAgent/Classifaction_Data/Lymph_Node_Metastasis_fake/masks/80_Benign_center1.png
0.7101332946024725,202.7674061664814,199.12307751739877,22704.5,143.99188617900114,583.9310242291893,0.025718735238793602,22705.0,0.9147435444175067,37.0,89.0,95217055.0,1.7959918707251088,27.0,3.3257812616846136,150.0,16.139711622521098,61.45390883065404,59.0,12.0,138.0,11.251281422711674,64.75847594719059,0.6086782366386738,95217055.0,0.3380318254280739,417.0772964365241,9.694721446616143,3.0028586624119127,26.62949445075673,2.5759344321680047,2.83252503944944,0.1222798386739352,0.9172332226880602,0.12227983867393519,0.5358788785276222,0.10732747972781156,0.2699237340968588,2.4165497931921616,-0.6526469221551701,0.9506732565506889,0.9388600806630324,0.9975544032265212,0.9388600806630324,0.9847150201657581,0.12227983867393519,0.42649470371847714,2.294269954518228,0.7387012195308439,832.6718372974836,0.28702924415631975,0.9769567982893131,10.693898655635987,122.84419165804894,1098.878662530162,17.984053532248243,0.15106442887392804,6.197812106587562,205.96449500172355,0.07099775767036316,0.12776921382955297,61.5883438783783,0.15696711931230983,1.843895467648474,0.02764756943960896,832.6718372974836,0.28702924415631975,0.9769567982893131,10.693898655635987,122.84419165804894,1098.878662530162,17.984053532248243,0.15106442887392804,205.96449500172355,0.07099775767036316,0.15696711931230983,1.843895467648474,0.02764756943960896,6.197812106587562,0.12776921382955297,61.5883438783783,2.6543393094906356,14222.616207883726,0.6264089939609657,0.21560740113287238,7675.012596344418,0.7417523136117571,9.770314908610437,7.747676723188725,74.5722528077516,1.1251610446718507,0.1459238722428706,0.15435415596173138,1.5576940957694096,0.02306026739159781,34.067949144819856,0.0011679205630894562,2.806829799505244,0.004318546203555411,0.028909100370812967,80_Malignant_center1.png,/mnt/wangbd8/workspace/DataSets/ThyroidAgent/Classifaction_Data/Lymph_Node_Metastasis_fake/images/80_Malignant_center1.png,/mnt/wangbd8/workspace/DataSets/ThyroidAgent/Classifaction_Data/Lymph_Node_Metastasis_fake/masks/80_Malignant_center1.png
0.40560807890242034,87.8156906857633,87.5728268357257,2425.5,35.61875359654162,214.6101730552669,0.08848079697186843,2426.0,0.8134957094872981,73.0,167.0,33188886.0,2.407577095275995,62.0,2.0659153592236756,208.0,31.004598438596982,111.26710634789778,101.0,46.0,162.0,24.41351501959259,116.96365723844275,0.5303977531748796,33188886.0,0.21385322104788126,1300.1281595575279,17.940560904143993,3.979698618668899,154.3147528687349,12.617778102407815,8.579766233579644,0.16952699874424448,0.9612478415701201,0.1678526580159062,0.6584326633732561,0.14135248394123964,0.15673527036590373,3.1905157930929944,-0.6737106297702643,0.9802494390967619,0.9162411050648807,0.9973941651877288,0.9163527277801032,0.9813683084507697,0.16638760987861026,0.3005441607367099,3.0147822206959742,2.187323308080972,82.72935779816514,0.18974623348203012,2.190430098476559,18.857798165137616,53.69724770642202,891.0344036697247,5.201308626661675,0.09475946360960286,5.959582232900545,42.444954128440365,0.0973508122211935,0.179719703215169,22.73670145610639,0.19939150852838608,3.811704013765115,0.01829899200927846,82.72935779816514,0.18974623348203012,2.190430098476559,18.857798165137616,53.69724770642202,891.0344036697247,5.201308626661675,0.09475946360960286,42.444954128440365,0.0973508122211935,0.19939150852838608,3.811704013765115,0.01829899200927846,5.959582232900545,0.179719703215169,22.73670145610639,3.4260605402609627,1307.8466611706513,0.5390959032030714,0.27640924880162626,518.8079142621599,2.179968621059707,18.07790601813685,7.248969497114592,129.67065127782357,0.6936296181017061,0.0955273802980934,0.1751396903911331,3.21306219657415,0.016623383111374075,2.932507926921335,0.012490989599423335,4.426099190856249,0.01306158327598782,0.30242398585349944,81_Benign_center1.png,/mnt/wangbd8/workspace/DataSets/ThyroidAgent/Classifaction_Data/Lymph_Node_Metastasis_fake/images/81_Benign_center1.png,/mnt/wangbd8/workspace/DataSets/ThyroidAgent/Classifaction_Data/Lymph_Node_Metastasis_fake/masks/81_Benign_center1.png
0.6228907711662915,152.53490853088005,160.63934760823702,11303.5,95.01258680457963,425.1198410471457,0.03760957588774678,11304.0,0.8865434523926928,23.0,71.0,33196687.0,1.7425301519075758,25.0,32.08289456870765,255.0,16.496195989845578,47.063428874734605,44.0,0.0,255.0,10.411177558259046,54.191515613357346,4.079218868503854,33196687.0,0.354654910498961,721.7540270255498,6.89185079166294,2.3993648805796584,670.1647606074247,39.24665441080987,4.782104120458759,0.24250827444315234,0.9034718480218663,0.09312103050362286,0.40034224336728635,0.23383674812109573,0.31079580905314746,2.1704673813247677,-0.7505008056626319,0.9624291852637228,0.9618576224837965,0.9984594996445623,0.9621631474547655,0.9929097917605779,0.07036566210555546,0.4588961445567582,2.0971155609472767,1.2561530987254779,283.97354497354496,0.3005011057921111,2.2190464992581393,8.973544973544973,279.0201058201058,1663.9671957671958,73.32557571870703,0.2847899145373893,6.611958252573774,43.196825396825396,0.04571092634584698,0.08359872611464968,135.93294028722602,0.0844167114127053,1.1278806832583579,0.020105106021041038,283.97354497354496,0.3005011057921111,2.2190464992581393,8.973544973544973,279.0201058201058,1663.9671957671958,73.32557571870703,0.2847899145373893,43.196825396825396,0.04571092634584698,0.0844167114127053,1.1278806832583579,0.020105106021041038,6.611958252573774,0.08359872611464968,135.93294028722602,2.4018148449984755,8201.937898089172,0.7255783703192827,0.14720424763682097,4009.019108280255,1.2651949967043463,7.062367303609342,8.171974522292993,56.177724699221514,2.3191626171318798,0.2839419540414764,0.1367657466383581,1.0292030353070694,0.038702001177375274,19.745359890012207,0.0033926074231895105,2.32636164639791,0.007883218412468399,0.1763788953162591,81_Malignant_center1.png,/mnt/wangbd8/workspace/DataSets/ThyroidAgent/Classifaction_Data/Lymph_Node_Metastasis_fake/images/81_Malignant_center1.png,/mnt/wangbd8/workspace/DataSets/ThyroidAgent/Classifaction_Data/Lymph_Node_Metastasis_fake/masks/81_Malignant_center1.png
0.5266772880914378,159.97555379545338,165.42369842317032,10322.5,84.2554908339153,425.36248173426515,0.041207312350134674,10323.0,0.8467168385639777,67.0,108.0,77420790.0,1.5739047154200028,20.0,4.158419403176942,163.0,12.919247359029495,84.9783977525913,82.0,45.0,118.0,8.778849571364686,86.60158399521058,1.0215271733533837,77420790.0,0.3913875064140835,278.50626588189755,9.012114107073076,2.9177901524032825,15.714169035678935,2.0399576161628388,2.110617590170911,0.11615865572489252,0.8956710123534087,0.11615865572489252,0.5182172985546796,0.10266582242507843,0.3168337865300365,2.150890324335697,-0.6289320685858841,0.9279022240729092,0.9419206721375538,0.9968605768723002,0.9419206721375538,0.9834059063250153,0.11615865572489252,0.48427119968737786,2.034731668610806,0.5566940614739511,422.9623824451411,0.3314752213519914,0.7656242322697301,9.723354231974922,119.25940438871473,1040.1669278996865,16.862607323232325,0.1429210205503309,5.987102833787994,85.2601880877743,0.06681832922239365,0.12360747844618812,53.809275532866224,0.13922150611388548,1.5855726048965753,0.01986543872819719,422.9623824451411,0.3314752213519914,0.7656242322697301,9.723354231974922,119.25940438871473,1040.1669278996865,16.862607323232325,0.1429210205503309,85.2601880877743,0.06681832922239365,0.13922150611388548,1.5855726048965753,0.01986543872819719,5.987102833787994,0.12360747844618812,53.809275532866224,2.4120756211883463,6542.727598566308,0.6338009879459758,0.20683012980825882,4040.2932287125836,0.5612309162102452,9.086408989634796,7.784655623365301,70.0111401724305,1.106819211684803,0.1422848386020429,0.15178081307113567,1.420533436662469,0.021607902705572956,21.12972019638687,0.0023287742927501414,1.8921716411065164,0.004334865031402068,0.03827298006821149,82_Benign_center1.png,/mnt/wangbd8/workspace/DataSets/ThyroidAgent/Classifaction_Data/Lymph_Node_Metastasis_fake/images/82_Benign_center1.png,/mnt/wangbd8/workspace/DataSets/ThyroidAgent/Classifaction_Data/Lymph_Node_Metastasis_fake/masks/82_Benign_center1.png
0.31213944078264516,173.6445563244632,169.23947530053383,7319.5,54.20131470606847,398.5512985522216,0.054450618013829034,7320.0,0.760959268451479,58.0,118.0,60908890.0,1.9811767847671842,28.0,3.747254550621879,196.0,18.27147720146914,88.07377049180327,87.0,29.0,167.0,12.349280112922168,91.2188939421097,0.6197846281065746,60908890.0,0.30594157783152676,563.89756337902,10.183594825213323,3.045554638040187,52.03829152238825,4.5328939902132195,3.758558444706137,0.12579135700522984,0.9352317049562278,0.1257913570052298,0.5457819404271628,0.10996789150801262,0.24410594870445088,2.617977614498447,-0.6773244265860183,0.9651545731426294,0.9371043214973851,0.9974841728598954,0.9371043214973851,0.9842760803743462,0.1257913570052298,0.3996696944673823,2.4921862574932194,0.9710874504278416,244.12190082644628,0.25219204630831227,1.3224154343965577,11.53202479338843,111.7892561983471,1015.5568181818181,16.93716946248196,0.16960625503644985,6.194697557838783,73.64462809917356,0.07607916125947681,0.13224043715846995,54.60566218154497,0.13402310843315304,1.7123278268724607,0.02562329486697536,244.12190082644628,0.25219204630831227,1.3224154343965577,11.53202479338843,111.7892561983471,1015.5568181818181,16.93716946248196,0.16960625503644985,73.64462809917356,0.07607916125947681,0.13402310843315304,1.7123278268724607,0.02562329486697536,6.194697557838783,0.13224043715846995,54.60566218154497,2.840263356327178,4507.128961748634,0.6157280002388844,0.21474932067245958,2239.492349726776,0.9750804555227089,10.270081967213114,7.697814207650273,77.4474043715847,1.1990403539831236,0.15771879530500724,0.15402246508803885,1.6462128111718275,0.024933749364955456,10.565459545115583,0.004036304685863009,2.7034765371459706,0.005810393554897225,0.08986774285918821,83_Benign_center1.png,/mnt/wangbd8/workspace/DataSets/ThyroidAgent/Classifaction_Data/Lymph_Node_Metastasis_fake/images/83_Benign_center1.png,/mnt/wangbd8/workspace/DataSets/ThyroidAgent/Classifaction_Data/Lymph_Node_Metastasis_fake/masks/83_Benign_center1.png
0.44770544911034377,116.71606836184763,117.957619508025,4664.5,52.254419804334574,292.20815280171394,0.06264511797657069,4665.0,0.8285431895300079,39.0,95.0,23641433.0,1.8955031778631652,26.0,3.8928482936549207,155.0,16.943091067204755,67.51232583065381,67.0,14.0,141.0,10.90439904833962,71.18870203123349,0.5750537285043629,23641433.0,0.33518121423705527,509.91715782738214,11.281500759054437,3.2341140750379527,44.88902301688876,3.599771903130005,3.378897294293238,0.09086965950986771,0.9476220387595377,0.09086965950986771,0.43936598507576985,0.08261236449042841,0.28581693018980336,2.3991271511774226,-0.7336611088620566,0.9684808443207374,0.9545651702450662,0.9981826068098026,0.9545651702450662,0.9886412925612665,0.09086965950986771,0.4617219692040772,2.3082574916675567,0.8674417384507764,129.76109936575054,0.27433636229545566,1.159089791667598,12.773784355179703,192.615221987315,1996.7758985200846,24.77535124620673,0.13169951772111238,6.355528692155669,26.353065539112052,0.05571472629833415,0.10139335476956056,95.34475190967645,0.12878758761774822,1.747450157132942,0.015094485846004908,129.76109936575054,0.27433636229545566,1.159089791667598,12.773784355179703,192.615221987315,1996.7758985200846,24.77535124620673,0.13169951772111238,26.353065539112052,0.05571472629833415,0.12878758761774822,1.747450157132942,0.015094485846004908,6.355528692155669,0.10139335476956056,95.34475190967645,2.6415778127931757,3190.061521972133,0.6838288364356127,0.17881324175262409,1563.6203644158627,0.8690197808358291,11.358842443729904,8.003215434083602,89.48960342979636,1.0381857648382684,0.12996345998206357,0.14451589853519115,1.6865785399547457,0.01877581738105905,4.8024648349126196,0.007962360989380959,1.9586947961411152,0.003809972907354551,0.177597770033452,84_Benign_center1.png,/mnt/wangbd8/workspace/DataSets/ThyroidAgent/Classifaction_Data/Lymph_Node_Metastasis_fake/images/84_Benign_center1.png,/mnt/wangbd8/workspace/DataSets/ThyroidAgent/Classifaction_Data/Lymph_Node_Metastasis_fake/masks/84_Benign_center1.png
0.2532932822145779,191.52737350971205,185.82787734890587,7213.5,48.51259707021237,423.48023074035603,0.05870662379432398,7214.0,0.7109594137335676,77.0,110.0,63652988.0,1.2931423384481457,17.0,6.911287201927982,183.0,10.786920036349244,92.79733850845578,91.0,58.0,125.0,7.2316620840416395,93.93367821187445,1.3472293967260571,63652988.0,0.5214757384622158,212.1898681590466,5.290340591848129,2.222361809045226,14.219253542362047,2.172917513419138,1.4912214618598294,0.08542713567839197,0.8916345267908422,0.08542713567839197,0.42101912899883187,0.07812934016817756,0.45942060635081855,1.7431206564744592,-0.6453147939186039,0.8999965011639819,0.9572864321608039,0.9976911584951784,0.9572864321608039,0.9877961234745153,0.08542713567839197,0.6468453378001117,1.6576935207960686,0.39416214938455535,230.44712990936557,0.34810744699299934,0.6669458110093921,6.001510574018127,274.0845921450151,1291.439577039275,68.38776518966097,0.30453591809331987,6.100044124006263,38.87613293051359,0.05872527633008096,0.09176601053507069,155.3338596763447,0.15587445825217414,0.9862656279306087,0.05941285581827657,230.44712990936557,0.34810744699299934,0.6669458110093921,6.001510574018127,274.0845921450151,1291.439577039275,68.38776518966097,0.30453591809331987,38.87613293051359,0.05872527633008096,0.15587445825217414,0.9862656279306087,0.05941285581827657,6.100044124006263,0.09176601053507069,155.3338596763447,1.978263703909588,5122.037981702246,0.7100135821600008,0.17008644359622022,3761.9259772664263,0.39941021635763685,5.356113113390629,8.102578319933462,42.827418907679515,2.0828977605273695,0.26162600499029665,0.14278563287434928,0.787750669993531,0.03919251233027687,14.144587493848524,0.004048214947082524,1.6100041496332638,0.0022884607165856658,0.09557848985395781,85_Benign_center1.png,/mnt/wangbd8/workspace/DataSets/ThyroidAgent/Classifaction_Data/Lymph_Node_Metastasis_fake/images/85_Benign_center1.png,/mnt/wangbd8/workspace/DataSets/ThyroidAgent/Classifaction_Data/Lymph_Node_Metastasis_fake/masks/85_Benign_center1.png
0.560943118855818,132.3493233248357,138.2931668593933,7598.5,74.24044220429039,355.3624817342651,0.046767451698922824,7599.0,0.8695554706687436,49.0,110.0,47205843.0,1.9645294708249987,29.0,3.9874312204858096,167.0,19.346519282315995,74.67258849848665,70.0,15.0,152.0,12.662545037187822,78.81695575702336,1.055875729037958,47205843.0,0.3250485009031376,636.1170417402599,13.379388297872342,3.516688829787234,73.15888855918618,9.072320454883817,4.208327421203032,0.15917553191489361,0.9271091359875283,0.15917553191489364,0.6323335118690487,0.13383868195450432,0.24873236086747397,2.7077947894064054,-0.6202161998943979,0.9551663391148332,0.9204122340425531,0.9968164893617021,0.9204122340425531,0.9801030585106383,0.15917553191489364,0.43497340425531916,2.548619257491514,1.0918757382794815,317.44514106583074,0.24878145851554131,1.3927800188677393,15.035266457680251,65.83463949843261,798.435736677116,6.889250985399386,0.10126539853140838,5.897781670246971,121.50940438871473,0.0952268059472686,0.167916831161995,30.368694170654774,0.1841847529633323,3.0384054018284523,0.019151332058840488,317.44514106583074,0.24878145851554131,1.3927800188677393,15.035266457680251,65.83463949843261,798.435736677116,6.889250985399386,0.10126539853140838,121.50940438871473,0.0952268059472686,0.1841847529633323,3.0384054018284523,0.019151332058840488,5.897781670246971,0.167916831161995,30.368694170654774,2.938571062161789,4222.885774444006,0.5557159855828406,0.2604227521712301,2470.0435583629423,1.0922565998625573,13.497039084090012,7.358205026977234,96.85353335965259,0.7597872400265103,0.10286917675347543,0.1691743065608048,2.3925297188226526,0.017377434112264507,12.616562049281896,0.0030588068600355357,3.222295235617036,0.008162201764242786,0.062465242171608704,86_Benign_center1.png,/mnt/wangbd8/workspace/DataSets/ThyroidAgent/Classifaction_Data/Lymph_Node_Metastasis_fake/images/86_Benign_center1.png,/mnt/wangbd8/workspace/DataSets/ThyroidAgent/Classifaction_Data/Lymph_Node_Metastasis_fake/masks/86_Benign_center1.png
0.36733058228356974,235.4162610674833,230.95670589961227,15917.5,86.47559225693952,553.2619766708768,0.0347580949691143,15918.0,0.8083725119085411,35.0,73.0,47935008.0,1.408030441572338,18.0,3.7323485881711345,126.0,11.55069424543719,52.85073501696193,51.0,12.0,114.0,8.126216713626196,54.875962659426015,0.7215357753564126,47935008.0,0.4207393397507243,218.1710859655925,7.362620010106115,2.6439489641232945,8.026740239681729,1.1524906178703502,1.602309325609654,0.11369378473976754,0.8674900015576115,0.11369378473976756,0.5109579652981961,0.10076750805131496,0.3400092432453342,1.9659564854198988,-0.5963306234437755,0.9010173945320167,0.9431531076301163,0.9969271950070333,0.9431531076301163,0.9837580307514617,0.11369378473976756,0.42382516422435573,1.8522627006801329,0.42900077758735544,703.5949098621421,0.3730619882620054,0.5818496843966089,8.134146341463415,136.70731707317074,926.2905620360551,24.637117061388004,0.17259234711912336,5.899711318234068,123.033934252386,0.0652353840150509,0.11848222138459605,65.47228504052296,0.13397955032203523,1.1808419932233505,0.02753106332132746,703.5949098621421,0.3730619882620054,0.5818496843966089,8.134146341463415,136.70731707317074,926.2905620360551,24.637117061388004,0.17259234711912336,123.033934252386,0.0652353840150509,0.13397955032203523,1.1808419932233505,0.02753106332132746,5.899711318234068,0.11848222138459605,65.47228504052296,2.224722849763701,10261.034049503707,0.6446182968654169,0.2004127479504088,6697.328810152029,0.4343214022752396,7.449930895841186,7.83477823847217,57.5863801985174,1.3440086694308333,0.17156534880149657,0.1500118663707054,1.148804288645977,0.026091171924322025,36.03667745415318,0.0013851779864082348,1.9755462641434343,0.003296928180357129,0.02698394790542912,87_Benign_center1.png,/mnt/wangbd8/workspace/DataSets/ThyroidAgent/Classifaction_Data/Lymph_Node_Metastasis_fake/images/87_Benign_center1.png,/mnt/wangbd8/workspace/DataSets/ThyroidAgent/Classifaction_Data/Lymph_Node_Metastasis_fake/masks/87_Benign_center1.png
0.4291459396419941,147.41272578021307,140.03570973148243,7168.5,63.26157272013714,359.82337649086355,0.050195072398809173,7169.0,0.8341222427113844,60.0,99.0,47419300.0,1.4884523044511881,21.0,5.302502150786334,255.0,12.455092864787774,79.72855349421118,80.0,35.0,220.0,8.58855016173818,81.32953310933144,0.5114341775055365,47419300.0,0.4141990628152266,257.85071350254367,7.772477838750528,2.7167581257914732,9.587340721137439,0.5746685323232242,1.7080816700257409,0.14126917123962293,0.8472229626878545,0.1333896158716758,0.565589109849111,0.12347638161722967,0.3269914803465783,2.1189852726830485,-0.5666398899200865,0.9015322573190462,0.9337294758147439,0.9986355459975363,0.9337429451401591,0.9879134670185745,0.13226616364148022,0.4723512030392571,1.9865806012323681,0.462337710316341,338.9361914257228,0.33792242415326307,0.7588779026827792,8.352941176470589,94.14057826520438,720.3639082751745,15.133844854325911,0.18994156419629998,5.7615030779870375,75.61216350947159,0.07538600549299261,0.13990793695076023,43.053002507929854,0.17188604070540162,1.6417507181476843,0.04232746346459768,338.9361914257228,0.33792242415326307,0.7588779026827792,8.352941176470589,94.14057826520438,720.3639082751745,15.133844854325911,0.18994156419629998,75.61216350947159,0.07538600549299261,0.17188604070540162,1.6417507181476843,0.04232746346459768,5.7615030779870375,0.13990793695076023,43.053002507929854,2.38128646975277,4327.104059143535,0.6035854455493841,0.2333225494425373,2969.39308132236,0.4732444353401521,7.872646115218301,7.6327242293206865,59.490723950341746,1.2755693107670372,0.17029381906666047,0.15969219323941045,1.2981587390152043,0.028951930379256363,13.474938522399231,0.0028441392640387968,4.14610194687672,0.0029972870566847666,0.1624690235729887,88_Benign_center1.png,/mnt/wangbd8/workspace/DataSets/ThyroidAgent/Classifaction_Data/Lymph_Node_Metastasis_fake/images/88_Benign_center1.png,/mnt/wangbd8/workspace/DataSets/ThyroidAgent/Classifaction_Data/Lymph_Node_Metastasis_fake/masks/88_Benign_center1.png
0.36349135213889416,115.75907895815162,115.27792503337315,3770.5,42.07742413285155,277.6812408671326,0.07364573421751296,3771.0,0.7838949437478394,63.0,113.0,29088330.0,1.7411658680128022,25.0,4.289540465399214,172.0,15.797110933479487,85.47175815433572,82.0,43.0,129.0,10.891714042331,87.82762281059453,1.0483590187547278,29088330.0,0.34422104068361875,408.269886566809,9.207294180745508,2.9182086350227943,33.8094527637585,4.656185570264755,2.884476946829662,0.11906677393403058,0.9207158043940465,0.11906677393403058,0.5266723732664575,0.10488987727897303,0.27610055660945954,2.3290418912677255,-0.6540456574004925,0.9465815133951135,0.9404666130329847,0.996781979082864,0.9404666130329847,0.982990460866567,0.11906677393403058,0.3979619200858139,2.209975117333697,0.7508859301909231,146.76543209876544,0.30198648579992887,0.9736701722298431,10.845679012345679,115.10493827160494,931.216049382716,18.855720164609057,0.13520404663923183,5.925585944492714,35.36625514403292,0.07277007231282494,0.1288782816229117,54.898834019204386,0.14906204858992128,1.9168901791240396,0.017696759359571167,146.76543209876544,0.30198648579992887,0.9736701722298431,10.845679012345679,115.10493827160494,931.216049382716,18.855720164609057,0.13520404663923183,35.36625514403292,0.07277007231282494,0.14906204858992128,1.9168901791240396,0.017696759359571167,5.925585944492714,0.1288782816229117,54.898834019204386,2.597558506876447,2351.1113762927607,0.6234715927586212,0.21465410249935288,1298.0575444179262,0.7639003600521249,9.33943251127022,7.73455316892071,70.38583929992045,1.1633795927988455,0.14832699843837474,0.15404107369103393,1.5203011284952417,0.02214151369614111,8.12973861993687,0.006842088551612772,1.878258157865523,0.0060906755481924925,0.10662419056388438,89_Benign_center1.png,/mnt/wangbd8/workspace/DataSets/ThyroidAgent/Classifaction_Data/Lymph_Node_Metastasis_fake/images/89_Benign_center1.png,/mnt/wangbd8/workspace/DataSets/ThyroidAgent/Classifaction_Data/Lymph_Node_Metastasis_fake/masks/89_Benign_center1.png
0.47875580501606224,106.50853755636234,110.11357772772621,4185.5,50.99158063887975,278.1076477383256,0.06644550178911136,4186.0,0.8246424238126752,31.0,96.0,18526033.0,2.0719416907198256,29.0,10.478069127906087,255.0,21.152799847693803,59.55207835642618,52.0,10.0,245.0,13.158647456321557,66.52602959348681,2.0354973693859186,18526033.0,0.299050209226989,879.2625769035593,9.65182481751825,2.881873479318735,322.2277616444982,25.975882506760996,5.598929025994401,0.21240875912408758,0.9268984984256056,0.17007299270072995,0.6615153614373533,0.1834839362779051,0.23102225300584295,2.8030466518384243,-0.6281414036421009,0.9608468002859109,0.9181592395976252,0.9983351300941519,0.918478160120496,0.9860457529446366,0.15929731008380646,0.3515815085158151,2.6374031479752005,1.4528344462796219,162.3864864864865,0.21944119795471148,2.2380861943024106,13.397297297297298,62.05135135135135,469.6054054054054,12.094718382807669,0.17012941836886641,5.8941482454265595,76.84864864864865,0.10384952520087655,0.1767797419971333,30.052454346238136,0.21624980276916023,3.8904744801165156,0.031107852467704165,162.3864864864865,0.21944119795471148,2.2380861943024106,13.397297297297298,62.05135135135135,469.6054054054054,12.094718382807669,0.17012941836886641,76.84864864864865,0.10384952520087655,0.21624980276916023,3.8904744801165156,0.031107852467704165,5.8941482454265595,0.1767797419971333,30.052454346238136,3.0501757675024814,2275.418060200669,0.54357813191607,0.27824461626576336,1251.8241758241759,1.5077994151094962,9.988055422838032,7.281892021022456,67.17630195891066,1.3755963432501102,0.18549985180137638,0.17539947974730583,2.063292987206031,0.031059056024025707,5.4960650411632965,0.006006023240698628,7.202117601444481,0.006808790558355977,0.4148603528854623,8_Benign_center1.png,/mnt/wangbd8/workspace/DataSets/ThyroidAgent/Classifaction_Data/Lymph_Node_Metastasis_fake/images/8_Benign_center1.png,/mnt/wangbd8/workspace/DataSets/ThyroidAgent/Classifaction_Data/Lymph_Node_Metastasis_fake/masks/8_Benign_center1.png
0.6184688149806586,165.2193050080091,166.20770138594662,13163.5,102.18298778023137,467.8893936688464,0.035544451982287874,13164.0,0.8692554462079694,70.0,109.0,106689436.0,1.5307167213628425,20.0,4.4696784257871,182.0,12.642836586175884,88.53327256153145,86.0,43.0,139.0,8.727118582076983,90.02575511832563,0.9233587409129673,106689436.0,0.42743473379005437,266.4962341703167,9.792353076392613,3.0569688146502183,15.329181709503931,1.7557751132335375,1.9146099720504366,0.12543100145582714,0.8770308997860504,0.12543100145582714,0.5447731933278249,0.10969806532961544,0.3484414370314707,2.1335571736819468,-0.594246644425602,0.9139641429445055,0.9372844992720863,0.9974913799708834,0.9372844992720863,0.9843211248180216,0.12543100145582714,0.5464715347482951,2.0081261722261217,0.510010243376566,546.2422857142857,0.3121384489795918,0.8538135510204081,10.781714285714285,111.56914285714285,1034.0742857142857,13.844384752186588,0.13123284742468413,5.949256079844631,131.36914285714286,0.07506808163265306,0.13293831662108782,54.98436048979592,0.16693613393086648,1.9567683583671798,0.024481370486319123,546.2422857142857,0.3121384489795918,0.8538135510204081,10.781714285714285,111.56914285714285,1034.0742857142857,13.844384752186588,0.13123284742468413,131.36914285714286,0.07506808163265306,0.16693613393086648,1.9567683583671798,0.024481370486319123,5.949256079844631,0.13293831662108782,54.98436048979592,2.391549861804471,8116.761318748101,0.6165877635025905,0.2235970665187166,5626.750835612276,0.5226094508738648,9.912336675782438,7.699027651169857,75.21178972956548,0.9670074938969814,0.12634233808483386,0.15671950437219354,1.6015015699382151,0.020224032595864683,20.651658955927033,0.0016870920922364163,2.9835055034126823,0.0031391276105686957,0.04551334010588493,8_Malignant_center1.png,/mnt/wangbd8/workspace/DataSets/ThyroidAgent/Classifaction_Data/Lymph_Node_Metastasis_fake/images/8_Malignant_center1.png,/mnt/wangbd8/workspace/DataSets/ThyroidAgent/Classifaction_Data/Lymph_Node_Metastasis_fake/masks/8_Malignant_center1.png
0.1921299578535803,215.18083847535536,204.41379601191306,6682.5,41.3426854271681,456.0243866176402,0.06824158423009954,6683.0,0.635457263003816,67.0,110.0,51285199.0,1.5811960811407202,21.0,4.408415088741864,158.0,13.165025576608597,85.85769863833607,82.0,43.0,115.0,8.677119359684486,87.60124772184504,1.0789150459419528,51285199.0,0.402840580604453,302.4341869527245,9.314965371875942,2.9654471544715446,19.26287626398652,2.4894197167234453,2.1826679445656247,0.09831376091538695,0.9137969755047598,0.09831376091538693,0.46362743751876023,0.08864816533005908,0.34045461205557226,2.090386635659504,-0.6719664710103993,0.9377721087902822,0.9508431195423067,0.9973428713266113,0.9508431195423067,0.9859551770120877,0.09831376091538693,0.5210779885576634,1.9920728747441188,0.5702454263702529,217.48991354466858,0.31338604257156855,0.8799425292129325,10.29971181556196,206.84582132564842,1844.2190201729106,28.10477785782901,0.13903898495036826,6.109351471597014,45.893371757925074,0.06612877774917157,0.10384557833308394,114.11502670066191,0.1195208503696421,1.4453948407234467,0.016262661468296195,217.48991354466858,0.31338604257156855,0.8799425292129325,10.29971181556196,206.84582132564842,1844.2190201729106,28.10477785782901,0.13903898495036826,45.893371757925074,0.06612877774917157,0.1195208503696421,1.4453948407234467,0.016262661468296195,6.109351471597014,0.10384557833308394,114.11502670066191,2.3302594973538473,4520.127637288643,0.6763620585498493,0.17832181274088865,2692.18360017956,0.5774990731036059,9.405057608858296,7.975310489301212,74.12449498728117,1.092247202686751,0.13719865496200975,0.14416346617453904,1.3955143232413918,0.019818807347923517,11.067931267427488,0.00433938355819712,1.585532839285863,0.0037964176684650245,0.06872010312216102,90_Benign_center1.png,/mnt/wangbd8/workspace/DataSets/ThyroidAgent/Classifaction_Data/Lymph_Node_Metastasis_fake/images/90_Benign_center1.png,/mnt/wangbd8/workspace/DataSets/ThyroidAgent/Classifaction_Data/Lymph_Node_Metastasis_fake/masks/90_Benign_center1.png
0.49340276505599195,117.13405261335143,116.61903789690601,5297.5,57.794265441641635,298.79393923934083,0.05640282005461837,5298.0,0.8635125040614685,56.0,99.0,32053189.0,1.5285688494977514,22.0,4.121551506589582,153.0,13.742627010399161,75.78501321253303,73.0,36.0,117.0,9.614342995251874,77.78209658325218,0.903421906464679,32053189.0,0.40712828377012433,306.686321262566,7.023091603053436,2.5556297709923665,17.280031355204393,2.6823662224277136,2.059567879202844,0.09217557251908397,0.9143247560992263,0.09217557251908397,0.4436902058772789,0.08367923634986307,0.34848695807353886,2.0171819190336366,-0.6741615315853979,0.9335116619657464,0.9539122137404579,0.9975087683102949,0.9539122137404579,0.9868320610687021,0.09217557251908397,0.4805343511450382,1.9250063465145542,0.5379358629304819,173.724584103512,0.3211175306904104,0.8053068016031105,8.279112754158964,198.04066543438077,1199.079482439926,40.483948449373585,0.20290870815362497,6.157512817230453,31.44362292051756,0.05812129929855372,0.10211400528501322,102.13828707705657,0.14407798605935782,1.4172385799438336,0.03403422833668756,173.724584103512,0.3211175306904104,0.8053068016031105,8.279112754158964,198.04066543438077,1199.079482439926,40.483948449373585,0.20290870815362497,31.44362292051756,0.05812129929855372,0.14407798605935782,1.4172385799438336,0.03403422833668756,6.157512817230453,0.10211400528501322,102.13828707705657,2.268051713702371,3618.4012835032086,0.682974949698605,0.18177147840000593,2156.9656474141184,0.544886344284566,7.103435258588147,7.998112495281238,55.679124197810495,1.5504274149574264,0.1947840904324483,0.14535883561931126,1.085933895390294,0.028794207807278777,9.73358791727452,0.005838634169565046,1.5408188542083594,0.0033631150355049643,0.10625901182489957,91_Benign_center1.png,/mnt/wangbd8/workspace/DataSets/ThyroidAgent/Classifaction_Data/Lymph_Node_Metastasis_fake/images/91_Benign_center1.png,/mnt/wangbd8/workspace/DataSets/ThyroidAgent/Classifaction_Data/Lymph_Node_Metastasis_fake/masks/91_Benign_center1.png
0.40129151298192683,138.70999879976455,135.5322839769182,6043.5,55.663145284078766,333.72287142747535,0.05522013260982466,6044.0,0.8257778386052232,29.0,78.69999999999982,18829432.0,1.734710954539327,28.0,3.3817688617377426,151.0,15.866355090247076,52.228987425545995,50.0,11.0,140.0,11.473583430093573,55.8157007958119,0.6122023972539593,18829432.0,0.3512150691969458,387.5253278297558,7.528301886792454,2.6309066622140587,21.909718582512916,1.9164825234619256,2.5375649870256654,0.11103690098513942,0.916154329204581,0.11103690098513944,0.5030356641676836,0.09870770760475578,0.2885028602418287,2.304948944362808,-0.6644660272214287,0.948205091135738,0.9444815495074302,0.9977792619802971,0.9444815495074302,0.9861203873768575,0.11103690098513944,0.3801970278844548,2.193912043377671,0.6621504720027013,205.31666666666666,0.285162037037037,0.9935165895061727,8.640277777777778,141.1888888888889,945.1361111111111,28.54087286627614,0.22211785084404134,6.130421121305847,49.18611111111111,0.06831404320987654,0.11912640635340833,70.7221913580247,0.15234891161724068,1.5101409360250335,0.04021907338636118,205.31666666666666,0.285162037037037,0.9935165895061727,8.640277777777778,141.1888888888889,945.1361111111111,28.54087286627614,0.22211785084404134,49.18611111111111,0.06831404320987654,0.15234891161724068,1.5101409360250335,0.04021907338636118,6.130421121305847,0.11912640635340833,70.7221913580247,2.5502886059689693,3893.551290536069,0.644201073880885,0.2039900644775288,2122.7438782263403,0.6714520386786333,7.635671740569159,7.831237590999338,58.66181336863005,1.5879661404049819,0.20513468220952621,0.15107728509449223,1.2057044635634973,0.032084580486360294,9.269484770022983,0.00474232628209152,2.751707776433162,0.0035417820104577937,0.13642054359639963,92_Benign_center1.png,/mnt/wangbd8/workspace/DataSets/ThyroidAgent/Classifaction_Data/Lymph_Node_Metastasis_fake/images/92_Benign_center1.png,/mnt/wangbd8/workspace/DataSets/ThyroidAgent/Classifaction_Data/Lymph_Node_Metastasis_fake/masks/92_Benign_center1.png
0.29491706727868955,236.1721053084784,248.0987706539474,12081.5,69.65118467061028,569.1614716074886,0.04711016608926777,12082.0,0.6845889226464769,40.0,74.0,41849546.0,1.353238163062812,17.0,5.77171479570864,141.0,10.859406810729782,57.065220989902336,55.0,21.0,120.0,7.365475164767042,58.853996593946654,1.0805195449463245,41849546.0,0.466854768637891,207.35346845389478,8.284381507705126,2.815910037484382,11.0098753421795,1.1845129046101612,1.5157554961567623,0.09562682215743441,0.8813108210626536,0.09562682215743443,0.45497763258533874,0.08648233304150482,0.3978623373122507,1.8393788795199337,-0.6294765653292458,0.9030028324969096,0.9521865889212828,0.9974154912930424,0.9521865889212828,0.9863390254060809,0.09562682215743443,0.5701790920449813,1.743752057362501,0.4028455795785492,434.3273469387755,0.35455293627655143,0.6724704706372344,9.037551020408163,203.49551020408163,1661.073469387755,28.73343287981859,0.15156666666666668,6.090721409120066,72.00734693877551,0.05878150770512287,0.10139049826187717,106.21955918367347,0.12440134573086467,1.279532590175398,0.019843935776746056,434.3273469387755,0.35455293627655143,0.6724704706372344,9.037551020408163,203.49551020408163,1661.073469387755,28.73343287981859,0.15156666666666668,72.00734693877551,0.05878150770512287,0.12440134573086467,1.279532590175398,0.019843935776746056,6.090721409120066,0.10139049826187717,106.21955918367347,2.0885639403272274,8253.646416156265,0.6831357735603597,0.17722120166502253,5640.539314682999,0.4110763518210179,8.372703194835292,8.001655355073662,66.3539976825029,1.1738501949640419,0.14721608361382407,0.14402968603432104,1.2346051978149313,0.021414293991061078,20.81209541676244,0.002152319060547112,1.6238108672239444,0.0026266424731486997,0.039253071770077745,93_Benign_center1.png,/mnt/wangbd8/workspace/DataSets/ThyroidAgent/Classifaction_Data/Lymph_Node_Metastasis_fake/images/93_Benign_center1.png,/mnt/wangbd8/workspace/DataSets/ThyroidAgent/Classifaction_Data/Lymph_Node_Metastasis_fake/masks/93_Benign_center1.png
0.29641758306828964,209.00146042799656,207.4728897952694,10122.5,61.951707757809515,483.8650070512065,0.04780093919992161,10123.0,0.7370969421191401,50.0,82.0,46828671.0,1.2749251365908625,17.0,5.861163959781727,154.0,10.641961816900956,66.55961671441273,65.0,33.0,121.0,7.455908922731545,68.01446682377896,1.0867112186181407,46828671.0,0.521701465728333,195.78512015339837,5.159212880143113,2.199562711190618,10.374975606482593,1.487981451756667,1.377172759264257,0.09262572053269727,0.8739613330590823,0.09262572053269727,0.4451739307061583,0.08404619642849594,0.4526608748676118,1.7544157419189932,-0.6200105990551126,0.8906720202184727,0.9536871397336514,0.9974966021477649,0.9536871397336514,0.9867677542096147,0.09262572053269727,0.6412244086662692,1.6617900213862973,0.3674496199492386,353.86002014098693,0.3563545016525548,0.642779415627418,5.78147029204431,232.46223564954684,1075.0322255790534,58.284318843012194,0.31414932303905113,6.095442108776645,56.6576032225579,0.057057002238225484,0.09809345055813494,128.53724916307405,0.1265802183930284,0.7830384389898871,0.052033903066928414,353.86002014098693,0.3563545016525548,0.642779415627418,5.78147029204431,232.46223564954684,1075.0322255790534,58.284318843012194,0.31414932303905113,56.6576032225579,0.057057002238225484,0.1265802183930284,0.7830384389898871,0.052033903066928414,6.095442108776645,0.09809345055813494,128.53724916307405,1.9855005379613544,6999.87800059271,0.6914825645157275,0.17350319217456167,5281.183937567915,0.3702370162422532,5.214758470809048,8.034871085646547,41.36175046922849,2.1164449767855382,0.26865298495176,0.1431887780302282,0.7675590240047416,0.04046611401977893,21.651212609788818,0.00263577097668034,1.758201686403427,0.0022858652094379954,0.06367018999637789,94_Benign_center1.png,/mnt/wangbd8/workspace/DataSets/ThyroidAgent/Classifaction_Data/Lymph_Node_Metastasis_fake/images/94_Benign_center1.png,/mnt/wangbd8/workspace/DataSets/ThyroidAgent/Classifaction_Data/Lymph_Node_Metastasis_fake/masks/94_Benign_center1.png
0.4412950944181388,242.24902000180066,247.212459232944,20278.5,106.90330415439621,612.558441227159,0.03020728560924916,20279.0,0.8240912759736522,43.0,91.0,93478115.0,1.731222359876714,25.0,4.8531485692992815,182.0,15.468158554017894,64.85048572414813,61.0,19.0,163.0,10.538463795095689,67.89404837555884,1.114968566939379,93478115.0,0.36496091078349957,404.0163061647822,10.415769898338706,3.123158938755269,34.71372738375302,4.1932234728176585,2.7625856237245303,0.11599305727746095,0.919409493273197,0.11599305727746095,0.5177322847537014,0.10253866794088862,0.29744553257593614,2.317775814373568,-0.6578672525325782,0.9470552233641378,0.9420034713612695,0.9982154914265006,0.9420034713612695,0.9871118825247265,0.11599305727746095,0.4796429456979916,2.201782757096109,0.7196446702504979,716.805951895638,0.2922160423545202,1.0345749998047267,11.596412556053812,142.15532001630658,1357.6347329800244,18.324735689118697,0.12520250204987554,6.217773790856101,168.92825112107624,0.06886598088914644,0.12096257211894078,73.81170074032661,0.14843426473718993,1.8696523275398107,0.019542217015872967,716.805951895638,0.2922160423545202,1.0345749998047267,11.596412556053812,142.15532001630658,1357.6347329800244,18.324735689118697,0.12520250204987554,168.92825112107624,0.06886598088914644,0.14843426473718993,1.8696523275398107,0.019542217015872967,6.217773790856101,0.12096257211894078,73.81170074032661,2.560317669596123,12980.513486858326,0.640096330531995,0.20578506052413598,7401.042309778589,0.7244712239406976,10.500616401203215,7.8127619705113664,80.76266088071404,0.9894559833771273,0.12642883245561157,0.1515525091638312,1.6432927330407483,0.019184853775191336,23.092210990538614,0.001315507458023642,3.7658957083239684,0.0030028302070833866,0.05343851403367049,95_Benign_center1.png,/mnt/wangbd8/workspace/DataSets/ThyroidAgent/Classifaction_Data/Lymph_Node_Metastasis_fake/images/95_Benign_center1.png,/mnt/wangbd8/workspace/DataSets/ThyroidAgent/Classifaction_Data/Lymph_Node_Metastasis_fake/masks/95_Benign_center1.png
0.214655771423798,175.72683771666004,171.42053552593984,4995.5,37.72077990993422,387.23759005323666,0.0775172835658566,4996.0,0.6470188076660068,57.0,107.0,33511006.0,1.6738220322649366,27.0,3.742354432517289,170.0,15.432455812528326,79.52161729383506,77.0,38.0,132.0,11.07665972635336,81.89973903379084,0.8236476365718619,33511006.0,0.36466442970228863,383.8796367758739,7.945072697899839,2.708299676898223,23.801554431314216,3.323819934307778,2.5447406165423936,0.1039983844911147,0.921473286382285,0.1039983844911147,0.48154352454247834,0.09318272051435296,0.3048200731872503,2.216705548238454,-0.6733456496091613,0.9458436978244393,0.9480008077544427,0.9971892328515916,0.9480008077544427,0.9851430879298408,0.1039983844911147,0.4058966074313409,2.112707163747341,0.6621847502583771,163.99463327370304,0.2933714369833686,0.9388346811486138,9.567084078711986,173.55635062611807,1156.1896243291592,33.33045269330154,0.17710594315245476,6.100859223930041,37.75491949910555,0.06754010643847146,0.11188951160928742,93.67944291012891,0.16425530527988072,1.7113754210752916,0.03387827459667003,163.99463327370304,0.2933714369833686,0.9388346811486138,9.567084078711986,173.55635062611807,1156.1896243291592,33.33045269330154,0.17710594315245476,37.75491949910555,0.06754010643847146,0.16425530527988072,1.7113754210752916,0.03387827459667003,6.100859223930041,0.11188951160928742,93.67944291012891,2.4579076378950075,3305.740592473979,0.6616774604631663,0.19852182787062317,1821.8634907926341,0.6640276192130645,8.011208967173738,7.905924739791834,61.65452361889512,1.412297782670581,0.17835618494795838,0.14977537585624057,1.266379770483053,0.02692760381144422,9.309208138638114,0.006086659360888585,1.633502376892039,0.004612041310386977,0.09691980289322717,96_Benign_center1.png,/mnt/wangbd8/workspace/DataSets/ThyroidAgent/Classifaction_Data/Lymph_Node_Metastasis_fake/images/96_Benign_center1.png,/mnt/wangbd8/workspace/DataSets/ThyroidAgent/Classifaction_Data/Lymph_Node_Metastasis_fake/masks/96_Benign_center1.png
0.3696853333662337,142.5462475336814,138.07968713753664,5842.5,52.697257039594675,338.7939392393408,0.05798783726817985,5843.0,0.7997765386483116,37.0,84.0,22327889.0,1.6324177760434742,24.0,3.33790422543594,135.0,14.502585349212316,59.053397227451654,57.0,17.0,118.0,10.259916760036285,61.81671024001656,0.6505778033317667,22327889.0,0.3697514654744847,334.00194079497436,8.949170124481327,2.9008471645919776,16.91083089885258,1.9704174375443202,2.249575275859958,0.11255186721991703,0.9047029559355845,0.11255186721991702,0.5075654993202937,0.09988394440522717,0.300238522853142,2.204085959839788,-0.6447268600688922,0.9365794166612884,0.9437240663900416,0.9969580576427051,0.9437240663900416,0.9839211618257262,0.11255186721991702,0.448478561549101,2.0915340926198724,0.5905317857699688,226.70985915492957,0.31930966078159095,0.7816722872445943,9.756338028169013,148.08028169014085,1213.6859154929577,22.81504890453834,0.15264632237871673,5.940124193224545,52.35492957746479,0.073739337433049,0.12151292144446346,80.35433644118231,0.1741787983699102,1.8090786462711526,0.03492720011135471,226.70985915492957,0.31930966078159095,0.7816722872445943,9.756338028169013,148.08028169014085,1213.6859154929577,22.81504890453834,0.15264632237871673,52.35492957746479,0.073739337433049,0.1741787983699102,1.8090786462711526,0.03492720011135471,5.940124193224545,0.12151292144446346,80.35433644118231,2.4703457515393903,3748.1062810200237,0.6414694987198398,0.21374350557893612,2160.457812767414,0.5963081721147128,9.040390210508301,7.814650008557248,69.82081122710936,1.1439351455682962,0.14697658166466998,0.15396390742959287,1.4292886074505107,0.023509205908515622,11.484336795741067,0.004411361123473945,1.8164445227107477,0.004504033429630211,0.07007791490631234,97_Benign_center1.png,/mnt/wangbd8/workspace/DataSets/ThyroidAgent/Classifaction_Data/Lymph_Node_Metastasis_fake/images/97_Benign_center1.png,/mnt/wangbd8/workspace/DataSets/ThyroidAgent/Classifaction_Data/Lymph_Node_Metastasis_fake/masks/97_Benign_center1.png
0.5256947747825493,111.33884279758145,110.8873302050329,5055.5,58.53024788902423,294.83556979968347,0.058319764573174455,5056.0,0.8548838496124815,68.0,110.0,40603035.0,1.5808594127293034,23.0,2.9207957256897874,151.0,13.375086217903782,88.09434335443038,86.0,49.0,102.0,9.766196031897278,89.61396971476029,0.4811194071878995,40603035.0,0.3814968554718795,270.0502369897026,9.663917940466614,3.032582461786001,10.880587882483605,0.7905079995049484,1.9981670484237066,0.12872083668543846,0.8789585124945752,0.12872083668543846,0.5539196095466143,0.11215178288843916,0.3009154968547923,2.2027135258844326,-0.5986953103279343,0.9207292062601259,0.9356395816572808,0.9965210584679611,0.9356395816572808,0.9816113090449374,0.12872083668543846,0.47244569589702334,2.0739926891989957,0.5317219712772863,238.02209944751382,0.32875980586673176,0.7192927566313605,10.723756906077348,92.3011049723757,865.4074585635359,11.958278852056477,0.1258314149785144,5.709997199491017,56.86187845303867,0.0785385061506059,0.14319620253164558,43.532874454381734,0.17303351178700394,2.31773811834975,0.019320405269191175,238.02209944751382,0.32875980586673176,0.7192927566313605,10.723756906077348,92.3011049723757,865.4074585635359,11.958278852056477,0.1258314149785144,56.86187845303867,0.0785385061506059,0.17303351178700394,2.31773811834975,0.019320405269191175,5.709997199491017,0.14319620253164558,43.532874454381734,2.4906907275562067,3020.9442246835442,0.5974968798820302,0.2372040738663676,1928.8481012658228,0.538804276595798,9.790941455696203,7.600870253164557,73.24307753164557,0.9949393459915613,0.13018481891701827,0.16091991912798875,1.6612935126582278,0.020527908413423973,10.412804778860231,0.004388056605583056,2.0752506142543075,0.004649886590611152,0.06720513291622748,98_Benign_center1.png,/mnt/wangbd8/workspace/DataSets/ThyroidAgent/Classifaction_Data/Lymph_Node_Metastasis_fake/images/98_Benign_center1.png,/mnt/wangbd8/workspace/DataSets/ThyroidAgent/Classifaction_Data/Lymph_Node_Metastasis_fake/masks/98_Benign_center1.png
0.4241511687250908,168.32179444856513,171.74690681348528,8902.5,71.3938858372634,428.1909088590113,0.04809782744835847,8903.0,0.7811302936441529,64.0,99.0,61205805.0,1.4021797004913052,16.0,7.524536350783436,188.0,11.229818742718976,81.438054588341,80.0,45.0,143.0,7.227752665030278,82.91404834936466,1.3830610854457384,61205805.0,0.4474392591416299,242.58267854717172,8.118080762250454,2.7774500907441015,18.691741371891332,2.389964663142235,1.7283834292377163,0.11297640653357532,0.8772902456773166,0.11297640653357534,0.5088289326520921,0.10021273810033567,0.36720860088570195,1.9498834087083967,-0.598776985782581,0.9006034126964803,0.9435117967332124,0.9977404718693285,0.9435117967332124,0.9858779491833031,0.11297640653357534,0.5248411978221416,1.8369070021748233,0.460339958942823,388.8430286241921,0.35904250103803514,0.7386888273314866,9.118190212373039,129.25300092336104,977.7285318559557,20.478238741172063,0.15218475909908438,5.882591445985495,72.25761772853186,0.06671986863207004,0.12164438953161856,61.67336721548244,0.14911402303520765,1.4781090714931584,0.024395041335431304,388.8430286241921,0.35904250103803514,0.7386888273314866,9.118190212373039,129.25300092336104,977.7285318559557,20.478238741172063,0.15218475909908438,72.25761772853186,0.06671986863207004,0.14911402303520765,1.4781090714931584,0.024395041335431304,5.882591445985495,0.12164438953161856,61.67336721548244,2.226847299960731,5687.724250252724,0.6388547961645202,0.20723761704470722,3983.551724137931,0.46994844746079495,8.22688981242278,7.806694372683365,63.17263843648208,1.1963274519812044,0.15305102575681512,0.15197124564753453,1.2901581239781847,0.023367921635854327,14.769134623370151,0.002503160933032643,2.8461831798517077,0.002527415391932251,0.08278672624612704,99_Benign_center1.png,/mnt/wangbd8/workspace/DataSets/ThyroidAgent/Classifaction_Data/Lymph_Node_Metastasis_fake/images/99_Benign_center1.png,/mnt/wangbd8/workspace/DataSets/ThyroidAgent/Classifaction_Data/Lymph_Node_Metastasis_fake/masks/99_Benign_center1.png
0.3597973052045213,120.41500698240165,117.15374513859982,4032.5,43.32499501845174,285.6812408671325,0.07084469705322566,4033.0,0.7879712942940669,63.0,108.0,30384227.0,1.649522083184524,22.0,4.185461622008874,167.0,14.364413991217633,84.79965286387305,82.0,43.0,124.0,9.992378328741964,86.79805330778636,0.8337047631537193,30384227.0,0.37353567508914337,342.9209321879518,8.926046628227624,2.8952118325394833,21.1453513645128,2.67280332242685,2.309048429181754,0.13386813737778894,0.8904030213636633,0.1338681373777889,0.5679519292206738,0.11594745917279034,0.2958002896031271,2.280557379236109,-0.6009268354316902,0.9268289647852456,0.9330659313111056,0.9963819422330328,0.9330659313111056,0.9808759803746016,0.1338681373777889,0.45073953371772374,2.146689241858322,0.6107291416398857,172.75778546712803,0.29888890219226305,0.9377162629757785,10.657439446366782,94.05363321799308,763.0034602076124,14.62389081122645,0.1435428681276432,5.740746571465832,46.08650519031142,0.07973443804552148,0.14331762955616167,45.36800624992517,0.1703935898952456,2.308724932753452,0.026941521172033453,172.75778546712803,0.29888890219226305,0.9377162629757785,10.657439446366782,94.05363321799308,763.0034602076124,14.62389081122645,0.1435428681276432,46.08650519031142,0.07973443804552148,0.1703935898952456,2.308724932753452,0.026941521172033453,5.740746571465832,0.14331762955616167,45.36800624992517,2.541902874891116,2406.7912224150755,0.5967744166662722,0.23522183001888278,1506.4693776345152,0.6326811983629478,9.094966526159187,7.597570047111332,67.02454748326308,1.1245366008210045,0.14722966085351408,0.16031627958233463,1.5704465933823732,0.023659768331022152,9.295140830748894,0.0055148026574429665,2.105639989950871,0.005652767794283383,0.08655603298687768,9_Benign_center1.png,/mnt/wangbd8/workspace/DataSets/ThyroidAgent/Classifaction_Data/Lymph_Node_Metastasis_fake/images/9_Benign_center1.png,/mnt/wangbd8/workspace/DataSets/ThyroidAgent/Classifaction_Data/Lymph_Node_Metastasis_fake/masks/9_Benign_center1.png
0.5228186531686144,196.15993120123136,196.73586353280888,14646.5,102.55607103627584,531.68838354207,0.03630139511433244,14647.0,0.8068906594880128,46.0,99.0,78339541.0,1.7975786391030237,27.0,3.809730678451717,173.0,16.323385211940327,70.16897658223527,67.0,24.0,149.0,11.78013545716072,73.13346839041647,0.7844706740226637,78339541.0,0.34456331006248037,424.81892421376165,11.789814177563661,3.3312801101169995,30.82309035034765,3.1916071561018797,2.8840008781698065,0.11445285615966964,0.9236587479411188,0.11445285615966963,0.5132027129418445,0.10135339987656361,0.28162461651120285,2.382852156096644,-0.6688442323389442,0.9533026422602955,0.9427735719201652,0.9977109428768066,0.9427735719201652,0.9856933929800413,0.11445285615966963,0.4516173434273916,2.2683992999369758,0.7496134335823691,500.276404494382,0.2810541598283045,1.0423718596136853,13.501685393258427,133.71741573033708,1418.1477528089888,15.609919520242554,0.10503029058065173,6.239393737326813,120.86179775280898,0.06789988637798258,0.12152659247627501,66.00670717081177,0.147340558948619,2.2862964381641415,0.015385627190719795,500.276404494382,0.2810541598283045,1.0423718596136853,13.501685393258427,133.71741573033708,1418.1477528089888,15.609919520242554,0.10503029058065173,120.86179775280898,0.06789988637798258,0.147340558948619,2.2862964381641415,0.015385627190719795,6.239393737326813,0.12152659247627501,66.00670717081177,2.625097219166549,9358.745749982932,0.6389530791276665,0.2066450919347936,5046.818802485151,0.7591323225615313,11.906533761179764,7.807400832935072,91.10937393322865,0.8678343061126955,0.11034274932976763,0.15179445165107755,1.8883351160267936,0.016535916095524437,18.553864131130748,0.0019440863149370723,2.513865670557053,0.004147515558409989,0.04329006773648317,9_Malignant_center1.png,/mnt/wangbd8/workspace/DataSets/ThyroidAgent/Classifaction_Data/Lymph_Node_Metastasis_fake/images/9_Malignant_center1.png,/mnt/wangbd8/workspace/DataSets/ThyroidAgent/Classifaction_Data/Lymph_Node_Metastasis_fake/masks/9_Malignant_center1.png
0.23420827787382814,419.04836165525023,430.669246638299,31211.5,98.14459512912528,965.9726547895322,0.030949254434728613,31212.0,0.64833194379837,24.0,134.0,242107055.0,2.7323497668074648,65.0,2.3726369449480544,204.0,35.23545688689318,77.46344354735358,75.0,0.0,204.0,26.72869746286614,88.07302708235326,0.34075546553398517,242107055.0,0.1632518650304042,1756.2730132348945,15.886709959493347,3.6120362631003666,315.97924328827884,12.87067891487964,11.478178309405932,0.11856233524078956,0.9795524727380152,0.11856233524078956,0.5252141746022306,0.1045053079030402,0.12808417755596585,3.360570887101157,-0.7701545238033052,0.9925409547609658,0.9407188323796052,0.9985541178629171,0.9407188323796052,0.988143766475921,0.11856233524078956,0.18006172442615573,3.2420085518603705,2.8991851611616806,635.6868740115973,0.16755057301307255,2.7341450543807344,17.159725882973117,137.0131787032156,1784.7996837111227,44.41849688476739,0.1601214993675285,6.962746737210776,256.68476541908274,0.06765544686849835,0.12155581186723055,69.33501861413673,0.11994532393390785,2.1707467025495277,0.01977899688566908,635.6868740115973,0.16755057301307255,2.7341450543807344,17.159725882973117,137.0131787032156,1784.7996837111227,44.41849688476739,0.1601214993675285,256.68476541908274,0.06765544686849835,0.11994532393390785,2.1707467025495277,0.01977899688566908,6.962746737210776,0.12155581186723055,69.33501861413673,3.562411165250672,19874.723247468923,0.6367654507070653,0.2002200755832023,5095.417211328976,2.8962883200201865,15.95770857362553,7.800653594771242,123.06234781494297,1.5979584879168724,0.1988492012888832,0.14983019351531462,2.444645577911629,0.02840314186121879,22.84610486637009,0.001656953591125201,4.1070439972851,0.009520413186874849,0.05596539573792233,10_Benign_center2.png,/mnt/wangbd8/workspace/DataSets/ThyroidAgent/Classifaction_Data/Lymph_Node_Metastasis_fake/images/10_Benign_center2.png,/mnt/wangbd8/workspace/DataSets/ThyroidAgent/Classifaction_Data/Lymph_Node_Metastasis_fake/masks/10_Benign_center2.png
0.7836144224266818,84.37157585784068,84.87638069569178,4372.5,66.11478368507079,252.55129855222134,0.05775901624979333,4373.0,0.9281544157715444,45.0,98.0,22842542.0,1.7988474209612508,30.0,2.7844423238888605,138.0,16.772522111836405,69.31214269380288,66.0,21.0,117.0,12.299337173841915,72.2740642368203,0.5067685700482215,22842542.0,0.3350952137592127,419.3672365019344,11.394828791055206,3.28243652457489,19.783345986291536,1.5364829711471217,2.653897706920984,0.17214069415327277,0.8781752618167978,0.1721406941532728,0.6625784307112923,0.14250827556970216,0.24825995590088668,2.554919948224154,-0.5586555594557103,0.9284424129159592,0.9139296529233636,0.9953475488066683,0.9139296529233636,0.9754084722638181,0.1721406941532728,0.4183554623806196,2.3827792540708828,0.7065096002685644,223.3882783882784,0.27275736066944856,1.016624401239786,13.177045177045176,54.743589743589745,578.1074481074481,6.333727784561117,0.11097646180979513,5.515757081603045,88.72649572649573,0.1083351596172109,0.1872856162817288,26.23398796292569,0.22265872363108508,3.510488130893311,0.02330511467418065,223.3882783882784,0.27275736066944856,1.016624401239786,13.177045177045176,54.743589743589745,578.1074481074481,6.333727784561117,0.11097646180979513,88.72649572649573,0.1083351596172109,0.22265872363108508,3.510488130893311,0.02330511467418065,5.515757081603045,0.1872856162817288,26.23398796292569,2.826527870242065,2314.0811799679855,0.5291747495924961,0.28869250424446746,1465.3713697690373,0.7345588684780613,11.662474273953807,7.1815687171278295,81.19048707980791,0.8265385446045177,0.11429828238940977,0.1797647178392662,2.2584673628579415,0.02021396024425981,10.5741368411875,0.004507129933248508,2.5229755908692426,0.008270016378855834,0.05994251981097153,10_Malignant_center2.png,/mnt/wangbd8/workspace/DataSets/ThyroidAgent/Classifaction_Data/Lymph_Node_Metastasis_fake/images/10_Malignant_center2.png,/mnt/wangbd8/workspace/DataSets/ThyroidAgent/Classifaction_Data/Lymph_Node_Metastasis_fake/masks/10_Malignant_center2.png
0.23179976274459055,398.3233149042139,381.6975242256622,28529.5,92.33124989043561,880.8599564173238,0.03087540813604598,28530.0,0.6797436272194955,7.0,38.0,17633115.0,1.0849411619946625,15.0,4.280482309711604,98.0,9.591873626853573,21.576761303890642,20.0,0.0,98.0,6.776016016497639,24.860716100855154,0.9121893142544469,17633115.0,0.5269499063161388,152.49857668224604,2.1635762288448683,1.3764997712958729,4.450358607071779,1.3325366766525621,1.129237422645018,0.05393898877590514,0.9088234209958123,0.053938988775905146,0.30289951207890586,0.051029574265737926,0.4841849820569151,1.3900076508892627,-0.7126506911606999,0.8862256758840343,0.9730305056120475,0.9968271183072998,0.9730305056120475,0.989212202244819,0.053938988775905146,0.6304141303965378,1.3360686621133588,0.2957941028552308,694.047503045067,0.4226842284074708,0.4244700989999125,3.3136419001218025,1400.456760048721,1878.611449451888,1286.0436967113276,0.5375135336310732,6.301629541426162,81.89768574908648,0.0498767879105277,0.0575534525061339,1098.5608442216424,0.13387746351270088,0.501411783612058,0.0651097260745351,694.047503045067,0.4226842284074708,0.4244700989999125,3.3136419001218025,1400.456760048721,1878.611449451888,1286.0436967113276,0.5375135336310732,81.89768574908648,0.0498767879105277,0.13387746351270088,0.501411783612058,0.0651097260745351,6.301629541426162,0.0575534525061339,1098.5608442216424,1.5882274056492476,22913.671363477042,0.8031430551516664,0.11209214594951675,15033.880827199438,0.2985108989878998,2.2008412197686646,8.434700315457413,17.938030143708378,6.303619971180434,0.7342198270826031,0.13022549363243371,0.3089944308135686,0.09170075737906384,133.81669945201628,0.0014978367992093857,0.4361000680679672,0.0026933641984274517,0.014526858700700349,11_Benign_center2.png,/mnt/wangbd8/workspace/DataSets/ThyroidAgent/Classifaction_Data/Lymph_Node_Metastasis_fake/images/11_Benign_center2.png,/mnt/wangbd8/workspace/DataSets/ThyroidAgent/Classifaction_Data/Lymph_Node_Metastasis_fake/masks/11_Benign_center2.png
0.7409256513792191,102.32569434195855,103.84603988597736,6079.5,75.81573173314652,298.3502884254449,0.049074806879750785,6080.0,0.9264295547746301,34.0,89.0,25100669.0,1.8905590149103153,28.0,3.631041889710854,162.0,16.952804276315792,60.471875,59.0,4.0,158.0,11.653939696473284,64.25262256576728,0.5792822637294938,25100669.0,0.3181203471260388,471.5518405633223,9.298467688207861,2.927465023317788,33.7209261702117,2.73753531875428,3.09637642748494,0.1827115256495669,0.888559545665793,0.182711525649567,0.6859730598153757,0.1493280240443746,0.2256354552217242,2.7004889491419495,-0.56219752564557,0.9375422917209649,0.9086442371752165,0.9963457694870086,0.9086442371752165,0.977161059293804,0.182711525649567,0.3684210526315789,2.517777423492385,0.8197719882836269,326.8158567774936,0.27861539367220256,1.0653834609198585,10.333333333333334,50.02387041773231,423.88150042625745,8.255379059836496,0.17340128321860143,5.604591138399349,128.97101449275362,0.10994971397506703,0.19292763157894738,23.1573678583706,0.2299684253113552,2.499578574532742,0.04267769370613054,326.8158567774936,0.27861539367220256,1.0653834609198585,10.333333333333334,50.02387041773231,423.88150042625745,8.255379059836496,0.17340128321860143,128.97101449275362,0.10994971397506703,0.2299684253113552,2.499578574532742,0.04267769370613054,5.604591138399349,0.19292763157894738,23.1573678583706,2.9590607517237597,3173.6065789473682,0.5219747662742382,0.2955236106301939,1934.1717105263158,0.8370604386686289,9.482401315789474,7.129276315789474,66.040625,1.166061972266977,0.16550273563372717,0.18259320175438598,1.8013614766081874,0.031066379884068632,13.441617202451946,0.0031365387417991502,4.058656503465039,0.007014839202501825,0.07798173880964092,11_Malignant_center2.png,/mnt/wangbd8/workspace/DataSets/ThyroidAgent/Classifaction_Data/Lymph_Node_Metastasis_fake/images/11_Malignant_center2.png,/mnt/wangbd8/workspace/DataSets/ThyroidAgent/Classifaction_Data/Lymph_Node_Metastasis_fake/masks/11_Malignant_center2.png
0.2613613768073614,384.7651280204531,392.7467377331096,29400.5,100.56274360688629,890.4163056034281,0.03028575383423507,29401.0,0.6826359968503023,8.0,41.0,25413039.0,1.2991398910690397,14.0,9.922849829669888,132.0,10.907012218027866,24.476004217543622,22.0,0.0,132.0,6.375054895345182,29.399994585772998,2.0484275129652922,25413039.0,0.47258941907257285,265.28489918626843,2.6909581185786937,1.4945898897498036,28.565753304344483,4.830388806220644,1.8978588247978079,0.06922210465235347,0.9296194644399276,0.06922210465235347,0.3630139698093949,0.06443040487985209,0.42216491140483964,1.6699088412202614,-0.7059268273366901,0.9155769652389635,0.9653889476738233,0.9981291323066932,0.9653889476738233,0.9901111279068067,0.06922210465235347,0.5636413284636652,1.6006867365679098,0.4917702323625403,788.7889305816135,0.36997604623903074,0.7846368127593818,4.1946529080675425,900.5079737335835,1307.2298311444654,814.2356642172191,0.5142279028559517,6.366614048471084,115.98405253283302,0.05440152557825188,0.07251454032175776,710.3345595482402,0.13204715021572042,0.7018716768172353,0.05849796247574023,788.7889305816135,0.36997604623903074,0.7846368127593818,4.1946529080675425,900.5079737335835,1307.2298311444654,814.2356642172191,0.5142279028559517,115.98405253283302,0.05440152557825188,0.13204715021572042,0.7018716768172353,0.05849796247574023,6.366614048471084,0.07251454032175776,710.3345595482402,1.891006722417094,22319.788612632223,0.7591506619717773,0.13624012789143397,13894.601510152715,0.500126794442547,2.7475255943675387,8.287099078262644,21.751641100642836,5.776887350770383,0.6827181237221712,0.13499540831944493,0.40983110929711386,0.08783941956706773,78.313098136743,0.001222083359294794,1.5344979435505035,0.0023185361750457188,0.04355253695143936,12_Benign_center2.png,/mnt/wangbd8/workspace/DataSets/ThyroidAgent/Classifaction_Data/Lymph_Node_Metastasis_fake/images/12_Benign_center2.png,/mnt/wangbd8/workspace/DataSets/ThyroidAgent/Classifaction_Data/Lymph_Node_Metastasis_fake/masks/12_Benign_center2.png
0.6871063449152061,262.4773807444516,269.15051551130273,36621.5,180.34987370623702,760.2813126546345,0.020760518074208714,36622.0,0.8922749087384519,32.0,86.0,129916883.0,1.7944635308826045,26.0,3.3810180179178393,151.0,16.26833741940971,55.81543880727432,53.0,9.0,142.0,11.04324786109383,59.56097068907571,0.7709459121501135,129916883.0,0.33655661287081734,432.146020176352,8.276170060735977,2.7533734575535216,27.395820165909967,3.2664809100082115,2.8973835059867863,0.11696485008382113,0.9223946032327246,0.11696485008382115,0.5205730288166418,0.10328407392869039,0.27282588856521167,2.3857858363407214,-0.6626618331592696,0.9518349747668068,0.9415175749580895,0.9976607029983237,0.9415175749580895,0.9853793937395224,0.11696485008382115,0.3683183554566191,2.2688209862569018,0.7535870890176521,1259.2516143397906,0.2803944810375842,1.0339530095595333,9.61411712313516,132.51970607882433,979.5212647517257,24.682329688351253,0.18770636763575022,6.264319170526233,315.2587397016255,0.07019789349846926,0.12263120528643985,66.02332560417604,0.13835329386335954,1.6013041250855344,0.029286498446962635,1259.2516143397906,0.2803944810375842,1.0339530095595333,9.61411712313516,132.51970607882433,979.5212647517257,24.682329688351253,0.18770636763575022,315.2587397016255,0.07019789349846926,0.13835329386335954,1.6013041250855344,0.029286498446962635,6.264319170526233,0.12263120528643985,66.02332560417604,2.620194169542746,23278.596308230026,0.6356451397583427,0.20504213391497988,12325.376276555076,0.7664369934234272,8.395991480530828,7.793621320517722,64.01583747474196,1.4136116076962526,0.18214058845463077,0.15126608777965883,1.3342753900205704,0.02801696538450695,58.29371187213282,0.0007616267875675191,2.787590249164795,0.004267882725106463,0.02059110823205329,12_Malignant_center2.png,/mnt/wangbd8/workspace/DataSets/ThyroidAgent/Classifaction_Data/Lymph_Node_Metastasis_fake/images/12_Malignant_center2.png,/mnt/wangbd8/workspace/DataSets/ThyroidAgent/Classifaction_Data/Lymph_Node_Metastasis_fake/masks/12_Malignant_center2.png
0.37151665325316485,254.28566790093143,250.4595775769016,18093.5,94.47136030879977,618.0315292925776,0.03415765491986501,18094.0,0.7715349301458474,8.0,86.0,54610525.0,2.1809809767968407,40.0,3.522705246253583,168.0,24.448489312698335,45.2966176633138,41.0,0.0,168.0,16.965303501662078,54.93775178544427,0.8468108142846263,54610525.0,0.25116456732730713,966.3729995026526,6.993884812096954,2.350789415165666,125.96770384417773,13.490253425352163,5.981658614699722,0.11096286413164332,0.9635746732282054,0.1109628641316433,0.5028134332613402,0.09865010691534576,0.2050482169839315,2.7545616595236915,-0.7349704236279145,0.9794224487566684,0.9445185679341783,0.997780742717367,0.9445185679341783,0.9861296419835446,0.1109628641316433,0.2966977985323549,2.643598795392049,1.5231553697078413,500.14272121788775,0.23793659429966116,1.484954295714018,9.051379638439581,200.33111322549954,848.476688867745,127.61678452494223,0.2700648529313406,6.414666723959592,156.7963843958135,0.07459390313787513,0.11617110644412512,126.23358027016091,0.15024984524618976,1.6035018168856316,0.03565668364780078,500.14272121788775,0.23793659429966116,1.484954295714018,9.051379638439581,200.33111322549954,848.476688867745,127.61678452494223,0.2700648529313406,156.7963843958135,0.07459390313787513,0.15024984524618976,1.6035018168856316,0.03565668364780078,6.414666723959592,0.11617110644412512,126.23358027016091,2.975721151179162,11768.832872775505,0.6504273722104292,0.19969234757476492,4544.571681220294,1.5298438112433224,7.0775947828009285,7.859621974135073,53.42290261965292,3.2832641158781035,0.3991017571503013,0.14989929135502253,1.1517077484248923,0.054613507738471546,36.02184330170321,0.0021626153087562433,2.5480417791207994,0.008028203402388545,0.05781609224711828,13_Benign_center2.png,/mnt/wangbd8/workspace/DataSets/ThyroidAgent/Classifaction_Data/Lymph_Node_Metastasis_fake/images/13_Benign_center2.png,/mnt/wangbd8/workspace/DataSets/ThyroidAgent/Classifaction_Data/Lymph_Node_Metastasis_fake/masks/13_Benign_center2.png
0.8398790420143265,275.9826508209555,276.70381276737044,50165.5,231.79204438407845,855.3523804665,0.017050610089932323,50166.0,0.9282446103105845,53.0,135.0,558288156.0,2.3121101724858897,39.0,2.8307484183235325,202.0,24.75890692981032,100.84515408842643,107.0,6.0,196.0,17.51595110246034,105.49320097853249,-0.4240166799251908,558288156.0,0.23984663466030967,959.0703495785772,22.21228446117798,4.548685238219214,109.33741623258015,-6.022720960996257,6.240534010445124,0.15354575130675105,0.9519725255148579,0.15346564396291032,0.6188814157830578,0.1299940474298003,0.17912740560585422,3.054706806947189,-0.6774751104808054,0.9778879131190015,0.9232751887529289,0.9981275597966986,0.9232805292425184,0.9846541638522893,0.15339555003704966,0.33298620151002345,2.9007641503962525,1.5985199404379686,1709.3633139092983,0.2165395634544335,1.7131479209996092,22.21015961489739,75.48695211553078,1647.1616417532302,5.552226140350575,0.07373465968249755,6.302121762894409,701.9541423866227,0.08892249080144701,0.15735757285811108,35.10152284426878,0.16700879487446346,3.607362260553399,0.015108449603106932,1709.3633139092983,0.2165395634544335,1.7131479209996092,22.21015961489739,75.48695211553078,1647.1616417532302,5.552226140350575,0.07373465968249755,701.9541423866227,0.08892249080144701,0.16700879487446346,3.607362260553399,0.015108449603106932,6.302121762894409,0.15735757285811108,35.10152284426878,3.2666681513742857,28683.192361360285,0.5717655854834008,0.24620813458183405,12032.146274369095,1.6022957923933658,22.324881393772674,7.456962883227684,166.6311047322888,0.5184084518222881,0.07014960392595097,0.1641527905132737,3.651967689493105,0.011961262418295069,33.84176910853002,0.0005871504363664449,5.2983423671095125,0.00670471219059205,0.02017343705123682,13_Malignant_center2.png,/mnt/wangbd8/workspace/DataSets/ThyroidAgent/Classifaction_Data/Lymph_Node_Metastasis_fake/images/13_Malignant_center2.png,/mnt/wangbd8/workspace/DataSets/ThyroidAgent/Classifaction_Data/Lymph_Node_Metastasis_fake/masks/13_Malignant_center2.png
0.5497186823433012,173.25243014479454,175.93464695732902,12783.5,95.2400976119713,474.2325394193541,0.03709723780023891,12784.0,0.845159096490412,0.0,64.0,26806912.0,1.7068526659133392,31.0,9.320851950759918,216.0,24.130200468631784,28.762359198998748,18.0,0.0,216.0,13.967332759430416,45.79204231003084,2.3818783417217264,26806912.0,0.42759111240427256,1269.6378322314265,4.992585581321975,1.7691276226534152,583.0195632078111,54.03209315084486,7.537225603882805,0.08613345953620445,0.9774027541351108,0.08613345953620445,0.42343039626060563,0.07871448668452947,0.390799644704774,2.1381458949778294,-0.7389929774936872,0.9583372618748869,0.9569332702318978,0.9989495919568756,0.9569332702318978,0.9913866540463796,0.08613345953620445,0.5873954882473577,2.0520124354416276,1.9058397658547521,294.46911519198665,0.2458005969883027,2.5438063160359086,9.304674457429048,432.31385642737894,896.6118530884808,395.0671841716962,0.3576742856837906,6.364279340448173,97.47579298831386,0.08136543655118018,0.09371088861076346,318.44108572718585,0.1675959914591878,1.8996093337842073,0.03653523983346911,294.46911519198665,0.2458005969883027,2.5438063160359086,9.304674457429048,432.31385642737894,896.6118530884808,395.0671841716962,0.3576742856837906,97.47579298831386,0.08136543655118018,0.1675959914591878,1.8996093337842073,0.03653523983346911,6.364279340448173,0.09371088861076346,318.44108572718585,2.33917369569799,8997.011107634544,0.7037712067924392,0.17028609369346223,5466.324780976221,1.9035295250849387,5.058432415519399,8.080882352941176,37.008526282853566,5.740988492225102,0.6747093951351225,0.1426392365456821,0.8660174176053401,0.08543438594436767,17.61845193483492,0.0035777824857136376,4.080069940163355,0.0044938656589069365,0.31416010118492566,14_Benign_center2.png,/mnt/wangbd8/workspace/DataSets/ThyroidAgent/Classifaction_Data/Lymph_Node_Metastasis_fake/images/14_Benign_center2.png,/mnt/wangbd8/workspace/DataSets/ThyroidAgent/Classifaction_Data/Lymph_Node_Metastasis_fake/masks/14_Benign_center2.png
0.4959930608562229,248.4150913194273,247.7761086142084,23860.5,123.21216150640086,641.68838354207,0.026893333481782446,23861.0,0.8533368978867707,57.0,118.0,195678356.0,2.0308110531311607,35.0,3.2690217573561102,190.0,19.63992893891214,87.21805456602824,85.0,20.0,170.0,14.456257495431712,90.55805268952751,0.4682824699969537,195678356.0,0.281761787722542,593.7718646365598,16.942721065497768,4.002887128045183,47.295946805063316,3.1334614567373364,3.8406056194434632,0.16214279693163616,0.9189842677754533,0.16214279693163622,0.6394112497351636,0.1358525103348224,0.20493289832730183,2.7865268069623665,-0.6209759524163034,0.9584859560112624,0.918928601534182,0.9975054954318211,0.918928601534182,0.9819841336742627,0.16214279693163622,0.3051926156958611,2.6243840100307327,1.000687104093775,1049.1511803114013,0.26347342549256686,1.2300238062743925,17.634354595680563,64.87217478653943,1113.5904068307384,4.784760131618359,0.07830244675301898,5.955560260899742,368.6132596685083,0.09256987937431148,0.16688319852478942,28.965534571569044,0.17226189429856628,3.2706923472940215,0.013873926047361903,1049.1511803114013,0.26347342549256686,1.2300238062743925,17.634354595680563,64.87217478653943,1113.5904068307384,4.784760131618359,0.07830244675301898,368.6132596685083,0.09256987937431148,0.17226189429856628,3.2706923472940215,0.013873926047361903,5.955560260899742,0.16688319852478942,28.965534571569044,3.0172672430510605,13289.625288127068,0.5569601143341465,0.2563968154686373,6723.118016847576,1.0179796455035923,17.10762331838565,7.365198440970621,125.19915343028373,0.5606156122605784,0.07650080692210108,0.1678657409347657,2.9197714541162005,0.012979961367834912,27.78155790200599,0.0009566379522262761,4.5623091128257585,0.005818915903084859,0.027261230896727436,14_Malignant_center2.png,/mnt/wangbd8/workspace/DataSets/ThyroidAgent/Classifaction_Data/Lymph_Node_Metastasis_fake/images/14_Malignant_center2.png,/mnt/wangbd8/workspace/DataSets/ThyroidAgent/Classifaction_Data/Lymph_Node_Metastasis_fake/masks/14_Malignant_center2.png
0.2311303853641452,423.8130559789309,429.49854481709247,32334.5,97.95607495076635,962.8010819142784,0.029776278647088355,32335.0,0.6620662312660519,19.0,91.0,117039129.0,2.2498987799351124,40.0,5.429067322285628,198.0,24.3312371584308,51.0048244935828,44.0,0.0,198.0,16.48480335691178,60.16294789972095,1.3843590596901365,117039129.0,0.25086192801129564,1018.0881783633525,8.188487199379363,2.553467804499612,241.36301207547424,22.47425411174321,6.781365396164118,0.10820791311093872,0.9685879202518201,0.10820791311093869,0.4944867061126297,0.09649896065111424,0.2053318553301463,2.8209486687526537,-0.7433308424926338,0.9820716931794089,0.9458960434445307,0.9983352628752165,0.9458960434445307,0.9879768985432291,0.10820791311093869,0.342622187742436,2.712740755641718,1.722393327318764,781.8812899638588,0.21737038920318566,2.068729315946033,10.252432582707812,161.9413400055602,1010.6889074228524,63.89325490519626,0.2756892664395941,6.774049736487429,228.30886850152905,0.0634720234922238,0.11124168857275399,81.13138686526297,0.11570852114784205,1.2102290953244805,0.0322722135181012,781.8812899638588,0.21737038920318566,2.068729315946033,10.252432582707812,161.9413400055602,1010.6889074228524,63.89325490519626,0.2756892664395941,228.30886850152905,0.0634720234922238,0.11570852114784205,1.2102290953244805,0.0322722135181012,6.774049736487429,0.11124168857275399,81.13138686526297,3.0333744397250086,21309.379588680997,0.6590190069176124,0.18708688989686764,8111.620442245245,1.7362732559820242,8.285820318540281,7.90168548012989,63.295067264573994,2.629653819741391,0.3257794304206915,0.14632063639331305,1.2764599762898818,0.04603674637790331,43.99919132169777,0.0012342628857799154,3.5192490579094136,0.006690955609933157,0.04931130168849387,15_Benign_center2.png,/mnt/wangbd8/workspace/DataSets/ThyroidAgent/Classifaction_Data/Lymph_Node_Metastasis_fake/images/15_Benign_center2.png,/mnt/wangbd8/workspace/DataSets/ThyroidAgent/Classifaction_Data/Lymph_Node_Metastasis_fake/masks/15_Benign_center2.png
0.4987891691622355,204.95792636216726,206.15528128088303,16299.5,102.23079380340005,531.7472580451156,0.03262353189024912,16300.0,0.8511121964605013,33.0,78.0,53311312.0,1.6201846071416703,22.0,3.635482755945658,137.0,13.76255356242237,54.379877300613494,52.5,8.0,129.0,9.388461180768516,57.189445162869085,0.6833038914247398,53311312.0,0.3752915051375663,313.46158280703077,7.763739656662961,2.6939916018278374,15.788575660888784,1.7971028351298592,2.157299094197319,0.13270347042114364,0.8841019023546345,0.13270347042114364,0.564806119877548,0.1150932593593283,0.29322239894203617,2.2605698617494627,-0.5982436361319724,0.9245457373555733,0.9336482647894282,0.9964134197183475,0.9336482647894282,0.9810423613684081,0.13270347042114364,0.38872421884648634,2.127866391328321,0.5725006411546159,733.2847006651884,0.32518168543910797,0.756105623866156,8.39379157427938,103.92106430155211,770.5321507760532,18.3739847253018,0.19417898497166788,5.8669169340547285,177.45942350332595,0.07869597494604255,0.1383435582822086,51.67156700311208,0.16401339018643346,1.4652916797637339,0.03938003089897064,733.2847006651884,0.32518168543910797,0.756105623866156,8.39379157427938,103.92106430155211,770.5321507760532,18.3739847253018,0.19417898497166788,177.45942350332595,0.07869597494604255,0.16401339018643346,1.4652916797637339,0.03938003089897064,5.8669169340547285,0.1383435582822086,51.67156700311208,2.5142871941391363,9875.404662576688,0.6058530467838459,0.2288430125334036,6117.251533742331,0.5791533591779893,7.869815950920246,7.645276073619632,59.47374233128834,1.350377232447171,0.1790597137014315,0.15831288343558284,1.2757191547375597,0.029641282284329322,40.462682229073046,0.0013155773968306851,2.211666376747988,0.005134212294553342,0.02289618669553711,15_Malignant_center2.png,/mnt/wangbd8/workspace/DataSets/ThyroidAgent/Classifaction_Data/Lymph_Node_Metastasis_fake/images/15_Malignant_center2.png,/mnt/wangbd8/workspace/DataSets/ThyroidAgent/Classifaction_Data/Lymph_Node_Metastasis_fake/masks/15_Malignant_center2.png
0.2900756174584102,237.6359928796445,221.65288177689007,12264.5,68.93240736490525,538.6934341759526,0.043922983747886384,12265.0,0.7287661188106822,10.0,83.0,31112129.0,2.059836939852374,34.0,4.170338710175034,165.0,22.434108358210594,41.15849979616796,34.0,0.0,165.0,14.88260229036171,50.36526103333904,1.1559205366391148,31112129.0,0.28080862738854506,842.6374134852222,6.078671041837573,2.181952420016407,118.85128872536337,14.327528601047142,5.381273021297329,0.11025430680885973,0.9598456676179803,0.11025430680885971,0.5006825480580571,0.09809829463895754,0.23070914377968196,2.628456913068696,-0.7211132345368441,0.973856462262911,0.9448728465955701,0.9977949138638228,0.9448728465955701,0.9862182116488926,0.11025430680885971,0.3332239540607055,2.5182026062598384,1.3728818320265472,344.8350951374207,0.24301275203482786,1.5664248562621148,8.197322057787174,183.38195912614518,707.8329809725159,117.2236247581015,0.3208889040699672,6.429659683780298,100.13742071881607,0.07056900684905995,0.11569506726457399,108.67340795734522,0.14114586034097468,1.3763778518834695,0.0396542498793221,344.8350951374207,0.24301275203482786,1.5664248562621148,8.197322057787174,183.38195912614518,707.8329809725159,117.2236247581015,0.3208889040699672,100.13742071881607,0.07056900684905995,0.14114586034097468,1.3763778518834695,0.0396542498793221,6.429659683780298,0.11569506726457399,108.67340795734522,2.8549346951909356,7979.905503465145,0.6506241747627513,0.1967643537061784,3444.1178149205057,1.3812120270377846,6.167549938850387,7.861964940888708,46.21011006930289,3.595136180603509,0.4401038327819238,0.1490284005979073,1.0055759387597953,0.06087959647931887,26.43054924242424,0.0029295855657539686,2.728176394679085,0.007263609926126139,0.08956474748528144,16_Benign_center2.png,/mnt/wangbd8/workspace/DataSets/ThyroidAgent/Classifaction_Data/Lymph_Node_Metastasis_fake/images/16_Benign_center2.png,/mnt/wangbd8/workspace/DataSets/ThyroidAgent/Classifaction_Data/Lymph_Node_Metastasis_fake/masks/16_Benign_center2.png
0.6467036461987795,352.9799895009139,367.72272162595556,62247.5,228.27344624544793,1008.9158723275417,0.016208134821921228,62248.0,0.8766191112458489,48.0,119.0,494647827.0,2.21574172582595,44.0,2.431280096540472,185.0,23.085622872857627,84.73828878036242,87.0,0.0,185.0,17.469204556,89.1426112334301,0.00775181632943973,494647827.0,0.24041179505500143,765.8275520903625,16.448993418505612,3.9052055103884373,62.41360011422996,-0.030974369390941447,4.992495172396286,0.1990418118466899,0.923320661125671,0.1986546651180798,0.7210547861825952,0.1595781358735135,0.16052886104482553,3.0990028216958785,-0.6003750234624076,0.9643433138773191,0.900711382113821,0.9969383438178272,0.9007371918957283,0.9779315610616423,0.1983159117305459,0.23967608723706285,2.897978420995797,1.297884246060744,2976.1613982004937,0.23697439272238982,1.3410670074227113,16.47718767417788,44.58173421450753,736.1229397245004,4.236180072574456,0.09416683334028464,5.796162793621066,1420.1306632693686,0.11307673089174047,0.20175748618429507,20.015381457962558,0.23218382298329662,3.7413678891159305,0.02367507272182272,2976.1613982004937,0.23697439272238982,1.3410670074227113,16.47718767417788,44.58173421450753,736.1229397245004,4.236180072574456,0.09416683334028464,1420.1306632693686,0.11307673089174047,0.23218382298329662,3.7413678891159305,0.02367507272182272,5.796162793621066,0.20175748618429507,20.015381457962558,3.3186086974082714,31829.263879964015,0.5113299042533739,0.3027327934077521,14965.15341858373,1.3004870615832353,16.556483742449558,7.044467292121835,116.7533414728184,0.6527974372943819,0.09290840986048492,0.18611218209598882,3.0652310114381187,0.017620458408130254,80.82018071956179,0.0003547710408677027,5.37504772155299,0.008880604888604376,0.009280390809310608,16_Malignant_center2.png,/mnt/wangbd8/workspace/DataSets/ThyroidAgent/Classifaction_Data/Lymph_Node_Metastasis_fake/images/16_Malignant_center2.png,/mnt/wangbd8/workspace/DataSets/ThyroidAgent/Classifaction_Data/Lymph_Node_Metastasis_fake/masks/16_Malignant_center2.png
0.46254791520987515,209.18267937546528,216.00231480241132,15565.5,96.75701224313721,546.5756851698617,0.03511456009571563,15566.0,0.8091632722958937,12.0,61.0,29955891.0,1.653615396790775,25.0,3.2793743733629523,128.0,14.823795413655933,39.68065013490942,41.0,0.0,128.0,10.463073185457125,43.86848211985384,0.030627975269882368,29955891.0,0.3568958932936937,349.889728370849,5.058675119679131,2.124725061456851,15.31741906171509,0.8630878415328442,2.2801216409655045,0.10324750938025616,0.9133600354227308,0.10324750938025616,0.4792062265430737,0.09258746118703007,0.2920637201382631,2.184024450153358,-0.6744738259183773,0.9442852096568445,0.9483762453098719,0.9972095267735066,0.9483762453098719,0.9852503558028205,0.10324750938025616,0.4404192004140251,2.0807769407731036,0.5958422875864401,595.6502347417841,0.3495599969141925,0.6478088011637901,6.230046948356808,206.2582159624413,715.4372065727699,116.83069216223267,0.2860604134063641,5.99511491071408,111.97183098591549,0.06571116841896449,0.10946935628934858,122.81041983512971,0.13587995118626095,0.9211239430556606,0.04474771888963111,595.6502347417841,0.3495599969141925,0.6478088011637901,6.230046948356808,206.2582159624413,715.4372065727699,116.83069216223267,0.2860604134063641,111.97183098591549,0.06571116841896449,0.13587995118626095,0.9211239430556606,0.04474771888963111,5.99511491071408,0.10946935628934858,122.81041983512971,2.430042795520418,10349.913786457664,0.6649051642334359,0.1896349009078633,5555.441475009637,0.6012542754992898,5.136900937941668,7.923936785301298,39.540087369908775,2.9541147015575255,0.3622722600539638,0.14721187202878067,0.7993133182006368,0.05103274805170497,37.849660389142855,0.00178375351886234,1.8982903192798137,0.00415230853245366,0.0401535049058423,17_Benign_center2.png,/mnt/wangbd8/workspace/DataSets/ThyroidAgent/Classifaction_Data/Lymph_Node_Metastasis_fake/images/17_Benign_center2.png,/mnt/wangbd8/workspace/DataSets/ThyroidAgent/Classifaction_Data/Lymph_Node_Metastasis_fake/masks/17_Benign_center2.png
0.5891687317859545,319.66071530964365,318.9435686763412,46651.5,188.3340982407738,884.6660889654848,0.018963293548234995,46652.0,0.865482633650188,20.0,125.0,241860403.0,2.468856850551455,52.0,3.3866081708952978,221.0,32.42542866334197,59.52154248478093,46.0,0.0,221.0,22.13241418225299,72.00244641184715,1.0694405598341472,241860403.0,0.22852259765221053,1641.5382695233388,11.029978678956777,2.897658992526866,382.80547931336577,36.539292247982644,10.63533913660437,0.10113496866452738,0.9811604875729366,0.10113496866452738,0.4725830691386384,0.09090668677775243,0.19283066957347053,3.0157973536652904,-0.7777046522295964,0.9891697746950233,0.9494325156677363,0.9987666467236034,0.9494325156677363,0.9898865031335473,0.10113496866452738,0.3649128852324855,2.914662385000766,2.6841185263172247,897.6624618514751,0.18263732692807225,2.729741681836386,13.594913530010173,211.4559511698881,1612.0061037639878,78.66212180666697,0.2229894970930613,7.0225532312820125,315.86388606307224,0.06426528709319883,0.10535453999828517,121.36244481723378,0.12175643632581884,1.6970619182846902,0.028130696223242282,897.6624618514751,0.18263732692807225,2.729741681836386,13.594913530010173,211.4559511698881,1612.0061037639878,78.66212180666697,0.2229894970930613,315.86388606307224,0.06426528709319883,0.12175643632581884,1.6970619182846902,0.028130696223242282,7.0225532312820125,0.10535453999828517,121.36244481723378,3.219273568155703,31389.701620509302,0.6728479297888472,0.18037232580883378,10661.036225670925,2.6826564147656686,11.097530652490782,7.9605161622224125,85.74547714996142,2.344389540567625,0.28619595425785155,0.14467284956224336,1.6891427782064843,0.03941177773973867,44.15727501446283,0.0010992757685555127,3.9509873596862986,0.0075305713149208435,0.0525197378746197,17_Malignant_center2.png,/mnt/wangbd8/workspace/DataSets/ThyroidAgent/Classifaction_Data/Lymph_Node_Metastasis_fake/images/17_Malignant_center2.png,/mnt/wangbd8/workspace/DataSets/ThyroidAgent/Classifaction_Data/Lymph_Node_Metastasis_fake/masks/17_Malignant_center2.png
0.25551748206852826,313.4275758847914,302.6962173533062,19020.5,80.08622500092446,708.8599564173238,0.0372682083235101,19021.0,0.689692419981397,6.0,75.0,40462095.0,1.9469392637121028,35.0,3.403139948741812,147.0,21.096373486031688,37.80605646390831,34.0,0.0,147.0,15.123619410297866,46.12193399383287,0.7940593972894479,40462095.0,0.29396660390805834,697.9348899792524,5.272510971289588,2.0566277163855546,62.5885362189637,8.063867097543794,4.269624430973632,0.09845080103632421,0.9549225707859328,0.09845080103632421,0.46406542399079415,0.08875824081163032,0.24833366330579335,2.465024186104114,-0.7301457737120689,0.9701874937731199,0.950774599481838,0.9973391675395589,0.950774599481838,0.9859355998519537,0.09845080103632421,0.3408237720086713,2.366573385067791,1.0920188080024888,506.49543147208124,0.2571042799350666,1.2581782576206548,7.663959390862944,238.3477157360406,747.2705583756346,164.10936943034406,0.3097609983079526,6.441390405331562,133.89137055837563,0.06796516271998763,0.10356973870984701,145.12231930737715,0.14540276216186365,1.2924163409256293,0.040372336663452454,506.49543147208124,0.2571042799350666,1.2581782576206548,7.663959390862944,238.3477157360406,747.2705583756346,164.10936943034406,0.3097609983079526,133.89137055837563,0.06796516271998763,0.14540276216186365,1.2924163409256293,0.040372336663452454,6.441390405331562,0.10356973870984701,145.12231930737715,2.682721711594421,12914.555754166448,0.6789630279252641,0.18252828237034885,5591.538772935177,1.1012653368509124,5.357815046527522,7.982598180957889,40.44450870090952,3.9344735935136024,0.472226574137357,0.14547079543662267,0.86521330225657,0.06298635734642867,49.83091086850253,0.002073276102149368,1.6254379105195147,0.0072275181580124925,0.0389799511172003,18_Benign_center2.png,/mnt/wangbd8/workspace/DataSets/ThyroidAgent/Classifaction_Data/Lymph_Node_Metastasis_fake/images/18_Benign_center2.png,/mnt/wangbd8/workspace/DataSets/ThyroidAgent/Classifaction_Data/Lymph_Node_Metastasis_fake/masks/18_Benign_center2.png
0.7549256693602224,165.17448820974198,165.9548131269473,16121.5,124.69446107297163,490.3330444827423,0.030414852494044742,16122.0,0.9179446471168912,38.0,88.0,63878335.0,1.747300544761406,26.0,4.099930360852161,172.0,15.667919896116512,59.799838729686144,56.0,8.0,164.0,11.320510028120937,62.945883760156256,0.8360925676681702,63878335.0,0.33598902340624087,386.16357025063246,9.085583610049497,2.9026690057013975,27.60892205402294,3.0652245659900976,2.7558539691390562,0.11546895557922436,0.9195709026071638,0.11546895557922435,0.5161947217977495,0.10213587587666746,0.2686033630914958,2.33879963691796,-0.6610868797086273,0.9490495317005232,0.9422655222103877,0.9976906208884154,0.9422655222103877,0.9855663805525969,0.11546895557922435,0.3748511997995113,2.2233306813387372,0.7178307311795703,630.4281437125749,0.31458490205218304,0.8380133445683482,10.009481037924152,117.38323353293413,993.8403193612775,18.916573330097176,0.14935737934561716,6.083832791994254,136.24750499001996,0.06798777694112773,0.1243021957573502,52.662653734447275,0.12725428049731136,1.3359136854535,0.02218793000580314,630.4281437125749,0.31458490205218304,0.8380133445683482,10.009481037924152,117.38323353293413,993.8403193612775,18.916573330097176,0.14935737934561716,136.24750499001996,0.06798777694112773,0.12725428049731136,1.3359136854535,0.02218793000580314,6.083832791994254,0.1243021957573502,52.662653734447275,2.587977204633817,10182.822850762932,0.6316103988812141,0.20528430708405168,5416.815035355415,0.717317653610732,9.148988959186205,7.7754621014762435,70.0842327254683,1.2038441404556695,0.15398102893723342,0.15128740575335292,1.4187962618368277,0.02338727279450101,25.00756512507121,0.0016693897020027553,2.727360247102731,0.003942935572715109,0.04452855147154745,18_Malignant_center2.png,/mnt/wangbd8/workspace/DataSets/ThyroidAgent/Classifaction_Data/Lymph_Node_Metastasis_fake/images/18_Malignant_center2.png,/mnt/wangbd8/workspace/DataSets/ThyroidAgent/Classifaction_Data/Lymph_Node_Metastasis_fake/masks/18_Malignant_center2.png
0.38127401300181446,243.3031594765469,239.7602969634464,17684.5,92.76517198964348,584.090403795623,0.03302838100006351,17685.0,0.8070886753486508,19.0,136.0,99796479.0,2.535085322651664,52.0,3.249702312619927,207.0,34.24144007263095,61.682273112807465,48.0,0.0,207.0,23.465195861133445,75.11991318606721,1.0476859750065823,99796479.0,0.213527121382271,1838.2985407193028,11.88256025466121,2.9933492496589365,460.8972344242426,42.7635786486456,11.810305107369278,0.12062301045929968,0.9797797775214067,0.1206230104592997,0.5311490421891416,0.10607309980703537,0.17239964716898687,3.155041524588848,-0.7533394784613621,0.9888985073691445,0.9396884947703502,0.9985289876773256,0.9396884947703502,0.98793769895407,0.1206230104592997,0.33231014097316963,3.0344185141295505,2.9827320294571447,405.4406320541761,0.18304317474229168,2.9004772508394945,13.878555304740406,144.19548532731378,1246.507900677201,56.452449179291314,0.22405875302215192,6.756225795084108,167.75395033860045,0.0757354177600905,0.12524738478936953,80.44805731494172,0.16390645017869665,2.292419810560786,0.03762896833724783,405.4406320541761,0.18304317474229168,2.9004772508394945,13.878555304740406,144.19548532731378,1246.507900677201,56.452449179291314,0.22405875302215192,167.75395033860045,0.0757354177600905,0.16390645017869665,2.292419810560786,0.03762896833724783,6.756225795084108,0.12524738478936953,80.44805731494172,3.3780949244419536,11179.266101215719,0.6321326605154493,0.21421024431813324,3776.2271416454623,2.9854672839785943,11.990217698614645,7.773989256432005,90.89222504947696,2.2384017980866417,0.2791694699424498,0.15398799987434425,1.925947915684981,0.04080146880675944,20.43621974984139,0.0024510992871923302,4.6864726091728635,0.009981099981070649,0.11542467697269755,19_Benign_center2.png,/mnt/wangbd8/workspace/DataSets/ThyroidAgent/Classifaction_Data/Lymph_Node_Metastasis_fake/images/19_Benign_center2.png,/mnt/wangbd8/workspace/DataSets/ThyroidAgent/Classifaction_Data/Lymph_Node_Metastasis_fake/masks/19_Benign_center2.png
0.37441806460659544,509.9979061076368,478.7619450206961,75188.5,190.95242895823756,1206.8670990922576,0.016051219256831267,75189.0,0.8054177462399789,28.0,105.0,362658754.0,2.2608086286592677,41.0,3.3037977357216546,185.0,23.798385632212195,62.81171447951163,58.0,0.0,185.0,17.05999029783234,69.4499485172863,0.7129668631406846,362658754.0,0.24332543946013904,877.9838731980268,10.63468821678135,3.035185629700752,111.46444341328008,9.165592159257113,5.805030816452475,0.11568517629487385,0.960921896460974,0.11568517629487386,0.5168295201950477,0.10230211628049782,0.19443821925254245,2.8721784928948106,-0.7297597334141589,0.9813882302115328,0.9421574118525631,0.998220228057002,0.9421574118525631,0.9871460915227919,0.11568517629487386,0.28381874433242654,2.7564933165999395,1.4801789981868374,2027.2145110410095,0.22839280205509346,1.57708514547536,12.054078413699864,142.1639251915277,1278.0953132041461,31.678061837943076,0.17342629385951466,6.660458443904429,590.4628210905813,0.06652352648609523,0.11804918272619665,70.40531305741455,0.1182232689535784,1.4741802369996881,0.021973364461383316,2027.2145110410095,0.22839280205509346,1.57708514547536,12.054078413699864,142.1639251915277,1278.0953132041461,31.678061837943076,0.17342629385951466,590.4628210905813,0.06652352648609523,0.1182232689535784,1.4741802369996881,0.021973364461383316,6.660458443904429,0.11804918272619665,70.40531305741455,3.0757837246704787,48420.51668462142,0.6439840493239891,0.1953049224818672,18295.396467568393,1.4793821091904231,10.694755881844419,7.834457167936799,82.20250302570855,1.539350885127001,0.19344193942677906,0.14847029929023303,1.6384060316151445,0.028128204479301897,83.73408193237574,0.000499532579706984,3.4477265039848093,0.006064625378982081,0.016450690331469113,19_Malignant_center2.png,/mnt/wangbd8/workspace/DataSets/ThyroidAgent/Classifaction_Data/Lymph_Node_Metastasis_fake/images/19_Malignant_center2.png,/mnt/wangbd8/workspace/DataSets/ThyroidAgent/Classifaction_Data/Lymph_Node_Metastasis_fake/masks/19_Malignant_center2.png
0.6796517678536764,174.2291189528419,176.61823235442031,16002.5,118.41512870788749,497.70562748477266,0.03110174207059976,16003.0,0.9010031279028636,24.0,136.0,122213301.0,2.672082251582858,75.0,1.886094814687785,190.0,37.60024582811831,76.19515090920453,71.0,0.0,190.0,30.70500088910884,87.38935515189279,0.25237684312786157,122213301.0,0.17050494137142136,1831.1983717871994,15.690395266868073,3.5720354984894263,270.2915351119315,10.720068769355631,11.885399136953385,0.16156847935548843,0.9731769048442096,0.1611908358509567,0.6388119010946148,0.13558599379315833,0.12481670060260697,3.4437769962110982,-0.7111882340607947,0.9887589173983158,0.9194423464249748,0.99751484372508,0.9194675226586102,0.9820941031666106,0.16086039778449143,0.2317472306143001,3.2805863182882247,3.011741904077219,444.5817433595211,0.16632313631108162,2.6699114854745227,16.595959595959595,72.05200149644594,1001.9206883651328,20.371707150873817,0.17200326679493344,6.408161475366342,260.2667414889637,0.09736877721248174,0.16703118165343997,36.2089568699703,0.19993403456516756,3.301685571126566,0.033240365230721894,444.5817433595211,0.16632313631108162,2.6699114854745227,16.595959595959595,72.05200149644594,1001.9206883651328,20.371707150873817,0.17200326679493344,260.2667414889637,0.09736877721248174,0.19993403456516756,3.301685571126566,0.033240365230721894,6.408161475366342,0.16703118165343997,36.2089568699703,3.6591479649025187,8923.653127538586,0.5576237660150338,0.26445682720498775,2728.5905767668564,2.998065182655775,15.774792226457539,7.371680309941886,114.92907579828783,1.548525583638442,0.20317082589248076,0.1703395891048206,2.7294361473890314,0.03278172300995402,19.80905808553576,0.0024552710463968436,3.9138206118822008,0.01670372012502152,0.05835176683462578,1_Benign_center2.png,/mnt/wangbd8/workspace/DataSets/ThyroidAgent/Classifaction_Data/Lymph_Node_Metastasis_fake/images/1_Benign_center2.png,/mnt/wangbd8/workspace/DataSets/ThyroidAgent/Classifaction_Data/Lymph_Node_Metastasis_fake/masks/1_Benign_center2.png
0.5408229012158552,160.6594230356092,151.71684151734772,10696.5,86.88829527378356,431.44574285495054,0.04033522580796995,10697.0,0.8497664718137619,51.0,97.0,60428469.0,1.6351478233224466,28.0,2.2636681296490315,137.0,15.167657254667082,72.98952977470319,72.0,17.0,120.0,11.63260897687569,75.16052373630954,0.20440679417742896,60428469.0,0.36918956806326797,321.6328715840672,12.318431001890358,3.4376181474480156,12.30073683957485,0.5217175417509715,2.1356627513480877,0.13081285444234406,0.8845671631248611,0.13081285444234406,0.5596632347278894,0.11370085155499017,0.29200577292105157,2.272219054397851,-0.60496626354267,0.9277093301151651,0.934593572778828,0.9964645174475042,0.934593572778828,0.9813124493653794,0.13081285444234406,0.4186200378071834,2.141406199955508,0.5666189014476077,458.1192538307795,0.30520936297853396,0.7878389756595758,12.886742171885409,102.33377748167888,1227.076615589607,9.805566104078762,0.10417869568435859,5.821018321431324,119.48500999333777,0.07960360425938559,0.14031971580817051,51.54560250971925,0.16296973781225263,2.1737706791278915,0.018479889114033487,458.1192538307795,0.30520936297853396,0.7878389756595758,12.886742171885409,102.33377748167888,1227.076615589607,9.805566104078762,0.10417869568435859,119.48500999333777,0.07960360425938559,0.16296973781225263,2.1737706791278915,0.018479889114033487,5.821018321431324,0.14031971580817051,51.54560250971925,2.5318685659595395,6440.930821725718,0.6021249716486602,0.2310479972223749,3949.2208095727774,0.5715605646275134,12.440123399083856,7.625969898102272,94.2696083013929,0.7503494489628453,0.09923376751529504,0.15900096600292918,2.004045786461417,0.016134306145602146,19.56064951231426,0.0021542600860737365,2.0204507662479023,0.004978067926003864,0.029978478576324966,1_Malignant_center2.png,/mnt/wangbd8/workspace/DataSets/ThyroidAgent/Classifaction_Data/Lymph_Node_Metastasis_fake/images/1_Malignant_center2.png,/mnt/wangbd8/workspace/DataSets/ThyroidAgent/Classifaction_Data/Lymph_Node_Metastasis_fake/masks/1_Malignant_center2.png
0.226282447725462,411.15480146544405,405.36033353055154,28468.5,93.03711486967704,935.3279938488598,0.03285483934344485,28469.0,0.6394745893557807,11.0,86.0,77413952.0,2.0947230277663222,33.0,5.631854114493111,193.0,23.41095332792156,41.62169377217324,33.0,0.0,193.0,14.771932682458628,52.146301727640996,1.5404713268247552,77413952.0,0.28441453266463834,986.8713914056096,6.3681832621510015,2.186438883202146,231.22663378721447,24.822656663945466,6.449151786936749,0.09847869824573788,0.9699192865362215,0.09847869824573789,0.46415454733598316,0.08878064423756281,0.2386188814915778,2.6187266296017073,-0.747477946009217,0.9777982133580974,0.9507606508771312,0.9984849431039119,0.9507606508771312,0.9890579224171404,0.09847869824573789,0.3371218806254633,2.5202479313559714,1.636907621295622,717.5792349726776,0.24507487533219863,1.8044282031040044,8.32889344262295,260.8992486338798,914.2076502732241,184.26013186951693,0.33748637655198693,6.657233252605229,182.05601092896174,0.0621775993609842,0.10284871263479574,166.36214771548117,0.11438549804783878,0.9914013391008912,0.03894779649804409,717.5792349726776,0.24507487533219863,1.8044282031040044,8.32889344262295,260.8992486338798,914.2076502732241,184.26013186951693,0.33748637655198693,182.05601092896174,0.0621775993609842,0.11438549804783878,0.9914013391008912,0.03894779649804409,6.657233252605229,0.10284871263479574,166.36214771548117,2.835563932572223,19314.173627454424,0.6784282422092249,0.1763123354392944,8096.99733042959,1.6452951028848304,6.447996065896238,7.984439214584285,49.57026941585584,3.749576237557676,0.45465137239224845,0.14362991323896168,0.9863125973280878,0.0616295266413691,45.25279102968822,0.0013946510827345195,3.504526982412224,0.005790603577755494,0.06971698225359442,20_Benign_center2.png,/mnt/wangbd8/workspace/DataSets/ThyroidAgent/Classifaction_Data/Lymph_Node_Metastasis_fake/images/20_Benign_center2.png,/mnt/wangbd8/workspace/DataSets/ThyroidAgent/Classifaction_Data/Lymph_Node_Metastasis_fake/masks/20_Benign_center2.png
0.6727443293450676,218.17478813075704,216.92394980729998,24787.5,146.77585152102836,622.7178207935928,0.025122251973518618,24788.0,0.8962517180339641,45.0,104.0,146520838.0,1.9712551375549063,33.0,3.238916821256439,179.0,19.04200805987916,73.22849766015814,71.0,20.0,159.0,13.920640172575043,76.8827578045686,0.5058111509877375,146520838.0,0.2934334373821457,548.5455780721664,12.806176697374296,3.452721074631712,43.89031305696095,3.315011181636052,3.6558451445876297,0.1162696319142892,0.9383530784171351,0.11626963191428918,0.5185421160101737,0.10275100460880489,0.23384069166924795,2.5800850521140184,-0.6918585028529041,0.9668117246124045,0.9418651840428554,0.9982112364320879,0.9418651840428554,0.9870811520095234,0.11626963191428918,0.35591088024024997,2.463815420199732,0.9430286941254797,821.3107569721116,0.272679534187288,1.0975887287503374,13.847609561752988,129.1414342629482,1525.6128818061088,14.936609513853126,0.10577635179237697,6.351706679913572,203.62682602921646,0.06760518792470666,0.12151040826206229,61.41268745293284,0.12763748110790446,1.8392892655306285,0.014524076035468689,821.3107569721116,0.272679534187288,1.0975887287503374,13.847609561752988,129.1414342629482,1525.6128818061088,14.936609513853126,0.10577635179237697,203.62682602921646,0.06760518792470666,0.12763748110790446,1.8392892655306285,0.014524076035468689,6.351706679913572,0.12151040826206229,61.41268745293284,2.8036461455942976,15794.96111021462,0.6372019166618775,0.20122811849518613,7273.6280458286265,0.9416180272125405,12.860658383088591,7.802162336614491,99.16653219299661,0.8513226637509664,0.10863917591470454,0.1501398526168576,1.9717986301615475,0.016282747562646943,24.20712695013021,0.0012461313210165843,3.47452589202106,0.0038834770322274284,0.04074252015167221,20_Malignant_center2.png,/mnt/wangbd8/workspace/DataSets/ThyroidAgent/Classifaction_Data/Lymph_Node_Metastasis_fake/images/20_Malignant_center2.png,/mnt/wangbd8/workspace/DataSets/ThyroidAgent/Classifaction_Data/Lymph_Node_Metastasis_fake/masks/20_Malignant_center2.png
0.4753759813261204,158.29306812300666,159.84054554461454,9174.5,75.24872259609673,407.11984104714577,0.044375152983502725,9175.0,0.8340150088177949,21.0,63.0,17884083.0,1.5656562522795892,20.0,5.095665643090923,129.0,13.453091088359109,40.320544959128064,37.0,1.0,128.0,8.763707615073168,44.149958726887064,1.1612975624782604,17884083.0,0.4328423434727409,323.4725097847635,5.046629275266688,2.132464533157374,21.787098853680273,2.953166046165067,2.131836124408641,0.13493896403827121,0.880941903123944,0.1347190146266359,0.571230991813531,0.11678975113629948,0.3558793816584178,2.1883736644482137,-0.5836007006807976,0.9139228625314402,0.9326624876278455,0.9963538926587425,0.9326771509219546,0.980758354149974,0.13452655889145498,0.5621906961398878,2.0524709996017014,0.566693772111728,362.32312404287904,0.2774296508750988,1.074802009338452,6.654670750382849,110.23813169984686,489.687595712098,34.225199719244515,0.3445031478645567,5.855527327146623,118.00765696784073,0.09035808343632522,0.1423433242506812,60.883741314090464,0.22869258181041907,1.9919918506570031,0.0793526533395927,362.32312404287904,0.2774296508750988,1.074802009338452,6.654670750382849,110.23813169984686,489.687595712098,34.225199719244515,0.3445031478645567,118.00765696784073,0.09035808343632522,0.22869258181041907,1.9919918506570031,0.0793526533395927,5.855527327146623,0.1423433242506812,60.883741314090464,2.450377823920523,5531.186158038147,0.6028540771703702,0.2505066456800481,3971.3285013623977,0.5897770419262153,5.1906267029972755,7.623433242506812,37.67803814713896,2.5016682107175297,0.33064592794429304,0.16497123826824098,0.9727399333938841,0.055319832139132774,26.907906652483902,0.002450680227364363,2.4193949952072566,0.00521746447625916,0.05265786749772,21_Benign_center2.png,/mnt/wangbd8/workspace/DataSets/ThyroidAgent/Classifaction_Data/Lymph_Node_Metastasis_fake/images/21_Benign_center2.png,/mnt/wangbd8/workspace/DataSets/ThyroidAgent/Classifaction_Data/Lymph_Node_Metastasis_fake/masks/21_Benign_center2.png
0.6990283058147891,94.79348033975567,94.36630754670864,4909.5,66.26332596418693,277.3797256769676,0.056498569238612406,4910.0,0.8954654827420663,2.0,60.0,7003964.0,1.5813112630809085,28.0,7.3830750987730775,164.0,19.705695762005302,26.2061099796334,18.0,0.0,164.0,12.292924011104894,37.76862780716087,1.9314884827917131,7003964.0,0.4400793924033831,739.7090461712038,3.654060756354619,1.6245091961148999,147.0819384929796,18.70534162896923,4.145264070544139,0.08514155817317627,0.9597478040426152,0.08514155817317627,0.4200416054434984,0.07789247324501991,0.4045840007745158,1.9909824526366713,-0.7167119594285565,0.9443596376492691,0.9574292209134119,0.9982971688365365,0.9574292209134119,0.989357305228353,0.08514155817317627,0.5964042157470552,1.905840894463497,1.057601407179329,131.29399585921325,0.27183021917021377,1.5011252137906204,7.219461697722568,365.9089026915114,595.3726708074535,338.2797179030342,0.3615918320399243,5.899659967592667,40.900621118012424,0.08468037498553296,0.09837067209775967,262.56883950807793,0.18164769181802545,1.7960458232044898,0.03904058761790829,131.29399585921325,0.27183021917021377,1.5011252137906204,7.219461697722568,365.9089026915114,595.3726708074535,338.2797179030342,0.3615918320399243,40.900621118012424,0.08468037498553296,0.18164769181802545,1.7960458232044898,0.03904058761790829,5.899659967592667,0.09837067209775967,262.56883950807793,2.2293231018277493,3407.8313645621183,0.6940593410513479,0.18084477831102408,2160.789816700611,1.0970479216528883,3.8071283095723016,8.039103869653768,27.411201629327902,5.799167554530298,0.6834492624612641,0.1454062004978502,0.6963340122199593,0.08698797086534694,10.599017523278834,0.008491283895960154,2.3471422357186595,0.004543104088311351,0.34876297953323765,21_Malignant_center2.png,/mnt/wangbd8/workspace/DataSets/ThyroidAgent/Classifaction_Data/Lymph_Node_Metastasis_fake/images/21_Malignant_center2.png,/mnt/wangbd8/workspace/DataSets/ThyroidAgent/Classifaction_Data/Lymph_Node_Metastasis_fake/masks/21_Malignant_center2.png
0.39118386183150533,232.21619611537696,229.21169254643183,16460.5,90.83922837623535,561.6467529817272,0.03412088047032151,16461.0,0.8097728116085267,19.0,110.0,57893683.0,2.074441815870053,33.0,3.236032800671974,146.0,25.45649571590961,49.701293967559685,38.0,1.0,145.0,16.888384998372572,59.30447722878213,1.1467798477686681,57893683.0,0.30798647251682076,1046.8023973293537,7.996393863455779,2.513507731801235,150.39676692179896,19.08339153147905,6.798121090708861,0.08343010818409632,0.9757525285294635,0.08343010818409632,0.4141515478752621,0.0764695252324863,0.27190385688564017,2.53534288892352,-0.7756030832692187,0.9796563376144525,0.9582849459079518,0.9977451322112406,0.9582849459079518,0.9880814131165576,0.08343010818409632,0.4686143878736019,2.4519127807394256,1.72038779972324,311.67986348122867,0.2127507600554462,1.8789176344511875,9.864846416382253,356.9617747440273,1987.4805460750854,132.8337948426242,0.2854772468714448,6.8023328180401315,87.18293515358361,0.05951053594101271,0.08899823826013001,230.71009050775197,0.1398981699761155,1.3754950811664586,0.04090313235672595,311.67986348122867,0.2127507600554462,1.8789176344511875,9.864846416382253,356.9617747440273,1987.4805460750854,132.8337948426242,0.2854772468714448,87.18293515358361,0.05951053594101271,0.1398981699761155,1.3754950811664586,0.04090313235672595,6.8023328180401315,0.08899823826013001,230.71009050775197,2.7462940976382333,11770.355689204787,0.7150449966104603,0.16198714074452575,5069.765324099387,1.7168458744456807,8.047445477188505,8.125691027276593,63.79825041006014,2.666907775280292,0.3240500104624398,0.14062194142383683,1.1841085663757431,0.044446421620575695,31.229164981219284,0.0030459603046293386,1.1733316103164173,0.009609302790368875,0.04863937046833759,22_Benign_center2.png,/mnt/wangbd8/workspace/DataSets/ThyroidAgent/Classifaction_Data/Lymph_Node_Metastasis_fake/images/22_Benign_center2.png,/mnt/wangbd8/workspace/DataSets/ThyroidAgent/Classifaction_Data/Lymph_Node_Metastasis_fake/masks/22_Benign_center2.png
0.23731774586563553,341.1351933991004,345.17242068276545,21113.5,80.95743513291212,784.8010819142784,0.037170581945877204,21114.0,0.6563348352286673,0.0,45.0,17564803.0,1.2415571885765861,22.0,9.82584840103547,181.0,15.09171480630788,19.65790470777683,15.0,0.0,181.0,10.206956267929582,28.8427312304645,2.15297156464903,17564803.0,0.5459293051915928,445.46992733277784,2.554270208511854,1.4100495096639054,65.12061985877907,9.2551820710433,2.3291037891097686,0.06498143387603542,0.9457150202907199,0.06498143387603543,0.34690987025338405,0.06075884712744987,0.5110114721374339,1.5711162766173037,-0.7161517322837926,0.9092359754845958,0.9675092830619823,0.9990002856326763,0.9675092830619823,0.9927798406804405,0.06498143387603543,0.6876606683804627,1.5061348427412704,0.5985213057464509,418.1296673455533,0.2838626390669065,1.3933518886460012,6.3306177868296,1106.6720977596742,1320.335369993211,1067.0898133100263,0.42051672066201456,6.322117009706341,106.98642226748133,0.07263165123386377,0.0697641375390736,901.2081914377326,0.16693592916892006,1.6041336716246744,0.046313249259741764,418.1296673455533,0.2838626390669065,1.3933518886460012,6.3306177868296,1106.6720977596742,1320.335369993211,1067.0898133100263,0.42051672066201456,106.98642226748133,0.07263165123386377,0.16693592916892006,1.6041336716246744,0.046313249259741764,6.322117009706341,0.0697641375390736,901.2081914377326,1.7553263122192801,16234.92185279909,0.7689173938050152,0.1350265085545031,11526.751349815288,0.6265051054304958,2.6434593160935873,8.317324997631903,19.523917779672257,6.601887861424763,0.7656940947339752,0.13506309662888236,0.4620130929451759,0.09445182879094859,28.88967177685376,0.0023092192686487993,2.6337028566625507,0.0014465342374602949,0.1800639195353603,22_Malignant_center2.png,/mnt/wangbd8/workspace/DataSets/ThyroidAgent/Classifaction_Data/Lymph_Node_Metastasis_fake/images/22_Malignant_center2.png,/mnt/wangbd8/workspace/DataSets/ThyroidAgent/Classifaction_Data/Lymph_Node_Metastasis_fake/masks/22_Malignant_center2.png
0.40070262407088925,316.4826125504483,305.48322376196046,31081.5,126.81541332177521,769.5878784786818,0.024760319755439145,31082.0,0.812077912237001,11.0,76.0,77342230.0,2.0049770554812403,34.0,4.760504581719446,200.0,20.360998576361446,42.62190335242262,41.0,0.0,200.0,14.378771234031635,49.88314960617726,0.8728581208985838,77342230.0,0.2797051884332138,671.7019692490082,6.056219709208401,2.2422132471728595,80.01392485535501,7.6592843215272355,4.25188993765023,0.13709208400646203,0.9375289835638402,0.1370274636510501,0.5767509071722586,0.11831555821182217,0.2158242702153925,2.670176237398005,-0.6651940162622013,0.9644404279365365,0.9314927302100161,0.9983282009442731,0.9314970382337102,0.9862978410926714,0.13697092084006462,0.31767366720516965,2.5327233836771725,1.0972455054141732,1138.6925892040256,0.26045118691766367,1.358205370364015,8.101326623970722,139.0301921317475,520.0665599268069,87.06416614383038,0.2913187015025759,6.1080159421739735,393.4455626715462,0.0899921232094113,0.14066018917701564,88.4875890324271,0.1882274542610647,1.7820786531378994,0.05214168364307162,1138.6925892040256,0.26045118691766367,1.358205370364015,8.101326623970722,139.0301921317475,520.0665599268069,87.06416614383038,0.2913187015025759,393.4455626715462,0.0899921232094113,0.1882274542610647,1.7820786531378994,0.05214168364307162,6.1080159421739735,0.14066018917701564,88.4875890324271,2.8998672356143507,18727.183707612123,0.6025089668493702,0.23551041154598645,8693.796666881153,1.1113655004930987,6.153111125410205,7.626729296699054,44.30175020912425,3.1337838786901657,0.3926532217751891,0.16036791569254089,1.0977164346638641,0.057966662129095556,44.79434277073883,0.000904481808921714,6.564066014881991,0.004170530761436166,0.0658697375236449,23_Benign_center2.png,/mnt/wangbd8/workspace/DataSets/ThyroidAgent/Classifaction_Data/Lymph_Node_Metastasis_fake/images/23_Benign_center2.png,/mnt/wangbd8/workspace/DataSets/ThyroidAgent/Classifaction_Data/Lymph_Node_Metastasis_fake/masks/23_Benign_center2.png
0.5489871986442111,208.72781228333037,204.91949638821583,18402.5,114.58889694456029,563.7888886054583,0.030636537894604444,18403.0,0.8529564012975115,28.0,98.0,77675783.0,2.0825077632694464,41.0,2.706656283689041,172.0,22.6824306460149,59.023257077650385,52.0,6.0,166.0,17.175940054839028,64.96785180525802,0.6562214542844309,77675783.0,0.27891722598061414,737.076892135563,9.430956160035025,2.8738985277215257,62.99112186374158,6.524657227074635,4.799400625662612,0.11274697608231622,0.9540946302011504,0.11274697608231622,0.5081464680484482,0.10003509546660984,0.23027842232764603,2.6695518271633083,-0.7155513676681288,0.9741249914402249,0.943626511958842,0.9977450604783537,0.943626511958842,0.9859066279897105,0.11274697608231622,0.3839417656395381,2.5568048510809938,1.228036900436232,507.7819343065693,0.23165234229314294,1.428449171506207,11.15419708029197,166.52600364963504,1176.828010948905,36.07147440910671,0.19234511292351492,6.469556135254397,150.45255474452554,0.06863711439075071,0.11911101450850405,96.04109315060737,0.13919368215417124,1.7157789614719963,0.02922315461354219,507.7819343065693,0.23165234229314294,1.428449171506207,11.15419708029197,166.52600364963504,1176.828010948905,36.07147440910671,0.19234511292351492,150.45255474452554,0.06863711439075071,0.13919368215417124,1.7157789614719963,0.02922315461354219,6.469556135254397,0.11911101450850405,96.04109315060737,2.890710627489817,11839.08150844971,0.6433234531570782,0.20136035563709376,5132.9137097212415,1.2342396940855853,9.524371026463077,7.828777916644025,72.68559473998805,1.551881564957306,0.1974026645561954,0.15027441178068793,1.5043561738122406,0.02963040738945871,27.07710115438917,0.002015885546161977,2.4401753305037883,0.0066252920599916346,0.043800533585338315,23_Malignant_center2.png,/mnt/wangbd8/workspace/DataSets/ThyroidAgent/Classifaction_Data/Lymph_Node_Metastasis_fake/images/23_Malignant_center2.png,/mnt/wangbd8/workspace/DataSets/ThyroidAgent/Classifaction_Data/Lymph_Node_Metastasis_fake/masks/23_Malignant_center2.png
0.34605506068318076,297.66880472961407,291.5681738461864,23610.5,103.00979628419647,725.6711395993673,0.030735102585687187,23611.0,0.750615749993985,13.0,76.0,58489220.0,1.9944136988304648,30.0,5.601719982140198,197.0,19.64108566459275,42.20422684342044,39.0,0.0,197.0,12.89511367745416,49.77149939010816,1.3062424020199328,58489220.0,0.29737171721926525,696.0053880886462,5.951050142717165,2.1983768585182974,110.16011378366719,12.14198919865327,4.573681789001754,0.10092446640821369,0.956820120928297,0.10092446640821368,0.4719192515440493,0.09073871848843104,0.2477864860379064,2.5259371087057927,-0.7283638535596942,0.9719173511231262,0.9495377667958931,0.998447315901412,0.9495377667958931,0.9887861703990873,0.10092446640821368,0.38567716099348187,2.425012642297582,1.1686515638524921,649.6406063023534,0.2591306766263875,1.4960382965988015,8.17909852413243,260.91623454327885,990.247307538891,150.4267525542992,0.30081504214503246,6.480335526461859,174.24052652572797,0.0695016061131743,0.10617932319681504,172.2169545535763,0.14475421444910752,1.5179235501251631,0.03657826855221239,649.6406063023534,0.2591306766263875,1.4960382965988015,8.17909852413243,260.91623454327885,990.247307538891,150.4267525542992,0.30081504214503246,174.24052652572797,0.0695016061131743,0.14475421444910752,1.5179235501251631,0.03657826855221239,6.480335526461859,0.10617932319681504,172.2169545535763,2.7543480423263396,15883.681038499004,0.6727237744483082,0.185813127228086,7021.243615264072,1.1843721966505014,6.053449663292533,7.95675744356444,45.99983058743806,3.290916078860779,0.400646262945199,0.14627362952296247,0.9759598868700557,0.05476451104334395,33.66834248349886,0.0015449869228056194,3.621939315716168,0.004247636510613,0.07891395758551802,24_Benign_center2.png,/mnt/wangbd8/workspace/DataSets/ThyroidAgent/Classifaction_Data/Lymph_Node_Metastasis_fake/images/24_Benign_center2.png,/mnt/wangbd8/workspace/DataSets/ThyroidAgent/Classifaction_Data/Lymph_Node_Metastasis_fake/masks/24_Benign_center2.png
0.536423853437187,183.60754693721134,183.44754018519845,14110.5,98.4914678482081,483.3624817342652,0.034255517645318395,14111.0,0.8711705704232937,12.0,89.0,44788349.0,2.166179665015148,41.0,2.7191795992954977,141.0,23.472765132796265,48.29955353979165,45.0,0.0,141.0,16.846426635633872,56.33828609688523,0.49432949886084804,44788349.0,0.246249718530737,841.1556081912905,7.3933642525865135,2.4667142347484834,76.59163685723357,7.10558278013361,5.342482252018599,0.10774170531573313,0.9604633841988286,0.10774170531573313,0.4930664549794147,0.09613343025139084,0.2012905442909456,2.7350816042200767,-0.7376338204663814,0.9793309815713106,0.9461291473421332,0.9970880620184934,0.9461291473421332,0.9846083278120379,0.10774170531573313,0.31544773457010344,2.6273398989043457,1.362555989333583,384.75591531755913,0.2395740444069484,1.318128701677551,9.490037359900374,180.36176836861767,882.9146948941469,91.41549968866748,0.2391967621419676,6.406141550454275,113.64383561643835,0.07076203961172998,0.1138119197788959,103.16048822209368,0.12349330455615977,1.3714722296666508,0.023466249143967863,384.75591531755913,0.2395740444069484,1.318128701677551,9.490037359900374,180.36176836861767,882.9146948941469,91.41549968866748,0.2391967621419676,113.64383561643835,0.07076203961172998,0.12349330455615977,1.3714722296666508,0.023466249143967863,6.406141550454275,0.1138119197788959,103.16048822209368,2.946843373055297,9220.5403585855,0.6534292650120829,0.19069323416769704,3474.8297781872297,1.35988715084484,7.451279143930267,7.876762809155978,56.43533413648927,2.8526925605713433,0.34691401113394593,0.14727281317175728,1.1812967031236465,0.04693333980757503,34.56985475743504,0.0028807712652099966,1.5363907079763224,0.009768778082628585,0.042155269568326714,24_Malignant_center2.png,/mnt/wangbd8/workspace/DataSets/ThyroidAgent/Classifaction_Data/Lymph_Node_Metastasis_fake/images/24_Malignant_center2.png,/mnt/wangbd8/workspace/DataSets/ThyroidAgent/Classifaction_Data/Lymph_Node_Metastasis_fake/masks/24_Malignant_center2.png
0.31593228344006374,398.10324588809254,395.2163964209987,38918.5,125.77366751832623,931.8132752230986,0.023942682149186083,38919.0,0.7505058559745261,9.0,42.0,33642039.0,1.2888398547062696,14.0,12.973245785143774,158.0,11.088432340778732,24.154037873532207,21.0,0.0,158.0,6.363522895603936,29.40087925939669,2.5096532682737926,33642039.0,0.4936323679016679,280.9941556295942,2.6114592197209974,1.4592970784662591,42.5438570617692,6.368593544964678,2.0133571015042406,0.08571207550088962,0.9183332531963709,0.08571207550088962,0.4219929688765576,0.07836551561421941,0.43280069155767287,1.7171189185858564,-0.6572243246562225,0.9021046035985018,0.9571439622495552,0.9982857584899822,0.9571439622495552,0.9892859905623889,0.08571207550088962,0.6018668935819087,1.6314068430849686,0.5247672942512827,1296.8729058347776,0.3746022258332691,0.8045826253912663,4.17735413056037,449.1805314846909,653.4647602541884,410.4767813373183,0.5185960168777698,6.1755197836917235,212.74696707105718,0.061452041326128595,0.0889539813458722,322.8031890182792,0.13924392301138003,0.7151842182786624,0.060515085503832514,1296.8729058347776,0.3746022258332691,0.8045826253912663,4.17735413056037,449.1805314846909,653.4647602541884,410.4767813373183,0.5185960168777698,212.74696707105718,0.061452041326128595,0.13924392301138003,0.7151842182786624,0.060515085503832514,6.1755197836917235,0.0889539813458722,322.8031890182792,1.9544401553602668,27836.52038849919,0.715242436560528,0.1620844643059267,19211.678126365015,0.5364361723729952,2.682108995606259,8.126287931344587,20.502402425550503,5.982253607687669,0.7151777164783023,0.14065680573042016,0.4254762740849229,0.09440689634700793,104.57091733993254,0.0007524768279711409,2.789293359205605,0.00219057618484162,0.0459897031893668,25_Benign_center2.png,/mnt/wangbd8/workspace/DataSets/ThyroidAgent/Classifaction_Data/Lymph_Node_Metastasis_fake/images/25_Benign_center2.png,/mnt/wangbd8/workspace/DataSets/ThyroidAgent/Classifaction_Data/Lymph_Node_Metastasis_fake/masks/25_Benign_center2.png
0.683789555944989,228.49687345938668,234.4013651837378,27882.5,156.24377563761237,651.3279938488598,0.023359741552904503,27883.0,0.9088057016552984,24.0,130.0,198760189.0,2.6450743162875066,64.0,2.1075119793399955,193.0,33.88302520203024,74.56704802209231,70.0,0.0,193.0,26.678236848302337,84.4296426561804,0.26951839233825275,198760189.0,0.17113548986720553,1568.1199083212962,14.830390988844364,3.5061013032961474,226.63158411339026,8.48799103124545,10.263398516876844,0.11281995739918407,0.9782541283842703,0.1128199573991841,0.5083636407921744,0.10009161461163038,0.13556165919060265,3.2518893014204258,-0.771054657930495,0.9915148884976016,0.943590021300408,0.998264308347705,0.943590021300408,0.9874644491778685,0.1128199573991841,0.19744395104516407,3.1390693440212436,2.5940546185690083,586.5364158355999,0.17725488541420364,2.3684801133496647,15.1952251435479,132.6506497431248,1766.028407373829,36.50407030677689,0.17623513853511588,6.9010001621604715,211.0024176488365,0.06376621869109596,0.11867446114119715,61.64621683895337,0.1179914639158013,1.7078737685028809,0.022880073380629327,586.5364158355999,0.17725488541420364,2.3684801133496647,15.1952251435479,132.6506497431248,1766.028407373829,36.50407030677689,0.17623513853511588,211.0024176488365,0.06376621869109596,0.1179914639158013,1.7078737685028809,0.022880073380629327,6.9010001621604715,0.11867446114119715,61.64621683895337,3.467716703224997,17926.33550909156,0.6429127249252793,0.1968663641765633,4771.770863967292,2.5893200687346023,14.875372090521106,7.829107341390811,116.07215866298462,1.594219214045766,0.19999062083440175,0.14891989145118295,2.2229893164692145,0.029084877422532067,26.588433166592793,0.001844504066849331,2.936418697377879,0.010442197545369292,0.04486735166674108,25_Malignant_center2.png,/mnt/wangbd8/workspace/DataSets/ThyroidAgent/Classifaction_Data/Lymph_Node_Metastasis_fake/images/25_Malignant_center2.png,/mnt/wangbd8/workspace/DataSets/ThyroidAgent/Classifaction_Data/Lymph_Node_Metastasis_fake/masks/25_Malignant_center2.png
0.3956214914247309,511.78576131586584,506.9250437688002,80570.5,202.4734461817242,1254.6904755831167,0.015572578990860385,80571.0,0.8019667455370572,27.0,85.0,288524791.0,1.9281907463138794,28.0,3.236769634457465,164.0,17.30562847101188,55.54357026721773,55.0,0.0,164.0,11.876632109620767,59.84146134960728,0.23347160284143548,288524791.0,0.30794582676583887,495.9122984271875,8.376156153913184,2.7503952396957585,34.71146643584507,1.137287839182626,3.3407115535043586,0.09478283601598386,0.9448214287264676,0.09478283601598389,0.45223595268388456,0.085799050012751,0.25649194764661853,2.446192009278493,-0.7284959988366009,0.9692134886571124,0.9526085819920082,0.9981043432796805,0.9526085819920082,0.9881521454980021,0.09478283601598389,0.3933599731112522,2.351409173262511,0.8588735973800856,2239.6412019353197,0.28515930760571934,0.9746426037600261,9.510949834479247,260.0029284441049,1651.0853068500128,91.33207288182228,0.18972358062994318,6.597542960585928,453.78023936847467,0.057776959430669045,0.09747924191086123,154.76417047129982,0.11619053549821846,1.1643122250618312,0.023513751398280165,2239.6412019353197,0.28515930760571934,0.9746426037600261,9.510949834479247,260.0029284441049,1651.0853068500128,91.33207288182228,0.18972358062994318,453.78023936847467,0.057776959430669045,0.11619053549821846,1.1643122250618312,0.023513751398280165,6.597542960585928,0.09747924191086123,154.76417047129982,2.659985453140126,55744.40387980787,0.6918668488638328,0.17020506306398558,24811.503208350397,0.8646299772586307,8.44733216666046,8.038462970547716,66.88724230802646,1.762874807239631,0.2161209513779075,0.1422389362591172,1.2365980867116513,0.029984049895145765,101.21467685745627,0.0004418775718109256,2.226091907195494,0.003903630927279565,0.011762211633889737,26_Benign_center2.png,/mnt/wangbd8/workspace/DataSets/ThyroidAgent/Classifaction_Data/Lymph_Node_Metastasis_fake/images/26_Benign_center2.png,/mnt/wangbd8/workspace/DataSets/ThyroidAgent/Classifaction_Data/Lymph_Node_Metastasis_fake/masks/26_Benign_center2.png
0.3854177920401325,417.4335366418845,408.70527278223364,52184.5,160.88631201601888,1002.3401871576799,0.01920762270708122,52185.0,0.8079054769909852,92.0,162.0,887611165.0,2.260258611794394,35.0,3.3792488685061897,236.0,22.114301625279772,127.32059020791415,128.0,23.0,213.0,15.131029143212306,130.41829983142262,-0.3260541338724931,887611165.0,0.2482537986052433,798.4002400272416,32.75653076523845,5.608134863425792,95.34830891690119,-3.506034724507038,5.3548190089612815,0.13340253349480038,0.951385878845153,0.13340253349480038,0.5666963475289151,0.11560629755196905,0.19121539778681526,2.9416868727400876,-0.6989726874208195,0.9785750749876535,0.9332987332525998,0.9986791828366852,0.9332987332525998,0.9878724969550181,0.13340253349480038,0.2988101416681083,2.80828433924529,1.3720553856140207,1627.6203886229232,0.2291777511437515,1.5392421219354997,32.1044776119403,96.0789918332864,3192.028583497606,3.523082894651232,0.040295663195240444,6.460149291120613,535.9712756969867,0.07546765357603305,0.1360927469579381,42.08691418943391,0.12294120219593482,3.7525153190119798,0.005514445495769007,1627.6203886229232,0.2291777511437515,1.5392421219354997,32.1044776119403,96.0789918332864,3192.028583497606,3.523082894651232,0.040295663195240444,535.9712756969867,0.07546765357603305,0.12294120219593482,3.7525153190119798,0.005514445495769007,6.460149291120613,0.1360927469579381,42.08691418943391,3.143175225470349,31699.03935996934,0.6074358409498771,0.2154618615391184,12955.124480214621,1.3704482199180659,32.814851010826864,7.656433841142091,252.16247963974322,0.29028014249820033,0.03825686660847399,0.1542194968754325,5.018855993101466,0.006020914973417593,22.622685652623037,0.0006112996965436147,5.88452590971474,0.004026155778784766,0.027922919595027906,26_Malignant_center2.png,/mnt/wangbd8/workspace/DataSets/ThyroidAgent/Classifaction_Data/Lymph_Node_Metastasis_fake/images/26_Malignant_center2.png,/mnt/wangbd8/workspace/DataSets/ThyroidAgent/Classifaction_Data/Lymph_Node_Metastasis_fake/masks/26_Malignant_center2.png
0.5686476896367108,265.2749530977286,265.70660511172844,31296.5,150.84798919751017,711.2274887854716,0.02272546415047918,31297.0,0.8817475956645515,1.0,103.0,134349921.0,2.2069609381420103,79.0,1.754977482122267,177.0,37.56821821930164,50.83960123973544,52.0,0.0,177.0,32.855568961731485,65.51901395206865,0.23638312767086397,134349921.0,0.2617904407400882,1708.0761350360572,9.338172008478388,2.6285567473826195,178.2939044438137,10.733777210991324,9.814488707075263,0.0990429700044961,0.9800186304476162,0.09904297000449612,0.4659545183968007,0.08923346009718461,0.23148380353733614,2.7054816949354272,-0.7726075790908766,0.9832740185425579,0.9504785149977519,0.9984762619999308,0.9504785149977519,0.988995225555056,0.09904297000449612,0.39755282934035585,2.6064387249309338,2.4783829192699396,724.2673450508788,0.22333251466262066,1.5772141025491084,13.187172371261179,465.8331791551033,1422.9608387295714,406.5212328463609,0.17390108767322326,6.3523253800453165,259.3336416897934,0.0799672037279659,0.10362015528644918,372.6984786321715,0.15359863816154795,2.0461232661704867,0.01993866596795585,724.2673450508788,0.22333251466262066,1.5772141025491084,13.187172371261179,465.8331791551033,1422.9608387295714,406.5212328463609,0.17390108767322326,259.3336416897934,0.0799672037279659,0.15359863816154795,2.0461232661704867,0.01993866596795585,6.3523253800453165,0.10362015528644918,372.6984786321715,2.8789242577400094,21243.646515640477,0.6787758096827324,0.18244046859520663,8193.25542384254,2.473231898551032,9.402051314822508,7.981947151484168,71.20069016199636,3.9694801459421356,0.4608108286769352,0.14543992501943745,1.4996538539370121,0.05693366128212404,25.96527308108507,0.0018527284796725104,2.7154234661488013,0.008661657092479331,0.058451173176175174,27_Benign_center2.png,/mnt/wangbd8/workspace/DataSets/ThyroidAgent/Classifaction_Data/Lymph_Node_Metastasis_fake/images/27_Benign_center2.png,/mnt/wangbd8/workspace/DataSets/ThyroidAgent/Classifaction_Data/Lymph_Node_Metastasis_fake/masks/27_Benign_center2.png
0.5223935422471367,706.0288873190945,705.002836873725,200633.5,368.82493137542633,1892.236723501408,0.00943130994326176,200634.0,0.8391337521848836,75.0,160.0,3222219652.0,2.4050200949879574,40.0,3.3017585078103338,221.0,25.34231106619069,122.46938205887336,127.0,5.0,216.0,17.009699484770163,126.7287949352223,-0.6447281712992098,3222219652.0,0.22611567868330432,1061.4379238513293,31.101258932628877,5.420424072030323,160.9666103484969,-11.346389241437196,7.0045984267148045,0.1235511787824159,0.9653342913321759,0.1235511787824159,0.5394831978801394,0.10828628500389138,0.17846857724939258,3.050648449220902,-0.7311016775943012,0.9850196449388313,0.938224410608792,0.9984932783075314,0.938224410608792,0.9876448821217584,0.1235511787824159,0.3004459447987256,2.9270972704384888,1.7820374013743048,5096.02220807132,0.20281868216474253,2.002645712017545,30.16787391546605,128.46923505532118,4118.003502348165,5.747144127434966,0.05254212806257169,6.7971184576112025,1779.9470667834116,0.07084084481347654,0.1252330113540078,64.70717316793726,0.1393591579044895,4.027373474331022,0.00846570160010632,5096.02220807132,0.20281868216474253,2.002645712017545,30.16787391546605,128.46923505532118,4118.003502348165,5.747144127434966,0.05254212806257169,1779.9470667834116,0.07084084481347654,0.1393591579044895,4.027373474331022,0.00846570160010632,6.7971184576112025,0.1252330113540078,64.70717316793726,3.2554627086721384,126429.21413120408,0.6301484999113016,0.2078689625231855,45366.493076946084,1.7837135162482327,31.14443215008423,7.767806054806264,243.09810899448746,0.37145668965082373,0.04844095590121165,0.15205077681527335,4.686660785310564,0.007603717943633533,91.44277066190135,0.00019018473858018094,4.193620688475332,0.006093865048759515,0.0062919519026453045,27_Malignant_center2.png,/mnt/wangbd8/workspace/DataSets/ThyroidAgent/Classifaction_Data/Lymph_Node_Metastasis_fake/images/27_Malignant_center2.png,/mnt/wangbd8/workspace/DataSets/ThyroidAgent/Classifaction_Data/Lymph_Node_Metastasis_fake/masks/27_Malignant_center2.png
0.681031423880949,116.03917375641603,115.95257651298655,7154.5,79.02632372930086,332.79393923934083,0.04651533150315757,7155.0,0.9009883336309802,13.0,86.0,17959588.0,1.982180376139871,27.0,5.622351470971405,173.0,22.002004140131586,39.80377358490566,30.0,0.0,173.0,12.238162184002645,50.1006506162675,1.67866201766943,17959588.0,0.3166735766527441,925.7348005748719,5.8844142998445665,2.1121944326692104,185.76312591251752,22.41560901800791,5.818803233268699,0.12660731948565776,0.9574100666851328,0.12660731948565773,0.5480597831754221,0.11057790613831432,0.256210769726153,2.583166238647771,-0.683786044748585,0.9652501448065749,0.9366963402571711,0.9974678536102868,0.9366963402571711,0.9841740850642927,0.12660731948565773,0.3899957609156422,2.456558919162115,1.4863526381885894,235.58521560574948,0.24187393799358264,1.9275126597489554,8.228952772073923,140.6930184804928,514.1036960985626,86.81994354928828,0.36852105421223935,6.177652907171812,80.81519507186859,0.08297247953990615,0.13612858141160028,86.72936281723159,0.18734311108113838,1.9132018079350046,0.05540990558268078,235.58521560574948,0.24187393799358264,1.9275126597489554,8.228952772073923,140.6930184804928,514.1036960985626,86.81994354928828,0.36852105421223935,80.81519507186859,0.08297247953990615,0.18734311108113838,1.9132018079350046,0.05540990558268078,6.177652907171812,0.13612858141160028,86.72936281723159,2.8596539581507776,4376.903004891684,0.6117264856592152,0.23223522666951857,2265.7994409503845,1.5258201323298959,6.069182389937107,7.672816212438854,43.78071278825996,3.6319599434928875,0.45823312511587444,0.1593446696172063,1.095527603074773,0.06776006366777887,20.798573306883185,0.003967682931394021,3.249511631616244,0.009190158196123628,0.13949029191810386,28_Benign_center2.png,/mnt/wangbd8/workspace/DataSets/ThyroidAgent/Classifaction_Data/Lymph_Node_Metastasis_fake/images/28_Benign_center2.png,/mnt/wangbd8/workspace/DataSets/ThyroidAgent/Classifaction_Data/Lymph_Node_Metastasis_fake/masks/28_Benign_center2.png
0.8047324561619869,90.83251946334558,92.43916918709297,5199.5,73.09587648711957,276.4507934888331,0.05316872651001694,5200.0,0.9246297919270965,29.0,92.0,22084884.0,2.0680674759559565,35.0,2.9459521991791333,144.0,19.889578698224856,60.316923076923075,59.0,0.0,144.0,14.318915105957704,65.16972515611123,0.34148147159399367,22084884.0,0.2730509615384615,608.9618674556214,9.498438110113238,2.922100741897696,47.28000158807219,2.3762202174545104,4.013212179630754,0.17415072237407264,0.916820812310921,0.17258883248730966,0.6690247118514225,0.14436381727474001,0.19375584050609868,2.859557221880904,-0.6128695390625732,0.9592130539249357,0.9138617727450215,0.9952995557056472,0.9139658987374724,0.975372343392648,0.17122217883639207,0.3004685669660289,2.6797504488017276,1.0468407255012067,258.4384133611691,0.2697686987068571,1.0826715800576183,11.053235908141962,50.2713987473904,421.84864300626305,11.88784620737648,0.15734487357921595,5.600292320100148,96.16492693110648,0.10038092581535123,0.18423076923076923,20.808486713359862,0.1862165767670926,2.500215033007847,0.022322562686733723,258.4384133611691,0.2697686987068571,1.0826715800576183,11.053235908141962,50.2713987473904,421.84864300626305,11.88784620737648,0.15734487357921595,96.16492693110648,0.10038092581535123,0.1862165767670926,2.500215033007847,0.022322562686733723,5.600292320100148,0.18423076923076923,20.808486713359862,3.0962735413936686,2770.7657692307694,0.5328395710059172,0.2753899408284024,1419.865,1.0568931582840237,9.660961538461539,7.200384615384616,67.19865384615385,1.4466115384615383,0.1924321581196581,0.17533119658119656,1.8265384615384614,0.03083899869420702,14.915629179331306,0.004238633431976658,2.4034066411532042,0.011835848381552497,0.05900048434679231,28_Malignant_center2.png,/mnt/wangbd8/workspace/DataSets/ThyroidAgent/Classifaction_Data/Lymph_Node_Metastasis_fake/images/28_Malignant_center2.png,/mnt/wangbd8/workspace/DataSets/ThyroidAgent/Classifaction_Data/Lymph_Node_Metastasis_fake/masks/28_Malignant_center2.png
