original_shape2D_Elongation,original_shape2D_MajorAxisLength,original_shape2D_MaximumDiameter,original_shape2D_MeshSurface,original_shape2D_MinorAxisLength,original_shape2D_Perimeter,original_shape2D_PerimeterSurfaceRatio,original_shape2D_PixelSurface,original_shape2D_Sphericity,original_firstorder_10Percentile,original_firstorder_90Percentile,original_firstorder_Energy,original_firstorder_Entropy,original_firstorder_InterquartileRange,original_firstorder_Kurtosis,original_firstorder_Maximum,original_firstorder_MeanAbsoluteDeviation,original_firstorder_Mean,original_firstorder_Median,original_firstorder_Minimum,original_firstorder_Range,original_firstorder_RobustMeanAbsoluteDeviation,original_firstorder_RootMeanSquared,original_firstorder_Skewness,original_firstorder_Uniformity,original_firstorder_Variance,original_glcm_Autocorrelation,original_glcm_JointAverage,original_glcm_ClusterProminence,original_glcm_ClusterShade,original_glcm_ClusterTendency,original_glcm_Contrast,original_glcm_Correlation,original_glcm_DifferenceAverage,original_glcm_DifferenceEntropy,original_glcm_DifferenceVariance,original_glcm_JointEnergy,original_glcm_JointEntropy,original_glcm_Imc1,original_glcm_Imc2,original_glcm_Idm,original_glcm_Idmn,original_glcm_Id,original_glcm_Idn,original_glcm_InverseVariance,original_glcm_MaximumProbability,original_glcm_SumEntropy,original_glcm_SumSquares,original_glrlm_GrayLevelNonUniformity,original_glrlm_GrayLevelNonUniformityNormalized,original_glrlm_GrayLevelVariance,original_glrlm_HighGrayLevelRunEmphasis,original_glrlm_LongRunEmphasis,original_glrlm_LongRunHighGrayLevelEmphasis,original_glrlm_LongRunLowGrayLevelEmphasis,original_glrlm_LowGrayLevelRunEmphasis,original_glrlm_RunEntropy,original_glrlm_RunLengthNonUniformity,original_glrlm_RunLengthNonUniformityNormalized,original_glrlm_RunPercentage,original_glrlm_RunVariance,original_glrlm_ShortRunEmphasis,original_glrlm_ShortRunHighGrayLevelEmphasis,original_glrlm_ShortRunLowGrayLevelEmphasis,original_glszm_SmallAreaHighGrayLevelEmphasis,original_gldm_DependenceEntropy,original_gldm_DependenceNonUniformity,original_gldm_DependenceNonUniformityNormalized,original_gldm_DependenceVariance,original_gldm_GrayLevelNonUniformity,original_gldm_GrayLevelVariance,original_gldm_HighGrayLevelEmphasis,original_gldm_LargeDependenceEmphasis,original_gldm_LargeDependenceHighGrayLevelEmphasis,original_gldm_LargeDependenceLowGrayLevelEmphasis,original_gldm_LowGrayLevelEmphasis,original_gldm_SmallDependenceEmphasis,original_gldm_SmallDependenceHighGrayLevelEmphasis,original_gldm_SmallDependenceLowGrayLevelEmphasis,original_ngtdm_Busyness,original_ngtdm_Coarseness,original_ngtdm_Complexity,original_ngtdm_Contrast,original_ngtdm_Strength
0.6261571512473209,-0.059291876585537945,-0.03606733443639444,-0.07642629239883937,-0.17222801681056507,-0.07363147014216706,-0.4426135883943993,-0.09340562193116893,0.3245549889115458,-0.02749671718458221,-0.0047933561046181955,-0.12132203560841126,-0.008158049022344906,-0.010110527255859324,-0.011158864280755194,0.0021259607107489524,0.0,-0.010801589954412685,0.0012287648619873498,-0.14499607466375725,-0.010253105924224425,-0.004914255567635233,0.0025650698612790157,-0.05872381354801297,0.0002391276433610992,0.0,-0.014146225737756334,-0.009574010554388553,-0.0017712425048979556,-0.022380144769289255,0.006584831983117479,-0.01564255107187278,-0.005795278500590702,0.0011962599380580929,0.0040966010656320224,-0.018660823851764104,-0.006293673340571768,0.004957753295860195,0.01663029095836028,0.048826456278505515,-0.014775361972338022,-0.02058583628631475,-0.002375216395191556,-0.013042142837260714,-0.0009963655658166578,-0.0008289372882344104,-0.0016632109079942562,0.0012304125563568037,-0.2120069139128848,-0.007859417588523931,-0.010628616438735267,0.0,0.0004425231326154475,0.0003114729794630724,0.0037894224627229942,-0.004155074816949198,-0.012045526729973267,-0.11747848156121427,-0.017155578374464835,-0.03180454316727602,-0.004258903813198113,-0.0008182425613581295,-0.003342241813838169,0.004715182029861944,-0.0048537355890160404,0.010497767265542388,-0.02370933689005532,-0.02738798375195071,-0.012466411450716327,-0.08987743251928103,0.0005960777639387122,0.0,-0.025358224594229636,-0.0017778416791131239,-0.0020037650476415828,0.0,-0.012274889177917924,0.0,-0.011650935000193876,-0.06043983247031584,-0.05805447653253847,0.0026137283160357523,0.0,-0.04329814833790677
0.8908049736437417,0.0017304271510106537,0.02009642843994126,0.06903714020919766,0.62861163546604,0.042024777000507836,0.5591094867002846,0.09970071350074124,0.4568332966137976,0.02130880254217205,0.0037734380531642886,0.1935748037037702,0.0031570629018859587,0.0014408630487185042,0.01780237531491867,-0.0010213654330985871,0.0,-0.009799647999053078,-0.038472802907384494,0.1259924699481418,-0.004827775410350967,0.004276409463509514,-0.0022043026730320585,0.04152163739942212,3.5717417566462524e-05,0.0,0.0019254453111238134,-0.03248036540414116,-0.0017797500820027562,-0.002992458919513608,0.0015667405003849154,-0.00653510586004905,-0.006869557556611145,0.004275158467158433,0.010108906765834244,-0.022397369443694463,0.030493651336300855,0.016518211395038108,0.009352553252761903,0.03228581981124173,-0.005549117562303376,-0.02091115517167111,-0.0070292622546120915,-0.012825376710841463,-0.0009617329575437168,0.003404045835821713,-0.0008585208776585385,0.005429864107400678,0.3265207939835561,-0.0016109163434531054,-5.197318550901773e-05,0.0,-0.005549839013041184,-0.0021472623081917434,-0.028319961259962636,-0.020435544191862706,-0.0037809838187035753,0.14057753384509267,-0.0011559502099303086,-0.011692702752751373,-0.006290832968794056,-0.0033371461325978624,-0.010699729927494768,0.0012747148268204955,0.0007945994971139375,0.018035482191796317,0.04639519389568096,-0.007730214912370154,-0.004864618664359549,0.10601273074260675,0.0023957740896767554,0.0,-0.01872957049697959,-0.005330648270868314,0.0002832845272984141,0.0,-0.0041609106512310885,0.0,0.012413763877612595,0.07398693665083836,0.08961113886348585,0.008651123621066733,0.0,0.024926684718973725
-0.49697444342718694,-0.04530239363643492,-0.018326521140254147,-0.07342927124460012,-0.40995881851484456,-0.03515653872539826,-0.42052267876012445,-0.11136654317185161,-0.29579202292823586,-0.015129812723974529,0.010376653156979512,-0.13192937708244468,-0.008158049022344906,-0.0036345585159726825,0.006889044755087483,-0.0014374416183994656,0.0,0.0031270537681541595,0.0022791738750271608,-0.10997883451628906,0.0023892479755086484,-0.004135508807033493,0.019684154328551248,0.012244746335034792,0.0006403385638315273,0.0,-0.01684761958634895,-0.009701281483854388,0.0016667658571956148,0.023986338625715163,-0.0028019860539535354,-0.0028522720113348457,0.022615543031962282,0.0011962599380580929,-0.004106998088531783,-0.02192305515588655,-0.006293673340571768,-0.007859175858392282,-0.002785330078248008,-0.03974777034525244,-0.01815698956831874,0.020061783103654394,0.0005997655122851292,0.07134677649758953,0.002153996432038798,-0.00029490203424287903,-0.0045281021922862295,-0.001599536323263844,-0.22810135190036043,0.010947045926872621,0.004396963304810564,0.0,0.01233004878228872,0.00047815920093765164,0.007738952357290737,-0.008143182414888959,0.032935135595032,-0.12679809044768744,-0.01695073251769527,-0.031976259263748176,-0.0033197108037602407,0.0008509722638124547,-0.0019882053866934753,-0.00589397753732743,-0.014909000044418828,-0.023561251879136914,-0.028831469042894388,-0.028208596562900014,-0.009629645999818493,-0.07900040715652354,-0.0008128333144618825,0.0,-0.0234681378292312,-0.0008745370072012777,-0.0020037650476415828,0.0,-0.012043254898426958,0.0,-0.014706920879736945,-0.04767751432065041,-0.09555256788717563,0.0031538897080993613,0.0,0.04332321898024137
0.9674341007019976,0.0013788878524705057,0.02184641855691749,0.07186996599966423,0.6613799512652492,0.03919628046078534,0.574885085299965,0.11379594312348004,0.5365336738719254,0.021965422307960707,-0.015594188298068943,0.19392301392209388,0.0031570629018859587,0.0014408630487185042,0.00835664394723035,0.0010021314509265132,0.0,0.01027783268654587,0.03263721074804144,0.12795924462269775,0.0077803187756283945,0.004281238503641408,-0.001794142153920349,0.043390002783369394,3.5717417566462524e-05,0.0,-0.0012124965702225768,0.029735597643248304,-0.0017797500820027562,-0.008269038560113722,0.0015667405003849154,-0.007944869862765172,-0.0086887833358258,0.004275158467158433,0.010108906765834244,-0.022581014548578145,0.030493651336300855,0.013385732410137414,0.009352553252761903,0.041984380438914136,-0.00602880662053975,-0.02091115517167111,-0.0070292622546120915,-0.017515922341317595,-0.0007740131959217808,0.003404045835821713,-0.0008585208776585385,0.005429864107400678,0.2666490093690643,-0.0016109163434531054,-0.008341122177839404,0.0,-0.004110996768142533,-0.0021472623081917434,-0.028319961259962636,-0.012099592349109409,-0.004110061253787614,0.15121783271289607,-0.0011559502099303086,-0.011442483038824103,-0.0069571549047533045,-0.0033371461325978624,0.003342241813838169,0.0012747148268204955,6.99738789114475e-05,0.019013625200239387,0.04639519389568096,-0.00796553126343441,-0.008437217729533208,0.08329026645928056,0.0023957740896767554,0.0,-0.01872957049697959,0.003807605907763077,0.0005354959544128946,0.0,-0.0041609106512310885,0.0,-0.00451409595549549,-0.05468618209083426,0.012465554615956742,-0.009904995571720993,0.0,-0.032447194826513835
-0.6655823168037733,-0.0081455152679277,0.03031951293777692,0.1297587489452773,0.02153314601698445,0.032278774358770655,0.14723785748189866,0.08572694983429961,-0.37979614423312413,0.01922013939554881,-0.003589696084768397,-0.07864976335245241,-0.008158049022344906,-0.0034702721733853347,-0.010327557607774856,0.006844079549126146,0.0,-0.007102908557505751,-0.03761729525680656,-0.010258974412849517,0.00679470705600246,-0.015492383669742645,-0.023918030344347866,-0.03912908292651601,9.589372905526722e-06,0.0,-0.006241419024702377,-0.021046714267524736,-0.0021042662744964304,-0.013991617694733473,-0.002647094241978349,-0.014902521779822056,-0.01490808732286028,0.0011962599380580929,-0.009502629210847671,-0.011096281696895565,-0.05650224197956712,-0.02769665704094902,-0.009997970509036978,-0.0052007619644167296,-0.020567734578942568,-0.007311845260436734,-0.0018822870060833355,-0.04938736797366319,-0.0003026132477328865,-0.0010259983783592226,-0.001356664837818219,-0.001599536323263844,0.3027176754720647,0.0038305911313674945,-0.006308477628184121,0.0,-0.02160181185904307,0.0007327062221014636,-0.0398316822212612,-0.015907460508516918,-0.005095907440292033,0.10223146939257637,-0.014051637106576302,-0.025062479696560044,-0.008673104728988872,-0.0008182425613581295,-0.010699729927494768,0.004715182029861944,-0.008236171144184255,-0.030127424373560894,-0.02624823455406522,-0.016763327499775382,-0.009663003684644306,0.08033228404700121,-0.0008128333144618825,0.0,-0.02522229089035818,-0.0015668788045689547,-0.00032577720639317704,0.0,-0.0041609106512310885,0.0,-0.014706920879736945,0.11629634486997743,0.053677696173219255,-0.003442344832863856,0.0,-0.011100528830064306
0.8785817688331319,0.0016771445599156596,0.02048634050605607,0.0694038058318833,0.6604298375384576,0.044279742753888275,0.5591307621250784,0.10318350702755406,0.46235886653465447,0.021965422307960707,0.019482560097536083,0.20329820796098652,0.0031570629018859587,0.0014408630487185042,0.018056380973215373,0.0010021314509265132,0.0,-0.010205153811628924,-0.038472802907384494,0.12803924198191918,0.006461535739401269,0.004228583940317216,-0.0022043026730320585,0.04152163739942212,3.5717417566462524e-05,0.0,-0.0012124965702225768,-0.03255150240155913,-0.0017797500820027562,-0.008269038560113722,0.0015667405003849154,0.012709064063111373,-0.006869557556611145,0.004275158467158433,0.002512028564591901,0.028784363723877566,0.030493651336300855,0.013385732410137414,0.009352553252761903,0.03745286142205398,-0.0065036115081173965,-0.02091115517167111,0.003905145697006715,-0.012825376710841463,-0.0004631421371651723,0.003404045835821713,-0.0008585208776585385,0.005429864107400678,0.3143607630470833,-0.0016109163434531054,-0.008132989472620396,0.0,-0.005549839013041184,0.002380485277456927,-0.02946903975485642,-0.021086877342730355,-0.0038717905067179857,0.16431147554520292,-0.010697895335348262,-0.012517177249135529,-0.0036678252992756073,-0.0033371461325978624,0.010699729927494774,0.0012747148268204955,-0.0022319693398014312,0.019013625200239387,0.04751658654595575,-0.007730214912370154,-0.004864618664359549,0.10745725180378027,0.0023957740896767554,0.0,-0.01872957049697959,-0.005330648270868314,0.0002832845272984141,0.0,-0.004113410963538004,0.0,-0.00451409595549549,0.08129756178287931,0.10932073315203532,-0.009904995571720993,0.0,0.021065793027825592
-0.6758155091272555,-0.04319817677380008,-0.018326521140254147,-0.05441624160095046,-0.4605196511181378,-0.03724324565113578,-0.4023592664359278,-0.10044914208212377,-0.3552023046162125,0.01565744428241519,-0.008494404261317156,-0.13255344245838013,-0.008158049022344906,-0.0036345585159726825,-0.0069095240293817325,-0.0014374416183994656,0.0,0.01234257947933428,-0.022702794655155047,-0.033158927252452446,-0.0075400837687370215,-0.004914255567635233,-0.024675979026476627,-0.022215441094712747,2.1876560473130247e-05,0.0,0.011075755633098308,-0.009376931277804151,0.0042151834680434945,-0.013873080955906853,-0.0028019860539535354,-0.021954125278710677,0.018422518613340443,0.0011962599380580929,-0.013529765646639422,-0.02371761836455649,-0.019127529137864946,-0.008328206853800625,0.0021261578565189634,-0.035222549393894846,-0.020567734578942568,0.020061783103654394,0.0005997655122851292,0.06081654643337675,-0.0003206435499911891,0.00015116922880030817,-0.004336068066075437,-0.001599536323263844,-0.21812547370282054,-0.007859417588523931,-0.011239085330868315,0.0,0.010113590768801788,0.0006526094314763149,-0.020864094693425896,-0.003742363434177864,-0.008724560431330776,-0.1173570897161466,-0.019342869167045546,-0.03689013160735801,-0.0033197108037602407,0.0008509722638124547,-0.0019882053866934753,-0.0015933935335256189,0.009278483830798753,-0.015838527351214698,-0.031900591874416365,-0.021636085388878214,-0.007201875856640084,-0.07726821151811393,-0.0008128333144618825,0.0,-0.011575126511409465,-0.0008745370072012777,0.000548334238451879,0.0,-0.012043254898426958,0.0,0.04044403241927659,-0.04974687902849094,-0.08430082784402357,0.0031538897080993613,0.0,-0.01893373643194824
1.0800861874665224,-0.034183001064698744,-0.026661386383455474,0.049209883861473305,0.5852127025721792,0.04027444234318344,0.5398155056090942,0.07085351180945783,0.5304205554024594,-0.01023100932441609,0.0055327317099155586,-0.09906128241949404,-0.001574907375796573,0.0024186745450867487,0.018592440350733666,0.00015349912050095305,0.0,0.014629455693125508,0.022738020909157254,-0.024164310447211648,-0.000823679359726412,-0.005176350964488168,-0.0022043026730320585,0.043390002783369394,-6.683024378747147e-05,0.0,-0.001706739421960515,0.029735597643248304,0.004846489314406339,0.01910893465994116,0.002358935866994822,-0.007944869862765172,-0.005795278500590702,0.004275158467158433,0.008384169248025517,-0.016287542971995153,-0.06225714750872444,-0.026438566062594718,-0.009634915293226853,-0.01339698608626895,-0.005549117562303376,0.014095570021852742,-0.0070292622546120915,-0.0027114936783517803,-0.0011396114591344358,-0.001174464610796705,0.001428772341567408,-0.007058823339620875,0.10988159238312512,0.0022437763355239683,0.008128071923448532,0.0,-0.012078377970661807,-0.0007631279016931574,0.003913590589455554,0.021783405045602913,-0.004319257897848573,-0.010564160435741227,-0.00023062996313287336,-0.012185181299245,-0.007976423910344282,-0.0033371461325978624,-0.010699729927494768,0.004715182029861944,-0.004792405823146426,-0.030318364642232427,-0.027058908239043455,-0.015481047028306365,-0.008437217729533208,0.09290989503009518,-0.0032669646677410194,0.0,-0.029529321735180157,0.003807605907763077,-0.00032577720639317704,0.0,-0.0041609106512310885,0.0,-0.005194884889057065,0.07134155089773352,0.03041604494408212,0.009143661052843345,0.0,0.025739918825890766
-0.7080913779203936,0.024910556313263728,-0.018326521140254147,-0.05187407814060511,-0.5047124736543027,-0.0376055415974077,-0.4428376751738524,-0.10624815198415412,-0.36153960564604076,0.02432951089327206,3.1881403654171817e-05,-0.1391183965227113,0.009413133487321038,0.0070467311177201345,0.007620152381148902,-0.0014374416183994656,0.0,0.003691109717719205,0.009601242543017932,-0.03857145393320092,-0.018610629370092054,0.003899384878443782,0.019684154328551248,0.012634567369182743,-0.00011959502793898111,0.0,-0.006479698048202663,-0.009376931277804151,-0.002038421500588351,-0.007307490717789507,0.006584831983117479,-0.022966814384339937,-0.012112737710445722,0.0011962599380580929,-0.012667445249736477,-0.025234897189740233,0.009096997458273913,0.004284270314106546,0.013733772432728473,0.02829674672485686,-0.011821179227144298,0.001869403633455865,0.0005997655122851292,-0.016332257136372277,-0.0003206435499911891,0.000482771379961236,-0.0019009674452076233,0.0012304125563568037,-0.236634761220123,-0.007859417588523931,-0.010394581376250933,0.0,0.004495804361310599,0.0006526094314763149,-0.021679857593700527,-0.003742363434177864,-0.010861865836957151,-0.12922417793227495,-0.019184352556577338,-0.03689013160735801,-0.0020168374392528637,-0.0008182425613581295,-0.003342241813838169,0.0012747148268204955,0.0003894702925372664,0.013901326246810909,-0.03300552019905543,-0.03042573135593874,-0.009416988771339379,-0.08267029483887905,0.0005960777639387122,0.0,-0.009154083853013473,-0.0008745370072012777,0.0017424043892535455,0.0,-0.012043254898426958,0.0,0.03204007125053315,-0.08089905644113161,-0.07431691478281745,0.00315659360642223,0.0,-0.030115116415235614
1.0948375435172424,-0.034504781646609015,-0.026661386383455474,0.04785683334398984,0.5864023666862461,0.037445945803460945,0.5075524968479671,0.06860963396203348,0.5453983749657618,-0.022187717499217385,0.022443963799916488,0.0688637935892002,-0.0027361211816344967,0.0070467311177201345,0.018031511188661788,0.00015349912050095305,0.0,0.01027783268654587,0.03271336068583415,-0.06406233305923428,-0.0007883154165208392,-0.004804187562181907,-0.001794142153920349,0.043390002783369394,0.0002442980184226484,0.0,0.0027759603043625747,-0.03248036540414116,0.004846489314406339,0.01910893465994116,0.0019345813063809782,-0.007944869862765172,-0.005795278500590702,0.004275158467158433,0.008384169248025517,-0.01627192203279908,-0.023491529419734623,-0.026438566062594718,0.019545597364340576,-0.01339698608626895,-0.005549117562303376,0.012300447990307196,-0.0070292622546120915,-0.003446056848986133,-0.0011396114591344358,-0.003770762612859616,-0.0013613647369321007,-0.007058823339620875,0.004620844364153503,0.0022437763355239683,0.0054227760826056825,0.0,-0.007565680148929322,-0.0007631279016931574,-0.00822901934481769,-0.021086877342730355,-0.004082992342404103,-0.13411968368611146,0.002154039773539916,-0.012457483474080223,-0.008199499185132377,-0.0008182425613581295,-0.010699729927494768,0.004715182029861944,0.003844813551451183,-0.028215973026169374,-0.027058908239043455,-0.012139364149530308,-0.008437217729533208,0.07620686478872103,-0.0032669646677410194,0.0,-0.029939362477749434,-0.005330648270868314,0.0005354959544128946,0.0,-0.0041609106512310885,0.0,-0.005194884889057065,0.08591273556679863,-0.05674319040156051,0.00922199779908086,0.0,0.02350861996931295
-0.7877973417290026,-0.03166201994991033,0.019944352537526407,-0.008788184306413397,-0.4688798246018075,0.032278774358770655,-0.44457645489780856,-0.10044416474861072,-0.40715851053741553,0.026551457905708196,-0.005409130338052758,-0.13317624358770178,-0.008158049022344906,0.0025331771474961114,0.006889044755087483,-0.0057963289770815675,0.0,0.014636724656649017,-0.018445782659907747,-0.013687582258587003,-0.003950170711411911,-0.0034751391288472405,-0.023918030344347866,0.012634567369182743,0.0009990612351316007,0.0,-0.01695020679061768,-0.009701281483854388,0.005317233259194189,0.013068383928864712,-0.0028019860539535354,-0.014604281598961173,-0.012120554798469782,0.0011962599380580929,0.011164344929406631,-0.023798638969186773,-0.006293673340571768,-0.008328206853800625,-0.017418848215930555,-0.0052007619644167296,-0.015770790646133646,0.01236911720657693,-0.0018822870060833355,-0.014140701624565183,-0.0014392704358157497,-0.0016785500969265926,-0.004336068066075437,-0.001599536323263844,-0.03015288752823088,0.010947045926872621,0.003786494412677515,0.0,-0.020609986999483573,0.0005129305802889748,-0.012404432812091916,-0.0072836907187493315,-0.008724560431330776,-0.10899795427937531,0.007513635571626401,-0.02983669931817103,-0.011242085085603142,-0.0008182425613581295,-0.010699729927494768,0.0012747148268204955,-0.014909000044418828,-0.04026949905762578,-0.02624823455406522,-0.01965516525550356,-0.008765733733417096,-0.07173659934170269,-0.0008128333144618825,0.0,-0.016561173746183714,-0.0008745370072012777,-0.0006305843742196631,0.0,-0.012274889177917924,0.0,-0.014706920879736945,0.11663507028089545,-0.08872038612916087,0.003064104238765084,0.0,0.03600158680974308
0.6218680873479034,-0.03995067236434527,-0.0276272041709127,-0.07191058886740824,0.02936351987338981,-0.07181873971582789,-0.08359410208074876,-0.07672192704822257,0.7944872580398205,0.017088824074982613,0.004663509614453794,-0.08281248155897897,0.003659285126156286,0.0026939303269947175,-0.02931985764938093,0.0006523963373431946,0.0,0.00673217659705821,-0.026357540036172834,0.2614166716967198,0.007783503647709463,0.0019789400343592067,-0.00314814922532045,-0.05799289910898556,-0.00011701876292503216,0.0,0.006368664305797345,-0.009498422301500572,-0.0010789631313180943,-0.008286503399490537,0.0022768904903507714,0.03271518629086935,-0.0086887833358258,-0.002278590358205888,-0.0013763816830523203,0.044953847414206174,0.027270904239972766,0.00403478574208083,-0.007140502458537496,0.04317275107077643,0.05488391103922983,-0.017859101683693746,0.0007821817448583936,0.034451192734940815,0.0005947517997689974,0.003327347637511598,-0.0010093312391238692,0.0012304125563568037,-0.1604884660002245,-0.002945332120492618,-0.004421100556584084,0.0,0.0032705011869008423,0.00043120092715908265,-0.007747476037042409,-0.006119044325139634,-0.008698924061158578,0.17488918854886545,0.008680418299258164,0.11977587131362952,0.04189908172600962,0.0008509722638124547,0.003342241813838169,-0.002012634314636818,-0.0010171509290221041,0.02206219917297701,-0.017763283029989942,0.09242465557524056,0.030236540028589044,-0.06402985096963008,0.0005960777639387122,0.0,0.08167566676027271,-0.0017778416791131239,0.000548334238451879,0.0,0.013422709459966117,0.0,0.03204007125053315,-0.05772277565721152,-0.068902691511647,-0.0032872668069585543,0.0,-0.04015802374104429
0.7734711017035558,0.07951824359084847,-0.035903850062934325,-0.07592554842815331,-0.258997166185728,-0.07363147014216706,-0.3649735510921781,-0.08749126924825429,0.7387996481364368,-0.02563554918233391,-0.004793356104618196,-0.11676313897104774,-0.008158049022344906,-0.0036345585159726825,-0.011719793442827073,-0.0012451300207153345,0.0,-0.005975880891235479,-0.0047515008320952136,-0.13522668731811816,-0.0019911345223587998,-0.002604728866216344,0.0025650698612790157,-0.05872381354801297,-0.00033684611082694313,0.0,0.008045738274769421,-0.009376931277804151,0.0016667658571956148,-0.005517229414364407,-0.0007825108447201154,-0.015974703720774596,0.008946329798557915,0.0011962599380580929,0.00411930254957975,-0.03181227213205584,-0.020272637891115636,-0.008328206853800625,-0.0064379343381621955,-0.048029714556714925,-0.012364616961714195,0.030492827460505727,-0.002375216395191556,-0.01648094820999629,-0.000847452437189668,-0.0003828660251912232,0.004502010912439951,-0.007058823339620875,-0.18622713173312444,-0.002945332120492618,-0.001227894873162107,0.0,-0.007565680148929322,0.0004615001777263225,-0.004730704220085593,-0.005807456510728499,-0.010160957934132544,-0.13739067462656793,-0.019698377479947845,-0.036000205073833155,-0.02045516900735857,0.0008509722638124547,-0.0019882053866934753,-0.00589397753732743,-0.011859836193304538,-0.023561251879136914,-0.017763283029989942,-0.026280861880062324,-0.012466411450716327,-0.07295889081931892,-0.0008128333144618825,0.0,-0.038791926899371575,-0.0017778416791131239,0.0006406398107704639,0.0,-0.012274889177917924,0.0,0.04044403241927659,-0.03938709658808496,-0.051835985198546194,0.002613178892309758,0.0,-0.027438622014934487
1.1109157609444786,0.07279853420242743,-0.02436528764340165,-0.06447085243390914,-0.08644410125048181,-0.07181873971582789,-0.32825536831488233,-0.06890927333358235,0.8029922076960114,0.013816737923283317,0.015610355686636889,-0.08466178199727994,0.003659285126156286,0.0014920373961640303,0.018031511188661788,-0.00032853125108243324,0.0,0.0004199567842688944,-0.014701608161044532,0.26009869348864767,0.0011903736017805293,0.002101535037471858,-0.00314814922532045,0.03364434869211201,-3.601190195158532e-05,0.0,0.0025526840201451012,-0.009498422301500572,-0.002091365877231546,-0.008286503399490537,0.0022768904903507714,0.03283550267632164,-0.005795278500590702,-0.002278590358205888,-0.001949202036008612,0.028518632714285702,0.009738258360094301,0.00403478574208083,-0.001439524158867279,0.04317275107077643,0.05488391103922983,0.018916681428254086,0.0007821817448583936,0.04072960655073646,0.0005947517997689974,0.0008661813059038775,-0.0010093312391238692,0.005429864107400678,-0.15975536392684136,-0.002945332120492618,-0.004421100556584084,0.0,0.0032705011869008423,0.00043120092715908265,0.005472154403005105,-0.006119044325139634,0.028979580508971033,0.015167484253861507,0.02940126352593822,0.0887948493966736,0.041221625229735014,0.0008509722638124547,0.003342241813838169,-0.002012634314636818,0.000263565233567275,0.011226519476215363,-0.01762496163523566,0.11048933044681129,0.030236540028589044,-0.06256343675396836,0.0005960777639387122,0.0,0.08167566676027271,-0.0017778416791131239,0.0003222602671550997,0.0,0.039299042300130066,0.0,0.03204007125053315,-0.05772277565721152,-0.059555128384676255,-0.0032872668069585543,0.0,-0.04119090064658019
-0.38351857727199534,0.09363110689749062,-0.022026958894270476,-0.068243247722575,-0.4902364924379831,-0.03594813090898643,-0.41026331317661824,-0.10813640602137425,-0.14779105340091664,-0.007809411784642521,-0.01891052521874898,-0.1374108397246553,0.009413133487321038,0.0025331771474961114,0.009263601269404429,-0.0014374416183994656,0.0,0.0074617841955990465,0.0034666999195539765,-0.13594319404204624,-0.0011810532001800596,0.003899384878443782,0.019684154328551248,0.012634567369182743,0.0002391276433610992,0.0,-0.02194793690489164,-0.009376931277804151,-0.0017712425048979556,-0.015664387234527417,0.006584831983117479,-0.022112748155411914,-0.012112737710445722,0.0011962599380580929,0.002178027251978726,-0.025234897189740233,0.008863341082394149,0.004957753295860195,0.01663029095836028,0.04033506705387394,-0.00602880662053975,0.01236911720657693,-0.0010795779221132338,-0.016332257136372277,-0.0009963655658166578,-0.0016785500969265926,-0.001663210907994257,0.0012304125563568037,-0.2352436647119852,-0.007859417588523931,-0.010394581376250933,0.0,-0.007514455268829849,0.0006526094314763149,-0.020864094693425896,-0.0069928204777299965,-0.01111847300163803,-0.12283266253169178,-0.019184352556577338,-0.03794370635461459,-0.02345524244097773,-0.0008182425613581295,0.003342241813838169,0.0012747148268204955,0.003609166638185782,0.0223105151772151,-0.029155401198130912,-0.029718556892891098,-0.012466411450716327,-0.0935107827984737,0.0005960777639387122,0.0,-0.009154083853013473,-0.0008745370072012777,0.0006406398107704639,0.0,-0.012274889177917924,0.0,-0.011650935000193876,-0.08155373569743696,-0.06955465915505439,0.00315659360642223,0.0,-0.030115116415235614
-0.5471611516767233,-0.008169039142392812,0.025273461455027384,0.11495701635504174,0.7209629602463851,0.031216755562908715,0.5934176659186259,0.17134497506460528,-0.2967225419220735,0.011378460488386128,-0.011117869320395777,0.27573937010497385,0.0031570629018859587,0.0014408630487185042,-0.010327557607774856,0.00616670175600943,0.0,-0.013856723617461634,-0.04693355691781183,0.1774194688220454,0.01945702875395597,0.012079856490559735,-0.008709636364744254,-0.03507197814176969,-4.070219912653654e-05,0.0,0.0027406748257939977,-0.03249906067711518,-0.0018452603165229975,-0.004411514450650629,0.0015667405003849154,0.015245717188555587,0.015243919559648485,-0.008143158985063664,-0.006289639306497103,0.025974953400971747,0.027270904239972766,0.016518211395038108,-0.0033081275687964276,-0.0004794035557741409,0.052316565128370095,0.0081080449018887,0.0006516467399649208,-0.003521543500408492,0.0011493773887254126,0.0032974546945845487,-0.0008585208776585385,0.0012304125563568037,0.41323988122434857,-0.0027501679917510216,-0.004634458005938926,0.0,0.0089309784379842,0.0025002132251529374,0.00011038100879545362,-0.01638759333569086,-0.004013703934185867,0.2217354324233235,-0.002389660977101837,-0.014605101189832874,-0.0008075275118124151,0.0034706319779017787,0.010699729927494774,-0.0015933935335256189,-0.0032172958417089224,0.020395957064174703,0.09855320016422545,-0.011998896686998037,-0.0015470058829111727,0.11679182156809367,0.0023957740896767554,0.0,-0.0028538109460691267,-0.0015668788045689547,0.0002832845272984141,0.0,-0.004113410963538004,0.0,-0.005194884889057065,0.16697273920908362,0.2292368423113796,-0.010711441264213476,0.0,0.03029400297146467
0.24105242199052418,0.010850928275466975,-0.03279709582043444,-0.07646848270497054,-0.30152270649558444,-0.09217553712919578,-0.4237671765194347,-0.09446503703555675,0.31440927023611714,0.009485575029468764,-0.019389150867528987,-0.1282508156971043,0.009413133487321038,0.0070467311177201345,0.008892703324748646,-0.0012451300207153345,0.0,-0.0018182229649930642,0.009454557955523565,-0.010248620320612334,-0.01152310797526893,0.003899384878443782,0.003947705821716316,0.012244746335034792,-3.601190195158532e-05,0.0,-0.014146225737756334,0.008685670909916385,-0.0011063708854358823,-0.010044072823202486,0.002120304861657225,0.03283550267632164,-0.01490808732286028,-0.002278590358205888,0.003292302958064031,0.053263762601314754,0.009096997458273913,0.00403478574208083,-0.014522329690298753,0.04033506705387394,0.0468480943371504,-0.008347331359284822,0.0013195646639953067,-0.016332257136372277,0.0008742931974325651,0.0008661813059038775,-0.0010093312391238692,0.0012304125563568037,-0.2053748793172031,-0.007859417588523931,-0.007362636878564231,0.0,0.0032705011869008423,0.00047815920093765164,0.005472154403005105,0.006508024445178952,-0.010341742342174911,-0.09540403744643279,0.029296669363945926,0.057110870106175424,0.046511691281282165,0.0008509722638124547,0.003342241813838169,0.0016101074517094545,-0.000657869208533746,0.02206219917297701,-0.02370933689005532,0.05720552590305243,0.03085819256478758,-0.08744063333749187,0.0005960777639387122,0.0,0.021314234790459484,0.0012698869136522298,-0.0020037650476415828,0.0,0.039299042300130066,0.0,-0.011650935000193876,-0.07469502281669162,-0.06727084816533885,-0.0032872668069585543,0.0,-0.048103819143312604
0.809399526304167,0.0017500863016525945,0.01714500321144698,0.07186996599966423,0.5827265725056251,0.039700911556841384,0.5521039247061362,0.12020392914823635,0.46130805812522513,-0.021489094791935025,-0.01875859142424812,0.18258941535950132,0.0019129822812936899,0.0014408630487185042,0.00835664394723035,2.1156436098011908e-05,0.0,0.006636811259399517,0.02461608388262895,0.11416831459432285,0.00630327331853376,0.004228583940317216,-0.0031767781143576482,0.03935784818089075,-2.0703603117911036e-05,0.0,-0.0017760744871001342,0.02975874417169233,-0.000705210090952941,0.008018449895126855,0.0006811561442719117,0.012614346943933905,-0.006869557556611145,-0.008143158985063664,-0.007294825947705898,0.02925921462690777,0.030493651336300855,0.012048217898999555,0.006745116543866035,0.03670737608253433,0.024129763005780996,-0.02091115517167111,0.003905145697006715,-0.005102861832125891,0.0007276854572756924,0.003404045835821713,-0.0006236579761867251,0.005429864107400678,0.31188503513502897,-0.0016109163434531054,-0.008013224688968546,0.0,0.007175696598213687,-0.002112418170039415,0.018219666773373704,0.021894102797296935,-0.004328004041481405,0.1672197295843168,0.01266547066549404,0.0430962632005216,0.015672945892037455,0.0034706319779017787,0.010699729927494774,0.0007354124000887474,6.99738789114475e-05,0.017651434548419023,0.04639519389568096,0.04381608417384381,0.016749208605554445,0.09441383083915941,0.0023957740896767554,0.0,0.029639877660344864,0.003807605907763077,-0.0006158203475748331,0.0,0.013422709459966117,0.0,-0.00451409595549549,0.08061627394175212,0.12462355067240198,-0.009904995571720993,0.0,0.021390795621763367
-0.673290575022026,-0.04449708568152983,-0.012312719535841671,-0.05403346673660229,-0.4672892482529426,-0.012206095011363776,-0.4335872017083071,-0.10847283519690534,-0.36950328453975056,-0.0237336786302458,0.00037293189296368906,-0.07698232139992545,-0.0029497244753019644,-0.010110527255859324,-0.008887161593713137,-0.0014374416183994656,0.0,-0.01652709906801164,0.006895500817208073,-0.0991432498960855,-0.0075400837687370215,-0.015492383669742645,0.013366632083629567,-0.022215441094712747,2.1876560473130247e-05,0.0,0.016969855211025488,-0.009376931277804151,0.002137509801983464,0.0029898343990179942,-0.0007825108447201154,-0.023549506217044762,0.022615543031962282,0.0011962599380580929,0.01031396184876623,-0.025234897189740233,-0.019127529137864946,-0.008328206853800625,-0.009997970509036978,-0.035930138666546506,-0.015770790646133646,-0.0014274531795773373,-0.0018822870060833355,-0.01554300391233239,-0.0024300586379299494,0.00015116922880030817,0.0046940450386507414,-0.001599536323263844,-0.23048396640859878,0.0038305911313674945,0.02399962485925463,0.0,-0.020609986999483573,0.0006526094314763149,0.0002488290468902537,-0.0072836907187493315,-0.009993925823173232,-0.13495823731592366,0.007355118961158193,-0.030927829793026294,-0.023658120970137506,-0.0008182425613581295,-0.0019882053866934753,-0.0015933935335256189,0.00832097448193063,-0.015838527351214698,-0.03300552019905543,-0.028611435021002714,-0.012466411450716327,-0.07233154277509198,-0.0008128333144618825,0.0,-0.014999351451885313,-0.0008745370072012777,0.0017424043892535455,0.0,-0.012274889177917924,0.0,-0.014706920879736945,-0.0612726864203777,-0.08673320458532659,0.003064104238765084,0.0,-0.00585347145621551
0.7941096312760569,0.0012453259327925722,0.02048634050605607,0.07186996599966423,0.5640054019535747,0.039700911556841384,0.5584242676029288,0.12496035149402504,0.4983251648045368,-0.021489094791935025,-0.004162796661337328,0.206412914465421,0.0031570629018859587,0.00137869678008428,-0.01401809632968677,0.0010021314509265132,0.0,0.012985726115569713,0.025209083584519575,-0.05415713300751602,0.006369070705848651,-0.004852013085374205,-0.001794142153920349,-0.06863463153257812,3.5717417566462524e-05,0.0,-0.0030837866605731576,0.02975874417169233,-0.000705210090952941,-0.015265058494155721,-0.00032241538508218006,0.012614346943933905,0.011281124591397351,-0.008143158985063664,-0.004157699806358028,0.02925921462690777,0.030493651336300855,0.012048217898999555,-0.004697786962720814,-0.009815873241139913,0.025728726533235578,0.022590506686543645,0.003905145697006715,-0.004048503962443222,0.0007276854572756924,0.003404045835821713,-0.0006236579761867251,0.005429864107400678,0.3270950988941143,-0.0016109163434531054,-0.008754802088833705,0.0,0.007175696598213687,0.0025002132251529374,0.018219666773373704,0.021894102797296935,-0.0038110245697215417,0.17377810687758988,-0.0018229530656200428,0.022699884716406504,0.016357955219668797,0.0034706319779017787,0.010699729927494774,0.0016101074517094545,6.99738789114475e-05,0.017651434548419023,0.02056633173705636,0.0201182199387168,0.016749208605554445,0.06847097847899203,0.0023957740896767554,0.0,0.030167383604250156,0.003807605907763077,-0.0006158203475748331,0.0,0.013422709459966117,0.0,-0.005194884889057065,0.06013268194047691,0.10028157280125556,-0.009904995571720993,0.0,0.02200026605592449
-0.6596250749790981,-0.01198688518036994,-0.022298666824517446,-0.05356664279952446,-0.4889391583167677,-0.036807863042637466,-0.4518592302488429,-0.10542510968533206,-0.361473304584784,-0.02490246164695354,0.0004919005688204317,-0.14399922010706098,0.009413133487321038,0.0070467311177201345,0.007620152381148902,0.0015563754055061445,0.0,-0.01494768152005958,0.01734004890230534,-0.04568195985885421,0.024085355008234048,0.0033918796754781847,0.013366632083629567,0.012244746335034792,-0.00039473457325166564,0.0,-0.009121624362664262,0.008685670909916385,-0.0013735498811262778,-0.006129587585897966,0.002120304861657225,0.04249702447198074,-0.012112737710445722,-0.002278590358205888,0.0014047259399446363,0.053263762601314754,0.008863341082394149,0.00403478574208083,0.0021261578565189634,-0.03402027071810906,0.052316565128370095,-0.008347331359284822,0.0005997655122851292,-0.019520573876997974,0.0014203654753291068,-0.0016785500969265926,-0.0012470877763372358,0.0012304125563568037,-0.2093812017018671,-0.007859417588523931,-0.007362636878564231,0.0,0.005080736574248262,0.0002923151027700464,0.005472154403005105,0.005746341449599859,-0.01034305449103375,-0.11882742117314325,0.028741033801976807,0.06328977197960838,0.046511691281282165,0.0008509722638124547,0.003342241813838169,0.0007354124000887474,0.003609166638185782,0.02206219917297701,-0.03161643321738186,0.06055780701486527,0.03085819256478758,-0.07759638658348232,0.0005960777639387122,0.0,0.0017754711077418496,0.0006246692908580547,-0.0020037650476415828,0.0,0.039299042300130066,0.0,-0.014706920879736945,-0.10289141664425021,-0.08219970809551767,-0.004565762808670318,0.0,-0.02996255584249164
-0.530352729836967,-0.008600857769515899,0.025273461455027384,0.11548238882186224,0.6724363367559582,0.031833018029889214,0.6207783360469097,0.1791470098667998,-0.28261750597908986,-0.004695762783289913,0.0102575237025353,0.27038645947481466,0.0031570629018859587,0.0009760685168738261,-0.01184524458958162,0.00616670175600943,0.0,0.019856010143228207,0.03349003949278806,0.02860547776657342,0.01870511981394368,0.012079856490559735,0.018637463291325814,-0.03507197814176969,-9.71232198109101e-05,0.0,-0.004205024980943758,0.02975874417169233,-0.0007707203254731823,-0.004411514450650629,0.0005631689710308236,0.01515100006937812,0.015243919559648485,-0.008143158985063664,-0.006289639306497103,0.02706770446603138,0.027270904239972766,0.012048217898999555,-0.0033081275687964276,0.0066245916824703615,0.052316565128370095,0.011075498235972495,0.001045715003379629,-0.0041906638090984764,0.0018423749588876899,0.0032974546945845487,-0.0009119427168842579,0.0012304125563568037,0.39745514469070575,-0.0027501679917510216,-0.008864390329540856,0.0,0.0089309784379842,0.0025002132251529374,0.018219666773373704,0.019484847864005984,-0.0036291449203796145,0.22312599948063064,0.012515298891988873,0.019933983932241866,-0.0008075275118124151,0.0034706319779017787,0.010699729927494774,0.0007354124000887474,0.0005187824607839574,0.020395957064174703,0.09784848669477987,0.020755053217939835,0.016749208605554445,0.13844059707409515,0.0023957740896767554,0.0,0.004305561157324406,0.0011191991461206806,-0.0006158203475748331,0.0,0.013422709459966117,0.0,-0.005194884889057065,0.16235180952173614,0.22800882696216937,-0.010711441264213476,0.0,0.02989889355102758
-0.7102860683788754,-0.04489862195852493,-0.018326521140254147,-0.05300474755784593,-0.41251387795020217,-0.03515653872539826,-0.45445237765301427,-0.11296875870926824,-0.3014700601631027,-0.010057198320890167,-0.00012475234807602514,-0.14576762008183103,0.009413133487321038,0.0025331771474961114,0.004939224844011613,-0.0014374416183994656,0.0,0.0041820883534515255,0.009601242543017932,-0.029004291503669802,-0.003950170711411911,0.0033802203713759527,0.019684154328551248,0.012244746335034792,0.0002391276433610992,0.0,0.013373082863064904,-0.009376931277804151,-0.002038421500588351,0.012955235223621124,0.006584831983117479,-0.0028522720113348457,-0.01490808732286028,0.0011962599380580929,-0.015250009600966643,-0.02184203455125626,0.009096997458273913,0.004957753295860195,-0.017418848215930555,-0.031755696506788424,-0.01815698956831874,0.01236911720657693,0.0005997655122851292,0.06081654643337675,0.00113134708646711,0.000482771379961236,-0.001663210907994257,-0.001599536323263844,-0.23214961264810197,-0.007859417588523931,-0.007362636878564231,0.0,0.01233004878228872,0.0006526094314763149,0.004170111816184487,-0.003742363434177864,-0.009993925823173232,-0.13253044533165484,-0.015696603228427485,-0.031976259263748176,-0.0020168374392528637,0.0008509722638124547,-0.003342241813838169,-0.00589397753732743,-0.0067085907754857906,0.0223105151772151,-0.03328967885608994,-0.03313412137110934,-0.006580223320441543,-0.07236808017825483,-0.0008128333144618825,0.0,-0.020495124690065116,-0.0008745370072012777,0.0017424043892535455,0.0,-0.012043254898426958,0.0,-0.014706920879736945,-0.06159854502837753,-0.09848584524191549,0.0031538897080993613,0.0,0.042493023484704975
-0.10849952259406374,-0.008600857769515899,0.020933708443834284,0.07158969546901675,0.16314687521365204,0.03234862937827613,0.34054953988208375,0.09588160753785449,0.10324584499161299,-0.007304748459976938,0.00784039817609814,-0.06741007290848813,-0.001657917977121197,0.0009760685168738261,-0.029861000138795637,0.0011334731056896626,0.0,0.019856010143228207,0.0393841790500364,0.1267089404984586,0.015258658494259048,0.012206986427234362,0.023020159752614577,-0.03507197814176969,-2.0703603117911036e-05,0.0,-0.0029544752398541303,0.02975874417169233,-0.0010789631313180943,-0.008254872841672664,-0.0011913094243963405,0.019658393703599855,0.027679176493623697,-0.002278590358205888,-0.004157699806358028,0.021781188341701667,0.026059006503743053,0.013922605905545948,-0.00031442902128136184,0.0028069600037644313,0.05488391103922983,0.0070965350392508415,0.001045715003379629,0.03209865292966932,0.0006218080578668999,-0.0038773537540967807,-0.0009099113336140489,0.0012304125563568037,0.34131218748209596,-0.0027501679917510216,-0.009846956620897677,0.0,0.016061610137964734,0.0008524341697974738,0.019613518159979686,-0.012439243545639477,-0.003632563193521435,0.18058193005663473,0.009324928317123508,0.07935672943579526,0.019708647021863406,0.0008509722638124547,0.010699729927494774,-0.002012634314636818,0.003609166638185782,0.03143954949793424,-0.0210853112714241,0.07906345555781141,0.016749208605554445,0.0577665545634021,0.0005960777639387122,0.0,0.0495707558802191,0.003807605907763077,-0.0006158203475748331,0.0,0.013422709459966117,0.0,-0.005194884889057065,0.03533316917505455,0.05233642420852523,-0.010243745117353025,0.0,-0.001638223728186508
-0.7170375504803154,-0.044633557929406806,-0.022026958894270476,-0.05461070496599188,-0.47045676188167035,-0.03429680659174723,-0.44598245628018623,-0.10589070993600808,-0.36661263523195364,-0.023041293644705238,0.012340888907005902,-0.1345722972184079,-0.0029497244753019644,-0.010110527255859324,0.006889044755087483,-0.0014374416183994656,0.0,0.003691109717719205,0.006895500817208073,-0.09684875466349929,-0.0075400837687370215,-0.004914255567635233,0.019684154328551248,0.012634567369182743,2.1876560473130247e-05,0.0,0.013373082863064904,-0.009376931277804151,0.002137509801983464,0.012955235223621124,-0.0007825108447201154,-0.023549506217044762,0.022615543031962282,0.0011962599380580929,0.010731171455346855,-0.025234897189740233,-0.019127529137864946,-0.008328206853800625,-0.017418848215930555,-0.035930138666546506,-0.015770790646133646,-0.0014274531795773373,-0.0010795779221132338,-0.01554300391233239,-0.0024300586379299494,-0.0012324788338834054,0.0046940450386507414,-0.001599536323263844,-0.23012358392992877,0.010947045926872621,0.02399962485925463,0.0,-0.020609986999483573,-0.000629067619689401,0.0002488290468902537,-0.0072836907187493315,-0.009993925823173232,-0.13451632912264397,0.007355118961158193,-0.030927829793026294,-0.023658120970137506,-0.0008182425613581295,-0.0019882053866934753,0.0012747148268204955,0.00832097448193063,-0.015838527351214698,-0.032645137720385436,-0.029300203971740813,-0.012466411450716327,-0.07233154277509198,-0.0008128333144618825,0.0,-0.014613259941838722,-0.0008745370072012777,0.0017424043892535455,0.0,-0.012274889177917924,0.0,-0.014706920879736945,-0.06093396100945968,-0.08605888212813384,0.0031538897080993613,0.0,-0.005458362035778422
0.7641680178772852,0.0013788878524705057,0.02048634050605607,0.07424069913816722,0.6036444193125821,0.04252940809656388,0.525842905364715,0.11106672024173063,0.4724322931453322,-0.021092068887039555,0.022971852118486086,0.19759775277934874,-0.0027361211816344967,-0.0034702721733853347,-0.02931985764938093,0.003448775942737235,0.0,0.01027783268654587,0.03252078664999666,-0.06276671878709378,0.0018743841757232454,-0.005367487029354986,0.01357475896621244,-0.07269173631732445,-6.683024378747147e-05,0.0,0.0038087457333220564,-0.03248036540414116,-0.0017797500820027562,-0.01644296162604726,0.002358935866994822,-0.006158271991308203,0.011281124591397351,0.004275158467158433,-0.002231333426427082,-0.022565393609382076,-0.06225714750872444,-0.026438566062594718,-0.005160514619805708,-0.05633789905801612,-0.0065036115081173965,-0.0221353471445342,0.003905145697006715,-0.004973910047370637,-0.00017098311522040465,-0.0014571396618756113,0.001428772341567408,-0.007058823339620875,0.3437628752666133,0.0022437763355239683,0.004887739291472039,0.0,0.00023585236949124743,0.002530512475720177,-0.034814031523686534,-0.021086877342730355,-0.0035779691964895124,0.17454317471318453,-0.010730401273191111,-0.012517177249135529,-0.003703188205780644,0.0034706319779017787,-0.003963827194990156,-0.00589397753732743,-0.003074451531163478,-0.027606944512152617,0.04691928961406225,-0.009126301628574007,-0.008437217729533208,0.09353618850006663,-0.0032669646677410194,0.0,-0.009577403771034344,-0.005330648270868314,0.0005354959544128946,0.0,-0.004113410963538004,0.0,-0.005194884889057065,0.07238215621748177,0.08704442228263079,-0.009904293530293332,0.0,0.006357199256848187
-0.6307838172245926,-0.008600857769515899,0.03031951293777692,0.0628125891757369,0.08521405511076405,0.03444649943800148,0.3809664652265327,0.07864284462820234,-0.37131492471259275,-0.011193821600439953,0.005462867509648102,0.1438727104580571,-0.0027361211816344967,-0.010110527255859324,-0.014598702868483878,0.00616670175600943,0.0,-0.003055567158519917,0.007549065907976013,-0.08488640126042193,0.02523969656314527,-0.01473112586529425,0.012319941046404133,-0.03912908292651601,0.00032071763511564745,0.0,-0.0031570982554105158,-0.03255150240155913,-0.002038421500588351,-0.013991617694733473,0.0005631689710308236,0.02065475907266113,-0.01490808732286028,0.0011962599380580929,0.014341098284557981,0.021781188341701667,-0.0177366238905773,-0.02769665704094902,0.0032678376515869155,-0.03474013818570496,-0.018181535656757473,-0.015291571102646204,-0.0018822870060833355,-0.04219573412049546,-0.002007226642751206,-0.0038773537540967807,-0.0007156185866781591,0.0012304125563568037,0.02142080921155929,-0.0027501679917510216,-0.009543505150407198,0.0,-0.02160181185904307,-0.0007631279016931574,-0.027558133282392566,-0.01868442926171101,-0.005550774747276584,-0.09532506466546138,0.011181294828786992,-0.01999010441575318,-0.011405711682446145,-0.0008182425613581295,-0.003342241813838169,0.004715182029861944,-0.014909000044418828,-0.04026949905762578,-0.02433771374248596,-0.01809470590487656,-0.009139780797821035,0.07939507781325107,0.0005960777639387122,0.0,-0.019049650161613228,-0.0015668788045689547,-0.0006158203475748331,0.0,-0.004113410963538004,0.0,-0.014706920879736945,-0.07829596571539962,0.004256735523648849,-0.01176395799960056,0.0,-0.027281849080738534
0.6611081492234905,0.002181904928775682,0.02765373652011743,0.09407408082899982,0.5437280500330776,0.03585559549984376,0.5691135227735122,0.14198822239012915,0.36817455949946776,0.021965422307960707,0.01896324256947257,0.025872078964932713,0.0031570629018859587,0.0014408630487185042,0.018056380973215373,-0.004855705893330638,0.0,-0.009370954440017497,-0.03877535250160997,0.19875968256820847,-0.0062944474998743085,0.012195327123132128,0.0010097406880716238,0.03935784818089075,3.5717417566462524e-05,0.0,-0.0041115785805421155,-0.021101945216866976,-0.0017797500820027562,0.008919199348926269,0.0010021476161782977,-0.0009872787032118857,-0.0086887833358258,0.004275158467158433,-0.006811088005652333,-0.0024169029340818694,0.027270904239972766,0.014586637434930154,0.018882079719097597,0.03387174857692494,-0.006023922449881022,0.014560126062018378,0.0014930690975474,-0.0033139407918088694,0.0011416651187520204,0.003404045835821713,-0.0006236579761867251,0.0012304125563568037,0.25183461812776303,-0.0027501679917510216,-0.008754802088833705,0.0,0.0054728630309443145,0.002530512475720177,-0.03951084822223745,-0.021086877342730355,-0.004109539783569144,0.13375608015342533,-0.008096866371529912,-0.02341042261927503,0.01642536049946043,-0.0033371461325978624,-0.010699729927494768,0.004715182029861944,-0.0027791844274532565,0.021758147715995067,0.014481956482236701,-0.016426642408601953,-0.004864618664359549,-0.03785081634957036,0.0023957740896767554,0.0,-0.0052627503904159835,-0.005330648270868314,0.0002832845272984141,0.0,-0.004113410963538004,0.0,-0.00451409595549549,0.07740682891530647,0.001289556430015857,0.008651123621066733,0.0,0.041778547474812244
-0.028450964948568348,-0.04146136271009816,-0.004766819926710766,-0.08472470067806395,0.0026255573844107434,-0.042026901932975855,-0.08921095204179913,-0.10519152322387373,0.24491518178785993,-0.025218705160426836,0.007001248129923838,-0.08968392603431789,-0.008158049022344906,-0.010110527255859324,-0.029808016684746707,0.0021259607107489524,0.0,-0.003397640512945125,0.004059699621444602,-0.07544217241435974,-0.011970669804374265,-0.015492383669742645,0.005624547585434614,-0.022215441094712747,0.0002442980184226484,0.0,0.017894084819896544,-0.00947972702852655,-0.0017712425048979556,-0.022380144769289255,-0.0028019860539535354,-0.015159765712128459,0.022615543031962282,0.0011962599380580929,-0.0034775756516625925,-0.01864520291256803,-0.05650224197956712,-0.02769665704094902,-0.002785330078248008,-0.005385093882332467,-0.015250166859915669,-0.0014274531795773373,-0.002375216395191556,-0.014694112118991257,-0.00031032551770627864,-0.0019172477861283677,-0.0045281021922862295,-0.001599536323263844,-0.21910813432081447,-0.0027501679917510216,-0.010628616438735267,0.0,0.010113590768801788,0.0004615001777263225,-0.023220868920474383,-0.007042415937122385,-0.009196842802317012,-0.12663618894097894,-0.012287565040141614,-0.03477491423010442,-0.011609183449323787,-0.0008182425613581295,-0.010699729927494768,0.004715182029861944,-0.012096635509080956,-0.023561251879136914,-0.028831469042894388,-0.027358848091683017,-0.009416988771339379,-0.08447534919851592,-0.0008128333144618825,0.0,-0.01985015214553734,-0.0017778416791131239,0.0017424043892535455,0.0,-0.004113410963538004,0.0,-0.014706920879736945,0.026779598620350654,-0.07444907211038503,0.00212119088425914,0.0,-0.03819768812417601
1.0646931303681066,-0.033972451647171886,-0.02729913434987534,0.05017818346356221,0.5482079459426127,0.04145124621416578,0.4990691849175462,0.06835013694120944,0.5958621248863033,0.008257816300441916,-0.015385597695175508,0.12680938332530214,0.0031570629018859587,0.0025331771474961114,0.00835664394723035,-0.0002846249649206021,0.0,0.006636811259399517,0.024309950971127578,-0.022603835324192682,0.0077803187756283945,0.004281238503641408,-0.0031767781143576482,0.04122621356483802,3.5717417566462524e-05,0.0,-0.004446064122135331,0.017938382770279294,-0.0009574933931994194,-0.014636651399280366,0.0008455619874847514,0.013883134546378417,0.014009963260219334,-0.008143158985063664,-0.005363534246083913,0.02397269850257805,0.030493651336300855,0.012048217898999555,0.009079662583199017,0.038842862882159886,0.025728726533235578,0.026779124760149913,0.003905145697006715,-0.0033139407918088694,-8.797314781140172e-05,0.003404045835821713,-0.0006236579761867251,0.005429864107400678,-0.1289736944863038,-0.0016109163434531054,-0.008754802088833705,0.0,0.007002062542576856,-0.0007282837635408288,0.017305395696720297,0.021894102797296935,-0.004109592029167592,0.16780441576651617,-0.004193292837909015,0.04384117577327217,0.017065195806116738,0.0008509722638124547,0.003342241813838169,-0.002012634314636818,-0.0005186957735862062,0.011226519476215363,-0.027058908239043455,0.014326623269392224,0.016749208605554445,-0.07069880156975991,0.0023957740896767554,0.0,0.03493085028664318,0.003807605907763077,-0.0006158203475748331,0.0,0.013422709459966117,0.0,-0.00451409595549549,-0.056542835381763946,0.0067100675665726865,-0.010557919938865162,0.0,-0.02993878922635036
-0.7440220749962104,-0.031952538093124074,-0.012416079711086868,-0.05262197269349775,-0.5037973258792664,-0.03889456996837498,-0.44722928380436755,-0.09966721314373526,-0.43502669836116203,0.02775516126491049,0.011535818879001802,-0.13688392568293872,0.009413133487321038,0.0026939303269947175,0.009569972292224772,0.0019336491130648211,0.0,0.013124508417722787,-0.021232993189322112,0.14716686843920845,0.006801229620747792,0.003899384878443782,-0.024675979026476627,-0.022215441094712747,-0.00011959502793898111,0.0,0.001229756914699644,-0.009701281483854388,-0.005672391165972035,-0.005589417582542169,0.006741417611811025,-0.02263466173543812,-0.012112737710445722,0.0011962599380580929,-0.01321536036995554,-0.023798638969186773,0.009096997458273913,0.004284270314106546,0.013733772432728473,0.04013230194416662,-0.011821179227144298,-0.006682982729924461,0.0005997655122851292,-0.014546242683513788,0.000102188445187554,0.000482771379961236,-0.0019009674452076233,0.0012304125563568037,-0.23092409260132438,-0.007859417588523931,-0.010394581376250933,0.0,0.002864278560761331,0.0006526094314763149,-0.020864094693425896,-0.006133328781590369,-0.010861865836957151,-0.11440241971344785,-0.019184352556577338,-0.03671841551088585,-0.0020168374392528637,-0.0008182425613581295,0.003342241813838169,0.0012747148268204955,0.003609166638185782,0.0223105151772151,-0.03300552019905543,-0.02488979245149625,-0.008765733733417096,-0.07100842722102449,0.0005960777639387122,0.0,-0.009154083853013473,-0.0008745370072012777,0.000548334238451879,0.0,-0.012043254898426958,0.0,-0.011650935000193876,-0.09071149765516241,-0.07417547433973555,0.003451603005663429,0.0,-0.030115116415235614
0.7234484618346141,0.07997525053760386,-0.027033520659396248,-0.07294539675099775,-0.17430950129559433,-0.07861613128121857,-0.3425487170300168,-0.08563885167234685,0.7491285024693498,-0.013255540588407319,-0.022553553993708165,-0.06299659153631705,-0.0031713804426687807,0.0025331771474961114,0.00833177416267677,0.0014527555598069604,0.0,-0.0033414287579860533,0.007306994642900362,-0.11700940520025847,-0.0009680721166536049,0.004276409463509514,0.0025650698612790157,0.03364434869211201,-3.601190195158532e-05,0.0,0.014946793868686097,-0.00947389742696274,-0.0011063708854358823,0.01903638342447865,-0.0016778361126758273,0.03283550267632164,0.008946329798557915,-0.002278590358205888,-0.001949202036008612,0.06030308184814652,0.008863341082394149,0.004708268723834479,-0.001439524158867279,-0.013667038093794957,0.0468480943371504,0.022800161563428265,0.0013195646639953067,0.05293084220655826,0.0009801705968413576,-0.0012951401709839511,-0.001806286609234031,-0.001599536323263844,-0.17906986196551772,-0.0016109163434531054,0.0023260204390690166,0.0,0.00510909320430333,0.00043120092715908265,0.0019033138618988546,-0.005807456510728499,0.03276810348407269,0.003944521543355833,0.02940126352593822,0.11977587131362952,0.04734049401306985,0.0008509722638124547,-0.010699729927494768,-0.002012634314636818,-0.004616936273239622,0.02206219917297701,-0.01762496163523566,0.12663252787892113,0.042141056478482306,-0.0639595696381053,-0.0008128333144618825,0.0,0.09070227142331982,-0.0017778416791131239,0.0006406398107704639,0.0,0.039299042300130066,0.0,0.04044403241927659,0.033610254000729305,-0.064432360624157,0.002613178892309758,0.0,0.02441848349772255
-0.7656635667688473,0.026931536196867008,-0.018326521140254147,-0.05262197269349775,-0.4638881598855412,-0.03889456996837498,-0.42530301898642975,-0.10353106005656051,-0.37962685400248564,0.02467707572273061,-0.005436584774643761,-0.14614224674046664,0.009413133487321038,0.0026939303269947175,0.006889044755087483,-0.0014374416183994656,0.0,0.01234257947933428,-0.024311258141885,0.14036061411949677,-0.017460519616238655,0.003899384878443782,-0.024675979026476627,0.0023994719042402936,-0.00011959502793898111,0.0,0.001567427845518804,-0.00947389742696274,-0.005672391165972035,-0.005470880843715551,0.006741417611811025,-0.004231264394897821,-0.012112737710445722,0.0011962599380580929,-0.0037925928118479023,0.00577689687692798,0.008863341082394149,0.00403478574208083,-0.01544674022483895,0.03301324392932198,-0.011821179227144298,0.0035337522628162265,0.0005997655122851292,-0.016332257136372277,0.0023961316180492846,-0.0016785500969265926,-0.0019009674452076233,0.0012304125563568037,-0.21105206541269203,-0.007859417588523931,-0.009687722659044246,0.0,0.004495804361310599,0.00047815920093765164,-0.01349914353390007,-0.005002283651066251,-0.00793758103258993,-0.11578108694007656,-0.014573023797939968,0.016077618094278368,-0.0020168374392528637,0.0008509722638124547,0.003342241813838169,-0.0015933935335256189,0.0021563938330065647,0.0223105151772151,-0.03300552019905543,0.0030699530806460747,-0.007201875856640084,-0.06921233416824596,0.0005960777639387122,0.0,-0.011196752921310808,-0.0008745370072012777,0.000548334238451879,0.0,-0.012043254898426958,0.0,0.03204007125053315,-0.09071149765516241,-0.07191672422277912,0.0031538897080993613,0.0,-0.03192248155364994
0.9435320405776351,-0.033972451647171886,0.004924887844389478,0.07186996599966423,0.63109215778271,0.039700911556841384,0.5884636295482074,0.06801578784008339,0.5295764789779339,-0.021489094791935025,-0.004162796661337328,0.2137833263744059,0.0031570629018859587,0.00137869678008428,-0.01401809632968677,-0.0002846249649206021,0.0,0.006636811259399517,0.023822964236878772,-0.04576027368323706,0.0077803187756283945,0.004281238503641408,-0.0031767781143576482,-0.06863463153257812,3.5717417566462524e-05,0.0,-0.0030837866605731576,0.02975874417169233,-0.0009574933931994194,-0.014636651399280366,0.0005631689710308236,0.013977851665555882,0.014009963260219334,-0.008143158985063664,-0.004115257901586188,0.02397269850257805,0.029281753600071143,0.013385732410137414,-0.002591905211589089,0.038842862882159886,0.025728726533235578,0.022590506686543645,0.003905145697006715,-0.004048503962443222,-0.00017098311522040465,-0.003770762612859616,-0.0008585208776585385,0.005429864107400678,0.1326357738799536,-0.0016109163434531054,-0.008754802088833705,0.0,-0.004081522549679206,-0.0007282837635408288,0.01658219898379376,0.021894102797296935,-0.004566274788551034,0.17091185177697393,-0.002470522701296926,-0.01261142058042234,-0.00362690664878692,0.0034706319779017787,0.003342241813838169,0.0012747148268204955,6.99738789114475e-05,0.017651434548419023,-0.027058908239043455,-0.018673680659741055,0.001863202315663684,0.0906185870658873,0.0023957740896767554,0.0,0.003855339328185583,0.003807605907763077,-0.0006158203475748331,0.0,-0.004113410963538004,0.0,-0.00451409595549549,-0.05493124107070267,0.03344130401778935,-0.009904995571720993,0.0,0.005496971898647352
-0.7302682180727101,-0.03323835511051599,0.02499040402027594,-0.05403346673660229,-0.480489036095412,0.031959702936862566,-0.4266623690475523,-0.10847283519690534,-0.39850261102007667,-0.024933692857975316,-0.0076096413805526696,-0.1351615286889715,-0.0029497244753019644,-0.010110527255859324,-0.01207186744847039,-0.0057963289770815675,0.0,-0.003464954518870758,0.019396750547214316,-0.08248080338653065,-0.0075400837687370215,-0.004914255567635233,-0.023918030344347866,-0.022215441094712747,2.1876560473130247e-05,0.0,0.016969855211025488,-0.009376931277804151,0.005317233259194189,0.012563753989040565,-0.0007825108447201154,-0.023549506217044762,0.022615543031962282,0.0011962599380580929,0.01018325633512779,-0.025234897189740233,-0.019127529137864946,-0.008328206853800625,0.0021261578565189634,-0.04450837517537372,-0.015770790646133646,-0.0014274531795773373,-0.0018822870060833355,-0.01554300391233239,-0.0024300586379299494,0.00015116922880030817,0.0046940450386507414,-0.001599536323263844,-0.23513820768034993,0.010947045926872621,0.02338915596712158,0.0,-0.020609986999483573,9.16973376505828e-05,0.0002488290468902537,-0.003742363434177864,-0.009993925823173232,-0.11947599783773237,0.007355118961158193,-0.030060950282509488,-0.0175355785044014,0.0008509722638124547,-0.003963827194990156,-0.0015933935335256189,0.009278483830798753,-0.015838527351214698,-0.03161643321738186,-0.026441500348945993,-0.012466411450716327,-0.06600494119402127,-0.0008128333144618825,0.0,-0.014999351451885313,-0.0008745370072012777,0.0017424043892535455,0.0,-0.012274889177917924,0.0,-0.014706920879736945,-0.00749921773854552,-0.08673320458532659,0.003064104238765084,0.0,-0.011100528830064306
-0.22043391048659652,-0.008169039142392812,0.03829859689521772,0.13005236848511045,0.608270787835136,0.032278774358770655,0.5363175135265351,0.14605871508351134,0.10908564464371448,0.020048070073233084,-0.007930147251656864,-0.08618839534191193,-0.0027361211816344967,-0.0014004461329059244,-0.02931985764938093,0.005201647193085426,0.0,-0.008333097710912233,-0.04129812112298868,0.1239550515369492,0.01615111705306047,-0.01473112586529425,-0.023918030344347866,-0.03912908292651601,-6.683024378747147e-05,0.0,0.003159193893962021,-0.03249906067711518,-0.0017797500820027562,-0.0076090009074204976,-0.0012191681520104132,0.014344068938671779,0.015243919559648485,0.004275158467158433,0.005342843290867531,0.025974953400971747,-0.05650224197956712,-0.026438566062594718,0.019521157013629484,0.0015354030716152193,-0.00602880662053975,0.007888706589177426,-0.0018822870060833355,-0.019819782124573877,-0.0007450478229580517,-0.0010259983783592226,0.001428772341567408,-0.001599536323263844,0.3547479675558111,-0.0027501679917510216,-0.00489796815511398,0.0,-0.02160181185904307,-0.0021472623081917434,-0.028319961259962636,-0.020456679925900598,-0.004013703934185867,0.18276106705785225,0.0014934345402402823,-0.014335486355122811,-0.008450029454200777,0.0034706319779017787,0.010699729927494774,-0.00589397753732743,-0.0017047621895490504,-0.030127424373560894,0.08557757504817255,-0.012655586575544622,-0.004864618664359549,0.15050756497797357,-0.0032669646677410194,0.0,-0.021272601280063305,-0.0015668788045689547,0.0002832845272984141,0.0,-0.004113410963538004,0.0,-0.005194884889057065,0.1733678167261466,0.175101165829126,-0.010245759307639525,0.0,-0.02277525660751677
-0.7659645274251028,-0.04333464902167705,-0.018326521140254147,-0.05403346673660229,-0.45277275881009155,-0.03724324565113578,-0.3947038565114247,-0.09806499760631864,-0.3696403902334048,0.015811008502354326,-0.005409130338052758,-0.12770721729387352,-0.0029497244753019644,-0.002140749307539696,0.006889044755087483,-0.0014374416183994656,0.0,0.013124508417722787,-0.022702794655155047,0.13486205768937853,-0.0075400837687370215,-0.004914255567635233,-0.024675979026476627,0.012634567369182743,2.1876560473130247e-05,0.0,0.0010940508050665161,-0.009376931277804151,0.005317233259194189,0.010530910189843503,-0.0010852430601943058,-0.023723035989245356,0.018422518613340443,0.0011962599380580929,-0.012981850526420358,-0.02371761836455649,-0.019127529137864946,-0.008328206853800625,0.0021261578565189634,-0.035222549393894846,-0.01815698956831874,0.010534080675253315,0.0005997655122851292,0.06300810194518384,-0.0003206435499911891,0.00015116922880030817,0.0046940450386507414,-0.001599536323263844,-0.21072966907829632,0.010947045926872621,0.02338915596712158,0.0,0.011745116569351056,0.0006526094314763149,-0.021679857593700527,-0.003742363434177864,0.02895394413879884,-0.11571862887312699,-0.019342869167045546,-0.03689013160735801,-0.0022197159684126284,-0.0008182425613581295,-0.0019882053866934753,-0.0015933935335256189,0.009278483830798753,-0.015838527351214698,-0.031900591874416365,-0.03426972114502774,-0.008765733733417096,-0.06825716107674763,-0.0008128333144618825,0.0,-0.009627212707064469,-0.0008745370072012777,0.000548334238451879,0.0,-0.012043254898426958,0.0,0.04044403241927659,-0.04974687902849094,-0.08645095846889682,0.0031538897080993613,0.0,-0.005458362035778422
0.8151350985047132,-0.0335406330200488,-0.0009028977992343221,-0.043291105588555506,0.20866075107903867,0.03585559549984376,0.43461593915854274,-0.010369223655231807,0.6379072491547565,0.022631500213159506,0.0028223860117060585,-0.09655688949738601,-0.0027361211816344967,0.0026939303269947175,0.018031511188661788,-0.0012451300207153345,0.0,-0.00994617149459051,-0.023193944339309144,0.2515537382392258,-0.006375225786985976,0.002101535037471858,0.0010097406880716238,0.009393039514532147,3.5717417566462524e-05,0.0,0.004808972139149034,-0.021007661691004972,-0.005405212170281639,-0.014206221703355717,-0.001322531240717871,-0.007896918194231349,-0.005795278500590702,0.004275158467158433,0.00253473004853963,-0.02370529902969989,0.029281753600071143,0.015260120416683804,-0.013858812045055777,-0.014768069461407875,-0.015250166859915669,0.013964796619667558,0.0014930690975474,-0.0033139407918088694,-0.0001614123890792889,-0.003770762612859616,-0.001499567128798598,-0.007058823339620875,0.03925827192344862,-0.002945332120492618,-0.0014019471366391936,0.0,0.0019008103312569032,0.0008827334203647137,-0.03253766654936842,-0.01641713422507759,-0.00401815050784374,-0.013497421055362512,-0.012287565040141614,-0.03494663032657658,0.0009432209431327679,0.0008509722638124547,-0.010699729927494768,-0.00589397753732743,-0.004616936273239622,0.03280174014975461,-0.028969429050622723,-0.015948472804927574,-0.0015470058829111727,-0.03605472329679184,-0.0008128333144618825,0.0,-0.007856278714999929,-0.0017778416791131239,0.0002832845272984141,0.0,-0.004113410963538004,0.0,0.014285933444906926,0.08909011609392743,-0.007409390180529414,0.008729460367304247,0.0,0.006471995692203633
-0.675053949875515,-0.04490085735943982,-0.018326521140254147,-0.05262197269349775,-0.5093024240408444,-0.03515653872539826,-0.4641127198298789,-0.10769588359202992,-0.3970208270014963,-0.018969451422599155,-0.00012475234807602514,-0.13985089196063225,-0.008158049022344906,0.0025331771474961114,0.004939224844011613,-0.0014374416183994656,0.0,-0.017582133653309004,0.010728203198667432,-0.08415800183385612,-0.0071648158369666815,-0.002955974621779411,0.013366632083629567,-0.022215441094712747,-0.00011959502793898111,0.0,-0.02194793690489164,-0.009701281483854388,-0.002038421500588351,-0.007307490717789507,-0.003957594642783191,-0.02263466173543812,-0.012112737710445722,0.0011962599380580929,-0.013529765646639422,-0.025315917794370525,0.008863341082394149,0.004957753295860195,-0.017418848215930555,-0.020655071531674712,-0.011821179227144298,0.01236911720657693,0.0005997655122851292,0.06915522098578243,-0.0003206435499911891,-0.0016785500969265926,-0.004951664037879387,-0.001599536323263844,-0.23085481516962866,-0.007859417588523931,-0.010628616438735267,0.0,0.0022527585199628667,0.0006526094314763149,0.0037894224627229942,-0.0072836907187493315,-0.011134708276090914,-0.13253044533165484,-0.015696603228427485,-0.033919760544529616,-0.0033197108037602407,-0.0008182425613581295,-0.003342241813838169,0.0012747148268204955,-0.007666100124353915,0.010497767265542388,-0.03300552019905543,-0.033377796483512315,-0.012466411450716327,-0.08267029483887905,-0.0008128333144618825,0.0,-0.01086799613080723,-0.0008745370072012777,-0.0020037650476415828,0.0,-0.012043254898426958,0.0,-0.014706920879736945,-0.09238481696168314,-0.08206555370500186,0.0031538897080993613,0.0,-0.005385755684082331
0.8309046700882851,0.08194027270343249,-0.0276272041709127,-0.07411033780119076,-0.2922330347812009,-0.07861613128121857,-0.3406884678965057,-0.08601073267566775,0.743329045612507,-0.018190682772906173,-0.019849170032695245,-0.10797018307828447,0.003659285126156286,0.0025331771474961114,0.008892703324748646,0.0014527555598069604,0.0,-0.0036227367109064787,0.006713994941009735,-0.11473637227182469,-0.005789180105914171,0.002101535037471858,0.0025650698612790157,-0.05799289910898556,-3.601190195158532e-05,0.0,-0.004247305286894688,-0.00125468171858551,-0.0011063708854358823,-0.016460426465424075,0.002120304861657225,0.03283550267632164,-0.005174531248421849,-0.002278590358205888,0.0038651233110203235,0.0604390807202045,0.009738258360094301,0.00403478574208083,-0.007140502458537496,0.049546323746101434,0.05488391103922983,0.022800161563428265,0.0013195646639953067,0.052415412119539456,0.0007642269719256596,0.0008661813059038775,-0.0010093312391238692,0.005429864107400678,-0.1786236416555492,-0.002945332120492618,-0.0051279592737907735,0.0,0.0032705011869008423,0.00047815920093765164,0.005472154403005105,-0.0038705815950955532,0.03653773074678186,-0.12260691616650798,0.029296669363945926,0.11977587131362952,0.04189908172600962,0.0008509722638124547,0.003342241813838169,0.0016101074517094545,-0.000657869208533746,0.02206219917297701,-0.017763283029989942,0.13019116745773465,0.042141056478482306,-0.06158098814391321,0.0005960777639387122,0.0,0.0769122000778797,-0.0017778416791131239,-0.0007367357823860358,0.0,0.039299042300130066,0.0,-0.011650935000193876,-0.05717594733835472,-0.06280875406995907,0.003072355983248263,0.0,-0.033078310850500614
-0.14273196097421056,-0.008198797859022694,0.03031951293777692,0.07381692208439128,0.25390341724395993,0.031959702936862566,0.44111467921407593,0.06906580087998027,-0.14811717291082224,-0.006015939096115083,-0.006759394318055734,-0.07244602215783169,-0.0027361211816344967,-0.0036345585159726825,-0.03750475483906768,0.00616670175600943,0.0,-0.008013687485751497,-0.03267924054478157,-0.04329287305694707,0.013386372820999515,-0.01473112586529425,-0.023918030344347866,-0.03507197814176969,-6.683024378747147e-05,0.0,-0.0031570982554105158,-0.03255150240155913,-0.005405212170281639,-0.022348514211471385,0.002358935866994822,0.019721414225394092,0.022615543031962282,-0.008143158985063664,-0.005378958961289079,0.020714658138864,-0.05650224197956712,-0.02769665704094902,-0.002785330078248008,-0.04078719031491246,-0.015250166859915669,0.020061783103654394,-0.0018822870060833355,-0.019819782124573877,-0.0007450478229580517,-0.0010259983783592226,0.001428772341567408,-0.001599536323263844,0.0895476451944743,-0.0027501679917510216,-0.00489796815511398,0.0,-0.02160181185904307,-0.0007631279016931574,-0.03253766654936842,-0.021067579498608803,-0.005552120975055455,-0.026971627127440386,-0.014132498830771393,-0.025062479696560044,-0.01144107458895118,0.0008509722638124547,0.0019882053866934753,-0.00589397753732743,-0.008046288186716165,-0.04026949905762578,-0.019174790459844833,-0.01576422211087124,-0.004864618664359549,0.1663735917035665,-0.0008128333144618825,0.0,-0.021272601280063305,-0.005330648270868314,-0.00032577720639317704,0.0,-0.004113410963538004,0.0,-0.005194884889057065,-0.06265882066828149,0.03719630553652638,-0.010711441264213476,0.0,-0.04771630681444587
-0.5772886312629228,-0.008505644573322663,0.011432595449481156,0.11559385605364093,0.6222959197325625,0.031833018029889214,0.5939954578163943,0.17710617973863466,-0.2807897341627926,-0.0025472431677703356,0.015210847844522181,0.24159928910817263,0.0019129822812936899,0.00137869678008428,0.006782670760098875,-0.0019454982101740736,0.0,0.019856010143228207,0.03951896065560516,0.0024880219064660272,-0.011972192719367654,0.012195327123132128,0.018637463291325814,0.019498053515570594,-9.71232198109101e-05,0.0,-0.00293069888543254,0.02975874417169233,-0.0011444733658383356,0.004722563965080294,-0.0021948809537504325,0.01421765522211108,0.0012332499525084476,-0.008143158985063664,-0.009469207352616813,0.02706770446603138,0.027270904239972766,0.015180696883900256,-0.00266278635156514,0.0066245916824703615,0.050717601600915506,0.012159462329692313,0.001045715003379629,0.02576963748595585,0.0028181411016078685,0.0032974546945845487,-0.0009099113336140489,-0.001599536323263844,0.4172754837029895,-0.0027501679917510216,0.0066540809820810265,0.0,0.0089309784379842,0.0025002132251529374,0.018219666773373704,0.019484847864005984,-0.0036337921516085853,0.21135867589596052,0.012515298891988873,0.06781953301640439,0.017614915427538125,0.0034706319779017787,0.010699729927494774,0.0016101074517094545,0.0005187824607839574,0.020395957064174703,0.09855320016422545,0.04435063381643389,0.016749208605554445,0.13639976694593,-0.0032669646677410194,0.0,0.042855582578854384,0.0011191991461206806,-0.0006158203475748331,0.0,0.013422709459966117,0.0,-0.005194884889057065,0.16235180952173614,0.2467823872794747,0.009687685103176682,0.0,0.036850856690419084
-0.6879640377777739,-0.04321126866413792,-0.018326521140254147,-0.05780799621552286,-0.5009923147861082,-0.038034837834723945,-0.4192249509158552,-0.10911153425247173,-0.41846351678360433,0.02125142535109218,0.00925561498374151,-0.13600926401845578,-0.008158049022344906,-0.010110527255859324,-0.01207186744847039,-0.0014374416183994656,0.0,0.012298625875134115,-0.015748634868712814,-0.045193593148048404,-0.01830429714821852,-0.002955974621779411,-0.024675979026476627,-0.022215441094712747,2.1876560473130247e-05,0.0,0.014672527981058893,-0.009376931277804151,-0.005672391165972035,-0.007307490717789507,-0.003957594642783191,-0.023549506217044762,-0.012112737710445722,0.0011962599380580929,0.01031396184876623,-0.025234897189740233,-0.019127529137864946,-0.008328206853800625,-0.017418848215930555,-0.022931923937939594,-0.009434980304959203,-0.0014274531795773373,-0.0010795779221132338,-0.016332257136372277,-0.0003206435499911891,0.00015116922880030817,-0.004336068066075437,-0.001599536323263844,-0.23136414670091673,-0.007859417588523931,-0.010628616438735267,0.0,0.002864278560761331,0.0006526094314763149,-0.004730704220085593,-0.003742363434177864,-0.007921345758137046,-0.1176108557319308,-0.020446336000180605,-0.03689013160735801,-0.011609183449323787,0.0008509722638124547,-0.003342241813838169,-0.0015933935335256189,-0.013951490695550704,-0.023561251879136914,-0.03300552019905543,-0.024679211911427867,-0.009416988771339379,-0.07600143045744749,-0.0008128333144618825,0.0,-0.011575126511409465,-0.0008745370072012777,0.000548334238451879,0.0,-0.012274889177917924,0.0,0.04044403241927659,-0.09913810109039946,-0.07399921993498741,0.00315659360642223,0.0,-0.034284402410294866
1.0271179940459918,0.08237489132758245,-0.024848820333828674,-0.06695913050429242,0.040665266492306666,-0.07861613128121857,-0.38251857941773243,-0.08272404387815334,0.7266173032097657,-0.017095179287031945,-0.0052533752697844546,-0.09772209755752015,0.009413133487321038,0.0025331771474961114,-0.015160135873095318,0.00032170759773486596,0.0,-0.00309146662632411,0.007306994642900362,-0.046443508038426506,0.007929407973354933,0.0019789400343592067,0.0025650698612790157,-0.05799289910898556,-0.00011701876292503216,0.0,-0.0077746575504640154,0.008716035040296556,-0.0011063708854358823,-0.016460426465424075,0.006584831983117479,0.03269497890889694,0.008946329798557915,-0.002278590358205888,-0.0013339397782804806,0.02969960463614929,0.009504601984214536,0.00403478574208083,-0.003910425215833927,-0.03936011066660562,0.05488391103922983,0.022800161563428265,0.0013195646639953067,0.04906828110314214,-8.797314781140172e-05,-0.0012951401709839511,-0.0016632109079942562,0.005429864107400678,-0.17223413257923542,-0.002945332120492618,-0.00630377542863444,0.0,0.0032705011869008423,-0.00037444783972458064,0.006801616787493995,0.006508024445178952,-0.01110907190591872,-0.01776844583498211,0.008680418299258164,0.08831131670624658,-0.007306903490800015,0.0008509722638124547,0.003342241813838169,-0.002012634314636818,0.0006228469540556331,0.011226519476215363,-0.017264579156565672,0.05789429485379053,0.03085819256478758,-0.0715213407724151,0.0005960777639387122,0.0,0.03240076023706062,0.0012698869136522298,-0.0007367357823860358,0.0,0.013422709459966117,0.0,-0.014706920879736945,-0.07176395644620107,-0.06334399883869765,-0.0032872668069585543,0.0,-0.03492531350987741
-0.5292778500879074,-0.045444077308013926,-0.022298666824517446,-0.05356664279952446,-0.463827855183605,-0.036807863042637466,-0.4678688590486092,-0.10990809518541984,-0.24620143933106964,-0.02490246164695354,-0.0034069810489314213,-0.0522695145682628,0.009413133487321038,0.0070467311177201345,0.007620152381148902,0.0015563754055061445,0.0,-0.017091155017576687,0.009601242543017932,-0.12144144252981591,-0.005052094121397959,0.012714491630199958,0.013366632083629567,-0.021484526655685336,0.0002391276433610992,0.0,-0.009121624362664262,0.008565617582386695,-0.0017712425048979556,-0.022229977472644765,0.006584831983117479,-0.0028522720113348457,-0.01490808732286028,0.0011962599380580929,-0.014807894761648784,-0.02192305515588655,0.008863341082394149,0.00403478574208083,0.01663029095836028,0.036135672207297416,-0.020567734578942568,-0.008347331359284822,0.0005997655122851292,-0.03665164999631203,0.0008411852416680938,-0.0016785500969265926,-0.001663210907994257,0.0012304125563568037,-0.24084725304282445,-0.0027501679917510216,-0.006439894738403533,0.0,0.005080736574248262,9.16973376505828e-05,0.007738952357290737,0.005746341449599859,-0.013031652216846748,-0.1232384155756162,-0.015696603228427485,-0.03180454316727602,-0.0020168374392528637,-0.0008182425613581295,0.003342241813838169,0.0012747148268204955,0.003609166638185782,0.0223105151772151,-0.029155401198130912,-0.026396747879549418,-0.009629645999818493,-0.09034831875745884,0.0005960777639387122,0.0,-0.010810661411264216,0.0006246692908580547,-0.0020037650476415828,0.0,-0.012043254898426958,0.0,-0.011650935000193876,-0.08864213294732189,-0.08465997645507488,-0.0045734238539184326,0.0,-0.030816175176426097
-0.5114157301771207,-0.008467295849837965,0.03031951293777692,0.12977336151956684,0.5456206572087987,0.03144409158847565,0.6003728748125187,0.1833208893794411,-0.29038049431886764,-0.004298736878394445,0.013010336802022269,0.26032009619104374,-0.0027361211816344967,-0.0034702721733853347,-0.010327557607774856,0.00616670175600943,0.0,0.016852347085519543,0.037324089667937925,-0.03405892711738326,0.013149364345388522,-0.01405326723095465,0.018637463291325814,-0.03912908292651601,0.00032071763511564745,0.0,0.005461318616820747,-0.03248036540414116,-0.0018452603165229975,-0.013991617694733473,0.0005631689710308236,-0.008379978611554258,-0.00951142086877857,0.004275158467158433,-0.009479927726899942,-0.017751519944517354,-0.0177366238905773,0.015260120416683804,-0.003411447931082957,-0.008057146137772388,-0.020567734578942568,-0.010959228190764914,-0.0018822870060833355,-0.019819782124573877,-0.001421240133557447,-0.0038773537540967807,-0.0009119427168842579,0.0012304125563568037,0.4612676823882722,-0.0027501679917510216,0.0026062391787789593,0.0,-0.008720670723594367,0.002530512475720177,-0.034814031523686534,-0.01638759333569086,-0.004325041189230219,0.2077646988728306,-0.010617033611153173,-0.015507328997638622,-0.00841466654769574,-0.0033371461325978624,-0.010699729927494768,-0.00589397753732743,-0.00510953758897447,-0.030127424373560894,0.10384681684291572,-0.01082298974741919,-0.008437217729533208,0.154541868483292,0.0023957740896767554,0.0,-0.019551476224028887,-0.0015668788045689547,0.0005354959544128946,0.0,-0.004113410963538004,0.0,-0.005194884889057065,0.1556538793059304,0.21751551863610022,-0.010711441264213476,0.0,0.03560647738930599
-0.6627053242550744,-0.03418534673700009,-0.0033822659340886777,-0.05318386793517628,-0.4849907728541646,-0.013468492887189414,-0.42918195162970973,-0.10542510968533206,-0.40771118451072913,-0.021126318959298222,-0.002404449078639327,-0.0226674375437825,0.003659285126156286,0.0070467311177201345,0.007620152381148902,0.0008831702545641527,0.0,-0.01494768152005958,0.01734004890230534,-0.05226582366841798,0.02306624824275458,0.012206986427234362,0.013366632083629567,-0.021484526655685336,-0.00039473457325166564,0.0,-0.009121624362664262,0.008685670909916385,-0.0013735498811262778,-0.006248124324724584,0.002120304861657225,0.04249702447198074,-0.012112737710445722,-0.002278590358205888,0.0017331838108812481,0.053263762601314754,0.009096997458273913,0.00403478574208083,0.003750343592361413,0.036135672207297416,0.052316565128370095,-0.008347331359284822,0.001045715003379629,-0.017734559424139488,0.0014203654753291068,0.000482771379961236,-0.0012470877763372358,0.0012304125563568037,-0.21926752922896114,-0.0027501679917510216,-0.009218765221407264,0.0,0.005080736574248262,0.00047815920093765164,0.005472154403005105,-0.004632264590674646,-0.013031652216846748,-0.01393243191842523,0.028741033801976807,0.12578305709059032,0.04414114809995487,0.0008509722638124547,0.003342241813838169,0.0007354124000887474,0.003609166638185782,0.02206219917297701,-0.03300552019905543,0.11873107879833988,0.03085819256478758,-0.07759638658348232,0.0005960777639387122,0.0,0.05105037763095393,0.0006246692908580547,-0.0020037650476415828,0.0,0.039299042300130066,0.0,-0.011650935000193876,-0.08864213294732189,-0.0828740305527104,-0.0044948615682509395,0.0,-0.02689957622465624
0.518156516530784,0.0017500863016525945,0.019081855233857258,0.09654024099678077,0.5680835405588678,0.039700911556841384,0.5707835576327737,0.1367232348104505,0.4325140614607271,-0.020122175769657302,-0.016005778324761147,0.1907065910713716,0.0019129822812936899,0.00137869678008428,0.00835664394723035,-0.0011412860744040713,0.0,0.006418345056393684,0.02461608388262895,-0.04454623667206941,-0.004677326030479036,0.004276409463509514,-0.0031767781143576482,0.03935784818089075,-2.0703603117911036e-05,0.0,-0.004308680035046987,0.02975874417169233,-0.000705210090952941,0.01880802834215912,-0.00032241538508218006,0.012614346943933905,-0.006869557556611145,-0.008143158985063664,-0.007294825947705898,0.03424302258492114,0.027270904239972766,0.012048217898999555,-0.004011003411675072,0.03670737608253433,0.024129763005780996,0.022590506686543645,0.003905145697006715,0.021904135926512004,0.0008971606294323547,0.003404045835821713,-0.0006236579761867251,0.0012304125563568037,0.33201240446661623,-0.0016109163434531054,0.003720914968526323,0.0,0.007175696598213687,-0.002112418170039415,0.018219666773373704,0.021894102797296935,-0.00381355904454112,0.1672197295843168,0.01266547066549404,0.06781953301640439,0.015920795829698898,0.0034706319779017787,0.010699729927494774,0.0007354124000887474,-0.0004772412087403774,0.020395957064174703,0.07067253762107824,0.04654138459843683,0.001863202315663684,0.12132817353727118,0.0023957740896767554,0.0,0.029639877660344864,0.003807605907763077,-0.0006158203475748331,0.0,0.013422709459966117,0.0,-0.00451409595549549,0.08061627394175212,0.14243259261626792,0.008650875841739326,0.0,0.023224152129089598
-0.3323972158708474,0.09408811384424601,-0.032203412308917996,-0.07934421379099743,-0.45258451127739263,-0.036807863042637466,-0.3974845281542977,-0.09789432803242012,0.25069141059617595,-0.026387488177134575,-0.01891052521874898,-0.14136592076865048,0.009413133487321038,0.0070467311177201345,0.00833177416267677,-0.0012451300207153345,0.0,0.007952762831331365,0.005518876554595898,-0.13318694752217985,-0.01125545547703774,0.003899384878443782,0.019684154328551248,-0.021484526655685336,-3.601190195158532e-05,0.0,-0.018179485873572578,-0.009376931277804151,-0.0017712425048979556,-0.022229977472644765,0.006584831983117479,-0.002316257873435819,-0.012112737710445722,0.0011962599380580929,-0.007428594947537491,-0.02184203455125626,0.008863341082394149,0.004708268723834479,-0.012550221699207147,0.04033506705387394,-0.015250166859915669,0.001869403633455865,0.0005997655122851292,-0.019520573876997974,0.00031485394227299707,-0.0016785500969265926,-0.001663210907994257,0.0012304125563568037,-0.2400426048162407,-0.007859417588523931,-0.010394581376250933,0.0,0.002864278560761331,0.0006526094314763149,-0.020864094693425896,-0.00675792271526874,-0.010331493602897191,-0.11775687544394886,0.022023082941287027,-0.03689013160735801,-0.010306310084816408,0.0008509722638124547,0.003342241813838169,-0.0015933935335256189,-0.000657869208533746,0.0223105151772151,-0.029155401198130912,-0.02910513789472001,-0.009629645999818493,-0.0935107827984737,0.0005960777639387122,0.0,-0.011196752921310808,-0.0008745370072012777,0.0006406398107704639,0.0,-0.012043254898426958,0.0,-0.011650935000193876,-0.08954635295906681,-0.0677804783727644,0.0030271376184943365,0.0,-0.030816175176426097
-0.47052443916485354,-0.008448046630405012,0.019944352537526407,0.11506848358682044,0.36300611422102713,0.031833018029889214,0.5983511983034767,0.19164602266802067,-0.29662576229194065,-0.009429876673266759,0.0034538903957198747,0.24219255002374443,-0.0027361211816344967,0.00137869678008428,0.004120467163685136,-0.00565991802910064,0.0,0.019856010143228207,0.030714196399988257,-0.04187164694906472,-0.005792575992279848,-0.014713636909140904,0.018637463291325814,0.019498053515570594,-4.070219912653654e-05,0.0,-0.005484141528747844,-0.03255150240155913,0.0009038827515802961,0.019572643922120672,0.0023867945946088936,0.02065475907266113,0.015243919559648485,-0.008143158985063664,-0.0076623394768171905,0.02706770446603138,0.026059006503743053,0.013922605905545948,0.0047164792507380544,0.0030434788373413244,0.0734359329322849,0.012159462329692313,0.001045715003379629,0.034602557401044724,0.0017491947391183578,-0.0038773537540967807,-0.0009099113336140489,-0.001599536323263844,0.39784358090352634,0.0038305911313674945,0.006951915351022891,0.0,0.0089309784379842,0.0025002132251529374,0.019613518159979686,-0.017548154543033715,-0.0033986306540935776,0.20327503624950188,-0.0024796706521019885,0.03717841588293577,0.018119480097299658,0.0034706319779017787,-0.010699729927494768,0.0016101074517094545,-0.003435654573276112,-0.015084657604918015,0.025243005289978727,0.0007908170568453653,0.001863202315663684,0.06377945040387982,-0.0008128333144618825,0.0,0.023473747633908176,-0.0015668788045689547,-0.0006158203475748331,0.0,-0.004113410963538004,0.0,-0.005194884889057065,0.1550411843896952,0.11694929367764263,0.009302890234601206,0.0,0.03768105218595548
-0.6893190980403561,0.09452273246839597,-0.018326521140254147,-0.05262197269349775,-0.48836939130213985,-0.036807863042637466,-0.39105045120974047,-0.11296875870926824,-0.3681249282593325,-0.021062822948328917,3.1881403654171817e-05,-0.14623369094683356,0.009413133487321038,0.0070467311177201345,0.004939224844011613,-0.0014374416183994656,0.0,-0.01226544595439948,0.009601242543017932,-0.04568195985885421,-0.017460519616238655,0.003899384878443782,0.013366632083629567,0.0023994719042402936,-0.00039473457325166564,0.0,-0.01684761958634895,-0.00947389742696274,-0.002038421500588351,-0.006129587585897966,0.002120304861657225,-0.00469315651928176,-0.012112737710445722,-0.002278590358205888,-0.005227307503001297,0.008289069521906308,0.009096997458273913,0.004708268723834479,-0.009997970509036978,-0.03402027071810906,0.0058310813919693625,0.001869403633455865,0.0005997655122851292,-0.019520573876997974,0.0023961316180492846,0.000482771379961236,-0.0012470877763372358,0.0012304125563568037,-0.2236856374444006,-0.007859417588523931,-0.010394581376250933,0.0,0.005080736574248262,0.00047815920093765164,0.005472154403005105,-0.006133328781590369,0.03372211499377285,-0.13431486560220798,0.028741033801976807,0.06311805588313622,0.046511691281282165,0.0008509722638124547,0.003342241813838169,-0.0009192655001109342,0.003609166638185782,0.02206219917297701,-0.03300552019905543,0.004201977882762314,0.03085819256478758,-0.06765603395498045,0.0005960777639387122,0.0,0.002602810057841689,-0.0008745370072012777,0.0006406398107704639,0.0,0.039299042300130066,0.0,-0.014706920879736945,-0.10289141664425021,-0.08219970809551767,0.0031538897080993613,0.0,-0.03387915479426149
0.737000684288173,0.0017500863016525945,0.02048634050605607,0.08983688927625891,0.6677587588503195,0.039700911556841384,0.6175578963102093,0.1559286608952135,0.403083188014333,-0.021489094791935025,-0.016005778324761147,0.20471726464033388,0.0031570629018859587,0.0024186745450867487,0.00835664394723035,0.0010021314509265132,0.0,0.005885206171566905,0.022707464641301415,-0.07870630443249715,-0.004743123417793927,0.004276409463509514,-0.0031767781143576482,0.03935784818089075,3.5717417566462524e-05,0.0,-0.002629416290452353,0.029735597643248304,-0.0009574933931994194,0.019708777795958535,0.0005631689710308236,-0.0022560663056563944,-0.006869557556611145,0.004275158467158433,-0.0033563300003383654,-0.009371665486632343,0.029281753600071143,0.012048217898999555,-0.002616345562300178,0.03670737608253433,-0.006023922449881022,-0.021375711211836745,0.003905145697006715,-0.005476061328240306,0.0008971606294323547,-0.003770762612859616,-0.0008585208776585385,0.005429864107400678,0.3720353665899584,-0.0016109163434531054,0.003368455234940179,0.0,0.007175696598213687,-0.002112418170039415,0.018774046776450858,0.021894102797296935,-0.004328004041481405,0.20393086454884723,-0.002470522701296926,-0.01183920040566824,-0.0019561182815669605,-0.0033371461325978624,0.010699729927494774,0.0012747148268204955,-0.0004772412087403774,0.021758147715995067,0.07207133556414506,-0.011780083679047777,0.0011606392473758574,0.10887206523464554,0.0023957740896767554,0.0,-0.001957512597473539,0.003807605907763077,-0.0006158203475748331,0.0,-0.004113410963538004,0.0,-0.00451409595549549,0.06486248167497725,0.12039487859523376,0.009540994881570987,0.0,0.023224152129089598
-0.034716777666803186,-0.025430912779983963,-0.040361455701927215,-0.08368989279447445,-0.3966861337869047,-0.05408605129939188,-0.4054817402725301,-0.09974838397182939,0.2553539107482037,-0.024526320174886273,-0.0047933561046181955,-0.12861727293845232,-0.008158049022344906,0.0070467311177201345,-0.013965112875637842,0.0013256014882851864,0.0,-0.003397640512945125,0.004059699621444602,-0.13110882627621356,0.01248051965013382,-0.0034634798247450095,0.005624547585434614,-0.022215441094712747,0.0006403385638315273,0.0,0.017894084819896544,-0.009376931277804151,-0.0017712425048979556,-0.022380144769289255,-0.003957594642783191,-0.01564255107187278,-0.01490808732286028,0.0011962599380580929,0.0011850013414373417,-0.025234897189740233,-0.019127529137864946,-0.008328206853800625,0.01663029095836028,-0.02673727742170128,-0.014775361972338022,-0.008347331359284822,-0.002375216395191556,-0.03665164999631203,-0.0009229263245487706,-0.0012324788338834054,-0.0045281021922862295,-0.001599536323263844,-0.21585834049910502,-0.007859417588523931,-0.006673929800887867,0.0,-0.007514455268829849,-0.000629067619689401,-0.004730704220085593,-0.00675792271526874,-0.011892467162539824,-0.11788054698000212,-0.020587007769234222,-0.035828488977360996,-0.02475811580548511,0.0008509722638124547,0.003342241813838169,0.004715182029861944,-0.007900769128598661,-0.023561251879136914,-0.028795018719460927,-0.02679958633765212,-0.012466411450716327,-0.08457958970712003,-0.0008128333144618825,0.0,-0.02567926346478528,-0.0017778416791131239,0.0017424043892535455,0.0,-0.012274889177917924,0.0,-0.014706920879736945,-0.09036806037135828,-0.06412950651164434,-0.003288823507515539,0.0,-0.046549141048187664
-0.565409306236891,-0.00845236198222767,0.025273461455027384,0.11548238882186224,0.7567084135174373,0.03144409158847565,0.6631045819526201,0.18350590993563243,-0.2664175815653517,-0.011193821600439953,0.0009540972696875805,0.2693524252025569,0.0031570629018859587,0.0024186745450867487,0.004832850849023004,0.00616670175600943,0.0,-0.0035887060433466966,0.02790206763164966,-0.03194718672394824,0.01945702875395597,0.012079856490559735,0.012319941046404133,0.021661842734101967,-4.070219912653654e-05,0.0,-0.00293069888543254,0.029735597643248304,-0.0010230036277196607,0.008047638452657328,0.0005631689710308236,-0.008664604196998427,-0.00951142086877857,0.004275158467158433,0.01910716175952469,-0.017767140883713423,0.027270904239972766,0.013385732410137414,0.008260119863705149,0.023296724543730316,-0.008955291246722827,-0.010199592258067457,-0.0018822870060833355,-0.02055434529520823,-0.001421240133557447,0.0032974546945845487,-0.0009119427168842579,0.0012304125563568037,0.44492998213425544,-0.0027501679917510216,-0.008399739143799044,0.0,-0.012241543685767357,-0.0021472623081917434,0.01528324068521818,0.019484847864005984,-0.0045587065638565205,0.23551314647562088,-0.002718291264913287,-0.013838933215949128,-0.0040122234283002725,-0.0033371461325978624,0.010699729927494774,0.0012747148268204955,0.0005187824607839574,0.021758147715995067,0.1034301376620865,-0.009721570058605227,-0.008437217729533208,0.17926196343768855,0.0023957740896767554,0.0,-0.007839858180843377,0.0011191991461206806,-0.0006158203475748331,0.0,-0.0041609106512310885,0.0,-0.00451409595549549,0.15099903540990678,0.25014919806336355,0.009688395993866039,0.0,0.028045043815753352
0.6837861158811225,0.08237489132758245,-0.03666101794791089,-0.07646848270497054,-0.4353144536585166,-0.07899346091636168,-0.40697372527292164,-0.10275828920852259,0.3123135104431823,-0.008918640792090156,-0.019849170032695245,-0.13154071022271324,0.009413133487321038,0.0070467311177201345,0.008892703324748646,0.0021259607107489524,0.0,0.0005827046477466084,0.0017157515962361626,-0.03162307026455677,-0.0019434932366625725,0.003899384878443782,0.003947705821716316,0.03364434869211201,0.0002391276433610992,0.0,-0.014146225737756334,0.008565617582386695,-0.0017712425048979556,-0.022380144769289255,0.002120304861657225,-0.008091517030657264,-0.005174531248421849,0.0011962599380580929,0.003456001488624957,-0.02192305515588655,0.009096997458273913,0.00403478574208083,-0.012550221699207147,0.049546323746101434,-0.015250166859915669,-0.019523450313054108,0.0013195646639953067,-0.01138397405290116,0.0007048180252759029,0.0008661813059038775,-0.0010093312391238692,0.0012304125563568037,-0.2000872773065685,-0.007859417588523931,-0.010394581376250933,0.0,0.0032705011869008423,0.00047815920093765164,0.005472154403005105,0.006508024445178952,-0.011106111122506415,-0.11144041482161988,-0.012765590075409386,0.010715694520274271,0.044269624907336914,0.0008509722638124547,0.003342241813838169,0.0007354124000887474,-0.000657869208533746,0.0223105151772151,-0.02370933689005532,0.0008496967709494775,-0.006580223320441543,-0.09981778514778293,0.0005960777639387122,0.0,0.0017754711077418496,0.0012698869136522298,-0.0007367357823860358,0.0,-0.012043254898426958,0.0,-0.011650935000193876,-0.06777472341803274,-0.04413915960413576,0.0022798010313817094,0.0,-0.045966982608342324
0.8598794599351484,0.0018609668356652418,0.03269978800286696,0.09516586654844507,0.5766474460245328,0.042024777000507836,0.5491566804480889,0.14335239471403874,0.5847308276858255,0.0035582742518772033,0.0055327317099155586,0.13502542338531623,-0.0027361211816344967,0.0070467311177201345,0.018592440350733666,-0.004855705893330638,0.0,0.007974595501879128,0.024611884677496,0.0017976421138657661,-0.0051998783081896515,-0.004804187562181907,-0.0022043026730320585,0.043390002783369394,3.5717417566462524e-05,0.0,-0.0028224252496775906,0.029735597643248304,0.004846489314406339,0.019708777795958535,-0.0022227396813645052,-0.007944869862765172,-0.005795278500590702,0.004275158467158433,0.007950995773965741,-0.024344515826029034,-0.06225714750872444,-0.026438566062594718,0.009352553252761903,0.03812299541456397,-0.005549117562303376,-0.02317083324338229,-0.0070292622546120915,-0.018269164512586384,-0.0011396114591344358,-0.0014571396618756113,0.0014672208510589152,-0.007058823339620875,-0.07310036416419237,-0.0016109163434531054,0.001200842834605028,0.0,-0.007565680148929322,-0.0021472623081917434,-0.0009207492546656343,0.021783405045602913,-0.00410843572563968,-0.11793604547730707,0.002154039773539916,-0.015373165542632454,-0.008238122626172255,-0.0033371461325978624,-0.003342241813838169,0.004715182029861944,0.0036963385283809193,-0.011401579007102727,0.04639519389568096,-0.011512180216824212,-0.008437217729533208,0.10574920526259446,-0.0032669646677410194,0.0,-0.029939362477749434,0.003807605907763077,-0.0006158203475748331,0.0,-0.0041609106512310885,0.0,-0.00451409595549549,-0.04118925481866977,-0.06148269349952484,0.008729460367304247,0.0,0.025555789637864562
-0.6943748362429611,-0.02514258242422725,-0.012416079711086868,-0.05356664279952446,-0.20625548571494054,0.03444649943800148,-0.3699037136343064,-0.1099667274196132,-0.3939789042781229,-0.02089926990048859,-0.001944429913473069,0.09069612621714954,-0.008158049022344906,0.0070467311177201345,0.007620152381148902,0.0015563754055061445,0.0,-0.017582133653309004,0.007549065907976013,-0.10053987472380277,0.023977456120476606,-0.014041607926852419,0.012319941046404133,0.012634567369182743,-0.00011959502793898111,0.0,-0.009121624362664262,0.008716035040296556,-0.002038421500588351,-0.013991617694733473,-0.003957594642783191,-0.004211057012925408,-0.01490808732286028,0.0011962599380580929,-0.009886551039180232,-0.006775433622715707,0.019143869892623944,0.004957753295860195,0.013733772432728473,-0.03402027071810906,-0.020567734578942568,-0.008347331359284822,-0.0018822870060833355,-0.032942082382473814,0.000102188445187554,-0.0016785500969265926,-0.004951664037879387,-0.001599536323263844,-0.24561652514133342,-0.0027501679917510216,-0.006673929800887867,0.0,0.0022527585199628667,-0.0004092919778769088,0.0073582630038292445,0.005746341449599859,-0.013031652216846748,-0.11995722747901476,-0.01707471665026975,-0.03180454316727602,-0.011609183449323787,0.0008509722638124547,0.003342241813838169,0.004715182029861944,0.003609166638185782,0.0223105151772151,-0.032645137720385436,-0.029718556892891098,-0.012466411450716327,-0.09034831875745884,-0.0008128333144618825,0.0,-0.019986085849408794,0.0006246692908580547,-0.0020037650476415828,0.0,-0.012043254898426958,0.0,-0.014706920879736945,-0.10447308747783118,-0.10150815081694632,-0.0044948615682509395,0.0,-0.027167317606256892
0.3665556359237898,0.002235187519870676,0.03269978800286696,0.09187714057987768,0.6507013093580046,0.04893059920158352,0.5721054201805468,0.13333454925726898,0.1632755115330486,0.02130880254217205,0.0037734380531642886,0.2519841470525764,0.0031570629018859587,0.0014408630487185042,0.01780237531491867,-0.004855705893330638,0.0,-0.009370954440017497,-0.039513984948612815,0.17513417109299884,0.0019800163102159964,0.012195327123132128,0.0010097406880716238,0.031710013808967256,3.5717417566462524e-05,0.0,0.0028184161163714184,-0.03248036540414116,-0.0017797500820027562,0.008919199348926269,0.0015667405003849154,-0.00653510586004905,-0.00951142086877857,0.004275158467158433,0.010131608249781973,-0.017374132334282488,0.027270904239972766,0.016518211395038108,0.009055222232487928,0.023074563119014235,-0.005549117562303376,0.0001257807489205738,-0.00268752437558532,-0.003933169610333222,-0.0014385231296719552,0.003404045835821713,-0.0008585208776585385,0.0012304125563568037,0.3477211960270774,0.0038305911313674945,0.002648497878111391,0.0,-0.008720670723594367,0.002530512475720177,-0.028319961259962636,-0.020435544191862706,-0.0037809838187035753,0.16016260312778785,-0.0011559502099303086,-0.015373165542632454,-0.007536437783707968,-0.0033371461325978624,-0.010699729927494768,0.0012747148268204955,0.0014661816501411774,0.01956120746687293,0.07319272821441986,-0.007730214912370154,-0.004864618664359549,0.12427139330600905,-0.0032669646677410194,0.0,-0.007839858180843377,-0.005330648270868314,0.0002832845272984141,0.0,-0.0041609106512310885,0.0,0.012413763877612595,0.0991016808498526,0.1620391585927696,0.008651123621066733,0.0,0.043198700698569084
-0.42395168178863574,-0.04504030563010394,-0.012416079711086868,-0.06805461086879566,-0.23534474308976885,-0.036807863042637466,-0.45002129700844434,-0.10725763179719967,-0.3936236355157575,-0.018572765971509354,0.001963364156695291,-0.12114804568635658,-0.008158049022344906,0.0070467311177201345,-0.008887161593713137,0.0015563754055061445,0.0,0.00632556185096863,0.013850682615773928,-0.06467819731166369,0.01262858945113985,0.0033918796754781847,0.019684154328551248,-0.021484526655685336,-0.00039473457325166564,0.0,0.016969855211025488,-0.00947389742696274,-0.0011063708854358823,-0.016310259168779585,-0.003957594642783191,0.04249702447198074,0.022615543031962282,-0.002278590358205888,-0.0035083211831913957,0.053127763729256774,0.008863341082394149,0.004708268723834479,-0.002785330078248008,-0.02673727742170128,0.08147174963436433,-0.008347331359284822,0.0005997655122851292,-0.017734559424139488,0.0011577100834031125,-0.0016785500969265926,-0.004713907500666021,-0.001599536323263844,-0.21265307226113475,-0.007859417588523931,-0.01366056093642197,0.0,0.01233004878228872,0.00043120092715908265,0.005472154403005105,-0.0069928204777299965,-0.009202272038116067,-0.00884275706276107,0.029251091752433053,0.05728258620264758,-0.0033197108037602407,0.0008509722638124547,0.003342241813838169,-0.002012634314636818,0.003609166638185782,0.02206219917297701,-0.028831469042894388,0.06055780701486527,0.03085819256478758,-0.05999092836796379,-0.0008128333144618825,0.0,0.02436378919505875,-0.0008745370072012777,0.0017424043892535455,0.0,0.039299042300130066,0.0,-0.014706920879736945,-0.07210514471094459,-0.09626306482918569,-0.004487200523002825,0.0,-0.02996255584249164
0.5137413598036418,0.002263026746158447,-0.0009028977992343221,-0.054110709767609635,0.14477571924356128,0.055719767704920625,0.1773487275914552,0.0026107019422560093,0.21386013719956015,0.028493861683546073,0.016289200910354802,-0.1136480548117528,-0.0029497244753019644,-0.002140749307539696,0.018031511188661788,-0.0012451300207153345,0.0,-0.0048875298682625815,-0.02208433522204928,0.11162658220754397,-0.0019174463099992647,-0.004135508807033493,-0.0022043026730320585,0.03357837919291453,-6.683024378747147e-05,0.0,0.004356984502222719,-0.020952430741662736,0.004846489314406339,0.013939944825133655,0.002358935866994822,-0.007944869862765172,0.022615543031962282,0.0011962599380580929,0.008406870731973243,-0.017127924087384283,-0.05650224197956712,-0.02769665704094902,-0.002785330078248008,-0.044392779758129636,-0.012364616961714195,0.010534080675253315,-0.0070292622546120915,-0.004947611934551668,-0.0014289524035308392,-0.0010676349774361871,0.001428772341567408,-0.001599536323263844,0.10456803198574924,0.010947045926872621,0.01805546477019516,0.0,0.005600892947069306,0.0008827334203647137,0.005255638157403706,-0.017652093651471475,-0.00327345726019293,-0.019115249897407535,0.006548134585594791,-0.02209315569355623,0.0011662962179208643,0.0008509722638124547,-0.003963827194990156,-0.00589397753732743,0.011133339017268505,-0.03254677452970356,-0.034591550755451575,-0.014224126887611321,-0.009663003684644306,0.08501728462225644,-0.0008128333144618825,0.0,-0.02012518945964242,-0.0017778416791131239,-0.00032577720639317704,0.0,-0.0041609106512310885,0.0,-0.005194884889057065,0.11125592905052771,0.011395115924791638,0.0020426063586942156,0.0,0.044638366628266604
0.8544410754477701,-0.03383888972749396,-0.028296524920507046,-0.07592554842815331,0.033732116799500104,-0.07400879977731017,0.05657023915315566,-0.0877463067154657,0.6918323896342139,-0.02563554918233391,0.00654122896475758,-0.1157251871645573,-0.008158049022344906,0.0070467311177201345,-0.029808016684746707,0.0014137080408233214,0.0,0.0007798432964022544,0.023492278784377724,-0.13569461837016955,-0.006375225786985976,-0.0019140053557987202,0.003947705821716316,-0.07626600053009314,-6.683024378747147e-05,0.0,0.008798289200282002,-0.00947972702852655,-0.005405212170281639,-0.022380144769289255,-0.0010547623087975738,-0.015414191226983051,-0.005795278500590702,0.0011962599380580929,0.004932371300755484,-0.02522257785488364,-0.06225714750872444,-0.02769665704094902,-0.011886704053964171,-0.03936011066660562,-0.014775361972338022,-0.019523450313054108,-0.002375216395191556,-0.02399437446940047,-0.000847452437189668,-0.0010676349774361871,0.0014672208510589152,-0.007058823339620875,-0.18844899986771588,-0.002945332120492618,-0.008639655583658751,0.0,-0.004244352633621601,0.0004615001777263225,-0.007087478447134079,-0.01736760042961783,-0.01090474427705558,-0.14987719285561588,-0.013423537811119518,-0.030199752569301602,-0.008642745846303531,0.0008509722638124547,0.003342241813838169,-0.00589397753732743,-0.007900769128598661,-0.023561251879136914,-0.017763283029989942,-0.02488442354987124,-0.012466411450716327,-0.07239425558197708,-0.0008128333144618825,0.0,-0.03833495432494447,-0.0017778416791131239,0.0005354959544128946,0.0,-0.0041609106512310885,0.0,-0.014706920879736945,-0.07001373898348416,-0.05819565196485631,0.003072905406974257,0.0,-0.03839368169679158
0.814206484111947,0.0016473858432857775,0.01714500321144698,0.0694038058318833,0.5790267666901014,0.03585559549984376,0.5376558712248043,0.1179401356826122,0.466552146407745,0.021965422307960707,0.01896324256947257,0.2138126364344344,0.0031570629018859587,0.0014408630487185042,0.018056380973215373,2.1156436098011908e-05,0.0,0.017110400811848794,0.0034481663780017934,0.17792910351465932,0.00630327331853376,0.004228583940317216,0.0010097406880716238,0.03935784818089075,-2.0703603117911036e-05,0.0,-0.0012124965702225768,0.02975874417169233,-0.0010789631313180943,-0.003893208373313022,0.0006811561442719117,0.012614346943933905,-0.006869557556611145,-0.008143158985063664,-0.0073372678524777375,0.02925921462690777,0.030493651336300855,0.012048217898999555,-0.009920594434961103,0.03670737608253433,0.024129763005780996,-0.02091115517167111,0.0014930690975474,-0.012825376710841463,0.0007276854572756924,0.003404045835821713,-0.0006236579761867251,0.005429864107400678,0.3136159013101301,-0.0016109163434531054,-0.008132989472620396,0.0,0.007175696598213687,0.0025002132251529374,0.018219666773373704,-0.02097617959103633,-0.0038717905067179857,0.15069689152847052,0.01266547066549404,0.0430962632005216,0.015672945892037455,0.0034706319779017787,0.010699729927494774,0.0007354124000887474,6.99738789114475e-05,0.017651434548419023,0.04751658654595575,0.017110745633886287,0.016749208605554445,0.10418393947003363,0.0023957740896767554,0.0,0.010628619921532526,0.003807605907763077,-0.00032577720639317704,0.0,0.013422709459966117,0.0,-0.00451409595549549,0.08061627394175212,0.12462355067240198,-0.009904995571720993,0.0,0.021390795621763367
-0.4589828922428946,-0.043069584992558925,-0.022026958894270476,-0.06965474176567954,-0.44539177582899714,-0.03558583496271451,-0.3987194431246559,-0.10673714860256284,-0.2546977884811611,-0.003969773086017898,-0.0001718240559186112,-0.12801217802743967,-0.0029497244753019644,-0.0036345585159726825,0.006889044755087483,-0.0014374416183994656,0.0,0.012298625875134115,0.0238416430163359,-0.11649403592852188,-0.0011999338601474344,-0.004914255567635233,-0.024675979026476627,0.012634567369182743,-0.00033684611082694313,0.0,0.01117834283736704,-0.009376931277804151,0.004846489314406339,0.023986338625715163,-0.0007825108447201154,-0.02246367261745319,0.022615543031962282,0.0011962599380580929,-0.012981850526420358,-0.025234897189740233,-0.019127529137864946,-0.008328206853800625,-0.002785330078248008,-0.043985117820637784,-0.01815698956831874,0.020061783103654394,-0.0010795779221132338,-0.014140701624565183,0.00014256654042093094,0.00015116922880030817,0.004502010912439949,-0.001599536323263844,-0.22742860908922172,0.010947045926872621,0.02338915596712158,0.0,-0.020609986999483573,0.0006526094314763149,-0.020864094693425896,-0.004601855130317491,0.032935135595032,-0.10953143069894307,-0.019342869167045546,-0.036000205073833155,-0.023658120970137506,0.0008509722638124547,-0.003963827194990156,-0.0015933935335256189,0.009278483830798753,-0.015838527351214698,-0.028831469042894388,-0.02840962132873436,-0.012466411450716327,-0.08317203073468662,-0.0008128333144618825,0.0,-0.009627212707064469,-0.0008745370072012777,0.000548334238451879,0.0,-0.012274889177917924,0.0,0.04044403241927659,-0.005091127619786977,-0.08685401167420079,0.0031538897080993613,0.0,-0.008540976138343533
0.4607311852079267,0.0018076842445702477,0.032922721239403485,0.09654024099678077,0.5944152736724587,0.039700911556841384,0.5925113529389333,0.1367232348104505,0.30258946638462986,-0.020122175769657302,-0.01875859142424812,0.2431306088983351,0.0031570629018859587,0.00137869678008428,0.00835664394723035,0.007648291684896148,0.0,0.006418345056393684,0.02461608388262895,-0.07972364893670082,-0.0051825160087902965,0.012195327123132128,-0.0031767781143576482,0.03935784818089075,3.5717417566462524e-05,0.0,-0.004308680035046987,0.02975874417169233,-0.000705210090952941,0.01880802834215912,-0.00032241538508218006,0.012614346943933905,-0.006869557556611145,-0.008143158985063664,-0.007294825947705898,0.02706770446603138,0.027270904239972766,0.012048217898999555,-0.002616345562300178,0.03670737608253433,0.024129763005780996,0.012159462329692313,0.003905145697006715,0.02560370436857222,0.0016180944065025858,0.003404045835821713,-0.0006236579761867251,0.0012304125563568037,0.34535900815066045,-0.0027501679917510216,-0.008365684422554689,0.0,0.007175696598213687,-0.002112418170039415,0.018219666773373704,0.021894102797296935,-0.004327482571262935,0.17624172425768553,-0.0018229530656200428,0.019933983932241866,0.01642536049946043,0.0034706319779017787,0.010699729927494774,0.0007354124000887474,-0.0004772412087403774,0.020395957064174703,0.07207133556414506,0.020872429265976034,0.0011606392473758574,0.12132817353727118,0.0023957740896767554,0.0,0.010628619921532526,0.003807605907763077,-0.0006158203475748331,0.0,0.013422709459966117,0.0,-0.00451409595549549,0.08061627394175212,0.14243259261626792,0.008651123621066733,0.0,0.041778547474812244
-0.6580791780407822,-0.04504030563010394,-0.012416079711086868,-0.05243333583971842,-0.4303573164516626,-0.036807863042637466,-0.464745190270708,-0.11555088397016552,-0.42809507679971204,-0.02490246164695354,0.002965896126987385,-0.14812993568926525,0.009413133487321038,0.0070467311177201345,-0.008887161593713137,0.0015563754055061445,0.0,0.0041820883534515255,0.009601242543017932,-0.04557070736148183,0.023728967736431083,0.0033918796754781847,0.019684154328551248,-0.021484526655685336,-0.00011959502793898111,0.0,-0.018351164556931053,-0.009581228156324699,-0.002038421500588351,-0.007953362652041673,0.006584831983117479,-0.004621182721869524,-0.01490808732286028,-0.002278590358205888,-0.004654487150045005,0.008425068393964298,0.009096997458273913,0.00403478574208083,-0.017418848215930555,0.036135672207297416,0.03498626589796361,-0.008347331359284822,0.0005997655122851292,-0.017734559424139488,0.0014203654753291068,0.000482771379961236,-0.0019009674452076233,0.0012304125563568037,-0.23654639205379707,-0.007859417588523931,-0.010394581376250933,0.0,0.005080736574248262,0.00047815920093765164,0.005472154403005105,-0.006133328781590369,-0.010337184160151844,-0.12803609920173592,-0.013720530985155348,0.010715694520274271,-0.0020168374392528637,0.0008509722638124547,0.003342241813838169,0.0012747148268204955,0.003609166638185782,0.02206219917297701,-0.03300552019905543,0.007411939999658789,-0.006580223320441543,-0.07903694455968639,0.0005960777639387122,0.0,-0.010810661411264216,-0.0008745370072012777,0.0017424043892535455,0.0,-0.012043254898426958,0.0,-0.011650935000193876,-0.08864213294732189,-0.0982695192040766,-0.0044948615682509395,0.0,-0.02689957622465624
0.6394814568627031,0.0016771445599156596,0.033252545412468186,0.0879822064942354,0.6546955204695758,0.044279742753888275,0.5417377354975536,0.1382036260106233,0.45323270486201384,0.02130880254217205,-0.0020431654245203585,0.15958202258061446,-0.0027361211816344967,0.0014408630487185042,-0.02931985764938093,0.007648291684896148,0.0,-0.013210600534312774,-0.03877535250160997,0.12839249753764023,0.002588734780689001,-0.004804187562181907,-0.0022043026730320585,-0.06863463153257812,3.5717417566462524e-05,0.0,0.003159193893962021,-0.03248036540414116,-0.0017797500820027562,-0.008269038560113722,0.0015667405003849154,-0.0022560663056563944,-0.006869557556611145,0.004275158467158433,-0.0002192038589904949,-0.008978656937201405,0.029281753600071143,0.016518211395038108,-0.010217925455235076,-0.014768069461407875,-0.0065036115081173965,-0.02091115517167111,0.003905145697006715,-0.004741498157605952,0.0007276854572756924,-0.003770762612859616,-0.0008585208776585385,0.005429864107400678,0.3431655931991157,-0.0016109163434531054,-0.004863913433869627,0.0,0.0019008103312569032,0.0025002132251529374,-0.034814031523686534,-0.020435544191862706,-0.0037815052889220457,0.1662413895553847,-0.003275356715588224,-0.015283078033300163,-0.001422287646603855,0.0034706319779017787,-0.010699729927494768,-0.0015933935335256189,-0.002687044615867101,0.021758147715995067,0.07319272821441986,-0.012417599410311219,-0.0015470058829111727,0.10326821214587388,0.0023957740896767554,0.0,0.003098670612005126,-0.005330648270868314,0.0002832845272984141,0.0,-0.004113410963538004,0.0,0.014285933444906926,0.089372297943371,0.12873782474947643,-0.009904995571720993,0.0,0.02586115774707263
-0.411898488839312,0.02536756326001912,-0.022190443267730592,-0.06804878435753359,-0.4760389338498604,-0.036807863042637466,-0.43067868423478534,-0.11021937661873382,-0.11945836720379333,-0.005948243782394219,-0.0036321171922137963,-0.13623591144579794,0.009413133487321038,0.0070467311177201345,0.004939224844011613,0.0019336491130648211,0.0,0.0041820883534515255,0.011206433162007728,-0.07237400196391544,-0.012270479461502469,0.003899384878443782,0.019684154328551248,-0.022215441094712747,0.0002391276433610992,0.0,0.013373082863064904,-0.009376931277804151,-0.005405212170281639,-0.022229977472644765,0.006584831983117479,-0.002462353684363143,-0.01490808732286028,0.0011962599380580929,-0.01321536036995554,-0.025234897189740233,0.008863341082394149,0.004284270314106546,0.01663029095836028,0.04033506705387394,-0.020567734578942568,0.001869403633455865,0.0005997655122851292,-0.016332257136372277,-0.00031032551770627864,-0.00029490203424287903,-0.001663210907994257,0.0012304125563568037,-0.2335525009745054,-0.007859417588523931,-0.010394581376250933,0.0,0.002864278560761331,0.0006526094314763149,-0.020864094693425896,-0.005861775347205878,-0.011885179206674413,-0.10939876491143925,-0.020438481845845125,-0.03671841551088585,-0.010306310084816408,0.0008509722638124547,0.003342241813838169,-0.0015933935335256189,0.0021563938330065647,0.0223105151772151,-0.029155401198130912,-0.028132751693927663,-0.006580223320441543,-0.08684191841704214,0.0005960777639387122,0.0,-0.009540175363060064,-0.0008745370072012777,0.0017424043892535455,0.0,-0.012043254898426958,0.0,-0.011650935000193876,-0.09195444307782535,-0.06867577578009725,0.00315659360642223,0.0,-0.030115116415235614
0.9285775292452295,0.0016771445599156596,0.007858734550863167,0.0483235006815387,0.477304877544815,0.044279742753888275,0.4845485904658167,0.05203012833348179,0.5352438354676023,0.022631500213159506,-0.007173408019018807,-0.08567859947539473,0.0019129822812936899,0.0014408630487185042,-0.027791833125679056,0.0004197802349843653,0.0,-0.014494592559360158,-0.04242962751123662,0.1259541591961411,-0.004677326030479036,-0.004804187562181907,-0.0022043026730320585,-0.06863463153257812,-2.0703603117911036e-05,0.0,-0.0024081178723967256,-0.03255150240155913,-0.0010789631313180943,-0.007091135428222182,0.0006811561442719117,0.013883134546378417,-0.0086887833358258,-0.008143158985063664,-0.004157699806358028,0.02349784759954785,0.029281753600071143,0.013922605905545948,-0.004817207299973258,-0.01407470003128681,0.025728726533235578,0.014560126062018378,0.003905145697006715,-0.0033139407918088694,0.0008971606294323547,-0.003770762612859616,-0.0006236579761867251,0.005429864107400678,0.2581135883703911,-0.0016109163434531054,-0.0003213260681361825,0.0,0.008840654559979344,0.0008524341697974738,0.018219666773373704,-0.021086877342730355,-0.0032666319414451596,0.16886841695009935,0.010300898880204627,0.04859922702685028,0.016001307592888283,0.0034706319779017787,-0.010699729927494768,-0.002012634314636818,-0.0028206389922990852,0.02060386980117259,-0.028831107655868434,0.0757506277510716,0.013339000406979589,0.04866396010009129,0.0023957740896767554,0.0,0.05394210802545552,-0.005330648270868314,0.0002832845272984141,0.0,0.013422709459966117,0.0,-0.005194884889057065,0.089372297943371,0.0443512462801126,-0.009904293530293332,0.0,0.02586115774707263
-0.741848070203673,-0.03418534673700009,0.025213337256812466,-0.05300474755784593,-0.31061118650408137,-0.002553173464837098,-0.4895975735870722,-0.11102761200195685,-0.3828239611868318,-0.019803621288310765,-0.003021101995535782,0.06511780028044849,0.009413133487321038,0.0070467311177201345,0.007620152381148902,0.006707668601145219,0.0,-0.017582133653309004,0.007549065907976013,-0.035387585687154666,-0.018967016641895023,0.012714491630199958,0.012319941046404133,0.012244746335034792,-0.00011959502793898111,0.0,-0.009121624362664262,-0.0013747350461151993,-0.002038421500588351,-0.013991617694733473,0.006584831983117479,-0.004621182721869524,-0.01490808732286028,0.0011962599380580929,-0.012446413906462672,-0.025315917794370525,0.009096997458273913,0.004284270314106546,0.013733772432728473,0.032994154650543166,-0.020567734578942568,0.001869403633455865,0.001045715003379629,-0.019520573876997974,-0.0003206435499911891,0.000482771379961236,-0.0019009674452076233,0.0012304125563568037,-0.23697122114477162,-0.0027501679917510216,-0.010394581376250933,0.0,0.009502070728003324,0.0004615001777263225,0.0037894224627229942,-0.006133328781590369,-0.013025961659592095,-0.07345304665599703,-0.015971249817134693,-0.028957523067858412,-0.00464078421028262,-0.0008182425613581295,0.003342241813838169,0.004715182029861944,0.003609166638185782,0.0223105151772151,-0.03300552019905543,-0.02533922702725053,-0.009416988771339379,-0.07903694455968639,0.0005960777639387122,0.0,-0.01827217357161504,0.0006246692908580547,-0.0020037650476415828,0.0,-0.012043254898426958,0.0,-0.011650935000193876,-0.056884023646507464,-0.10150815081694632,0.003066808137087951,0.0,-0.008448735301917731
0.7128940272320532,0.0017500863016525945,0.02048634050605607,0.08983688927625891,0.6646854205444971,0.04145124621416578,0.5985325174496474,0.15366486742958937,0.24376628366571024,-0.002043099540957329,-0.016005778324761147,0.23602006912136708,0.0031570629018859587,0.0024186745450867487,0.00835664394723035,0.0010021314509265132,0.0,0.012234121027737101,0.023385443644891944,-0.01076760516229884,0.008129418297915931,0.012079856490559735,-0.001794142153920349,0.03935784818089075,3.5717417566462524e-05,0.0,-0.002629416290452353,0.029735597643248304,-0.0009574933931994194,0.019708777795958535,0.0005631689710308236,-0.0022560663056563944,-0.006869557556611145,0.004275158467158433,-0.0033563300003383654,-0.0027942905443167337,0.029281753600071143,0.013385732410137414,-0.002616345562300178,0.03670737608253433,-0.006023922449881022,-0.021375711211836745,0.003905145697006715,-0.012825376710841463,0.0014486192343459233,-0.003770762612859616,-0.0008585208776585385,0.005429864107400678,0.3658716868513061,-0.0027501679917510216,0.003601150184874473,0.0,-0.0032850205926817384,-0.002112418170039415,0.01658219898379376,0.021894102797296935,-0.004328004041481405,0.18221987927670538,-0.002470522701296926,-0.01183920040566824,-0.0019561182815669605,0.0034706319779017787,0.010699729927494774,0.0012747148268204955,-0.0004772412087403774,0.021758147715995067,0.07207133556414506,-0.01271418324991155,0.001863202315663684,0.12726427018268097,0.0023957740896767554,0.0,-0.002467719436022534,0.003807605907763077,-0.0006158203475748331,0.0,-0.004113410963538004,0.0,-0.00451409595549549,0.10108775426968644,0.13800852088740478,-0.009904995571720993,0.0,0.03482658433542074
-0.5452304627258439,0.02447593768911377,-0.018326521140254147,-0.05838523444491245,-0.5188347289854952,-0.03429680659174723,-0.39185457128234824,-0.1074929254734247,-0.31405201318309695,-0.023041293644705238,0.008792795031376055,-0.13562786165841545,-0.008158049022344906,-0.0036345585159726825,-0.0069095240293817325,-0.0014374416183994656,0.0,0.003691109717719205,0.006895500817208073,-0.12089968062180048,-0.0015563211319503997,-0.004914255567635233,0.019684154328551248,-0.022215441094712747,0.0006403385638315273,0.0,0.013373082863064904,-0.009376931277804151,0.0013026390065231654,-0.010387807593927302,-0.0007825108447201154,-0.022112748155411914,-0.012112737710445722,0.0011962599380580929,0.01031396184876623,-0.025234897189740233,-0.019127529137864946,-0.008328206853800625,-0.017418848215930555,-0.023639513210591257,-0.008955291246722827,0.020061783103654394,-0.0010795779221132338,-0.019520573876997974,-0.00196684854751783,-0.0012324788338834054,0.004502010912439949,-0.001599536323263844,-0.22360320298475525,0.010947045926872621,-0.010628616438735267,0.0,-0.007514455268829849,0.0006526094314763149,-0.015884561426450047,-0.0072836907187493315,-0.009977690548720351,-0.12228161404273544,0.007513635571626401,-0.03181775632655115,-0.010509188613976176,-0.0008182425613581295,-0.003342241813838169,0.0012747148268204955,-0.014909000044418828,-0.023561251879136914,-0.03328967885608994,-0.032219174526979796,-0.012466411450716327,-0.07726821151811393,-0.0008128333144618825,0.0,-0.016561173746183714,-0.0008745370072012777,0.0017424043892535455,0.0,-0.012274889177917924,0.0,-0.014706920879736945,-0.08873739371001106,-0.07526554721884537,0.00315659360642223,0.0,-0.026461794890558665
0.9103803679619762,-0.033972451647171886,-0.024848820333828674,0.05017818346356221,0.4806608812232306,0.039700911556841384,0.373371734858607,0.011848861678995994,0.5259630728422032,-0.019411107770151204,-0.0012013929589569225,0.1247822941053848,-0.001657917977121197,0.0024186745450867487,-0.01169492365827349,-0.0005762661855452916,0.0,0.006385771201573763,0.02610214611441033,-0.08366442190346154,-0.004677326030479036,-0.004804187562181907,-0.0031767781143576482,-0.06863463153257812,0.00018787699773827483,0.0,-0.0021091276918277103,0.02975874417169233,-0.000705210090952941,-0.014636651399280366,-0.0021948809537504325,0.013883134546378417,0.014009963260219334,-0.008143158985063664,-0.004157699806358028,0.02969960463614929,0.029281753600071143,0.013922605905545948,-0.004052445745489527,-0.06622859167789633,0.025728726533235578,0.018074533218574395,0.003905145697006715,0.023560940909651766,0.0008971606294323547,-0.003770762612859616,-0.0009099113336140489,-0.007058823339620875,0.3257715331650495,-0.0016109163434531054,0.006170884171580181,0.0,0.008840654559979344,0.0008524341697974738,0.018219666773373704,0.021789349363228124,0.012890992246229102,0.16182626074749631,0.01266547066549404,0.04811569433642326,0.017547092411107544,0.0008509722638124547,0.003963827194990156,0.0016101074517094545,0.0006228469540556331,0.02060386980117259,-0.028831107655868434,0.04808409644613295,0.019348691958219404,0.0686030005443367,-0.0032669646677410194,0.0,0.051130347962034195,-0.0017778416791131239,-0.0006158203475748331,0.0,0.013422709459966117,0.0,-0.005194884889057065,0.04395885241707307,0.03786537574665248,-0.010335263783097872,0.0,0.023833622563250723
-0.7192539668773918,-0.03323835511051599,0.02499040402027594,-0.05403346673660229,-0.5121857835119813,0.031959702936862566,-0.4382375849785196,-0.10521820568236613,-0.3949824681513739,-0.024933692857975316,0.01014037786450599,-0.13739840337627293,-0.0029497244753019644,-0.010110527255859324,-0.01207186744847039,-0.0057963289770815675,0.0,-0.003464954518870758,0.027738138782700025,-0.0778592492265156,-0.006403993208148728,-0.004914255567635233,-0.023918030344347866,-0.022215441094712747,2.1876560473130247e-05,0.0,0.007009539786519669,-0.020849634990940336,0.005317233259194189,-0.007426027456616124,0.001475578742242624,-0.023549506217044762,-0.01490808732286028,0.0011962599380580929,0.01018325633512779,-0.025234897189740233,-0.019127529137864946,-0.008328206853800625,-0.01544674022483895,-0.04450837517537372,-0.009434980304959203,-0.0014274531795773373,-0.0018822870060833355,-0.04385247524939248,-0.0024300586379299494,0.00015116922880030817,0.0046940450386507414,-0.001599536323263844,-0.23489992224682285,0.010947045926872621,0.018561930732214457,0.0,-0.020609986999483573,-0.000629067619689401,0.0002488290468902537,-0.0072836907187493315,-0.010873348551150467,-0.11668846531334189,0.007355118961158193,-0.0214607418093775,-0.0175355785044014,-0.0008182425613581295,-0.003963827194990156,0.0012747148268204955,0.00832097448193063,-0.015838527351214698,-0.004506490595602321,-0.0271302692996841,-0.012466411450716327,0.07450174447375643,-0.0008128333144618825,0.0,-0.014613259941838722,-0.0008745370072012777,0.0017424043892535455,0.0,-0.012274889177917924,0.0,-0.014706920879736945,0.047840238840054825,-0.08963030745524912,0.003066808137087951,0.0,-0.011100528830064306
-0.022806697251541126,0.08194027270343249,-0.025917366032327208,-0.07934421379099743,-0.38686950231044465,-0.05741938812120418,-0.3460869927760265,-0.10123633110999981,0.23786829053703912,-0.017081453765458537,-0.022553553993708165,-0.12960777251703295,0.003659285126156286,0.0025331771474961114,0.008892703324748646,-0.0006304644481161247,0.0,-0.0036227367109064787,0.0132576829138833,-0.12337910004337506,-0.0010964012076230198,0.003899384878443782,0.0042419116249973144,0.012244746335034792,-3.601190195158532e-05,0.0,-0.011622274708203782,-0.009581228156324699,-0.0011063708854358823,-0.016460426465424075,0.002120304861657225,0.03283550267632164,-0.012112737710445722,-0.002278590358205888,0.003292302958064031,0.053263762601314754,0.009096997458273913,0.00403478574208083,-0.004630550926438527,0.037193549497119685,0.05488391103922983,0.01236911720657693,0.0013195646639953067,0.06915522098578243,0.0008742931974325651,0.000482771379961236,-0.00100933123912387,0.0012304125563568037,-0.2049638621425522,-0.007859417588523931,-0.006186820723720566,0.0,0.005080736574248262,0.00047815920093765164,0.005472154403005105,-0.00675792271526874,0.03651808091178483,-0.10515412462933144,0.029296669363945926,0.12689921171765936,0.04414114809995487,0.0008509722638124547,0.003342241813838169,0.0007354124000887474,-0.000657869208533746,0.02206219917297701,-0.029155401198130912,0.12929604003999584,0.042141056478482306,-0.07849652191457507,0.0005960777639387122,0.0,0.05105037763095393,-0.0017778416791131239,-0.0007367357823860358,0.0,0.039299042300130066,0.0,-0.011650935000193876,-0.08182715099833272,-0.07308348756327365,0.002613178892309758,0.0,-0.0029756355035058836
-0.7285589411162031,-0.008016228003281925,0.019944352537526407,0.11506848358682044,0.30163019910203276,0.03266770080018422,0.4734721127098289,0.09818668214058404,-0.3237789953345546,0.011412348795511734,-0.018875945236701504,-0.09863740110479198,0.0031570629018859587,0.0009760685168738261,0.006070287074761006,-0.00565991802910064,0.0,-0.011711757530397719,-0.05257612815900488,0.07009705758037661,-0.007708080691564341,0.012195327123132128,-0.023918030344347866,0.019498053515570594,-4.070219912653654e-05,0.0,0.001784930254160582,-0.03249906067711518,-0.0018452603165229975,0.006117215486249011,0.0015667405003849154,0.02065475907266113,-0.017801592158095375,-0.008143158985063664,-0.015856878313543068,0.004792339140092933,0.027270904239972766,0.013249122923792298,-0.017418848215930555,0.023712241435470488,0.026950449195884178,0.0070965350392508415,0.001045715003379629,0.0326813921855395,0.0028181411016078685,0.0032974546945845487,-0.0009119427168842579,0.0012304125563568037,0.3501802248436277,-0.0027501679917510216,0.004026953315556265,0.0,0.012693818608929704,0.0008524341697974738,-0.044528498919812115,-0.01638759333569086,-0.0032764608875795378,0.2312799021075779,-0.01156219329808118,-0.02587590791973123,-0.0008075275118124151,0.0008509722638124547,-0.010699729927494768,-0.00589397753732743,-0.0032172958417089224,0.020395957064174703,-0.02624823455406522,-0.018330210526609828,-0.0015470058829111727,0.053324101485062426,0.0005960777639387122,0.0,-0.019621612198733304,-0.0015668788045689547,0.0002832845272984141,0.0,-0.004113410963538004,0.0,-0.00451409595549549,0.1595391383188573,0.057829937349644825,0.009302890234601206,0.0,0.03663649567669505
0.8570324874490267,0.0017304271510106537,0.02009642843994126,0.07001528321764074,0.6421908061802213,0.03523560849717073,0.5582020645505225,0.09970071350074124,0.4572050330950245,0.02130880254217205,0.01066297430441401,0.20329820796098652,0.0031570629018859587,0.0014408630487185042,0.01780237531491867,-0.0010213654330985871,0.0,-0.010249440652489032,-0.038472802907384494,0.18472122874514604,0.0027469972015565095,0.004276409463509514,0.0010097406880716238,0.04152163739942212,3.5717417566462524e-05,0.0,0.0019254453111238134,-0.03248036540414116,-0.0017797500820027562,-0.008269038560113722,0.0015667405003849154,-0.00653510586004905,-0.006869557556611145,0.004275158467158433,0.010108906765834244,-0.022397369443694463,0.030493651336300855,0.013385732410137414,0.009352553252761903,0.03228581981124173,-0.00602880662053975,-0.02091115517167111,-0.00268752437558532,-0.012825376710841463,-0.0008882937162758296,0.003404045835821713,-0.0008585208776585385,0.005429864107400678,0.3265207939835561,-0.0016109163434531054,-0.003903057149018466,0.0,-0.005549839013041184,-0.0021472623081917434,-0.028319961259962636,-0.021086877342730355,-0.0037809838187035753,0.16564776618232904,-0.0011559502099303086,-0.011692702752751373,-0.006290832968794056,-0.0033371461325978624,-0.010699729927494768,0.0012747148268204955,-0.0022319693398014312,0.019013625200239387,0.04639519389568096,-0.007730214912370154,-0.004864618664359549,0.10601273074260675,0.0023957740896767554,0.0,-0.01872957049697959,-0.005330648270868314,0.0002832845272984141,0.0,-0.0041609106512310885,0.0,0.012413763877612595,0.07398693665083836,0.11164885288452006,0.008651123621066733,0.0,0.024926684718973725
-0.6661221764755387,0.024963791582109127,-0.022190443267730592,-0.05375527965330379,-0.48955412291466927,-0.03515653872539826,-0.44561220497723153,-0.11296875870926824,-0.37063667736172157,-0.018969451422599155,0.003425915292153645,-0.13854628253629303,-0.008158049022344906,0.0025331771474961114,-0.0010438906374871906,0.0019336491130648211,0.0,-0.017091155017576687,0.012780379833709351,-0.09525874316846449,-0.017460519616238655,-0.002955974621779411,0.013366632083629567,-0.021484526655685336,-0.00039473457325166564,0.0,-0.009121624362664262,-0.009581228156324699,-0.002038421500588351,-0.006129587585897966,0.006584831983117479,0.04288694279895244,-0.012112737710445722,-0.002278590358205888,-0.004654487150045005,0.008425068393964298,0.008863341082394149,0.004708268723834479,0.0021261578565189634,-0.022919645742995345,0.0058310813919693625,0.01236911720657693,0.0005997655122851292,0.03910872324721188,0.0023961316180492846,-0.0016785500969265926,-0.001663210907994257,0.0012304125563568037,-0.21395819535114843,-0.007859417588523931,-0.010628616438735267,0.0,0.005080736574248262,0.00047815920093765164,0.005472154403005105,0.005746341449599859,-0.010347728877350072,-0.13293619837557927,0.028741033801976807,0.06328977197960838,-0.0020168374392528637,0.0008509722638124547,0.003342241813838169,0.0007354124000887474,0.003609166638185782,0.02206219917297701,-0.031900591874416365,0.008230961359151637,-0.009629645999818493,-0.06765603395498045,0.0005960777639387122,0.0,6.155882994809308e-05,-0.0008745370072012777,-0.0020037650476415828,0.0,0.039299042300130066,0.0,-0.014706920879736945,-0.10289141664425021,-0.08376467904774203,0.0031538897080993613,0.0,-0.02669513787961597
0.7960345560883476,0.0018609668356652418,0.02009642843994126,0.09044836666201635,0.6530308551952085,0.042024777000507836,0.6090641470294121,0.14733458044224887,0.4602455184848526,0.021965422307960707,0.03391869819066918,0.20059617239934677,0.0031570629018859587,0.0009760685168738261,0.018056380973215373,-0.0010213654330985871,0.0,0.007974595501879128,0.03260229438814002,0.052938645887078965,-0.0019877860419771163,0.004276409463509514,-0.0022043026730320585,0.04152163739942212,3.5717417566462524e-05,0.0,-0.0020658383735747965,0.029735597643248304,0.001417590380496014,0.008919199348926269,-0.002647094241978349,-0.007944869862765172,-0.006869557556611145,0.004275158467158433,0.010108906765834244,-0.024344515826029034,0.030493651336300855,0.016518211395038108,0.009352553252761903,0.03312626323740529,-0.005549117562303376,0.021506542592823828,-0.0070292622546120915,-0.003084693174466195,-0.0009617329575437168,0.003404045835821713,-0.001499567128798598,-0.007058823339620875,0.32304813204732524,-0.0016109163434531054,0.00615093741752255,0.0,-0.009070711975214168,-0.0021472623081917434,0.01528324068521818,0.021783405045602913,-0.003770810525509815,0.1493786840096583,-0.0027991529891083777,-0.01142040057791615,-0.006549271150087189,-0.0033371461325978624,-0.010699729927494768,0.0012747148268204955,-0.0027791844274532565,0.021758147715995067,0.04639519389568096,-0.008379828204950916,-0.008437217729533208,0.08975504571248497,-0.0032669646677410194,0.0,-0.01872957049697959,0.003807605907763077,-0.0006158203475748331,0.0,-0.0041609106512310885,0.0,-0.00451409595549549,0.07280432905312857,0.050018841210928665,0.008651123621066733,0.0,0.024926684718973725
-0.5542973844331851,-0.0359975413173311,-0.016116517465103196,-0.058196597591133103,0.003937636150124025,-0.004593424223489869,-0.32074339723450906,-0.10052077426648948,-0.38265899597009734,-0.024933692857975316,0.010101501333675468,-0.13385932311216114,-0.008158049022344906,-0.010110527255859324,-0.01207186744847039,0.0015563754055061445,0.0,0.005834583215236311,0.010728203198667432,-0.11542997460391632,0.01368034694765101,-0.004152997763186838,0.018637463291325814,-0.022215441094712747,0.00038820758731972216,0.0,0.016969855211025488,-0.009498422301500572,-0.0017712425048979556,0.02371339412996122,-0.0007825108447201154,0.02049828198746864,0.022615543031962282,0.0011962599380580929,-0.010292996478075678,0.042066491192574856,-0.03748561629898958,-0.008328206853800625,0.0021261578565189634,-0.045102218162505064,-0.01815698956831874,-0.011644188172318024,-0.0018822870060833355,-0.040142907635554274,0.00021600578168881813,-0.0012324788338834054,0.004502010912439949,-0.001599536323263844,-0.05320754165626417,0.010947045926872621,-0.0010407308222296057,0.0,-0.020609986999483573,0.0008827334203647137,-0.01974074030611625,-0.0072836907187493315,-0.009202272038116067,-0.1387508872797,-0.013342676086924427,-0.035828488977360996,-0.023658120970137506,0.0008509722638124547,-0.003963827194990156,-0.00589397753732743,-0.014909000044418828,-0.04026949905762578,-0.05328195335420928,-0.02483073771273846,-0.012466411450716327,-0.06472011595235488,-0.0008128333144618825,0.0,-0.022530075838414515,-0.0008745370072012777,0.0017424043892535455,0.0,-0.004113410963538004,0.0,-0.014706920879736945,-0.0023668734128695903,-0.08512814357135519,0.001081424015894423,0.0,-0.027399720830441527
0.527238922150509,0.0016771445599156596,0.02765373652011743,0.09407408082899982,0.5618386586148457,0.044279742753888275,0.5553593072436183,0.14296004835641202,0.3618642718492711,0.022631500213159506,-0.007173408019018807,-0.07163145936474641,0.0031570629018859587,0.0014408630487185042,-0.027791833125679056,-0.004855705893330638,0.0,-0.013210600534312774,-0.03877535250160997,0.12839249753764023,-0.005444306921819549,0.012195327123132128,-0.0022043026730320585,-0.06863463153257812,3.5717417566462524e-05,0.0,0.0028184161163714184,-0.03249906067711518,-0.0017797500820027562,-0.007091135428222182,0.0015667405003849154,-0.0022560663056563944,-0.006869557556611145,-0.008143158985063664,-0.005428715966950496,0.006049403794260576,0.027270904239972766,0.015180696883900256,-0.009840057829979263,-0.015735099196580567,0.011148649110996263,0.014560126062018378,0.003905145697006715,-0.0033139407918088694,0.0016180944065025858,0.003404045835821713,-0.0008585208776585385,-0.001599536323263844,0.30347846532683165,-0.0027501679917510216,-0.0006737858017223262,0.0,0.008840654559979344,0.0025002132251529374,0.00011038100879545362,-0.020435544191862706,-0.0032640043469437108,0.20206807024952697,-0.004835094486586338,-0.015642780377342517,-0.001422287646603855,-0.0033371461325978624,-0.010699729927494768,-0.00589397753732743,-0.002687044615867101,0.020395957064174703,0.07319272821441986,-0.018446263473034446,-0.0015470058829111727,0.06634503354449876,-0.0032669646677410194,0.0,-0.013298553434525183,-0.005330648270868314,0.0002832845272984141,0.0,-0.004113410963538004,0.0,-0.005194884889057065,0.089372297943371,0.12912454972661824,0.008651123621066733,0.0,0.04441555309279527
0.7408813829827158,0.011927047319319511,-0.022026958894270476,-0.06340819778459009,-0.1737720913386965,-0.08545587776992741,-0.3629274195354934,-0.09723602808172724,-0.1547437379544752,0.02715133281685544,0.0008021242658276669,-0.12455646227118897,-0.008158049022344906,-0.0038652043822098086,-0.031793213564296936,-0.0014374416183994656,0.0,0.011625665413807731,-0.01000998706069315,0.20057670092344998,-0.009382966868684652,-0.004914255567635233,-0.006362192586424132,-0.05872381354801297,-0.00033684611082694313,0.0,0.0051642001934793895,-0.00947972702852655,0.00448236246373389,0.002656693651569132,-0.0010852430601943058,-0.015695793536276984,-0.0030077459762002027,0.0011962599380580929,0.00411930254957975,-0.017127924087384283,-0.019127529137864946,-0.008328206853800625,-0.014522329690298753,-0.03641680304577753,-0.012364616961714195,-0.018737006085343986,-0.002375216395191556,-0.007662270584827918,-0.0009963655658166578,-0.0003828660251912232,0.004502010912439951,-0.001599536323263844,-0.18096123568797048,0.010947045926872621,0.003786494412677515,0.0,-0.020609986999483573,0.0004615001777263225,-0.004730704220085593,-0.004601855130317491,-0.008699873881913647,-0.1002787280993157,-0.019698377479947845,-0.036000205073833155,-0.02045516900735857,-0.0008182425613581295,-0.003342241813838169,-0.00589397753732743,0.009278483830798753,-0.015838527351214698,-0.02370933689005532,-0.018901365527695568,-0.008765733733417096,-0.08202316593211587,-0.0008128333144618825,0.0,-0.027902214583235357,-0.0017778416791131239,0.000548334238451879,0.0,-0.012274889177917924,0.0,0.04044403241927659,-0.06663583480271436,-0.050128222682454864,0.002742634880237651,0.0,-0.054473717751821756
0.6234954837225728,0.0012453259327925722,0.033252545412468186,0.09044836666201635,0.5793658134627372,0.039700911556841384,0.5910720737155603,0.1367232348104505,0.4473994181686167,-0.011553706995403552,-0.01875859142424812,0.2138126364344344,0.0031570629018859587,0.0024186745450867487,0.00835664394723035,0.007648291684896148,0.0,0.012767259912563878,0.03212948667758968,-0.05307103402339628,0.002588734780689001,0.004276409463509514,-0.001794142153920349,0.03935784818089075,-2.0703603117911036e-05,0.0,-0.002629416290452353,0.02975874417169233,-0.0017797500820027562,-0.015265058494155721,0.0005631689710308236,0.012614346943933905,-0.006869557556611145,-0.008143158985063664,-0.007294825947705898,0.03424302258492114,0.029281753600071143,0.012048217898999555,-0.002319014542026202,0.03670737608253433,0.025728726533235578,-0.021375711211836745,0.003905145697006715,-0.004741498157605952,0.0007276854572756924,-0.003770762612859616,-0.0008585208776585385,0.005429864107400678,0.3311596737593843,-0.0016109163434531054,-0.008365684422554689,0.0,0.007175696598213687,0.0024153294156092557,0.018219666773373704,0.021894102797296935,-0.004328004041481405,0.17853976017151643,0.01266547066549404,0.019933983932241866,-0.001422287646603855,0.0034706319779017787,0.010699729927494774,0.0007354124000887474,-0.0004772412087403774,0.020395957064174703,0.04751658654595575,0.0004607718143109594,0.001863202315663684,0.0922460404148516,0.0023957740896767554,0.0,0.010628619921532526,0.003807605907763077,-0.0006158203475748331,0.0,0.013422709459966117,0.0,-0.00451409595549549,0.08061627394175212,0.14243259261626792,-0.009904995571720993,0.0,0.023224152129089598
-0.7398135350396265,-0.031952538093124074,-0.008552157583610425,-0.05262197269349775,-0.4957180623637461,-0.038034837834723945,-0.45046099641331205,-0.09501050780430245,-0.4373851719258969,0.02775516126491049,0.010996106861075165,-0.1363321922663712,0.009413133487321038,0.0070467311177201345,0.009569972292224772,-0.0014374416183994656,0.0,0.013124508417722787,-0.021232993189322112,0.0038651361869328285,0.006801229620747792,0.003899384878443782,-0.024675979026476627,-0.022215441094712747,-0.00011959502793898111,0.0,-0.006479698048202663,-0.009701281483854388,-0.005672391165972035,-0.005589417582542169,0.006584831983117479,-0.023549506217044762,-0.012112737710445722,0.0011962599380580929,0.01062836712545011,-0.023798638969186773,0.009096997458273913,0.004957753295860195,0.013733772432728473,0.03941243447657072,-0.009434980304959203,-0.008347331359284822,-0.0010795779221132338,-0.03346333325568633,0.000102188445187554,0.000482771379961236,-0.0019009674452076233,0.0012304125563568037,-0.24468896191185688,-0.007859417588523931,-0.006439894738403533,0.0,0.002864278560761331,0.0006526094314763149,-0.015884561426450047,-0.0072836907187493315,-0.010861865836957151,-0.11440241971344785,0.007513635571626401,-0.03181775632655115,-0.0020168374392528637,-0.0008182425613581295,-0.003342241813838169,0.0012747148268204955,-0.007666100124353915,0.0223105151772151,-0.03300552019905543,-0.02488979245149625,-0.008765733733417096,-0.08575414159396881,0.0005960777639387122,0.0,-0.009154083853013473,-0.0008745370072012777,0.000548334238451879,0.0,-0.012274889177917924,0.0,-0.011650935000193876,-0.08330714655989016,-0.07417547433973555,0.003451603005663429,0.0,-0.031221422792459465
0.8898187473001361,0.0018033688927475886,0.02048634050605607,0.07248144338542167,0.6751713814688529,0.044279742753888275,0.604133265142028,0.11410273048122296,0.4604845848594032,0.021965422307960707,0.021716055668959542,0.20329820796098652,0.0031570629018859587,0.0014408630487185042,0.018056380973215373,0.003448775942737235,0.0,0.008488831333569783,0.03192778694810603,0.1159526146439849,0.0027469972015565095,0.004276409463509514,-0.0022043026730320585,0.04152163739942212,3.5717417566462524e-05,0.0,-0.0012124965702225768,0.029735597643248304,-0.0017797500820027562,0.008919199348926269,0.0015667405003849154,-0.006158271991308203,-0.006869557556611145,0.004275158467158433,0.002512028564591901,-0.022581014548578145,0.030493651336300855,0.016518211395038108,0.009352553252761903,0.03670737608253433,-0.006023922449881022,-0.02091115517167111,0.003905145697006715,-0.004368298661491538,-0.0004631421371651723,0.003404045835821713,-0.0008585208776585385,0.005429864107400678,0.3324990786159917,-0.0016109163434531054,0.003368455234940179,0.0,-0.009070711975214168,-0.0021472623081917434,0.01658219898379376,0.021894102797296935,-0.003871269036499516,0.17853976017151643,-0.009893061321056964,-0.01183920040566824,-0.0036678252992756073,-0.0033371461325978624,0.010699729927494774,0.0012747148268204955,6.99738789114475e-05,0.019013625200239387,0.04639519389568096,-0.008598824127039873,-0.008437217729533208,0.1155658760073077,-0.0032669646677410194,0.0,0.003855339328185583,0.003807605907763077,-0.0006158203475748331,0.0,-0.004113410963538004,0.0,-0.00451409595549549,0.08011495418516952,0.12231502288646826,0.01003380839658639,0.0,0.022899149535151826
-0.6642696549905048,-0.011583113502459948,-0.022298666824517446,-0.05281611070406658,-0.3988972193001818,-0.0376055415974077,-0.4273894647140959,-0.10297715503835038,-0.37409593218057874,0.010290751522827058,0.002965896126987385,-0.13688392568293872,0.009413133487321038,0.0070467311177201345,-0.008887161593713137,0.0015563754055061445,0.0,0.00632556185096863,-0.014376107614307708,-0.04457551993840662,0.023422635514557547,0.0033918796754781847,0.019684154328551248,-0.021484526655685336,-0.00039473457325166564,0.0,-0.018351164556931053,-0.00947389742696274,-0.005672391165972035,-0.007953362652041673,0.006584831983117479,0.04249702447198074,-0.012112737710445722,-0.002278590358205888,-0.004654487150045005,0.053127763729256774,0.008863341082394149,0.00403478574208083,0.013733772432728473,0.03301324392932198,0.03498626589796361,-0.008347331359284822,0.0005997655122851292,-0.03346333325568633,0.0014203654753291068,-0.0016785500969265926,-0.001663210907994257,0.0012304125563568037,-0.2206486590433758,-0.007859417588523931,-0.006439894738403533,0.0,0.002864278560761331,0.00047815920093765164,-0.015960160482732424,-0.005002283651066251,-0.013031652216846748,-0.1176108557319308,0.027888540989192183,0.016249334190750527,-0.0020168374392528637,0.0008509722638124547,0.003342241813838169,-0.0015933935335256189,0.0021563938330065647,0.02206219917297701,-0.03328967885608994,-0.030868987207316886,0.03085819256478758,-0.0840413164081496,0.0005960777639387122,0.0,-0.011196752921310808,-0.0008745370072012777,0.0017424043892535455,0.0,0.039299042300130066,0.0,0.03204007125053315,-0.09071149765516241,-0.07266593227472884,-0.0045734238539184326,0.0,-0.02689957622465624
1.138290329309695,0.07279853420242743,-0.02436528764340165,-0.06447085243390914,-0.16181003779427064,-0.09044053890897892,-0.33614872104404364,-0.06890927333358235,0.7806831292512244,0.018285265596479156,0.0219860838601271,-0.10337911245531789,0.003659285126156286,0.0014920373961640303,0.018031511188661788,-0.00032853125108243324,0.0,0.000869749437704848,-0.014701608161044532,0.1848142972011695,-0.0061414845967023984,0.002101535037471858,-0.006362192586424132,0.03364434869211201,-3.601190195158532e-05,0.0,-0.004072852580437412,-0.00947389742696274,-0.002091365877231546,-0.008286503399490537,0.0022768904903507714,0.03283550267632164,-0.005174531248421849,-0.002278590358205888,-0.001949202036008612,0.039579905250967606,0.009738258360094301,0.00403478574208083,-0.001439524158867279,0.04317275107077643,0.05488391103922983,0.018916681428254086,0.0013195646639953067,0.044076737567133775,0.0007642269719256596,0.0008661813059038775,-0.0010093312391238692,0.005429864107400678,-0.15874402296156426,-0.002945332120492618,-0.0051279592737907735,0.0,0.0032705011869008423,0.00043120092715908265,0.005472154403005105,-0.006119044325139634,0.028978630688215965,-0.1037284042461826,0.02940126352593822,0.0887948493966736,0.041221625229735014,0.0008509722638124547,0.003342241813838169,-0.002012634314636818,0.000263565233567275,0.011226519476215363,-0.01762496163523566,0.11048933044681129,0.030236540028589044,-0.06341088910985682,0.0005960777639387122,0.0,0.08167566676027271,-0.0017778416791131239,0.0003222602671550997,0.0,0.039299042300130066,0.0,0.03204007125053315,-0.05772277565721152,-0.05423467102885395,0.003072355983248263,0.0,-0.04119090064658019
-0.6619157954354107,-0.033781575059090095,-0.012416079711086868,-0.05384482988282295,-0.4036501825387405,-0.004204497782076304,-0.4289755448411298,-0.1009238720976177,-0.3692672148237952,-0.0237336786302458,0.000529565644693886,-0.06543842530266498,-0.008158049022344906,-0.010110527255859324,-0.008887161593713137,0.0015563754055061445,0.0,-0.014383625570494534,0.007956195387808729,-0.09636613881278563,0.02553367068979676,-0.01473112586529425,0.012319941046404133,-0.021484526655685336,2.1876560473130247e-05,0.0,0.016969855211025488,-0.00947389742696274,-0.002038421500588351,-0.013991617694733473,-0.001938119433549771,0.04295891659636469,0.022615543031962282,0.0011962599380580929,-0.014991594524694233,0.053127763729256774,-0.019127529137864946,-0.008328206853800625,0.0021261578565189634,-0.040761329129063203,-0.020567734578942568,-0.009409717332545463,0.001045715003379629,-0.03665164999631203,0.000102188445187554,0.00015116922880030817,0.0046940450386507414,-0.001599536323263844,-0.2234570217784051,-0.0027501679917510216,-0.009705874298574571,0.0,0.010113590768801788,0.0006526094314763149,-0.020864094693425896,-0.003742363434177864,-0.009202272038116067,-0.12903921145557332,-0.019342869167045546,-0.03477491423010442,-0.0022197159684126284,-0.0008182425613581295,-0.003963827194990156,-0.00589397753732743,0.009278483830798753,-0.015838527351214698,-0.03161643321738186,-0.03173817795732359,-0.012466411450716327,-0.07373910174752539,-0.0008128333144618825,0.0,-0.022530075838414515,-0.0008745370072012777,0.0017424043892535455,0.0,-0.012043254898426958,0.0,0.04044403241927659,0.0644983905576175,-0.08409741515639275,-0.004487200523002825,0.0,-0.026293414453217683
0.719355804697267,0.0017500863016525945,0.00916591925400618,0.08448317530059823,0.6391179511435009,0.04145124621416578,0.5676376622080858,0.16211929619597343,-0.2857801356926694,0.021965422307960707,-0.01875859142424812,0.21894045684813102,0.0019129822812936899,0.0014408630487185042,0.00915722727441582,0.0009862109990220152,0.0,0.006418345056393684,0.02529406288621948,0.09238206353393237,0.008129418297915931,0.012079856490559735,-0.0031767781143576482,0.03935784818089075,-9.71232198109101e-05,0.0,0.0001654845793918698,0.02975874417169233,-0.000705210090952941,0.008018449895126855,0.0006811561442719117,0.012582650346550674,-0.006869557556611145,-0.008143158985063664,-0.007294825947705898,0.02706770446603138,0.030493651336300855,0.012048217898999555,0.00644778552359206,0.03670737608253433,0.024129763005780996,-0.02091115517167111,0.003905145697006715,-0.002538694527367931,0.0015797195669616953,0.003404045835821713,-0.0006236579761867251,0.005429864107400678,0.3330854371785501,-0.0027501679917510216,-0.008511930595954714,0.0,0.0089309784379842,0.0024153294156092557,0.018219666773373704,0.021802702889724464,-0.0038717905067179857,0.17909836801055917,0.01266547066549404,0.0430962632005216,0.015672945892037455,0.0034706319779017787,0.010699729927494774,0.0007354124000887474,0.0005187824607839574,0.020395957064174703,0.07319272821441986,0.04381608417384381,0.016749208605554445,0.12198386247581403,0.0023957740896767554,0.0,0.023316818896136744,0.003807605907763077,-0.0006158203475748331,0.0,0.013422709459966117,0.0,-0.00451409595549549,0.10416465917586926,0.16080958644647617,-0.010370677528294944,0.0,0.03482658433542074
-0.7133249233595638,-0.04355918366569152,-0.018326521140254147,-0.052427509328456336,-0.48662886189631066,-0.03724324565113578,-0.43624759142548475,-0.10353106005656051,-0.41948968174449874,0.02775516126491049,0.0015625592009115598,-0.13525638801068407,-0.008158049022344906,-0.0038652043822098086,-0.004228596492244443,-0.0014374416183994656,0.0,0.01385479571826051,-0.02876205034885298,0.15497592234649318,-0.017816906888041623,-0.002955974621779411,-0.024675979026476627,-0.021484526655685336,0.0009990612351316007,0.0,0.001229756914699644,-0.009581228156324699,-0.005672391165972035,-0.004292977711824011,-0.0038010090140896454,-0.005083074846253463,-0.012112737710445722,-0.002278590358205888,-0.0032197724588916097,0.00591289574898597,-0.006293673340571768,0.004708268723834479,0.0021261578565189634,-0.02727281297138145,0.0058310813919693625,0.002655847861165987,0.0005997655122851292,-0.016332257136372277,0.0023961316180492846,-0.00029490203424287903,-0.004951664037879387,-0.001599536323263844,-0.23223309979782433,-0.007859417588523931,-0.011239085330868315,0.0,0.005080736574248262,0.00047815920093765164,0.007738952357290737,-0.0072836907187493315,-0.008183633054715131,-0.11618683998400096,-0.01695073251769527,-0.033919760544529616,-0.0033197108037602407,0.0008509722638124547,-0.003342241813838169,-0.0015933935335256189,-0.007666100124353915,0.0223105151772151,-0.03161643321738186,-0.0289898772041148,-0.007201875856640084,-0.07100842722102449,-0.0008128333144618825,0.0,-0.012910665199104564,-0.0008745370072012777,-0.0006305843742196631,0.0,0.039299042300130066,0.0,-0.014706920879736945,-0.09789515566773652,-0.0828740305527104,0.0031538897080993613,0.0,-0.027801444256839815
0.8719182126313882,0.0016771445599156596,0.02184641855691749,0.0694038058318833,0.6503524842970234,0.042024777000507836,0.5593904208891102,0.10318350702755406,0.4633990080887866,0.021965422307960707,0.031165885091182215,0.20329820796098652,0.0031570629018859587,0.0014408630487185042,0.018056380973215373,0.0010021314509265132,0.0,-0.010205153811628924,-0.038472802907384494,0.12743699100931533,0.006461535739401269,0.004228583940317216,-0.0022043026730320585,0.04152163739942212,3.5717417566462524e-05,0.0,-0.0012124965702225768,-0.03255150240155913,-0.0017797500820027562,-0.008269038560113722,0.0015667405003849154,-0.0022560663056563944,-0.006869557556611145,0.004275158467158433,0.010108906765834244,0.028784363723877566,0.030493651336300855,0.016518211395038108,0.009352553252761903,0.03387174857692494,-0.00602880662053975,-0.02091115517167111,-0.0070292622546120915,-0.012825376710841463,-0.0008882937162758296,0.003404045835821713,-0.0008585208776585385,0.005429864107400678,0.326767461476173,-0.0016109163434531054,-0.008132989472620396,0.0,-0.005549839013041184,-0.0021472623081917434,-0.028319961259962636,-0.021086877342730355,-0.0038717905067179857,0.16431147554520292,-0.0011559502099303086,-0.011442483038824103,-0.006290832968794056,-0.0033371461325978624,-0.010699729927494768,0.0012747148268204955,-0.0022319693398014312,0.019013625200239387,0.04639519389568096,-0.007730214912370154,-0.004864618664359549,0.10745725180378027,0.0023957740896767554,0.0,-0.01872957049697959,-0.005330648270868314,0.0002832845272984141,0.0,-0.004113410963538004,0.0,-0.00451409595549549,0.07398693665083836,0.10953330894159065,-0.009904995571720993,0.0,0.02309332821164749
-0.7274465694283183,-0.03203538906555954,0.025273461455027384,-0.0531780414239142,-0.5166404482638396,0.032278774358770655,-0.47471627623750534,-0.10798951544157107,-0.43123251444149296,0.028179526256048255,0.00658298306412756,-0.13915829842423624,0.009413133487321038,0.0070467311177201345,-0.01778340872324113,0.006707668601145219,0.0,0.013810842114060346,-0.011297842661744828,-0.037860440070898574,0.006801229620747792,0.003899384878443782,-0.023918030344347866,-0.022215441094712747,-0.00011959502793898111,0.0,-0.011275394512150108,0.008565617582386695,-0.005672391165972035,-0.007426027456616124,0.006584831983117479,-0.023549506217044762,-0.01490808732286028,0.0011962599380580929,0.010497661611811674,-0.025315917794370525,0.008863341082394149,0.004957753295860195,0.013733772432728473,0.04013230194416662,-0.009434980304959203,-0.008347331359284822,-0.0018822870060833355,-0.03346333325568633,0.000102188445187554,-0.00029490203424287903,-0.0019009674452076233,0.0012304125563568037,-0.2476004499924545,-0.007859417588523931,-0.006439894738403533,0.0,0.0022527585199628667,-0.000629067619689401,0.0073582630038292445,0.005746341449599859,-0.010861865836957151,-0.11769123061603294,-0.016800070061562544,-0.03090102434863985,-0.012930256855846162,-0.0008182425613581295,0.003342241813838169,0.0012747148268204955,0.003609166638185782,0.0223105151772151,-0.032645137720385436,-0.02488979245149625,-0.009416988771339379,-0.09569449422247071,0.0005960777639387122,0.0,-0.009154083853013473,0.0006246692908580547,-0.0006305843742196631,0.0,-0.012274889177917924,0.0,-0.011650935000193876,-0.09229316848874337,-0.09746104235636806,0.003451603005663429,0.0,-0.02549065219231085
0.5295447231652647,0.0016771445599156596,0.03829859689521772,0.09346260344324238,0.6452875198488486,0.03523560849717073,0.5483980335499522,0.12170623123261753,0.15654018234253497,0.02130880254217205,-0.0020431654245203585,0.15594268722335097,0.0031570629018859587,0.0014408630487185042,-0.029808016684746707,0.005201647193085426,0.0,-0.010281733368263242,-0.039513984948612815,0.19940060465169168,0.015941597684390043,0.012206986427234362,0.0010097406880716238,-0.07269173631732445,3.5717417566462524e-05,0.0,0.0028789593905151198,-0.03249906067711518,-0.001837087278806035,-0.008269038560113722,0.0015667405003849154,0.01397785166555588,0.006217491129735934,0.004275158467158433,0.007067580808676262,0.025974953400971747,0.027270904239972766,0.016518211395038108,0.009055222232487928,0.03745286142205398,-0.00602880662053975,0.018539089258740035,-0.00268752437558532,-0.018836933151533314,-0.0007450478229580517,0.003404045835821713,-0.0008585208776585385,0.0012304125563568037,0.325206245362365,-0.0027501679917510216,-0.004169806820197113,0.0,-0.02160181185904307,-0.0021472623081917434,-0.028319961259962636,-0.020556784586575214,-0.0037815052889220457,0.023532654143838573,-0.0011559502099303086,-0.014335486355122811,-0.007536437783707968,-0.0033371461325978624,0.010699729927494774,-0.0015933935335256189,-0.0006170395435607502,0.021758147715995067,0.07207133556414506,-0.007730214912370154,-0.004864618664359549,0.13735944831245803,0.0023957740896767554,0.0,-0.00822594969088997,-0.005330648270868314,0.0002832845272984141,0.0,-0.004113410963538004,0.0,-0.00451409595549549,0.10913170896488594,0.03169636779472239,-0.009904995571720993,0.0,-0.0001560975583833005
-0.7587360220989667,-0.031952538093124074,0.030259388739562,0.06830454329458213,-0.41327377412484034,0.035281182208296485,-0.4632305270426841,0.006143306507257668,-0.4354455415854611,0.026551457905708196,-0.005436584774643761,-0.14222706759799641,0.009413133487321038,0.0070467311177201345,0.006889044755087483,0.006844079549126146,0.0,0.002279629703889639,-0.021232993189322112,-0.017402602490269474,0.006801229620747792,0.003899384878443782,-0.023918030344347866,0.0027892929383882435,-0.00011959502793898111,0.0,0.011075755633098308,-0.009376931277804151,-0.005672391165972035,-0.013991617694733473,0.006584831983117479,-0.023848235197866795,-0.01490808732286028,0.0011962599380580929,0.010731171455346855,-0.02371761836455649,0.008863341082394149,0.004957753295860195,0.013733772432728473,0.03941243447657072,-0.018181535656757473,-0.008347331359284822,-0.0018822870060833355,-0.053096935587501407,-0.002007226642751206,-0.0013250331139110002,-0.0019009674452076233,0.0012304125563568037,-0.23066318273202333,-0.007859417588523931,-0.004757114956360048,0.0,-0.007514455268829849,-0.000629067619689401,0.0002488290468902537,-0.004533424262790451,-0.01061581381483195,-0.11578108694007656,0.007513635571626401,-0.027079769814218408,-0.01733269997524163,-0.0008182425613581295,-0.003342241813838169,-0.00589397753732743,-0.0067085907754857906,0.010497767265542388,-0.004506490595602321,-0.02197082189625727,-0.009663003684644306,-0.0619502721099097,0.0005960777639387122,0.0,-0.02586726343488596,-0.0008745370072012777,0.000548334238451879,0.0,-0.012274889177917924,0.0,-0.011650935000193876,-0.07689620013184129,-0.08913223940280451,0.003066808137087951,0.0,-0.029127243317415195
0.9272000713009874,0.0017304271510106537,0.02009642843994126,0.07409936161262776,0.6392812098157148,0.03523560849717073,0.4977763477332772,0.09970071350074124,0.544253248140067,0.022631500213159506,-0.0028182191447872528,-0.11976311097837175,-0.0027361211816344967,0.0014408630487185042,-0.027791833125679056,-0.0010213654330985871,0.0,-0.010249440652489032,-0.038472802907384494,0.18472122874514604,0.0011995468249215002,0.002101535037471858,0.0010097406880716238,-0.07626600053009314,-6.683024378747147e-05,0.0,0.0019254453111238134,-0.03248036540414116,-0.0017797500820027562,-0.008269038560113722,0.0007357128191828061,-0.007944869862765172,-0.0086887833358258,0.004275158467158433,0.005342843290867531,-0.022397369443694463,-0.06225714750872444,-0.026438566062594718,0.019818488033903462,0.03228581981124173,-0.00602880662053975,-0.01726377224134293,-0.00268752437558532,-0.012825376710841463,-0.0007740131959217808,-0.001174464610796705,0.0008144363508915163,0.005429864107400678,0.22048183126415824,-0.002945332120492618,-0.004631218483935332,0.0,-0.008557505008488817,-0.0021472623081917434,-0.028319961259962636,-0.020435544191862706,-0.004019254565773204,0.18248300096683176,0.0014125728160451932,-0.011692702752751373,-0.006201980952564899,-0.0033371461325978624,-0.010699729927494768,-0.0015933935335256189,-0.0029823117195773223,-0.027606944512152617,0.04639519389568096,-0.012446625655799562,-0.004864618664359549,0.10151366248793162,0.0023957740896767554,0.0,-0.021207364269194458,-0.005330648270868314,0.0002832845272984141,0.0,-0.0041609106512310885,0.0,0.012413763877612595,0.07512987413644386,0.015702719209437783,0.008651123621066733,0.0,0.005862525258042505
-0.7711184671840972,-0.03166201994991033,-0.012312719535841671,-0.05855852831098072,-0.5132362507822612,-0.03558583496271451,-0.44156598737851677,-0.1057334519744239,-0.41391184710674367,0.008695394413286595,-0.005409130338052758,-0.13423180802770932,-0.0029497244753019644,-0.010110527255859324,0.009569972292224772,-0.0014374416183994656,0.0,0.023159392181281768,-0.012767644127577762,-0.027757264890803997,-0.0075400837687370215,-0.004914255567635233,-0.024675979026476627,0.012634567369182743,2.1876560473130247e-05,0.0,-0.009121624362664262,-0.0013747350461151993,0.005317233259194189,0.008047638452657328,-0.0007825108447201154,-0.023549506217044762,0.018422518613340443,0.0011962599380580929,0.010731171455346855,-0.023798638969186773,-0.019127529137864946,-0.008328206853800625,-0.017418848215930555,-0.0395634384273367,-0.008955291246722827,-0.0014274531795773373,-0.0010795779221132338,-0.014140701624565183,-0.0024300586379299494,0.00015116922880030817,0.0046940450386507414,-0.001599536323263844,-0.23390003679925497,0.010947045926872621,0.02338915596712158,0.0,-0.008125975309628315,-0.000629067619689401,-0.001839615143423617,0.004595979512440897,-0.011134708276090914,-0.11433996164649828,0.00023429741618558476,-0.03217989712005946,-0.023658120970137506,0.0008509722638124547,-0.0019882053866934753,0.0012747148268204955,-0.014909000044418828,-0.023561251879136914,-0.032645137720385436,-0.02656260550008869,-0.009416988771339379,-0.0826337574357162,-0.0008128333144618825,0.0,-0.014613259941838722,-0.0008745370072012777,-0.0006305843742196631,0.0,-0.012274889177917924,0.0,-0.014706920879736945,-0.07412220453374768,-0.07926068255875067,0.003064104238765084,0.0,-0.005458362035778422
-0.0799734359879291,-0.008600857769515899,0.025273461455027384,0.12809012663813305,0.571687006079946,0.031833018029889214,0.620373188123386,0.20828765654765893,-0.2851872594214272,-0.007338636767102544,0.022235373197023057,0.24042936710255902,0.0031570629018859587,0.0024186745450867487,0.01885696430040084,0.00616670175600943,0.0,0.019856010143228207,0.0322574573764917,-0.03575713306678826,0.0012970771200850016,0.012195327123132128,0.018637463291325814,0.009652779084776094,-9.71232198109101e-05,0.0,-0.00293069888543254,0.02975874417169233,-0.0010789631313180943,-0.014605020841462493,-0.00032241538508218006,0.01421765522211108,-0.00951142086877857,-0.008143158985063664,-0.0073372678524777375,0.02706770446603138,0.026059006503743053,0.013249122923792298,-0.0035726918251348955,-0.00027663844606682936,0.025728726533235578,-0.010199592258067457,0.001045715003379629,0.0023958458333802465,0.0015797195669616953,-0.0038773537540967807,-0.0006236579761867251,0.0012304125563568037,0.4153169016938124,-0.0027501679917510216,0.0018672362825395618,0.0,0.0089309784379842,0.0025002132251529374,0.018219666773373704,0.021802702889724464,-0.0036291449203796145,0.1762707839493332,0.01266547066549404,0.019933983932241866,0.01704012063425187,0.0034706319779017787,0.010699729927494774,0.0016101074517094545,0.0005187824607839574,0.020395957064174703,0.028312128121500708,0.017927469156713866,0.001863202315663684,0.08056432638784602,0.0023957740896767554,0.0,0.02384432484004204,0.003807605907763077,-0.0006158203475748331,0.0,0.013422709459966117,0.0,-0.005194884889057065,0.12176635226028633,0.22474467325844055,-0.010711441264213476,0.0,0.04302501525002142
-0.6717168566424642,-0.04530239363643492,-0.018326521140254147,-0.05819077107987103,-0.43271291358688907,-0.03515653872539826,-0.4053707226063797,-0.10307329099888576,-0.3536535317859267,-0.015129812723974529,0.01014037786450599,-0.13192937708244468,-0.0029497244753019644,-0.0036345585159726825,-0.0069095240293817325,-0.0014374416183994656,0.0,0.005270527265671266,0.016708316476728567,-0.08881510050468894,-0.0035481636654610803,-0.004135508807033493,0.019684154328551248,0.012244746335034792,2.1876560473130247e-05,0.0,0.01117834283736704,-0.00947389742696274,0.0015557471349541504,0.008428391814783043,5.334481719709112e-06,0.020133962926771755,0.022615543031962282,-0.002278590358205888,0.0010359396321025951,0.053127763729256774,-0.019127529137864946,-0.007859175858392282,0.0021261578565189634,-0.04450837517537372,0.0734359329322849,0.020061783103654394,0.0005997655122851292,0.07134677649758953,0.003222942794528308,0.00015116922880030817,0.0019075750176950883,-0.001599536323263844,-0.06074037804446668,0.010947045926872621,0.02399962485925463,0.0,0.01233004878228872,0.0008993924435760428,0.00638642547965851,-0.0072836907187493315,0.032935135595032,-0.11577186950007654,-0.013879047595623556,0.06311805588313622,0.04735900749130237,0.0008509722638124547,-0.003963827194990156,0.0007354124000887474,-0.014909000044418828,-0.03810008431583778,-0.05299779469717477,0.046417476779274,-0.009629645999818493,-0.060950632170386015,-0.0008128333144618825,0.0,0.0024069493311715015,-0.0008745370072012777,-0.0020037650476415828,0.0,0.039299042300130066,0.0,-0.014706920879736945,0.061435410939782095,-0.0945218394722132,0.0031538897080993613,0.0,0.04063571429811334
1.1581674368335764,-0.016377891513481804,-0.02729913434987534,-0.06795174808175078,0.13605731406878496,-0.0850785481347843,-0.07096960353353127,-0.07900444046947973,0.7080669983642423,0.023524334399913773,0.00654122896475758,-0.10890109300842046,0.009413133487321038,0.0070467311177201345,-0.031003039682204185,0.0014137080408233214,0.0,0.014409503819354096,0.00893260904094184,-0.038912141368328754,-0.006301428422622735,0.002101535037471858,-0.006362192586424132,-0.05872381354801297,3.5717417566462524e-05,0.0,-0.0051327312360024205,0.00869288851185253,-0.005405212170281639,-0.022380144769289255,0.006584831983117479,-0.015226534310762666,-0.005795278500590702,0.0011962599380580929,-0.003185871858926437,-0.018313986680797287,-0.023491529419734623,0.015260120416683804,0.017293808603603255,0.04272986577843378,-0.015250166859915669,-0.019523450313054108,-0.002375216395191556,-0.020806057728774772,-0.0001614123890792889,-0.0033812579284201918,-0.0016632109079942562,0.005429864107400678,-0.19572274926307584,-0.002945332120492618,-0.005373676023487714,0.0,0.0004425231326154475,-0.0004092919778769088,0.008687725388318133,0.006508024445178952,-0.009881430907338323,-0.1415611365664597,-0.009903282545126818,-0.02696384245844788,-0.009553894941582406,0.0008509722638124547,0.003342241813838169,0.004715182029861944,0.0006228469540556331,0.011474835480453452,-0.017402900551319954,-0.020147523034342106,-0.009416988771339379,-0.08430012796027071,0.0005960777639387122,0.0,-0.010092056047501049,0.0012698869136522298,-0.0006305843742196631,0.0,-0.004113410963538004,0.0,-0.00451409595549549,-0.05806912958704325,-0.061334090037531194,0.003072905406974257,0.0,-0.03289521079757792
-0.6928253567176336,-0.045444077308013926,-0.022298666824517446,-0.05337250478895561,-0.5190351556171703,-0.036807863042637466,-0.4828701825075481,-0.11371836185829791,-0.40334269990696386,0.008695394413286595,3.1881403654171817e-05,-0.13971003184080377,0.009413133487321038,0.0070467311177201345,0.007620152381148902,0.0019336491130648211,0.0,-0.017091155017576687,0.009601242543017932,-0.046677147281929426,0.005890021743025766,0.003899384878443782,0.013366632083629567,0.012244746335034792,-0.00011959502793898111,0.0,-0.009121624362664262,0.008685670909916385,-0.002038421500588351,-0.006129587585897966,0.006584831983117479,-0.004621182721869524,-0.012112737710445722,-0.002278590358205888,-0.0035482303298282197,0.004395616923802219,0.009096997458273913,0.00403478574208083,0.013733772432728473,0.036135672207297416,0.0058310813919693625,-0.008347331359284822,0.0005997655122851292,-0.016332257136372277,0.0014203654753291068,0.000482771379961236,-0.0019009674452076233,0.0012304125563568037,-0.2348932489270383,-0.007859417588523931,-0.010394581376250933,0.0,0.005080736574248262,-0.00042844985456993567,0.005472154403005105,0.005746341449599859,-0.013025961659592095,-0.1310085982028281,-0.013720530985155348,0.008772193239492835,-0.0020168374392528637,-0.0008182425613581295,0.003342241813838169,0.0007354124000887474,0.003609166638185782,0.0223105151772151,-0.032645137720385436,0.010120330014829383,-0.006580223320441543,-0.09261064746738094,0.0005960777639387122,0.0,0.0017754711077418496,0.0006246692908580547,-0.0020037650476415828,0.0,-0.012043254898426958,0.0,-0.011650935000193876,-0.08864213294732189,-0.08219970809551767,0.003373040719995936,0.0,-0.030816175176426097
1.174378977986244,0.07118341876948937,-0.026661386383455474,-0.06489532946532682,0.021254548032758624,-0.08070271149147332,-0.3492754041375525,-0.06649411140715468,0.7168351583679209,0.007962306877906222,0.016289200910354802,-0.11110492176816923,-0.0029497244753019644,-0.0036345585159726825,0.018031511188661788,-0.0005948123655658455,0.0,0.0026377947839482485,-0.005801265288404045,-0.06359669840896123,-0.0019911345223587998,-0.002604728866216344,-0.006362192586424132,0.034034169726259965,2.9484916019648783e-05,0.0,0.008045738274769421,-0.00947972702852655,0.004846489314406339,0.024129680136148537,-0.0007825108447201154,-0.015396977531228775,0.008946329798557915,0.0011962599380580929,0.004667217669798813,-0.017889761520497257,-0.020272637891115636,-0.008328206853800625,-0.003910425215833927,-0.04870742850173278,-0.012364616961714195,0.030492827460505727,-0.002375216395191556,-0.011762483513104447,-0.000847452437189668,-0.0003828660251912232,0.004502010912439951,-0.007058823339620875,-0.17637226293015568,0.0041024268821147165,0.017764297789148908,0.0,-0.007565680148929322,0.0004615001777263225,-0.002107945180158232,-0.005807456510728499,-0.010160957934132544,-0.13266961900596355,0.014377917150219278,-0.025201766933175815,-0.014737249761753744,-0.0008182425613581295,-0.0019882053866934753,-0.00589397753732743,0.0033292324331000243,-0.011507725847680518,-0.01762496163523566,-0.018212596576957472,-0.008765733733417096,-0.07295889081931892,-0.0008128333144618825,0.0,-0.03684401309502658,-0.0017778416791131239,0.0003222602671550997,0.0,-0.0041609106512310885,0.0,0.04044403241927659,-0.03993392490694176,-0.04326190215744107,0.002613178892309758,0.0,0.010024674293885118
-0.816051034494377,-0.03184423300659299,0.019944352537526407,-0.05262197269349775,-0.45662806479794643,0.03266770080018422,-0.4422987274901018,-0.1061131853174578,-0.4292541571548483,0.022585545187371263,-0.005409130338052758,-0.14154546029325987,0.009413133487321038,0.0014920373961640303,0.006889044755087483,-0.0057963289770815675,0.0,0.01234257947933428,-0.024311258141885,0.13962831696872408,-0.002326689890646721,0.0033802203713759527,-0.023918030344347866,0.012244746335034792,-0.00011959502793898111,0.0,-0.011596555627527733,-0.009701281483854388,-0.005672391165972035,0.010644058895087093,0.006741417611811025,-0.004621182721869524,-0.012112737710445722,0.0011962599380580929,-0.0037925928118479023,-0.0204057763307028,0.008863341082394149,0.004957753295860195,-0.017418848215930555,0.03127418474265778,-0.01815698956831874,0.008485637071402754,0.001045715003379629,0.06081654643337675,0.003222942794528308,-0.0016785500969265926,-0.0019009674452076233,-0.001599536323263844,-0.23185122048116047,-0.007859417588523931,-0.007973105770697281,0.0,0.01233004878228872,0.00047815920093765164,0.007738952357290737,-0.0072836907187493315,-0.009850035181433205,-0.11084483261687801,-0.015696603228427485,-0.03193870353614949,-0.00464078421028262,0.0008509722638124547,-0.010699729927494768,-0.0015933935335256189,-0.007666100124353915,0.0223105151772151,-0.03300552019905543,-0.029678646154852897,-0.007201875856640084,-0.07100842722102449,-0.0008128333144618825,0.0,-0.009540175363060064,-0.0008745370072012777,0.000548334238451879,0.0,-0.012043254898426958,0.0,-0.011650935000193876,0.007875300462265476,-0.09669989933955102,0.003066808137087951,0.0,0.03663649567669505
1.158132249674235,-0.03357039173667869,-0.02566399581282377,-0.04227756911706582,0.3673789065821173,0.03112078685100179,0.4111011453692394,0.00921366922333713,0.5681958959422394,0.003785323310686834,-0.008124460060477037,-0.1087330893355254,-0.0027361211816344967,-0.0038652043822098086,-0.02700176808986406,-0.0005948123655658455,0.0,0.020399722681015895,-0.006324132693248291,0.1874281435605387,-0.005401383258790788,-0.0024135928013495262,-0.0022043026730320585,0.007229250296000774,-6.683024378747147e-05,0.0,-0.00028981970173073816,-0.0034978200998028123,0.0013602531836927354,0.002656693651569132,-5.656983703606136e-06,-0.000987278703211884,0.008946329798557915,0.004275158467158433,-0.00853582552346106,-0.014512519821209354,-0.06225714750872444,-0.02769665704094902,-0.007288108356939904,-0.010493587186157772,-0.012839421849291842,0.013086892218017319,0.003905145697006715,-0.003084693174466195,0.00042073134168178956,-0.001174464610796705,-0.0013998132464236078,-0.007058823339620875,0.05287507548284937,-0.002945332120492618,0.001769652712222191,0.0,-0.0016200626309160826,0.0008827334203647137,0.01658219898379376,0.0195134358369617,-0.0031729307223402068,0.06948620103566897,-0.004867600424429185,-0.01268581022510342,-0.0010408905212406809,0.0008509722638124547,0.010699729927494774,0.004715182029861944,-0.001348919876791707,-0.030318364642232427,-0.028831107655868434,-0.010716045042023666,0.001863202315663684,0.06701100001590465,-0.0008128333144618825,0.0,-0.007354452652584266,-0.0017778416791131239,-0.00032577720639317704,0.0,-0.004113410963538004,0.0,-0.005194884889057065,0.06423386204607218,0.031663116230106945,0.009221448375354865,0.0,0.026649782354300364
-0.7261564192966934,-0.04293311274468195,-0.022026958894270476,-0.05819077107987103,-0.4720495210278894,-0.03638351351748474,-0.41056912175010396,-0.09501050780430245,-0.38138413996229303,0.02467707572273061,-0.008494404261317156,-0.1339480238693634,-0.008158049022344906,-0.0038652043822098086,-0.0069095240293817325,-0.0014374416183994656,0.0,0.013124508417722787,-0.021232993189322112,0.08957157559356764,-0.006028725276378388,-0.002955974621779411,-0.024675979026476627,-0.022215441094712747,0.0009990612351316007,0.0,0.011075755633098308,-0.009376931277804151,-0.005672391165972035,-0.0120364710818329,-0.003957594642783191,-0.023549506217044762,-0.012112737710445722,0.0011962599380580929,0.01018325633512779,-0.02371761836455649,-0.019127529137864946,-0.008328206853800625,0.013733772432728473,-0.03074350844883576,-0.018181535656757473,0.002655847861165987,-0.0010795779221132338,-0.03346333325568633,-0.0024300586379299494,0.00015116922880030817,-0.004336068066075437,-0.001599536323263844,-0.20031835775561993,-0.007859417588523931,-0.007284398693020918,0.0,-0.007514455268829849,-0.000629067619689401,0.0002488290468902537,-0.003742363434177864,-0.009603983159308004,-0.11578108694007656,0.007513635571626401,-0.03287133107380773,-0.02475811580548511,0.0008509722638124547,-0.003342241813838169,-0.0015933935335256189,-0.013951490695550704,-0.023561251879136914,-0.03292929637741994,-0.017733070735784895,-0.008765733733417096,-0.07908527721253726,-0.0008128333144618825,0.0,-0.016947265256230304,-0.0008745370072012777,0.000548334238451879,0.0,-0.012274889177917924,0.0,-0.014706920879736945,-0.09114548382876961,-0.07423481880388291,0.00315659360642223,0.0,-0.027100385495649332
0.014319982263701151,0.0012453259327925722,0.011432595449481156,0.08242648864390621,0.18189475531636506,0.04241991839066452,0.3436872939718031,0.025572071538608628,-0.19562893540311316,-0.012676404781827199,0.010593211275585112,-0.08004263020409541,-0.001657917977121197,-0.0034702721733853347,-0.026737244140196886,-0.0019454982101740736,0.0,0.012203415973161592,0.0393841790500364,-0.013676290979292028,-0.006120164292623992,-0.014713636909140904,0.008960553009497945,0.019498053515570594,-2.0703603117911036e-05,0.0,-0.0024104102868078964,0.02975874417169233,-0.0010789631313180943,-0.010672479918077842,-0.0021948809537504325,0.013851437948995182,0.027679176493623697,-0.002278590358205888,-0.0073372678524777375,0.04209271205479684,0.027270904239972766,0.013922605905545948,-0.00031442902128136184,0.0028069600037644313,0.0468480943371504,0.0029048897323039535,0.003905145697006715,0.0326813921855395,0.0016180944065025858,0.0032974546945845487,-0.0009099113336140489,-0.001599536323263844,0.3443574421922838,-0.0027501679917510216,0.007700023439997389,0.0,0.016061610137964734,0.0008524341697974738,0.019613518159979686,0.021554451600766866,0.013072151500119115,0.20528507967998252,0.009324928317123508,0.08610164415460796,0.019708647021863406,0.0008509722638124547,0.010699729927494774,0.0016101074517094545,0.003609166638185782,0.03143954949793424,-0.0210853112714241,0.07906345555781141,0.016749208605554445,0.0809044647425402,-0.0008128333144618825,0.0,0.04480728919782608,0.0012698869136522298,-0.0006158203475748331,0.0,0.013422709459966117,0.0,-0.005194884889057065,0.03533316917505455,0.05717505894856202,-0.010369975486867283,0.0,0.0438552107455578
-0.7122494609516963,0.026931536196867008,-0.018434744697041,-0.05300474755784593,-0.48450044863529584,-0.03889456996837498,-0.4238781550449433,-0.10353106005656051,-0.37771437285717235,0.02775516126491049,0.002965896126987385,-0.13688392568293872,0.009413133487321038,0.0026939303269947175,-0.0010438906374871906,-0.0014374416183994656,0.0,0.01234257947933428,-0.024311258141885,0.07385320185843924,0.00782033638622726,0.003899384878443782,-0.024675979026476627,-0.021484526655685336,-0.00039473457325166564,0.0,-0.006479698048202663,-0.009701281483854388,-0.005672391165972035,-0.005470880843715551,0.006584831983117479,-0.004231264394897821,-0.012112737710445722,0.0011962599380580929,-0.014677189248010352,-0.0204057763307028,0.009096997458273913,0.00403478574208083,0.013733772432728473,0.04013230194416662,-0.011821179227144298,-0.006682982729924461,0.0005997655122851292,-0.016332257136372277,0.0007273679051668297,0.000482771379961236,-0.0019009674452076233,0.0012304125563568037,-0.22176779477183742,-0.007859417588523931,-0.010394581376250933,0.0,0.0022527585199628667,0.0006526094314763149,0.0037894224627229942,-0.006133328781590369,-0.008167397780262247,-0.11440241971344785,0.025510832269436876,-0.033919760544529616,-0.0020168374392528637,0.0008509722638124547,0.003342241813838169,0.0012747148268204955,0.003609166638185782,0.0223105151772151,-0.03300552019905543,-0.030868987207316886,-0.007201875856640084,-0.08438312002469826,0.0005960777639387122,0.0,-0.010810661411264216,-0.0008745370072012777,0.000548334238451879,0.0,-0.012043254898426958,0.0,-0.011650935000193876,-0.09071149765516241,-0.07966536314496352,0.003373040719995936,0.0,-0.030816175176426097
0.9458890962848328,0.0017582663772984213,0.005636518696859907,0.07670685930594816,0.6652394381004193,0.044279742753888275,0.5892304040503396,0.11592309313242667,0.5057519954493045,0.0024626256396993763,0.03391869819066918,-0.0064499958201266056,-0.0027361211816344967,0.0024186745450867487,0.018056380973215373,0.00015349912050095305,0.0,0.014629455693125508,-0.0054124694055598934,-0.05712897510375348,-0.004434389722691931,-0.004804187562181907,-0.0022043026730320585,0.04152163739942212,0.0002442980184226484,0.0,-0.0020658383735747965,0.029735597643248304,0.001417590380496014,0.017914074262233994,-0.002647094241978349,-0.0075680359940243245,-0.006869557556611145,0.004275158467158433,0.000787291046783174,-0.022581014548578145,0.029281753600071143,-0.026438566062594718,-0.017236495186161757,-0.010493587186157772,-0.006023922449881022,0.014095570021852742,0.003905145697006715,-0.003084693174466195,-0.0005365813784330595,-0.003770762612859616,-0.0013998132464236078,-0.007058823339620875,0.30868928284225966,0.0022437763355239683,0.0054227760826056825,0.0,-0.0016200626309160826,0.002380485277456927,0.01658219898379376,0.021894102797296935,-0.0033542895647396508,0.15190925223263868,-0.007292032357238614,-0.01268581022510342,-0.001507315876412156,-0.0033371461325978624,0.010699729927494774,0.0012747148268204955,-0.0007725083124505987,-0.027606944512152617,0.020428010342302072,-0.01556931261248666,-0.008437217729533208,0.08522902536413066,-0.0032669646677410194,0.0,0.0017636370660173018,-0.005330648270868314,-0.00032577720639317704,0.0,-0.004113410963538004,0.0,-0.005194884889057065,0.09668292307541194,0.05449589157815017,0.008651123621066733,0.0,0.02553615515313485
0.4590936395284881,-0.05739389105287769,-0.032203412308917996,-0.08180677928590589,-0.29653289826698154,-0.09759545416126283,-0.4007164294769212,-0.0979635800150683,0.27273003845134774,0.012858599216790414,0.003806201170280312,-0.1250018234284468,-0.008158049022344906,-0.010110527255859324,-0.02700176808986406,-0.0012451300207153345,0.0,0.01280297774587761,-0.003786307375624135,-0.014265224009013396,-0.004968578793516263,-0.004914255567635233,-0.006362192586424132,-0.043652833861397684,-0.00033684611082694313,0.0,-0.011622274708203782,0.008565617582386695,-0.005405212170281639,-0.022380144769289255,-0.003957594642783191,-0.008481435357628967,0.022615543031962282,0.0011962599380580929,-0.0015270884291752776,-0.02192305515588655,-0.019127529137864946,-0.007859175858392282,-0.002785330078248008,-0.04241368967696378,-0.015250166859915669,-0.0014274531795773373,0.0013195646639953067,-0.014140701624565183,0.0008742931974325651,-0.0003828660251912232,-0.0045281021922862295,-0.001599536323263844,-0.20554737389832592,0.010947045926872621,0.003786494412677515,0.0,0.0022527585199628667,0.00043120092715908265,0.0073582630038292445,0.006508024445178952,0.03634601208640543,-0.09886644955300669,-0.01655361356619437,-0.031976259263748176,-0.005561777177705491,0.0008509722638124547,0.0019882053866934753,0.004715182029861944,-0.007900769128598661,-0.023561251879136914,-0.02338540473481879,-0.03346520056509997,-0.006580223320441543,-0.09851446668395365,-0.0008128333144618825,0.0,-0.02124518671078112,-0.0017778416791131239,-0.0006305843742196631,0.0,-0.012043254898426958,0.0,-0.014706920879736945,-0.07009663777926882,-0.06153900945798724,0.002613178892309758,0.0,-0.041493231297502695
0.878098203461088,0.0016473858432857775,0.02184641855691749,0.07186996599966423,0.6458893462273405,0.042024777000507836,0.5464463311067667,0.10520834451625122,0.5319334646915662,0.021965422307960707,0.018431621546142054,0.004797925484543972,0.0031570629018859587,0.0024186745450867487,-0.029861000138795637,0.0010021314509265132,0.0,-0.009885743586468187,-0.038472802907384494,0.04132638734263876,0.008480009973811223,0.004281238503641408,-0.0022043026730320585,-0.07269173631732445,3.5717417566462524e-05,0.0,-0.0025202087436956002,-0.03255150240155913,-0.0017797500820027562,-0.008269038560113722,0.0005631689710308236,-0.000987278703211884,-0.0086887833358258,0.004275158467158433,0.007067580808676262,0.028784363723877566,0.029281753600071143,0.016518211395038108,0.019818488033903462,0.03745286142205398,-0.00602880662053975,-0.017728328281508565,-0.0070292622546120915,-0.017515922341317595,-0.00017098311522040465,-0.003770762612859616,-0.0008585208776585385,0.005429864107400678,0.32256879155198454,-0.0016109163434531054,0.003393017479655466,0.0,-0.008557505008488817,-0.0021472623081917434,-0.034814031523686534,-0.012210290100803434,-0.0038717905067179857,0.14063001472873357,-0.008096866371529912,-0.012614325681339916,-0.006290832968794056,-0.0033371461325978624,0.010699729927494774,0.0012747148268204955,-0.0022319693398014312,0.019013625200239387,0.04639519389568096,-0.013079918519405024,-0.004864618664359549,0.07539629644733967,0.0023957740896767554,0.0,-0.01872957049697959,-0.005330648270868314,-0.00032577720639317704,0.0,-0.004113410963538004,0.0,-0.00451409595549549,0.0824404992684848,0.02192680728193659,-0.009904995571720993,0.0,-0.03624499265994252
-0.5603672508657194,-0.04504030563010394,-0.022298666824517446,-0.05281611070406658,-0.3963822355083322,-0.036807863042637466,-0.46559590838445575,-0.10467550653630239,-0.3567917432810005,-0.023041293644705238,-0.00047296632559820856,-0.05503720828368114,0.009413133487321038,0.0070467311177201345,-0.008887161593713137,0.0015563754055061445,0.0,-0.013892646934762214,0.009601242543017932,-0.11448418911103309,0.012786851872007357,0.012206986427234362,0.013366632083629567,-0.021484526655685336,-0.00011959502793898111,0.0,0.016969855211025488,-0.00947389742696274,-0.0017712425048979556,-0.022229977472644765,0.006584831983117479,0.038536639820027994,-0.01490808732286028,-0.002278590358205888,-0.004654487150045005,0.053127763729256774,0.009096997458273913,0.00403478574208083,-0.01544674022483895,0.02829674672485686,-0.020567734578942568,0.001869403633455865,0.0005997655122851292,-0.017734559424139488,0.0008411852416680938,0.000482771379961236,-0.001663210907994257,0.0012304125563568037,-0.2295999501945645,-0.0027501679917510216,-0.010394581376250933,0.0,0.011745116569351056,0.00047815920093765164,-0.021679857593700527,-0.003742363434177864,-0.009202272038116067,-0.12327457072497144,-0.020438481845845125,-0.03477491423010442,-0.0020168374392528637,0.0008509722638124547,-0.003342241813838169,-0.00589397753732743,-0.0067085907754857906,0.02206219917297701,-0.03328967885608994,-0.02910513789472001,-0.009629645999818493,-0.07236808017825483,0.0005960777639387122,0.0,-0.02215170224831586,-0.0008745370072012777,0.0017424043892535455,0.0,-0.012043254898426958,0.0,0.03204007125053315,-0.050112784507826,-0.08887718382636968,-0.004565762808670318,0.0,-0.02689957622465624
0.5221279792517461,0.0012986085238875663,0.033252545412468186,0.09592876361102333,0.6739539928707475,0.04145124621416578,0.5894046822285394,0.14417346826612346,0.35763528957943475,0.021965422307960707,-0.004162796661337328,0.21469160436412796,0.0031570629018859587,0.0014408630487185042,-0.01401809632968677,0.005201647193085426,0.0,0.009540752511719817,0.0047309482806617825,0.06608657197514951,0.015941597684390043,0.012206986427234362,-0.001794142153920349,-0.07269173631732445,3.5717417566462524e-05,0.0,-0.004199472488290232,0.029735597643248304,-0.0017797500820027562,-0.008269038560113722,0.0005631689710308236,-0.007568035994024325,-0.006869557556611145,0.004275158467158433,-0.0005292973925660814,-0.017767140883713423,0.027270904239972766,0.013385732410137414,0.009055222232487928,0.03670737608253433,-0.0065036115081173965,-0.02091115517167111,0.003905145697006715,-0.017515922341317595,-0.0003198962438473944,0.003404045835821713,-0.0008585208776585385,0.0012304125563568037,0.32585255873057134,-0.0027501679917510216,-0.008341122177839404,0.0,-0.009070711975214168,-0.0021472623081917434,0.01658219898379376,0.021894102797296935,-0.0038717905067179857,0.1624667791328127,-0.009893061321056964,-0.014605101189832874,-0.003133994664312502,-0.0033371461325978624,0.010699729927494774,0.0012747148268204955,-0.0004772412087403774,0.021758147715995067,0.07207133556414506,-0.008598824127039873,-0.008437217729533208,0.10468302539029103,0.0023957740896767554,0.0,0.003855339328185583,0.003807605907763077,-0.0006158203475748331,0.0,-0.004113410963538004,0.0,-0.00451409595549549,0.06436116191839464,0.05141431507494852,-0.009904995571720993,0.0,-0.0021836327422051997
-0.6593792575588598,-0.03342129783377873,-0.016176641663318114,-0.05422760474717112,-0.451870257232652,-0.025540305859809605,-0.4383897202196092,-0.10881402643945531,-0.37010281032910897,-0.0237336786302458,0.009795327001668151,-0.1351639325365004,-0.008158049022344906,-0.010110527255859324,-0.01207186744847039,0.0015563754055061445,0.0,-0.01652709906801164,0.004123493006349369,-0.09795519458394689,0.02553367068979676,-0.004152997763186838,0.013366632083629567,-0.022215441094712747,2.1876560473130247e-05,0.0,0.016969855211025488,-0.009376931277804151,0.002137509801983464,0.013068383928864712,-0.0007825108447201154,-0.02263466173543812,0.022615543031962282,0.0011962599380580929,0.01031396184876623,-0.02184203455125626,-0.019127529137864946,-0.008328206853800625,-0.017418848215930555,-0.040761329129063203,-0.015770790646133646,-0.011644188172318024,-0.0010795779221132338,-0.04385247524939248,-0.002007226642751206,0.00015116922880030817,0.0046940450386507414,-0.001599536323263844,-0.23239961003229642,0.010947045926872621,-0.0010407308222296057,0.0,-0.020609986999483573,0.0006526094314763149,0.0002488290468902537,-0.003742363434177864,-0.009206946424432386,-0.13495823731592366,0.007355118961158193,-0.030756113696554135,-0.020667075835387096,-0.0008182425613581295,-0.003963827194990156,-0.0015933935335256189,0.009278483830798753,-0.015838527351214698,-0.03300552019905543,-0.029300203971740813,-0.012466411450716327,-0.07468006781261825,-0.0008128333144618825,0.0,-0.016947265256230304,-0.0008745370072012777,0.0017424043892535455,0.0,-0.012043254898426958,0.0,0.04044403241927659,0.10099357967131709,-0.08673320458532659,0.003064104238765084,0.0,-0.026293414453217683
0.5209407173063836,0.002181904928775682,0.02765373652011743,0.09407408082899982,0.6951337511633431,0.044279742753888275,0.599984759921328,0.14128695610628816,0.1258035947596159,0.021965422307960707,0.0037734380531642886,0.24895717832175954,0.0031570629018859587,0.0014408630487185042,0.018056380973215373,-0.004855705893330638,0.0,-0.008921161786581543,-0.006600508898400795,0.11936739244876031,-0.005528958914376589,-0.01405326723095465,-0.0022043026730320585,0.03935784818089075,3.5717417566462524e-05,0.0,-0.0019365269528557698,-0.032574648930003156,-0.0017797500820027562,0.008919199348926269,-0.0016435227126242568,-0.0022560663056563944,-0.006869557556611145,0.004275158467158433,-0.006811088005652333,-0.0024169029340818694,0.026059006503743053,0.016518211395038108,-0.010217925455235076,-0.015735099196580567,-0.006023922449881022,0.0081080449018887,0.003905145697006715,-0.003933169610333222,0.0010586551513430175,-0.003770762612859616,-0.001499567128798598,-0.001599536323263844,0.3620970731453814,-0.0027501679917510216,0.002648497878111391,0.0,0.0089309784379842,0.002530512475720177,0.018774046776450858,-0.021329918006048068,-0.0033542895647396508,0.16107800761204566,-0.002470522701296926,-0.015642780377342517,-0.0016807258278969872,-0.0033371461325978624,-0.010699729927494768,0.0012747148268204955,-0.003435654573276112,0.021758147715995067,0.07319272821441986,-0.012417599410311219,-0.004864618664359549,0.12733291555506338,-0.0032669646677410194,0.0,-0.002467719436022534,-0.005330648270868314,0.0002832845272984141,0.0,-0.004113410963538004,0.0,-0.005194884889057065,0.11344043275924033,0.13673012117944625,0.008651123621066733,0.0,0.04441555309279527
-0.7291203917461146,-0.03184423300659299,0.019944352537526407,-0.05403346673660229,-0.49668202955058843,-0.0017184906945420914,-0.3928931045985342,-0.10582868672176136,-0.39037533056798585,0.008960774143912456,0.00464783312417595,-0.12649929535607968,-0.0029497244753019644,-0.0036345585159726825,0.006889044755087483,-0.0057963289770815675,0.0,0.01493307800838354,-0.019780955734600106,-0.041224609667794204,-0.0035481636654610803,-0.004135508807033493,-0.023918030344347866,0.012244746335034792,2.1876560473130247e-05,0.0,0.01117834283736704,-0.00947389742696274,0.0024176177527753563,0.0071468889988579145,-0.0005222275238461716,0.04295891659636469,0.018422518613340443,-0.002278590358205888,0.0014897404144509313,0.053127763729256774,-0.006293673340571768,-0.007859175858392282,0.0021261578565189634,-0.043800785902722045,0.050717601600915506,0.020061783103654394,0.001045715003379629,0.06300810194518384,0.003222942794528308,-0.00029490203424287903,-0.0014284471746434484,-0.001599536323263844,-0.20780919255291683,0.010947045926872621,0.02338915596712158,0.0,0.01233004878228872,0.00047815920093765164,0.0019033138618988546,-0.003742363434177864,0.032935135595032,-0.10892841332211504,-0.013879047595623556,0.06509911289151635,0.04723542520298736,0.0008509722638124547,-0.003963827194990156,-0.0009192655001109342,0.009278483830798753,-0.015443061122242925,-0.03161643321738186,0.04507751942616442,-0.006580223320441543,-0.060950632170386015,-0.0008128333144618825,0.0,0.003234288281271341,-0.0008745370072012777,0.000548334238451879,0.0,-0.012043254898426958,0.0,0.04044403241927659,0.15638372023591912,-0.09433375178159704,0.003064104238765084,0.0,0.04063571429811334
0.8133507958883162,0.0012986085238875663,0.02048634050605607,0.07186996599966423,0.6705850554685191,0.037445945803460945,0.6057044945035549,0.11183893701559881,0.4426210444990803,-0.021489094791935025,-0.016005778324761147,0.20144544012669255,0.0031570629018859587,0.0024186745450867487,0.00835664394723035,0.0010021314509265132,0.0,0.003706073487240277,0.022505764911817768,-0.06430731751527288,0.006461535739401269,0.004228583940317216,-0.0031767781143576482,0.04152163739942212,3.5717417566462524e-05,0.0,-0.002629416290452353,0.029735597643248304,-0.0009574933931994194,-0.011166381985447147,0.0005631689710308236,-0.006670768621680951,-0.006869557556611145,0.004275158467158433,0.010108906765834244,-0.022581014548578145,0.029281753600071143,0.016518211395038108,0.009352553252761903,0.03670737608253433,-0.005549117562303376,-0.021375711211836745,-0.0070292622546120915,-0.013559939881475814,-0.0004631421371651723,-0.003770762612859616,-0.0008585208776585385,-0.007058823339620875,0.3571827059359002,-0.0016109163434531054,0.003601150184874473,0.0,-0.0032850205926817384,-0.0021472623081917434,0.01658219898379376,0.021894102797296935,-0.004328004041481405,0.20393086454884723,-0.009893061321056964,-0.01183920040566824,-0.0036678252992756073,-0.0033371461325978624,0.010699729927494774,0.0012747148268204955,6.99738789114475e-05,0.019013625200239387,0.04639519389568096,-0.009164340939285068,-0.008437217729533208,0.12726427018268097,-0.0032669646677410194,0.0,0.003855339328185583,0.003807605907763077,-0.0006158203475748331,0.0,-0.0041609106512310885,0.0,-0.00451409595549549,0.08147212745060645,0.12231502288646826,-0.009904995571720993,0.0,0.021065793027825592
-0.5024870069743728,-0.0447752416009858,-0.02589088102174692,-0.05838523444491245,-0.483500180766598,-0.03594813090898643,-0.4566765948935202,-0.1074929254734247,-0.36518223038813824,-0.023041293644705238,0.002423383321861549,-0.1404740868229221,-0.008158049022344906,0.0070467311177201345,-0.0037248181746244793,0.0019336491130648211,0.0,0.003691109717719205,0.010728203198667432,-0.12158908255111825,-0.011964147239628933,-0.002955974621779411,0.019684154328551248,-0.022215441094712747,-0.00011959502793898111,0.0,0.013373082863064904,-0.009376931277804151,-0.0017712425048979556,-0.022229977472644765,-0.003957594642783191,-0.023549506217044762,-0.012112737710445722,0.0011962599380580929,0.01031396184876623,-0.025234897189740233,0.008863341082394149,-0.008328206853800625,-0.012550221699207147,-0.022919645742995345,-0.018181535656757473,-0.006112860519512261,-0.0010795779221132338,-0.017734559424139488,-0.00196684854751783,-0.0016785500969265926,-0.0045281021922862295,-0.001599536323263844,-0.22977323564579546,-0.007859417588523931,-0.010628616438735267,0.0,-0.007514455268829849,0.0006526094314763149,-0.020864094693425896,-0.006133328781590369,-0.009190711149979509,-0.12283266253169178,-0.020287819389712396,-0.035828488977360996,-0.02475811580548511,0.0008509722638124547,0.003342241813838169,0.0012747148268204955,-0.003633733281879132,-0.023561251879136914,-0.029155401198130912,-0.03242694690806169,-0.012466411450716327,-0.07236808017825483,-0.0008128333144618825,0.0,-0.016561173746183714,-0.0008745370072012777,0.0017424043892535455,0.0,-0.012274889177917924,0.0,-0.014706920879736945,-0.09614174480528331,-0.07526554721884537,0.00315659360642223,0.0,-0.033178096033071015
0.7890743441347946,0.0018076842445702477,0.019944352537526407,0.10039982276313483,0.6058707176148693,0.04252940809656388,0.5766331102880619,0.13765078903274236,-0.28772866078062487,-0.011553706995403552,0.033742699869477845,-0.005188169694454948,-0.0027361211816344967,0.0024186745450867487,0.01885696430040084,-0.00565991802910064,0.0,0.010667964017896412,0.007771196685551336,-0.04005837751159986,-0.005116718621475404,-0.01405326723095465,-0.0022043026730320585,0.03935784818089075,0.00032071763511564745,0.0,-0.00293069888543254,0.029735597643248304,0.001417590380496014,0.019708777795958535,0.0019345813063809782,-0.0013923132395019348,0.014009963260219334,0.004275158467158433,-0.005123509422918934,-0.008080806668646454,0.029281753600071143,-0.02518212976000985,-0.0061630132193539865,-0.01339698608626895,-0.006023922449881022,0.014095570021852742,0.003905145697006715,0.004257354874866553,0.0017491947391183578,-0.003770762612859616,-0.0013998132464236078,-0.007058823339620875,0.31979844974016947,0.0038305911313674945,0.006951915351022891,0.0,0.016061610137964734,0.0008524341697974738,0.018774046776450858,0.0215403643822852,-0.00381355904454112,0.17067616092107782,-0.004835094486586338,-0.015642780377342517,-0.0016807258278969872,-0.0008182425613581295,-0.010699729927494768,0.004715182029861944,-0.0053278963205416596,-0.030127424373560894,-0.034591550755451575,-0.017349722301468282,0.001863202315663684,0.0996897754611974,-0.0032669646677410194,0.0,-0.01563832155037449,0.003807605907763077,-0.0006158203475748331,0.0,-0.004113410963538004,0.0,-0.005194884889057065,0.12066199634177206,0.04984493988413371,0.009183083792109555,0.0,0.04441555309279527
-0.6609163765086546,-0.04504030563010394,-0.022298666824517446,-0.052238872474677,-0.5011198210129498,-0.036807863042637466,-0.45975594572518286,-0.11102362767866006,-0.39548564547247855,-0.023041293644705238,0.002965896126987385,-0.1429999263664127,0.009413133487321038,0.0070467311177201345,-0.0037248181746244793,0.0015563754055061445,0.0,-0.016036120432279317,0.007549065907976013,-0.08105537521719872,0.006801229620747792,0.003899384878443782,0.013366632083629567,-0.021484526655685336,-0.00011959502793898111,0.0,0.013373082863064904,-0.009376931277804151,-0.002038421500588351,-0.007307490717789507,0.006584831983117479,-0.004621182721869524,-0.012112737710445722,0.0011962599380580929,-0.014677189248010352,-0.025234897189740233,0.008863341082394149,0.004284270314106546,0.013733772432728473,0.02829674672485686,-0.011821179227144298,-0.008347331359284822,0.0005997655122851292,-0.017734559424139488,0.000102188445187554,-0.00029490203424287903,-0.0019009674452076233,0.0012304125563568037,-0.24791101174905447,-0.007859417588523931,-0.010394581376250933,0.0,0.002864278560761331,0.0006526094314763149,-0.020864094693425896,-0.003742363434177864,-0.011890869763929066,-0.13253044533165484,-0.019184352556577338,-0.03671841551088585,-0.0020168374392528637,0.0008509722638124547,-0.003342241813838169,-0.0015933935335256189,-0.0067085907754857906,0.0223105151772151,-0.03300552019905543,-0.030669406468341712,-0.009629645999818493,-0.07600143045744749,0.0005960777639387122,0.0,-0.009540175363060064,-0.0008745370072012777,0.0017424043892535455,0.0,-0.012043254898426958,0.0,0.03204007125053315,-0.08123778185204963,-0.07177528377969722,-0.0045734238539184326,0.0,-0.030115116415235614
0.8819934297579731,0.002263026746158447,0.02009642843994126,0.07656552178040871,0.6499106054714897,0.042024777000507836,0.534462516088535,0.10124020595511334,0.4806856152164257,0.0024626256396993763,0.0037734380531642886,0.08362772785522649,-0.0027361211816344967,-0.0019781301627296187,0.018056380973215373,-0.0010213654330985871,0.0,-0.009480237773892342,-0.03862849504999739,-0.042908568339444585,-0.0021359455062939315,-0.005176350964488168,-0.0022043026730320585,0.04152163739942212,-6.683024378747147e-05,0.0,-0.0020658383735747965,-0.032574648930003156,0.0016233573542832156,0.019708777795958535,0.002358935866994822,-0.006670768621680951,0.011281124591397351,0.004275158467158433,0.000787291046783174,-0.02241299038289054,-0.06225714750872444,-0.026438566062594718,-0.005160514619805708,-0.05701561300303398,-0.006023922449881022,0.024362990529504375,-0.0070292622546120915,-0.0046125463728506995,-0.0005365813784330595,-0.001174464610796705,0.001428772341567408,-0.007058823339620875,0.31072471643352295,0.0022437763355239683,0.0012346159210885471,0.0,-0.012078377970661807,-0.0021472623081917434,0.01658219898379376,0.021783405045602913,-0.0034354799072141336,0.14246881679034115,-0.007324538295081461,-0.012186568551799896,-0.0063261958752990925,0.0034706319779017787,-0.003963827194990156,0.0012747148268204955,-0.003074451531163478,-0.027606944512152617,0.04579789696378746,-0.008671989355420793,-0.004864618664359549,0.11003462292090901,-0.0032669646677410194,0.0,0.0017636370660173018,-0.005330648270868314,-0.00032577720639317704,0.0,-0.0041609106512310885,0.0,-0.005194884889057065,0.07335052803536013,0.09631511842055915,0.008650875841739326,0.0,0.025739918825890766
-0.7207586031635134,-0.044633557929406806,-0.022026958894270476,-0.05403346673660229,-0.5098803644759161,-0.03558583496271451,-0.4078057735871625,-0.10589070993600808,-0.39386694624194,-0.00807872762451385,0.012340888907005902,-0.1332676877940687,-0.0029497244753019644,-0.0036345585159726825,0.006889044755087483,-0.0014374416183994656,0.0,-0.003464954518870758,0.03812027117481606,-0.04092503369185135,-0.004035553925637978,-0.004135508807033493,-0.024675979026476627,0.012634567369182743,2.1876560473130247e-05,0.0,0.01117834283736704,-0.009376931277804151,0.005317233259194189,0.007934489747413738,-0.0007825108447201154,-0.023549506217044762,0.018422518613340443,0.0011962599380580929,0.010861876968985294,-0.025234897189740233,-0.019127529137864946,-0.008328206853800625,0.0021261578565189634,-0.04450837517537372,-0.008955291246722827,0.020061783103654394,-0.0010795779221132338,0.06300810194518384,-0.00354868552375451,0.00015116922880030817,0.0046940450386507414,-0.001599536323263844,-0.22892547471552338,0.010947045926872621,0.02399962485925463,0.0,-0.020609986999483573,0.0006526094314763149,-0.015884561426450047,-0.003742363434177864,0.032935135595032,-0.12664421422571007,0.007355118961158193,-0.03287133107380773,-0.023658120970137506,-0.0008182425613581295,-0.003963827194990156,-0.0015933935335256189,0.009278483830798753,-0.015838527351214698,-0.03161643321738186,-0.028268042623566154,-0.009416988771339379,-0.07596489305428465,-0.0008128333144618825,0.0,-0.014999351451885313,-0.0008745370072012777,0.0017424043892535455,0.0,-0.012274889177917924,0.0,-0.014706920879736945,-0.005091127619786977,-0.07137060319348436,0.0031538897080993613,0.0,0.039391334997000246
1.13877689059199,0.05595758622681747,-0.026661386383455474,-0.06489532946532682,0.11949692639255173,-0.08070271149147332,-0.23484295780187783,-0.06649411140715468,0.6535286116780409,0.004346796505605556,0.016289200910354802,-0.1112455785669688,-0.0029497244753019644,-0.0036345585159726825,0.018031511188661788,-0.0005948123655658455,0.0,0.0026377947839482485,0.012172872463616534,-0.06359669840896123,-0.001088088052416217,-0.0024135928013495262,-0.006362192586424132,0.034034169726259965,2.9484916019648783e-05,0.0,0.005850998249071556,-0.00947972702852655,0.004846489314406339,0.024129680136148537,-0.0007825108447201154,-0.015480959825617258,0.008946329798557915,0.0011962599380580929,0.004667217669798813,-0.017889761520497257,-0.04324052182814691,-0.008328206853800625,-0.003910425215833927,-0.056048583267861295,-0.012364616961714195,0.030492827460505727,-0.002375216395191556,0.041245036637755264,-0.0011396114591344358,-0.0003828660251912232,0.004502010912439951,-0.007058823339620875,-0.17733018701024542,0.0041024268821147165,0.017764297789148908,0.0,-0.007565680148929322,0.0004615001777263225,-0.007087478447134079,-0.005807456510728499,0.03276810348407269,-0.14034846235305792,-0.013423537811119518,-0.03027414221398268,-0.0140709278257945,0.0008509722638124547,-0.003963827194990156,-0.00589397753732743,0.0033292324331000243,-0.011507725847680518,-0.01762496163523566,-0.018212596576957472,-0.008765733733417096,-0.07295889081931892,-0.0008128333144618825,0.0,-0.03684401309502658,-0.0017778416791131239,0.0003222602671550997,0.0,-0.0041609106512310885,0.0,0.014285933444906926,0.07306834618591655,-0.04898581797940197,0.002613178892309758,0.0,0.02632477976036259
-0.3231998361091242,0.025903438378084682,-0.018326521140254147,-0.06965474176567954,-0.4479472434494908,-0.03638351351748474,-0.36255153604320095,-0.09786203948771344,-0.2985689499365054,0.019766398820911146,0.010402219083218298,-0.12547515950960242,-0.0029497244753019644,-0.0036345585159726825,0.018963338295389452,-0.0014374416183994656,0.0,0.013124508417722787,-0.013366889647043086,-0.05144013845828052,-0.0015563211319503997,-0.004914255567635233,-0.024675979026476627,-0.022215441094712747,-0.00033684611082694313,0.0,0.011075755633098308,-0.009376931277804151,0.004846489314406339,0.023986338625715163,-0.0007825108447201154,-0.022112748155411914,0.018422518613340443,0.0011962599380580929,0.0013157068550757808,-0.02371761836455649,-0.019127529137864946,-0.008328206853800625,-0.014522329690298753,-0.02379396980087319,-0.012364616961714195,0.020061783103654394,-0.0010795779221132338,-0.014140701624565183,-0.00196684854751783,0.00015116922880030817,0.004502010912439949,-0.001599536323263844,-0.20949175565491074,0.010947045926872621,0.02338915596712158,0.0,-0.020609986999483573,0.0006526094314763149,-0.004730704220085593,-0.004601855130317491,-0.008724560431330776,-0.10760383052619191,-0.020446336000180605,-0.03494663032657658,-0.010509188613976176,-0.0008182425613581295,-0.003342241813838169,-0.0015933935335256189,0.009278483830798753,-0.015838527351214698,-0.029155401198130912,-0.019405883784377336,-0.008765733733417096,-0.08317203073468662,-0.0008128333144618825,0.0,-0.014999351451885313,-0.0008745370072012777,0.000548334238451879,0.0,-0.012274889177917924,0.0,0.04044403241927659,-0.08036533042324015,-0.07307565406563954,0.0031538897080993613,0.0,-0.027568101267782516
0.5818727589424557,0.002263026746158447,0.02499040402027594,0.10887555897902113,0.6689602028763018,0.042024777000507836,0.523438437744452,0.14811534687492323,-0.17181946581703061,0.02130880254217205,0.0037734380531642886,0.24726538086190283,-0.001574907375796573,-0.0034702721733853347,0.018144580615062973,-0.00565991802910064,0.0,-0.008601751561420807,-0.03966967709122571,-0.004148695172398941,-0.0028401501475436956,-0.014713636909140904,-0.0022043026730320585,0.04152163739942212,-6.683024378747147e-05,0.0,0.004015506291380762,-0.03248036540414116,0.0016233573542832156,0.019708777795958535,0.002358935866994822,-0.006474594174135599,0.011281124591397351,0.004275158467158433,0.008384169248025517,-0.017374132334282488,-0.05650224197956712,-0.026438566062594718,-0.010217925455235076,-0.05701561300303398,-0.005549117562303376,-0.0221353471445342,-0.0070292622546120915,-0.019682985518904867,-0.0019371139500504995,-0.001174464610796705,0.001428772341567408,-0.001599536323263844,0.36713232144395264,0.0038305911313674945,0.007639860374025873,0.0,-0.008720670723594367,-0.0021472623081917434,-0.03366495302879274,-0.021329918006048068,-0.003680525307713874,0.18550225960994454,-0.0011884561477731558,-0.015373165542632454,-0.007571800690213007,-0.0033371461325978624,-0.003963827194990156,0.0012747148268204955,0.0030398683825580627,-0.028109826185591585,0.07207133556414506,-0.008851879599025333,-0.004864618664359549,0.16631271011461427,-0.0032669646677410194,0.0,-0.009521519700442379,-0.005330648270868314,-0.00032577720639317704,0.0,-0.0041609106512310885,0.0,-0.005194884889057065,0.09732233474876886,0.1197932329466894,0.009183331571436961,0.0,0.04400136928721855
1.0951939483845585,0.07320174226828004,-0.024848820333828674,-0.06695913050429242,-0.286468365054798,-0.09044053890897892,-0.3387044038210747,-0.0795315502221157,0.7441975374393993,0.024650955280003366,0.00744513541690586,-0.10114464161554533,0.003659285126156286,0.0070467311177201345,-0.02700176808986406,0.00032170759773486596,0.0,0.00896407973660903,-0.014701608161044532,-0.0374578542794748,0.007771145552487422,0.0019789400343592067,-0.006362192586424132,-0.05799289910898556,-3.601190195158532e-05,0.0,-0.0035849464054655143,-0.00125468171858551,-0.002091365877231546,-0.016460426465424075,0.002120304861657225,0.03283550267632164,-0.005174531248421849,-0.002278590358205888,0.0038651233110203235,0.04087065518266722,0.009504601984214536,0.00403478574208083,-0.001439524158867279,0.05029180908562107,0.05488391103922983,-0.019523450313054108,0.0013195646639953067,-0.013167131986975512,0.0005947517997689974,-0.0012951401709839511,-0.0010093312391238692,0.005429864107400678,-0.1738471446472348,-0.002945332120492618,-0.0051279592737907735,0.0,0.0032705011869008423,0.00047815920093765164,0.005472154403005105,-0.0038705815950955532,0.029751289123818258,-0.103450010363448,0.029296669363945926,0.08831131670624658,0.041221625229735014,0.0008509722638124547,0.003342241813838169,0.0016101074517094545,0.0006228469540556331,0.011226519476215363,-0.01762496163523566,0.11048933044681129,0.03085819256478758,-0.06985268050469867,0.0005960777639387122,0.0,0.0769122000778797,-0.0017778416791131239,-0.0003705993072283648,0.0,0.039299042300130066,0.0,-0.011650935000193876,-0.05772277565721152,-0.058069250971994744,-0.0032872668069585543,0.0,-0.03448092522634297
0.8631717666842117,0.0018609668356652418,-0.0009028977992343221,0.04467326143601083,0.35874095608762135,0.039700911556841384,0.5620836276104186,0.1248838406697503,0.11998949242928214,-0.021489094791935025,-0.015797187721867716,0.15196279916400682,0.0031570629018859587,0.0070467311177201345,0.00835664394723035,-0.000496818534648536,0.0,0.0031918376555496223,0.025696303399920337,-0.06616987831243645,-0.0015552963078613521,0.012195327123132128,-0.0031767781143576482,0.043390002783369394,3.5717417566462524e-05,0.0,-0.004308680035046987,0.029735597643248304,0.0006407785809898159,0.02472952327216592,0.0005631689710308236,-0.007568035994024325,-0.005795278500590702,0.004275158467158433,0.002512028564591901,-0.01147366930713043,0.030493651336300855,0.015260120416683804,0.008416144937956041,0.038842862882159886,-0.012839421849291842,0.01627941118702885,0.003905145697006715,0.0029400524483620253,-0.0014289524035308392,0.003404045835821713,-0.0008585208776585385,-0.007058823339620875,0.1055332973125706,-0.0027501679917510216,0.0018672362825395618,0.0,0.005600892947069306,-0.0007631279016931574,0.01658219898379376,0.021894102797296935,-0.004319257897848573,0.05738086056335888,-0.009893061321056964,-0.017623837385722645,-0.0011763698292419963,-0.0008182425613581295,0.003342241813838169,0.004715182029861944,-0.0017994119361755853,0.03280174014975461,-0.033004962099108845,-0.005253838626500836,-0.008437217729533208,0.10271193497474128,-0.0008128333144618825,0.0,-0.0115858091546241,0.003807605907763077,-0.0006158203475748331,0.0,-0.004113410963538004,0.0,-0.00451409595549549,-0.044128208185281945,0.012950638552118659,0.008651123621066733,0.0,0.04116327309258998
-0.7501996684237323,0.026277594352404607,-0.018326521140254147,-0.05855852831098072,-0.5121010816125147,-0.03724324565113578,-0.3809886429564345,-0.11234607215409602,-0.34594565283345563,0.008069794641471725,-0.005409130338052758,-0.13230400374108028,-0.0029497244753019644,-0.0036345585159726825,0.009569972292224772,-0.0014374416183994656,0.0,0.023650370817014085,-0.015845909080140642,-0.018860764270175585,-0.004391941197440943,-0.004135508807033493,-0.024675979026476627,0.012244746335034792,2.1876560473130247e-05,0.0,-0.006597673333111707,-0.009701281483854388,0.005317233259194189,0.007934489747413738,-0.0007825108447201154,-0.004231264394897821,0.018422518613340443,0.0011962599380580929,-0.015564414877650524,-0.0204057763307028,-0.019127529137864946,-0.008328206853800625,0.0021261578565189634,-0.041551643814030176,-0.011341490168907922,0.020061783103654394,0.0005997655122851292,0.06300810194518384,0.00113134708646711,0.00015116922880030817,0.0046940450386507414,-0.001599536323263844,-0.2208712740237895,0.010947045926872621,0.02338915596712158,0.0,0.0022527585199628667,0.0006526094314763149,0.0073582630038292445,0.005746341449599859,0.036513044197364744,-0.11612438191705139,-0.0158551198388957,-0.033919760544529616,-0.0022197159684126284,0.0008509722638124547,0.0019882053866934753,0.0012747148268204955,-0.003633733281879132,-0.023561251879136914,-0.03161643321738186,-0.031853031305171225,-0.006580223320441543,-0.0826337574357162,-0.0008128333144618825,0.0,-0.009241121197017877,-0.0008745370072012777,-0.0006305843742196631,0.0,-0.012043254898426958,0.0,-0.014706920879736945,-0.08286008175940805,-0.07662489312981684,0.0031538897080993613,0.0,0.04371832840067845
0.03561327616766746,0.0012453259327925722,0.011432595449481156,0.12820159386991173,0.5074241208959663,0.04190430704227761,0.599681325268433,0.20828765654765893,-0.30162006391732177,-0.017274024563634017,-0.016005778324761147,0.20796186682639323,0.0019129822812936899,0.0024186745450867487,0.00915722727441582,-0.0019454982101740736,0.0,0.012767259912563878,0.02682153591556523,-0.02389386339597983,-0.0060347810783979265,-0.01405326723095465,0.00457785654820918,0.019498053515570594,-9.71232198109101e-05,0.0,-0.00293069888543254,0.02975874417169233,-0.000705210090952941,-0.010672479918077842,-0.0021948809537504325,0.012582650346550674,0.0012332499525084476,-0.008143158985063664,-0.0073372678524777375,0.02706770446603138,0.027270904239972766,0.013922605905545948,-0.00292735060790361,0.0028069600037644313,0.0468480943371504,0.007643488861723062,0.003905145697006715,0.0016612826627458944,0.0017491947391183578,0.0032974546945845487,-0.0009099113336140489,-0.001599536323263844,0.385570385481445,-0.0027501679917510216,0.002219696016125706,0.0,0.0089309784379842,0.0025002132251529374,0.018219666773373704,0.021802702889724464,-0.003631971440114507,0.18598663827275594,0.01266547066549404,0.06781953301640439,0.017614915427538125,0.0034706319779017787,0.010699729927494774,0.0016101074517094545,0.0005187824607839574,0.020395957064174703,0.028312128121500708,0.04717821787765987,0.016749208605554445,0.08056432638784602,-0.0032669646677410194,0.0,0.042855582578854384,0.003807605907763077,-0.0006158203475748331,0.0,0.013422709459966117,0.0,-0.005194884889057065,0.13752014452706124,0.20550056793908936,-0.010369975486867283,0.0,0.04302501525002142
-0.6657975616635898,0.09395164159636904,-0.01204047486366336,-0.05300474755784593,-0.47010886652200984,-0.03515653872539826,-0.3730713730082853,-0.10531898708425194,-0.2641548845650956,-0.00807872762451385,0.011995838044168063,-0.13501611193476362,-0.0031713804426687807,0.0025331771474961114,0.006889044755087483,-0.0008227760458002557,0.0,0.010096236328848473,0.01948032428758727,-0.03779824949760541,-0.017108215125450427,0.003899384878443782,0.019684154328551248,0.012244746335034792,-3.601190195158532e-05,0.0,0.01117834283736704,-0.00947389742696274,0.00045369734380345584,0.007033740293614325,-0.003957594642783191,0.03846466602261575,0.018422518613340443,-0.002278590358205888,0.0011603634579249555,0.053127763729256774,0.009096997458273913,0.004708268723834479,0.004597058913485611,-0.04090278573215654,0.050717601600915506,0.01236911720657693,0.0005997655122851292,0.06081654643337675,0.0023961316180492846,0.000482771379961236,-0.004713907500666021,-0.001599536323263844,-0.20610660667095979,-0.007859417588523931,-0.007074701126504144,0.0,0.005080736574248262,0.00047815920093765164,0.005472154403005105,-0.006133328781590369,0.03372211499377285,-0.12274314433827326,0.028741033801976807,0.12689921171765936,-0.005690253985087537,0.0008509722638124547,0.0019882053866934753,-0.0009192655001109342,0.003609166638185782,0.02206219917297701,-0.031900591874416365,0.12422819465819704,0.03085819256478758,-0.060987169573548876,-0.0008128333144618825,0.0,0.060904321244100904,-0.0008745370072012777,0.0006406398107704639,0.0,0.039299042300130066,0.0,-0.014706920879736945,-0.08355424022794433,-0.08090046343734346,0.0031538897080993613,0.0,-0.02669513787961597
0.5295777863366821,-0.0338345743756713,0.005383148477356468,-0.05254694266559486,0.15526351405605965,0.026541955653954896,0.19677665012201714,-0.08657366673049326,0.5628611836771636,-0.016418962261788742,0.004271021928458462,-0.09042701642660186,-0.0031713804426687807,-0.0019781301627296187,-0.027791833125679056,-0.0006304644481161247,0.0,0.0034142954296516796,0.02610214611441033,-0.06230806441237285,-0.004989142965889605,-0.005176350964488168,-0.001794142153920349,-0.06863463153257812,-2.0703603117911036e-05,0.0,0.015046950463534733,-0.009498422301500572,-0.000705210090952941,-0.016460426465424075,-0.001026903581183501,0.013841056674730014,0.014009963260219334,-0.002278590358205888,-0.004157699806358028,0.0492418093114646,0.026059006503743053,0.013922605905545948,-0.00031442902128136184,-0.01339698608626895,0.05488391103922983,0.020384027332782724,0.003905145697006715,0.049583711190160945,0.0009801705968413576,-0.003847460811169731,-0.0009099113336140489,-0.001599536323263844,0.09122565437590537,0.0022437763355239683,0.0023260204390690166,0.0,0.008840654559979344,0.0008524341697974738,0.019613518159979686,-0.017652093651471475,0.01233833361837888,0.21035880919031144,0.009324928317123508,0.12089202594069856,0.01775812355221068,0.0008509722638124547,-0.010699729927494768,-0.002012634314636818,-0.0048537355890160404,0.03143954949793424,-0.034591550755451575,0.07521246389674696,0.03085819256478758,-0.0639595696381053,-0.0008128333144618825,0.0,0.08840305581581732,-0.0017778416791131239,0.0005354959544128946,0.0,0.013422709459966117,0.0,-0.005194884889057065,0.08818969034566121,0.024833032027252733,0.0020426063586942156,0.0,0.02462224717047846
-0.6888208700402084,-0.03418534673700009,0.025273461455027384,-0.05318386793517628,-0.5054940172715817,0.034835425879415044,-0.4899865226394422,-0.10542510968533206,-0.3866946491565998,-0.02089926990048859,-0.002404449078639327,0.18879263027423127,0.009413133487321038,0.0070467311177201345,0.007620152381148902,0.006330394893586542,0.0,-0.01494768152005958,0.009601242543017932,-0.08346497115731007,0.02306624824275458,0.012206986427234362,0.012319941046404133,0.012244746335034792,-0.00039473457325166564,0.0,-0.009121624362664262,0.008685670909916385,-0.002038421500588351,-0.006248124324724584,0.006584831983117479,0.04295891659636469,-0.012112737710445722,-0.002278590358205888,0.0014047259399446363,0.053263762601314754,0.009096997458273913,0.00403478574208083,0.0032678376515869155,0.036135672207297416,0.052316565128370095,-0.011994714289613002,0.001045715003379629,-0.019520573876997974,0.0014203654753291068,0.000482771379961236,-0.0019009674452076233,0.0012304125563568037,-0.2399084766689883,-0.0027501679917510216,-0.010394581376250933,0.0,0.005080736574248262,-0.00042844985456993567,0.005472154403005105,0.005746341449599859,-0.013031652216846748,-0.11995722747901476,0.029141384580438502,0.011619213338910443,-0.00464078421028262,0.0008509722638124547,0.003342241813838169,0.0007354124000887474,0.003609166638185782,0.02206219917297701,-0.032645137720385436,0.015841774776428105,-0.009629645999818493,-0.09261064746738094,0.0005960777639387122,0.0,0.0017754711077418496,0.0006246692908580547,-0.0020037650476415828,0.0,-0.012043254898426958,0.0,-0.011650935000193876,-0.08864213294732189,-0.08932132957332702,-0.0044948615682509395,0.0,-0.024805396749611974
0.8207467668101956,0.0012986085238875663,0.02184641855691749,0.07186996599966423,0.6679528711815566,0.03919628046078534,0.5903546335055436,0.11177110563478289,0.4363299454036071,0.0024626256396993763,-0.01875859142424812,0.20329820796098652,0.0031570629018859587,0.0024186745450867487,0.00835664394723035,0.0010021314509265132,0.0,0.010054988343410471,0.03192778694810603,-0.050084753369342275,0.0027469972015565095,0.004276409463509514,-0.001794142153920349,0.04152163739942212,3.5717417566462524e-05,0.0,-0.0020658383735747965,0.029735597643248304,-0.0017797500820027562,-0.01644296162604726,0.0005631689710308236,-0.00653510586004905,-0.006869557556611145,0.004275158467158433,0.010108906765834244,-0.022581014548578145,0.030493651336300855,0.013385732410137414,0.009352553252761903,0.03670737608253433,-0.00602880662053975,-0.021375711211836745,-0.0070292622546120915,-0.012825376710841463,-0.0008882937162758296,0.003404045835821713,-0.0008585208776585385,0.005429864107400678,0.3571827059359002,-0.0016109163434531054,-0.008132989472620396,0.0,-0.009070711975214168,-0.0021472623081917434,0.01528324068521818,0.021894102797296935,-0.0038717905067179857,0.17853976017151643,-0.0027991529891083777,-0.01117018086398888,-0.006290832968794056,-0.0033371461325978624,0.010699729927494774,0.0012747148268204955,6.99738789114475e-05,0.019013625200239387,0.04639519389568096,-0.008598824127039873,-0.008437217729533208,0.12726427018268097,0.0023957740896767554,0.0,-0.01872957049697959,0.003807605907763077,-0.0006158203475748331,0.0,-0.0041609106512310885,0.0,-0.00451409595549549,0.08011495418516952,0.12252759867602359,-0.009904995571720993,0.0,0.022899149535151826
-0.6935676156399045,-0.03221760212224221,0.03031951293777692,0.0339315658102796,-0.4668466950282296,0.035281182208296485,-0.4140443690316078,0.009980624381561182,-0.4141300544440005,0.022082930232512357,-0.008494404261317156,-0.11091983286555206,-0.008158049022344906,-0.0038652043822098086,-0.01207186744847039,0.006330394893586542,0.0,-0.0013821375210354217,-0.021426773401042792,0.125569138776383,0.024870951196120258,-0.004152997763186838,-0.023918030344347866,-0.022215441094712747,2.1876560473130247e-05,0.0,0.002481636519332895,-0.020946601140098924,-0.005672391165972035,-0.012155007820659518,-0.0021025252767626103,0.020752332136348188,0.022615543031962282,0.0011962599380580929,0.010616429809187566,0.04883980183199835,-0.019127529137864946,-0.008328206853800625,0.0021261578565189634,-0.005794604951548083,-0.018181535656757473,-0.0075608871315747,-0.0018822870060833355,-0.053096935587501407,-0.002007226642751206,-0.00034122942611425865,0.004506710811553832,-0.001599536323263844,-0.03864335959273241,0.010947045926872621,-0.006308477628184121,0.0,-0.02160181185904307,0.0005129305802889748,-0.030180892322319932,-0.0072836907187493315,-0.010621504372086603,-0.023052593749420418,-0.020446336000180605,-0.025495437902674722,-0.0175355785044014,-0.0008182425613581295,-0.010699729927494768,-0.0015933935335256189,-0.014909000044418828,-0.04026949905762578,-0.024859147572391653,-0.020001973271343614,-0.009663003684644306,0.059353609751522936,-0.0008128333144618825,0.0,-0.016947265256230304,-0.0008745370072012777,0.000548334238451879,0.0,-0.012043254898426958,0.0,-0.014706920879736945,0.06960768868530401,0.005739984014203928,0.0010737629706463088,0.0,-0.025305541355397265
0.7597877692685333,0.0012453259327925722,0.020933708443834284,0.08983688927625891,0.4935266073908626,0.039700911556841384,0.551325299540121,0.0848694426034236,0.5075523765964908,-0.015693904131192482,-0.01875859142424812,0.17716725436298733,0.0019129822812936899,0.0024186745450867487,0.00835664394723035,0.0011334731056896626,0.0,0.006418345056393684,0.02621857021245511,-0.07000696760978395,0.00630327331853376,0.004228583940317216,-0.0031767781143576482,0.03935784818089075,-2.0703603117911036e-05,0.0,-0.005009642039012888,0.017938382770279294,-0.000705210090952941,-0.015265058494155721,0.0008455619874847514,0.013883134546378415,-0.0086887833358258,-0.008143158985063664,-0.0073372678524777375,0.02895650646059142,0.030493651336300855,0.013249122923792298,0.006472225874303149,0.038842862882159886,0.025728726533235578,0.018074533218574395,0.003905145697006715,-0.004048503962443222,0.0007276854572756924,0.003404045835821713,-0.0006236579761867251,0.005429864107400678,0.3130053524364697,-0.0016109163434531054,-0.008402342355247562,0.0,0.007175696598213687,0.0008524341697974738,0.018219666773373704,0.021894102797296935,-0.004328004041481405,0.18172688731222672,0.01266547066549404,0.08298812952921149,0.016387221184870373,0.0034706319779017787,0.003342241813838169,0.0016101074517094545,-0.0004772412087403774,0.020395957064174703,-0.028969429050622723,0.044424696450676156,0.016749208605554445,-0.0762203853368612,0.0023957740896767554,0.0,0.0491786413430625,0.003807605907763077,-0.0006158203475748331,0.0,0.013422709459966117,0.0,-0.00451409595549549,-0.04810247635183421,0.030882072050763765,-0.009904995571720993,0.0,0.022019900540654207
-0.7303044755491696,0.08731460557492218,-0.012148698420450216,-0.05375527965330379,-0.47740802130755006,-0.03889456996837498,-0.3732216623489355,-0.10467550653630239,-0.38043060436767706,0.016582717117201544,0.009243513271793728,-0.1317262174091547,0.003659285126156286,0.0014920373961640303,0.009569972292224772,-0.0008227760458002557,0.0,0.009931652655941717,0.009269727537650672,0.14292387548358096,-0.017460519616238655,0.003899384878443782,-0.024675979026476627,0.012244746335034792,-0.00039473457325166564,0.0,0.0017741405112197749,0.008685670909916385,-0.0023585448729219415,-0.0010950506569148493,0.0022768904903507714,0.04288694279895244,-0.012112737710445722,-0.002278590358205888,0.0011603634579249555,0.053263762601314754,0.009096997458273913,0.00403478574208083,0.004597058913485611,0.036135672207297416,0.050717601600915506,0.008485637071402754,0.0005997655122851292,0.06081654643337675,0.0023961316180492846,0.000482771379961236,-0.00100933123912387,0.0012304125563568037,-0.19407857665716355,-0.007859417588523931,-0.006186820723720566,0.0,0.005080736574248262,0.00047815920093765164,0.005472154403005105,-0.004632264590674646,0.030512632152386903,-0.10610514178165621,0.028741033801976807,0.12689921171765936,0.04414114809995487,0.0008509722638124547,0.003342241813838169,0.0007354124000887474,0.003609166638185782,0.02206219917297701,-0.031900591874416365,0.11380215825355111,0.03085819256478758,-0.06593451896562776,0.0005960777639387122,0.0,0.05105037763095393,-0.0008745370072012777,-0.0003705993072283648,0.0,0.039299042300130066,0.0,-0.011650935000193876,-0.09071149765516241,-0.0830903565905493,0.003370336821673067,0.0,-0.030816175176426097
0.6795388222382296,0.0017500863016525945,0.032922721239403485,0.09044836666201635,0.6712710624777336,0.039700911556841384,0.6182202302745837,0.14441242424305045,0.40771961220658515,-0.021489094791935025,-0.016005778324761147,0.20683731541396982,0.0031570629018859587,0.0024186745450867487,0.00835664394723035,0.007648291684896148,0.0,0.0031918376555496223,0.022505764911817768,-0.056828192367637476,-0.004827775410350967,0.004276409463509514,-0.0031767781143576482,0.04152163739942212,3.5717417566462524e-05,0.0,-0.002629416290452353,0.029735597643248304,-0.0009574933931994194,0.019708777795958535,0.0005631689710308236,-0.006487154191515227,-0.006869557556611145,0.004275158467158433,0.002512028564591901,-0.024344515826029034,0.030493651336300855,0.013385732410137414,0.009055222232487928,0.03312626323740529,-0.006023922449881022,0.018074533218574395,0.003905145697006715,-0.005476061328240306,-0.0005365813784330595,0.003404045835821713,-0.0008585208776585385,0.005429864107400678,0.3569360384432832,-0.0016109163434531054,0.003368455234940179,0.0,-0.0032850205926817384,-0.0021472623081917434,0.01658219898379376,0.021783405045602913,-0.004327482571262935,0.20393086454884723,-0.009893061321056964,-0.014605101189832874,-0.001422287646603855,-0.0033371461325978624,-0.010699729927494768,0.0012747148268204955,-0.0027791844274532565,0.021758147715995067,0.07207133556414506,-0.009164340939285068,-0.008437217729533208,0.1220201819001611,0.0023957740896767554,0.0,0.003855339328185583,0.003807605907763077,-0.0006158203475748331,0.0,-0.004113410963538004,0.0,-0.00451409595549549,0.07330564880971119,0.1401240648303342,0.008651123621066733,0.0,0.022899149535151826
-0.658440627989703,-0.016089768832442168,0.030259388739562,0.037706095289200166,-0.34057580279152017,0.03444649943800148,-0.08813357799925564,0.01576908977915651,-0.3874817287677798,-0.020238116125969804,-0.002404449078639327,0.1756228723338488,-0.008158049022344906,-0.010110527255859324,0.004939224844011613,0.006330394893586542,0.0,-0.009717524061651297,0.007549065907976013,-0.07635904839915454,0.024346201487501617,-0.014041607926852419,0.012319941046404133,-0.022215441094712747,0.0006204430207174053,0.0,0.0034127674385590855,-0.020849634990940336,-0.002038421500588351,-0.013991617694733473,-0.0031060968061167025,-0.02419760154252288,-0.01490808732286028,0.0011962599380580929,0.01309485605932247,-0.025234897189740233,-0.05650224197956712,-0.02769665704094902,0.0032678376515869155,0.035415804739701504,-0.018181535656757473,-0.015291571102646204,-0.0018822870060833355,-0.0562852523281271,-0.002007226642751206,-0.0010259983783592226,0.0046940450386507414,-0.001599536323263844,-0.2513193916444566,-0.0027501679917510216,-0.008729953233737773,0.0,-0.007514455268829849,-0.0004092919778769088,0.0002488290468902537,-0.003742363434177864,-0.011885179206674413,-0.11955147443509036,0.007073249715318534,-0.01999010441575318,-0.0175355785044014,-0.0008182425613581295,-0.003342241813838169,0.004715182029861944,0.009278483830798753,-0.015838527351214698,-0.004506490595602321,-0.023034025169673334,-0.016285025429194917,0.06802769534490183,-0.0008128333144618825,0.0,-0.02522229089035818,-0.0008745370072012777,0.0017424043892535455,0.0,-0.012274889177917924,0.0,-0.011650935000193876,-0.07448811001308274,-0.0822517376890251,0.003066808137087951,0.0,-0.02410433798842149
0.5307340636134811,0.0012453259327925722,0.033252545412468186,0.09592876361102333,0.6784747501194985,0.044279742753888275,0.5915651000800091,0.15706676419018076,0.15563389043197737,0.021965422307960707,0.008016396497289476,0.23950340687282806,0.0031570629018859587,0.0014408630487185042,-0.029861000138795637,0.005201647193085426,0.0,0.010667964017896412,0.005408927284252313,0.13145401978669455,0.008129418297915931,0.012079856490559735,-0.0022043026730320585,0.0053608849120535046,3.5717417566462524e-05,0.0,-0.002390897322976573,0.029735597643248304,-0.0017797500820027562,-0.008269038560113722,0.0015667405003849154,-0.0022560663056563944,-0.006869557556611145,0.004275158467158433,-0.0033563300003383654,-0.0027942905443167337,0.027270904239972766,0.013385732410137414,0.009055222232487928,0.03670737608253433,-0.0065036115081173965,-0.02091115517167111,0.003905145697006715,-0.018836933151533314,0.0014486192343459233,0.003404045835821713,-0.0008585208776585385,0.0012304125563568037,0.3626351290675357,-0.0027501679917510216,-0.008399739143799044,0.0,-0.0015297387529112265,0.0024153294156092557,0.01658219898379376,-0.012099592349109409,-0.0038717905067179857,0.1624667791328127,-0.002470522701296926,-0.014605101189832874,-0.001422287646603855,0.0034706319779017787,0.010699729927494774,0.0012747148268204955,-0.0004772412087403774,0.021758147715995067,0.07319272821441986,-0.01285319679891322,0.001863202315663684,0.16692179971307522,0.0023957740896767554,0.0,-0.002467719436022534,0.003807605907763077,-0.0006158203475748331,0.0,-0.004113410963538004,0.0,-0.00451409595549549,0.10416465917586926,0.1323060494505831,-0.009904995571720993,0.0,0.03482658433542074
-0.757025884262775,-0.03203538906555954,0.019944352537526407,-0.05855852831098072,-0.5017811025055534,-0.0033698150117812977,-0.4222423608554373,-0.09966721314373526,-0.42632148329648184,0.028179526256048255,-0.008494404261317156,-0.13845483832992614,-0.008158049022344906,-0.010110527255859324,-0.01778340872324113,-0.0057963289770815675,0.0,0.014636724656649017,-0.02568378539629009,-0.028958101108372672,-0.018679565079988858,-0.004914255567635233,-0.023918030344347866,-0.022215441094712747,0.0009990612351316007,0.0,-0.011275394512150108,-0.009701281483854388,-0.005672391165972035,-0.007426027456616124,-0.003957594642783191,-0.02263466173543812,-0.012112737710445722,0.0011962599380580929,-0.013529765646639422,-0.023798638969186773,-0.006293673340571768,-0.008328206853800625,-0.017418848215930555,-0.02655294550378554,-0.011821179227144298,-0.0014274531795773373,0.001045715003379629,-0.016332257136372277,-0.0003206435499911891,-0.00029490203424287903,-0.004336068066075437,-0.001599536323263844,-0.23672779631819016,-0.007859417588523931,-0.011239085330868315,0.0,0.0022527585199628667,0.0006526094314763149,0.0073582630038292445,-0.004632264590674646,-0.008183633054715131,-0.11769123061603294,-0.015696603228427485,-0.03193870353614949,-0.005943657574789998,0.0008509722638124547,0.003342241813838169,0.0012747148268204955,-0.003633733281879132,-0.023561251879136914,-0.03300552019905543,-0.027598182466666843,-0.008765733733417096,-0.08438312002469826,-0.0008128333144618825,0.0,-0.011189035001362872,-0.0008745370072012777,-0.0006305843742196631,0.0,-0.012043254898426958,0.0,-0.014706920879736945,-0.10529950676300875,-0.08188929930025374,0.003064104238765084,0.0,-0.03475211818242804
0.8603150680446303,0.0017006684343807716,0.02184641855691749,0.0694038058318833,0.682291236246749,0.044279742753888275,0.5679265726734615,0.11179546396246452,0.4522568702229845,0.021965422307960707,0.008016396497289476,0.20329820796098652,0.0031570629018859587,0.0014408630487185042,-0.027537827467382356,0.0010021314509265132,0.0,0.0166968834709339,-0.005256777262947008,0.12803924198191918,0.006461535739401269,0.004228583940317216,-0.0022043026730320585,0.007524674130584877,3.5717417566462524e-05,0.0,-0.0012124965702225768,0.029735597643248304,-0.0017797500820027562,-0.008269038560113722,0.0015667405003849154,-0.006158271991308203,-0.006869557556611145,0.004275158467158433,0.002512028564591901,-0.02241299038289054,0.029281753600071143,0.013385732410137414,0.009352553252761903,0.03745286142205398,-0.0065036115081173965,-0.02091115517167111,0.003905145697006715,-0.012825376710841463,-0.0004631421371651723,-0.003770762612859616,-0.0008585208776585385,0.005429864107400678,0.3327457461086087,-0.0016109163434531054,-0.008132989472620396,0.0,-0.005549839013041184,-0.0021472623081917434,-0.034814031523686534,-0.02097617959103633,-0.0038717905067179857,0.16431147554520292,-0.010697895335348262,-0.012614325681339916,-0.006290832968794056,-0.0033371461325978624,0.010699729927494774,0.0012747148268204955,6.99738789114475e-05,0.019013625200239387,0.04639519389568096,-0.008363507775975616,-0.008437217729533208,0.12080996428982757,0.0023957740896767554,0.0,-0.01872957049697959,0.003807605907763077,-0.00032577720639317704,0.0,-0.004113410963538004,0.0,-0.00451409595549549,0.08129756178287931,0.11143627709496473,-0.009904995571720993,0.0,0.021065793027825592
-0.762154881041143,-0.03157916897747486,-0.008612281781825345,-0.05403346673660229,-0.4556092478266645,-0.0017184906945420914,-0.3970520413424687,-0.10064712286721592,-0.3955603589177364,0.01280972312185366,-0.005409130338052758,-0.1283931362509825,-0.0029497244753019644,0.0025331771474961114,0.006889044755087483,-0.0014374416183994656,0.0,0.013124508417722787,-0.018445782659907747,-0.03998301788431596,-0.003950170711411911,-0.0034751391288472405,-0.023918030344347866,0.012634567369182743,2.1876560473130247e-05,0.0,0.01060237859264602,-0.009376931277804151,0.005317233259194189,0.013068383928864712,-0.0028019860539535354,-0.02263466173543812,0.018422518613340443,0.0011962599380580929,-0.012981850526420358,-0.02371761836455649,-0.019127529137864946,-0.008328206853800625,0.0021261578565189634,-0.043800785902722045,-0.01815698956831874,0.01236911720657693,0.001045715003379629,0.06300810194518384,-0.0014392704358157497,0.00015116922880030817,-0.004336068066075437,-0.001599536323263844,-0.2317106538136644,0.010947045926872621,0.02338915596712158,0.0,0.010113590768801788,0.0006526094314763149,-0.020864094693425896,-0.003742363434177864,0.02895394413879884,-0.11710648947170156,-0.019342869167045546,-0.03689013160735801,-0.0054134423980855256,-0.0008182425613581295,-0.003963827194990156,-0.0015933935335256189,0.009278483830798753,-0.015838527351214698,-0.03161643321738186,-0.02587383654935059,-0.008765733733417096,-0.07596489305428465,-0.0008128333144618825,0.0,-0.009627212707064469,-0.0008745370072012777,0.000548334238451879,0.0,-0.012043254898426958,0.0,0.04044403241927659,0.15638372023591912,-0.08563519556862219,0.003064104238765084,0.0,0.03856113950146385
0.9230540413926716,0.0022927854627883292,0.02009642843994126,0.0713861185216905,0.6495292779899983,0.042024777000507836,0.5084792443307092,0.10117237457429738,0.4541495246790178,0.022631500213159506,0.0037734380531642886,-0.09797065039291905,-0.001574907375796573,-0.0014004461329059244,0.01780237531491867,-0.0010213654330985871,0.0,-0.009799647999053078,-0.03862849504999739,0.11121538941816611,-0.002023149985182688,-0.005176350964488168,-0.0022043026730320585,0.04152163739942212,-6.683024378747147e-05,0.0,0.0019254453111238134,-0.03248036540414116,0.0016233573542832156,0.008919199348926269,0.00041869757691023746,-0.007944869862765172,0.011281124591397351,0.004275158467158433,0.008384169248025517,-0.022397369443694463,-0.06225714750872444,-0.026438566062594718,-0.01726093553687285,-0.05701561300303398,-0.005549117562303376,0.018319750946028758,-0.0070292622546120915,-0.0046125463728506995,-0.0009617329575437168,-0.0014571396618756113,0.001428772341567408,-0.007058823339620875,0.28967131118184025,0.0022437763355239683,0.007593035132314888,0.0,-0.008557505008488817,0.002380485277456927,-0.03366495302879274,-0.020435544191862706,-0.003680525307713874,0.1834588794278225,0.0014125728160451932,-0.011692702752751373,-0.0063261958752990925,-0.0033371461325978624,-0.003963827194990156,-0.0015933935335256189,0.0018285549137855382,-0.026708649912562044,0.07319272821441986,-0.01556931261248666,-0.004864618664359549,0.10056993967994664,-0.0032669646677410194,0.0,-0.02079732352662518,-0.005330648270868314,0.0002832845272984141,0.0,-0.0041609106512310885,0.0,-0.005194884889057065,0.07335052803536013,0.04703902955032386,0.008651123621066733,0.0,0.025739918825890766
-0.4321308383012802,0.024370312387476757,-0.018434744697041,-0.07176633367654779,-0.4508201447954306,-0.03889456996837498,-0.44817720264062044,-0.10908896728900913,-0.13878028120341757,0.029549568322212574,0.007427932996151811,-0.135841555403269,0.009413133487321038,0.0070467311177201345,0.009569972292224772,-0.0014374416183994656,0.0,-0.004519989104168124,0.009154256526965807,-0.023226335684416257,-0.011607759967825967,0.003899384878443782,-0.024675979026476627,0.012634567369182743,0.0002391276433610992,0.0,-0.006479698048202663,0.008565617582386695,-0.005405212170281639,0.023986338625715163,-0.003957594642783191,-0.02119790367380526,-0.012112737710445722,0.0011962599380580929,-0.012798150763374913,-0.025315917794370525,0.008863341082394149,0.004957753295860195,-0.012550221699207147,0.04033506705387394,-0.01815698956831874,-0.008347331359284822,0.0005997655122851292,-0.014546242683513788,-0.00031032551770627864,-0.0016785500969265926,-0.004713907500666021,-0.001599536323263844,-0.2300685287473321,-0.007859417588523931,-0.007362636878564231,0.0,0.0022527585199628667,9.16973376505828e-05,0.0073582630038292445,0.006273126682717695,-0.008183633054715131,-0.100054430772465,-0.015696603228427485,-0.033919760544529616,-0.0033197108037602407,0.0008509722638124547,0.003342241813838169,0.0012747148268204955,0.003609166638185782,0.0223105151772151,-0.029155401198130912,-0.025754637380410037,-0.009416988771339379,-0.11172282778776103,-0.0008128333144618825,0.0,-0.009154083853013473,0.0006246692908580547,-0.0020037650476415828,0.0,-0.012043254898426958,0.0,-0.011650935000193876,-0.09071149765516241,-0.07739642584087629,0.003370336821673067,0.0,-0.030115116415235614
1.1465927201931208,0.07279853420242743,-0.02436528764340165,-0.06447085243390914,-0.18362516421189898,-0.09044053890897892,-0.334209296888868,-0.06890927333358235,0.7972596909696789,0.014588446538130538,0.0219860838601271,-0.08466178199727994,0.003659285126156286,0.0026939303269947175,0.018031511188661788,-0.00032853125108243324,0.0,0.000869749437704848,-0.014701608161044532,0.18929739115230848,0.0011903736017805293,0.002101535037471858,-0.006362192586424132,0.03364434869211201,-3.601190195158532e-05,0.0,-0.005410895743277352,-0.009581228156324699,-0.002091365877231546,-0.008286503399490537,0.0022768904903507714,0.03283550267632164,-0.005795278500590702,-0.002278590358205888,-0.001949202036008612,0.0397159041230256,0.009738258360094301,0.00403478574208083,-0.001439524158867279,0.05029180908562107,0.05488391103922983,0.013964796619667558,0.0013195646639953067,0.044076737567133775,0.0005947517997689974,0.0008661813059038775,-0.0010093312391238692,0.005429864107400678,-0.1595305419201348,-0.002945332120492618,-0.0051279592737907735,0.0,0.0032705011869008423,0.00043120092715908265,0.005472154403005105,-0.00675792271526874,0.029751289123818258,0.015167484253861507,0.029296669363945926,0.0887948493966736,0.041221625229735014,0.0008509722638124547,0.003342241813838169,-0.002012634314636818,0.0006228469540556331,0.011226519476215363,-0.01762496163523566,0.11048933044681129,0.030236540028589044,-0.06341088910985682,0.0005960777639387122,0.0,0.08167566676027271,-0.0017778416791131239,0.0003222602671550997,0.0,0.039299042300130066,0.0,-0.011650935000193876,-0.05772277565721152,-0.05442125401794517,-0.0032872668069585543,0.0,-0.04119090064658019
-0.6688379637766163,0.02450678463535373,-0.018326521140254147,-0.05375527965330379,-0.5157207845398247,-0.03594813090898643,-0.45068083140425297,-0.10378878140162676,-0.3667631125713711,-0.006324385254461483,0.009335307836501891,-0.13962208679198013,0.009413133487321038,0.0070467311177201345,-0.004228596492244443,-0.0014374416183994656,0.0,0.002636075132421839,0.031960143142989596,-0.03558458196297387,-0.018610629370092054,0.003899384878443782,0.019684154328551248,-0.022215441094712747,-0.00011959502793898111,0.0,-0.009121624362664262,0.008565617582386695,-0.005672391165972035,-0.007307490717789507,0.006584831983117479,-0.023881658865946585,-0.012112737710445722,0.0011962599380580929,0.010497661611811674,-0.025315917794370525,0.008863341082394149,0.004957753295860195,0.013733772432728473,0.036135672207297416,-0.009434980304959203,-0.008347331359284822,-0.0010795779221132338,-0.03346333325568633,-0.0024300586379299494,-0.0016785500969265926,-0.0019009674452076233,0.0012304125563568037,-0.23278723469026644,-0.007859417588523931,-0.006439894738403533,0.0,0.0022527585199628667,-0.000629067619689401,0.0073582630038292445,0.005746341449599859,-0.013025961659592095,-0.12711242533658404,-0.016800070061562544,-0.033919760544529616,-0.0020168374392528637,-0.0008182425613581295,0.003342241813838169,0.0012747148268204955,0.003609166638185782,0.0223105151772151,-0.03292929637741994,-0.023046247365239445,-0.009416988771339379,-0.09398166903665149,0.0005960777639387122,0.0,-0.009154083853013473,0.0006246692908580547,-0.0020037650476415828,0.0,-0.012274889177917924,0.0,-0.011650935000193876,-0.08830340753640387,-0.08230115257389736,0.00315659360642223,0.0,-0.030115116415235614
0.8117180581756841,0.0012453259327925722,0.02184641855691749,0.07186996599966423,0.6522364322095702,0.03919628046078534,0.5911554139774989,0.11461102409287789,0.45477222102370213,0.0024626256396993763,-0.004162796661337328,0.20329820796098652,0.0031570629018859587,0.0024186745450867487,-0.01169492365827349,0.0010021314509265132,0.0,0.01029235759955243,0.022505764911817768,-0.01754493724104182,0.006461535739401269,0.004228583940317216,-0.001794142153920349,0.04152163739942212,3.5717417566462524e-05,0.0,-0.0020658383735747965,0.02975874417169233,-0.0009574933931994194,-0.01644296162604726,0.0005631689710308236,0.012709064063111373,0.011281124591397351,0.004275158467158433,0.002512028564591901,0.02925921462690777,0.030493651336300855,0.013385732410137414,0.009352553252761903,0.03670737608253433,-0.0065036115081173965,-0.021375711211836745,-0.0070292622546120915,-0.012825376710841463,-0.0008882937162758296,0.003404045835821713,-0.0008585208776585385,0.005429864107400678,0.34304514133170927,-0.0016109163434531054,-0.008132989472620396,0.0,-0.009070711975214168,-0.0021472623081917434,-0.003380425082437223,0.021894102797296935,-0.0038717905067179857,0.19062295298236867,-0.0027991529891083777,-0.01117018086398888,-0.006290832968794056,-0.0033371461325978624,0.010699729927494774,0.0012747148268204955,6.99738789114475e-05,0.019013625200239387,0.04639519389568096,-0.009164340939285068,-0.008437217729533208,0.12726427018268097,0.0023957740896767554,0.0,-0.01872957049697959,0.003807605907763077,-0.0006158203475748331,0.0,-0.004113410963538004,0.0,-0.00451409595549549,0.08011495418516952,0.11649974122940675,-0.009904995571720993,0.0,0.021065793027825592
0.8086758862433664,-0.03415324234806886,-0.035903850062934325,-0.07596773873428449,0.1384723808892218,-0.0850785481347843,0.07498492414196213,-0.07838563608310982,0.6944146431208831,0.02715133281685544,0.005342354838171705,-0.10727952186965592,-0.0029497244753019644,-0.010110527255859324,-0.027562697251935938,-0.0012451300207153345,0.0,0.005637938620409826,-0.02213262544500748,-0.06620891119596875,-0.001726725829668995,-0.002604728866216344,-0.006362192586424132,-0.07626600053009314,-6.683024378747147e-05,0.0,0.0057484110448028265,-0.00947972702852655,0.004846489314406339,0.024129680136148537,0.00010084628003208186,-0.015414191226983051,-0.0030077459762002027,0.0011962599380580929,0.004909669816807757,-0.02370529902969989,-0.06225714750872444,-0.02769665704094902,0.017293808603603255,-0.04843737649420678,-0.012364616961714195,-0.02058583628631475,-0.002375216395191556,-0.022499613728979437,-0.000847452437189668,-0.001533837860185727,0.0014672208510589152,-0.007058823339620875,-0.1823555657391919,0.0041024268821147165,0.01648541110707216,0.0,-0.007565680148929322,-0.0004092919778769088,-0.002107945180158232,-0.017652093651471475,-0.009388883464729134,-0.14034846235305792,0.014377917150219278,-0.030927829793026294,-0.014360665091908361,-0.0008182425613581295,-0.0019882053866934753,0.004715182029861944,-0.012096635509080956,-0.023561251879136914,-0.007227685092159835,-0.016192975512524976,-0.008765733733417096,-0.08180512383296733,-0.0008128333144618825,0.0,-0.03416408940214939,-0.0017778416791131239,0.0002832845272984141,0.0,-0.0041609106512310885,0.0,-0.005194884889057065,-0.03993392490694176,-0.05819565196485631,0.0026137283160357523,0.0,0.010024674293885118
0.3340792775531509,0.07164042571624477,-0.025917366032327208,-0.07219750219810511,-0.3688432199042314,-0.07897365496811179,-0.3215172944429857,-0.07879255307410682,0.2933031841393206,0.018285265596479156,0.016289200910354802,-0.10969325118729538,-0.0017554593655589438,0.0014920373961640303,0.018031511188661788,-0.0006304644481161247,0.0,0.0013275431787637749,-0.014675513816525827,0.2501953963441359,0.0021182439179317494,-0.0034751391288472405,-0.00314814922532045,0.012244746335034792,-3.601190195158532e-05,0.0,0.0048625018363855745,-0.00947389742696274,0.0019468738079875066,0.00881325828027819,-0.0008249597393203619,0.03283550267632164,0.018422518613340443,-0.002278590358205888,0.0036216799145900066,0.04883980183199835,0.008863341082394149,-0.007859175858392282,-0.00031442902128136184,-0.0017219187939084713,0.0468480943371504,0.008485637071402754,0.0007821817448583936,0.06300810194518384,0.0017011043739115887,-0.0012951401709839511,-0.00162048130085424,-0.001599536323263844,-0.17424465472663042,0.010947045926872621,0.014736144772124071,0.0,0.011745116569351056,0.00047815920093765164,-0.01349914353390007,-0.005807456510728499,0.028958980853218932,-0.08652748027871496,0.028444176551161302,0.13437635266891704,0.04748882879268982,0.0008509722638124547,-0.010699729927494768,-0.0009192655001109342,0.0024811247947834347,0.0024840445641099674,-0.02338540473481879,0.10531144561392053,0.030236540028589044,-0.0706422553274099,-0.0008128333144618825,0.0,0.051042785238095675,-0.0017778416791131239,0.0003222602671550997,0.0,0.039299042300130066,0.0,0.04044403241927659,0.1463907605028034,-0.041374998185002336,0.002613178892309758,0.0,0.04761210312556409
-0.7406437319767117,-0.014372984756483392,-0.012312719535841671,-0.003830356396218632,-0.18278613510347097,-0.0021074171359556563,-0.05735499252067682,-0.10044416474861072,-0.3510009026865902,0.02095747683703121,-0.005409130338052758,-0.13255755312047154,-0.0029497244753019644,-0.0036345585159726825,0.006889044755087483,-0.0014374416183994656,0.0,0.013124508417722787,-0.018445782659907747,-0.024282100900775518,-0.004404299292662985,-0.004135508807033493,-0.023918030344347866,0.012634567369182743,-0.0003567416539410652,0.0,0.0011154402085924893,-0.020952430741662736,0.005317233259194189,0.013068383928864712,0.001475578742242624,-0.02389887256170086,0.022615543031962282,0.0011962599380580929,0.013665472663489261,-0.017127924087384283,-0.05650224197956712,-0.02769665704094902,0.0021261578565189634,-0.043800785902722045,-0.015770790646133646,0.020061783103654394,-0.0018822870060833355,0.049044818008092,-0.00354868552375451,-0.0005335997234446541,0.0046940450386507414,-0.001599536323263844,-0.215845886459796,0.010947045926872621,0.02338915596712158,0.0,-0.020609986999483573,0.0004615001777263225,0.0002488290468902537,-0.003742363434177864,-0.008724560431330776,-0.11710648947170156,0.0070804723724509884,-0.023838164394561066,-0.020667075835387096,-0.0008182425613581295,-0.003963827194990156,-0.00589397753732743,0.009278483830798753,-0.015838527351214698,-0.0034777860925987465,-0.01871711483363924,-0.008765733733417096,0.07290685596701285,-0.0008128333144618825,0.0,-0.025497328204463262,-0.0008745370072012777,0.000548334238451879,0.0,-0.012274889177917924,0.0,0.04044403241927659,0.14787332486526755,-0.08605888212813384,0.003064104238765084,0.0,0.039391334997000246
0.5009373729610715,0.0021521462121458,0.02765373652011743,0.09407408082899982,0.65301551358425,0.03585559549984376,0.5526185770036387,0.14429961220073617,0.15232262247710976,0.020676612944098848,0.0037734380531642886,0.25815386452840766,0.0031570629018859587,0.0009760685168738261,0.018056380973215373,-0.004855705893330638,0.0,-0.013340982962587988,-0.006600508898400795,0.17009100736615895,-0.005444306921819549,0.012195327123132128,0.0010097406880716238,0.03935784818089075,3.5717417566462524e-05,0.0,-0.0019365269528557698,-0.03255150240155913,-0.0017797500820027562,0.008018449895126855,0.0015667405003849154,0.012709064063111373,-0.006869557556611145,-0.008143158985063664,-0.008608284013070207,0.01010507612664463,0.026059006503743053,0.012048217898999555,-0.010217925455235076,0.03387174857692494,0.00954968558354168,0.011075498235972495,0.0014930690975474,0.014255391243718609,0.0016180944065025858,-0.003770762612859616,-0.0008585208776585385,0.0012304125563568037,0.34461641241865587,-0.0027501679917510216,-0.0007833740424294778,0.0,0.0089309784379842,0.0025002132251529374,0.018774046776450858,-0.021086877342730355,-0.0033542895647396508,0.16107800761204566,-0.002470522701296926,-0.015642780377342517,-0.001422287646603855,0.0034706319779017787,-0.010699729927494768,0.0012747148268204955,-0.0027791844274532565,0.020395957064174703,0.07319272821441986,-0.012417599410311219,-0.0015470058829111727,0.1293737456832285,-0.0032669646677410194,0.0,-0.008280571361681657,-0.005330648270868314,-0.00032577720639317704,0.0,-0.004113410963538004,0.0,-0.00451409595549549,0.1014749637311758,0.13673012117944625,0.008651123621066733,0.0,0.04380608265863414
-0.6058405045128911,-0.04517677787798091,-0.02589088102174692,-0.05422760474717112,-0.45495934558933826,-0.03594813090898643,-0.41922873745550476,-0.09793864900559218,-0.3597639529813106,-0.021062822948328917,0.00925561498374151,-0.1317191359114051,-0.0029497244753019644,-0.010110527255859324,-0.01207186744847039,0.0015563754055061445,0.0,0.005834583215236311,0.007956195387808729,-0.09684875466349929,0.02553367068979676,-0.004152997763186838,0.019684154328551248,-0.022215441094712747,2.1876560473130247e-05,0.0,0.014775115185327623,-0.00947389742696274,-0.002038421500588351,0.012955235223621124,-0.0007825108447201154,0.04295891659636469,0.018422518613340443,0.0011962599380580929,0.01031396184876623,0.053127763729256774,-0.019127529137864946,-0.008328206853800625,0.0021261578565189634,-0.040761329129063203,-0.015770790646133646,-0.011644188172318024,-0.0010795779221132338,-0.04385247524939248,-0.002007226642751206,0.00015116922880030817,0.0046940450386507414,-0.001599536323263844,-0.21784225404554255,0.010947045926872621,0.018561930732214457,0.0,-0.020609986999483573,0.0006526094314763149,0.0002488290468902537,-0.003742363434177864,0.03372211499377285,-0.13575988604932504,0.007355118961158193,-0.03269961497733557,-0.020667075835387096,-0.0008182425613581295,-0.003963827194990156,-0.0015933935335256189,0.009278483830798753,-0.015838527351214698,-0.03161643321738186,-0.02881920740208461,-0.012466411450716327,-0.07831341809181093,-0.0008128333144618825,0.0,-0.014999351451885313,-0.0008745370072012777,0.0017424043892535455,0.0,-0.012043254898426958,0.0,0.04044403241927659,0.1463153747957555,-0.08414492633467209,0.0031538897080993613,0.0,-0.027399720830441527
-0.6090478485869986,-0.008073825946199577,0.019944352537526407,0.11407964852058766,0.6501358276691512,0.031216755562908715,0.5968637379451402,0.18750439784758632,-0.3114213652807858,0.010746270890312928,-0.010446913188243374,0.2743250144848782,0.0031570629018859587,0.0009760685168738261,0.006782670760098875,-0.00565991802910064,0.0,-0.012945944689215885,-0.013717531273374328,0.17472460224717973,-0.012131491657077392,0.012195327123132128,-0.008709636364744254,0.019498053515570594,-4.070219912653654e-05,0.0,-0.0005585458032413232,-0.03255150240155913,-0.0018452603165229975,0.004722563965080294,0.0015667405003849154,0.015245717188555587,-0.00951142086877857,-0.008143158985063664,-0.009469207352616813,0.01010507612664463,0.027270904239972766,0.012048217898999555,-0.003411447931082957,0.023712241435470488,0.050717601600915506,0.011075498235972495,0.0006516467399649208,0.0255121432871906,0.0028181411016078685,0.0032974546945845487,-0.0009119427168842579,0.0012304125563568037,0.4281336243835417,-0.0027501679917510216,-0.0007833740424294778,0.0,0.0089309784379842,0.0025002132251529374,0.018774046776450858,-0.017548154543033715,-0.004102493029093101,0.21007875975664123,-0.002389660977101837,-0.015642780377342517,-0.0008075275118124151,0.0034706319779017787,-0.010699729927494768,-0.00589397753732743,-0.003435654573276112,0.020395957064174703,0.10384681684291572,-0.011295983675155729,-0.0015470058829111727,0.11985334381714799,0.0023957740896767554,0.0,-0.019621612198733304,-0.0015668788045689547,0.0002832845272984141,0.0,-0.004113410963538004,0.0,-0.00451409595549549,0.14769664504897811,0.24555437193026444,0.009303601125290563,0.0,0.03663649567669505
-0.7189754189534533,-0.04343059188445036,-0.018434744697041,-0.05894130317532889,-0.48238491077699386,-0.03889456996837498,-0.42939780315526765,-0.09884692654470714,-0.3738477390881994,0.02432951089327206,-0.008494404261317156,-0.13006953290130774,-0.008158049022344906,-0.010110527255859324,-0.01778340872324113,-0.0014374416183994656,0.0,0.01385479571826051,-0.012767644127577762,-0.007832138649971506,-0.018679565079988858,-0.004914255567635233,-0.024675979026476627,0.0027892929383882435,2.1876560473130247e-05,0.0,-0.011275394512150108,-0.009701281483854388,0.0042151834680434945,0.012955235223621124,-0.0028019860539535354,-0.02263466173543812,0.018422518613340443,0.0011962599380580929,-0.013112556040058797,-0.023798638969186773,-0.019127529137864946,-0.008328206853800625,0.0021261578565189634,-0.04453608549294673,-0.01815698956831874,-0.011644188172318024,0.0005997655122851292,-0.012354687171706694,-0.0003206435499911891,0.00015116922880030817,-0.004336068066075437,-0.001599536323263844,-0.22871124237875778,0.010947045926872621,0.003786494412677515,0.0,0.0022527585199628667,9.16973376505828e-05,0.0073582630038292445,0.005746341449599859,-0.008178958668398809,-0.1178793727935284,-0.0158551198388957,-0.033919760544529616,-0.0033197108037602407,0.0008509722638124547,0.0019882053866934753,0.0012747148268204955,-0.003633733281879132,-0.023561251879136914,-0.03161643321738186,-0.021636085388878214,-0.007201875856640084,-0.0826337574357162,-0.0008128333144618825,0.0,-0.011189035001362872,-0.0008745370072012777,-0.0006305843742196631,0.0,-0.012043254898426958,0.0,-0.014706920879736945,-0.08596233034670288,-0.0935252749338885,-0.004565762808670318,0.0,-0.03475211818242804
0.8948640310785823,0.0021521462121458,0.016485640451773767,0.07001528321764074,0.5489221475469691,0.03585559549984376,0.5035943620434135,0.06321081934257648,0.4570451720213747,0.020676612944098848,0.0055327317099155586,0.007798149899954667,0.0019129822812936899,0.0009760685168738261,0.018056380973215373,-0.0001256925934725644,0.0,0.018534953520939382,-0.00921360186679913,0.16459114677560552,-0.004677326030479036,0.004276409463509514,0.0010097406880716238,0.03935784818089075,-2.0703603117911036e-05,0.0,-0.0012124965702225768,0.02975874417169233,-0.0010789631313180943,0.008018449895126855,-0.0011913094243963405,0.013883134546378417,0.011281124591397351,-0.008143158985063664,-0.0073372678524777375,0.02349784759954785,0.029281753600071143,0.015180696883900256,-0.003692112162387339,-0.01407470003128681,0.024129763005780996,0.017527579396102177,0.0014930690975474,0.021639775694146532,0.0008971606294323547,-0.003770762612859616,-0.0009099113336140489,-0.007058823339620875,0.2566165412974098,-0.0016109163434531054,0.002850273780725202,0.0,0.008840654559979344,0.0008524341697974738,0.018219666773373704,-0.021086877342730355,-0.0033573455097776995,0.15586649730097651,0.010300898880204627,0.04472269134104886,0.01675230535508524,0.0034706319779017787,-0.010699729927494768,0.0016101074517094545,-0.0022319693398014312,0.017651434548419023,-0.034591550755451575,0.0757506277510716,0.016749208605554445,0.06214869465148328,-0.0032669646677410194,0.0,0.0491786413430625,-0.005330648270868314,-0.00032577720639317704,0.0,0.013422709459966117,0.0,-0.005194884889057065,0.089372297943371,0.05562053440674458,0.010033560617258984,0.0,0.02586115774707263
-0.7598938158823256,-0.043069584992558925,-0.022026958894270476,-0.0542279301016437,-0.5047537567486077,-0.03638351351748474,-0.3943265292491265,-0.09786203948771344,-0.3997440942316864,0.015811008502354326,-0.005409130338052758,-0.13187163416336256,-0.0029497244753019644,-0.002140749307539696,0.006889044755087483,-0.0014374416183994656,0.0,0.013124508417722787,-0.018445782659907747,0.1285777698557576,-0.004035553925637978,-0.004135508807033493,-0.024675979026476627,0.012634567369182743,2.1876560473130247e-05,0.0,0.0010940508050665161,-0.009376931277804151,0.005317233259194189,0.005510164713636119,-0.0010852430601943058,-0.023549506217044762,0.018422518613340443,0.0011962599380580929,0.010861876968985294,-0.02371761836455649,-0.019127529137864946,-0.008328206853800625,0.0021261578565189634,-0.048141674936163906,-0.008955291246722827,0.010534080675253315,-0.0010795779221132338,0.06300810194518384,-0.00354868552375451,-0.0012324788338834054,0.0046940450386507414,-0.001599536323263844,-0.21397375569795563,0.010947045926872621,0.02338915596712158,0.0,-0.020609986999483573,0.0006526094314763149,-0.004730704220085593,-0.003742363434177864,0.02895394413879884,-0.11571862887312699,-0.020446336000180605,-0.03794370635461459,-0.023658120970137506,-0.0008182425613581295,-0.003963827194990156,-0.0015933935335256189,0.009278483830798753,-0.015838527351214698,-0.03161643321738186,-0.02295486599411161,-0.008765733733417096,-0.06825716107674763,-0.0008128333144618825,0.0,-0.014999351451885313,-0.0008745370072012777,0.000548334238451879,0.0,-0.012274889177917924,0.0,-0.014706920879736945,0.052799893938320325,-0.08587079443751769,0.0031538897080993613,0.0,0.039391334997000246
-0.5109128926282948,-0.008600857769515899,0.030259388739562,0.1306361167797314,0.34181629142889625,0.03144409158847565,0.6202366967087745,0.1906619620744983,-0.27338100641302027,-0.011193821600439953,0.006640925092507762,0.24979253770019297,-0.0027361211816344967,-0.0034702721733853347,-0.008660538734824367,0.00616670175600943,0.0,-0.0035887060433466966,0.03108120492234108,-0.056362503863307066,0.019660322121160888,-0.014540430960282312,0.012319941046404133,-0.03912908292651601,9.589372905526722e-06,0.0,-0.004205024980943758,-0.03255150240155913,-0.0010230036277196607,0.0028712976601913765,0.002358935866994822,0.004382945917719507,0.015243919559648485,0.004275158467158433,0.014341098284557981,0.005698237046247688,-0.05650224197956712,-0.02769665704094902,-0.0046671556634369765,0.0030434788373413244,-0.015770790646133646,-0.010959228190764914,-0.0018822870060833355,-0.02140039766257978,-0.0022584213294605327,-0.0010259983783592226,0.001471920750172797,-0.001599536323263844,0.44732305912184844,0.0038305911313674945,0.0049345645331830236,0.0,-0.008720670723594367,-0.0021472623081917434,-0.034852148954285345,0.01922250935656672,-0.0045587065638565205,0.22058189982326,0.011148788890944141,-0.01999010441575318,-0.008450029454200777,0.0034706319779017787,-0.010699729927494768,0.004715182029861944,-0.0053278963205416596,-0.030127424373560894,0.10272542419264093,-0.011264373180643463,-0.009139780797821035,0.1540743678176173,-0.0008128333144618825,0.0,-0.019049650161613228,-0.0015668788045689547,-0.0006158203475748331,0.0,-0.004113410963538004,0.0,-0.005194884889057065,0.1556538793059304,0.10149485877963053,0.009303601125290563,0.0,0.0288578076171194
0.5408865953393516,0.0017500863016525945,0.032922721239403485,0.04594020328355145,0.2551756085607941,0.039700911556841384,0.44991824518273893,0.09617708618705166,0.14001672342409222,-0.020606809370942756,0.010593211275585112,0.08400945323094447,-0.001574907375796573,-0.0034702721733853347,-0.027791833125679056,0.005201647193085426,0.0,0.009540752511719817,0.023517295290952256,-0.07981377071586715,0.016900890147348586,-0.01473112586529425,-0.001794142153920349,0.03935784818089075,-6.683024378747147e-05,0.0,0.005086635039028915,-0.03248036540414116,0.0009038827515802961,0.02472952327216592,0.002358935866994822,-0.0009872787032118857,0.014009963260219334,0.004275158467158433,-0.00853582552346106,-0.008065185729450381,-0.05650224197956712,-0.02769665704094902,-0.00019500868402891856,-0.05633789905801612,-0.012839421849291842,-0.0221353471445342,0.003905145697006715,-0.04312759984531405,-0.0003198962438473944,-0.001174464610796705,0.001428772341567408,-0.001599536323263844,0.33516647019919965,0.0038305911313674945,0.011864440167984885,0.0,-0.0016200626309160826,0.0008827334203647137,0.003590660091657538,-0.021086877342730355,0.012153011926213615,0.17665956310695194,-0.008187811631969268,-0.021867857669393188,-0.0014576505531088916,0.0008509722638124547,-0.003963827194990156,0.004715182029861944,0.01188571945139608,-0.03254677452970356,-0.034591550755451575,-0.011160841271599579,-0.009139780797821035,0.07073799395603535,-0.0008128333144618825,0.0,-0.013267470674223106,-0.005330648270868314,-0.0006158203475748331,0.0,-0.004113410963538004,0.0,-0.005194884889057065,0.09491635554444727,0.021341402888240643,0.008650875841739326,0.0,-0.0016886937825257187
0.9030986770012838,0.002263026746158447,0.018736350389079844,0.07001528321764074,0.6421934777362476,0.044279742753888275,0.5720245765403452,0.10502232592719567,0.48593489946742296,0.021965422307960707,0.0037734380531642886,0.09286163152680861,-0.0027361211816344967,0.0014408630487185042,0.01780237531491867,-0.0010213654330985871,0.0,-0.009480237773892342,-0.03862849504999739,0.054792226260802365,-0.0019877860419771163,0.004276409463509514,-0.0022043026730320585,0.04152163739942212,3.5717417566462524e-05,0.0,-0.004484413989530323,-0.032574648930003156,0.001417590380496014,0.008919199348926269,-0.002647094241978349,-0.006158271991308203,-0.006869557556611145,0.004275158467158433,0.00253473004853963,-0.02241299038289054,0.029281753600071143,0.016518211395038108,-0.009920594434961103,-0.01407470003128681,-0.006023922449881022,0.018539089258740035,0.003905145697006715,-0.003084693174466195,-0.0005365813784330595,-0.003770762612859616,-0.001499567128798598,-0.007058823339620875,0.29830960061766754,-0.0016109163434531054,0.001769652712222191,0.0,-0.0016200626309160826,0.002530512475720177,-0.002081466783861643,-0.021086877342730355,-0.003770810525509815,0.13648669002047095,-0.007292032357238614,-0.012089420119595509,-0.0022145564628600926,0.0034706319779017787,-0.010699729927494768,0.0012747148268204955,-0.0022319693398014312,0.019013625200239387,0.04751658654595575,-0.008851879599025333,-0.004864618664359549,0.07640233322643765,-0.0032669646677410194,0.0,0.0034847621220517174,-0.005330648270868314,-0.00032577720639317704,0.0,-0.004113410963538004,0.0,-0.005194884889057065,0.089372297943371,0.10027730886543407,0.008651123621066733,0.0,0.02553615515313485
-0.6751164530730425,0.0964877546342246,-0.013264853047519256,-0.05356664279952446,-0.4799640878130102,-0.036807863042637466,-0.3925757793367437,-0.10542510968533206,-0.37164886460384133,-0.018969451422599155,3.1881403654171817e-05,-0.13388670815520254,0.003659285126156286,0.0070467311177201345,0.007620152381148902,0.0008831702545641527,0.0,-0.010403280409802798,0.01734004890230534,-0.08799525739399403,-0.017460519616238655,0.003899384878443782,0.013366632083629567,0.012244746335034792,-0.00039473457325166564,0.0,-0.009121624362664262,0.008685670909916385,-0.0013735498811262778,-0.006129587585897966,0.002120304861657225,0.04288694279895244,-0.012112737710445722,-0.002278590358205888,0.0011603634579249555,0.053263762601314754,0.009096997458273913,0.00403478574208083,0.003750343592361413,0.036135672207297416,0.052316565128370095,0.001869403633455865,0.0005997655122851292,0.06915522098578243,0.0023961316180492846,0.000482771379961236,-0.0012470877763372358,0.0012304125563568037,-0.21642166926478798,-0.007859417588523931,-0.009218765221407264,0.0,0.005080736574248262,0.00047815920093765164,0.005472154403005105,0.005746341449599859,-0.01034305449103375,-0.11882742117314325,0.028741033801976807,0.12578305709059032,0.04414114809995487,0.0008509722638124547,0.003342241813838169,0.0007354124000887474,0.003609166638185782,0.02206219917297701,-0.03328967885608994,0.11886133120709463,0.042141056478482306,-0.07759638658348232,0.0005960777639387122,0.0,0.05105037763095393,0.0006246692908580547,-0.0007367357823860358,0.0,0.039299042300130066,0.0,-0.011650935000193876,-0.08830340753640387,-0.08219970809551767,-0.004565762808670318,0.0,-0.030816175176426097
0.8780640186610216,-0.0335406330200488,0.0035976731006930776,-0.04386225511311194,0.20584519576977733,0.03592166237924911,0.3826320311802233,-0.012751358017336158,0.6428926319902645,0.027100027886355346,-0.007534448038322626,-0.10504505102988336,-0.0027361211816344967,0.0026939303269947175,-0.029808016684746707,0.0006133488183595556,0.0,-0.009318499971784333,-0.023193944339309144,0.24869061126741632,0.0077803187756283945,-0.002036600358911371,0.0010097406880716238,-0.07626600053009314,3.5717417566462524e-05,0.0,0.003251705248421141,-0.021026356963978993,-0.005405212170281639,-0.014206221703355717,0.0018877319722913008,0.03285198128169521,0.008946329798557915,0.004275158467158433,0.004909669816807757,0.044953847414206174,-0.023491529419734623,-0.02769665704094902,0.017293808603603255,0.03291091769243262,-0.014775361972338022,-0.017859101683693746,-0.00268752437558532,-0.017515922341317595,-0.0007740131959217808,-0.003770762612859616,-0.0007203184857920409,0.005429864107400678,-0.1521826624171406,0.0041024268821147165,-0.00483935118915434,0.0,-0.007565680148929322,-0.0004092919778769088,-0.002107945180158232,-0.01641713422507759,-0.00401815050784374,-0.13530451361585039,0.014410423088062126,-0.025127377288494738,-0.007941061003839244,-0.0008182425613581295,-0.010699729927494768,0.004715182029861944,0.011370138333044922,-0.015838527351214698,-0.007227685092159835,-0.017228552479103126,-0.004864618664359549,-0.03546232379488342,0.0005960777639387122,0.0,-0.029939362477749434,-0.0017778416791131239,0.0002832845272984141,0.0,-0.004113410963538004,0.0,0.012413763877612595,0.06007063989841522,-0.056996893358275874,0.008729460367304247,0.0,-0.03886729618648108
0.5159474988415534,-0.03458506097519195,-0.008612281781825345,-0.016596842058778823,0.20118899332008575,0.037445945803460945,0.03626942761539964,0.030666011946658293,-0.10567399735340934,-0.030760438376274502,-0.023023283521142645,-0.06469845509501405,-0.0029497244753019644,-0.0036345585159726825,0.009263601269404429,-0.0014374416183994656,0.0,0.0010176591034570062,0.0021665693318166923,-0.13345215116623743,-0.0019174463099992647,-0.014713636909140904,-0.0031767781143576482,-0.07626600053009314,-6.683024378747147e-05,0.0,-0.014652879560651085,-0.009574010554388553,0.0016667658571956148,0.024129680136148537,0.00010084628003208186,-0.007599732591407556,0.008946329798557915,0.0011962599380580929,-0.002231333426427082,-0.018660823851764104,-0.05650224197956712,-0.02769665704094902,-0.002785330078248008,-0.05633789905801612,-0.012839421849291842,0.020061783103654394,-0.0070292622546120915,-0.00813592867517736,-0.0014289524035308392,-0.0010676349774361871,0.001428772341567408,-0.001599536323263844,-0.011651358467505276,0.0038305911313674945,0.01866593366232821,0.0,0.005600892947069306,0.0008827334203647137,0.018139752916193942,-0.018752860129238047,-0.010160957934132544,-0.04964320179347652,-0.009935788482969669,-0.031976259263748176,0.0011662962179208643,-0.0008182425613581295,-0.003963827194990156,0.004715182029861944,-0.014909000044418828,-0.04026949905762578,-0.034591550755451575,-0.022292392190716177,-0.016285025429194917,-0.06051884075562077,-0.0008128333144618825,0.0,-0.017902238341192346,-0.0017778416791131239,-0.0006158203475748331,0.0,-0.004113410963538004,0.0,-0.005194884889057065,0.10691718121262381,0.007698037498166685,0.0026528494109033726,0.0,0.041973834103396654
-0.7358564056748049,-0.03418534673700009,-0.012476203909301787,-0.05262197269349775,-0.49089488651141605,-0.011817168569950211,-0.4850258938162549,-0.11367087149141115,-0.41208651044273054,-0.025594846632494103,-0.001944429913473069,-0.05450398540803536,0.009413133487321038,0.0070467311177201345,0.007620152381148902,0.0019336491130648211,0.0,-0.017582133653309004,0.007549065907976013,-0.04550667123564854,-0.018967016641895023,0.012714491630199958,0.013366632083629567,0.012244746335034792,-0.00011959502793898111,0.0,-0.009121624362664262,-0.009701281483854388,-0.002038421500588351,-0.013991617694733473,0.006584831983117479,-0.004621182721869524,-0.01490808732286028,0.0011962599380580929,-0.015250009600966643,-0.02192305515588655,0.008863341082394149,0.004284270314106546,0.013733772432728473,0.03227428718294725,-0.020567734578942568,0.001869403633455865,0.001045715003379629,-0.019520573876997974,0.0003045359099880866,-0.0016785500969265926,-0.0019009674452076233,0.0012304125563568037,-0.24851256588769205,-0.0027501679917510216,-0.007362636878564231,0.0,0.0022527585199628667,0.0006526094314763149,0.0073582630038292445,-0.0072836907187493315,-0.013025961659592095,-0.13293619837557927,-0.015696603228427485,-0.03374804444805746,-0.0020168374392528637,-0.0008182425613581295,-0.003342241813838169,0.0012747148268204955,-0.007666100124353915,0.0223105151772151,-0.03300552019905543,-0.0295769781877229,-0.009416988771339379,-0.08267029483887905,0.0005960777639387122,0.0,-0.009154083853013473,-0.0008745370072012777,-0.0020037650476415828,0.0,-0.012043254898426958,0.0,-0.011650935000193876,-0.08060466989545885,-0.09438652933913698,0.003066808137087951,0.0,-0.02112375266161709
-0.5017958312840601,0.02595705965352619,-0.022026958894270476,-0.07176633367654779,-0.4815731469402411,-0.038034837834723945,-0.44394961926001497,-0.10363152344004257,-0.3627774824536676,0.02775516126491049,0.01230201237617538,-0.12981971213468801,0.009413133487321038,0.0070467311177201345,0.009569972292224772,-0.0014374416183994656,0.0,0.023159392181281768,-0.0055825302779539815,-0.008278000214000089,-0.011918174970714242,-0.002955974621779411,-0.024675979026476627,0.012634567369182743,-0.00011959502793898111,0.0,-0.006479698048202663,-0.0013747350461151993,-0.005405212170281639,-0.022229977472644765,0.006584831983117479,-0.022112748155411914,-0.012112737710445722,0.0011962599380580929,0.01104557673203074,-0.023798638969186773,0.008863341082394149,0.004957753295860195,0.01663029095836028,0.040360684925797675,-0.018181535656757473,-0.008347331359284822,-0.0010795779221132338,-0.03346333325568633,-0.00196684854751783,-0.0016785500969265926,-0.001663210907994257,0.0012304125563568037,-0.22970497444464885,-0.007859417588523931,-0.0034079502407168318,0.0,-0.007514455268829849,-0.000629067619689401,-0.015884561426450047,-0.005255841294715772,-0.010861865836957151,-0.09827001050191188,0.007513635571626401,-0.03287133107380773,-0.02345524244097773,-0.0008182425613581295,-0.003342241813838169,0.0012747148268204955,-0.007666100124353915,0.0223105151772151,-0.028795018719460927,-0.020652041291023875,-0.009416988771339379,-0.08575414159396881,0.0005960777639387122,0.0,-0.014526222597834313,0.0006246692908580547,-0.0006305843742196631,0.0,-0.012274889177917924,0.0,-0.011650935000193876,-0.07655747472092327,-0.07462739924646994,0.00315659360642223,0.0,-0.031221422792459465
-0.6874406948939604,-0.03314314191432276,0.02499040402027594,-0.05403346673660229,-0.5015000315979913,0.03144409158847565,-0.43102789659947927,-0.10521820568236613,-0.4001434330161091,-0.024933692857975316,0.0009895848098601442,-0.07828693082426469,-0.0029497244753019644,-0.010110527255859324,-0.008887161593713137,-0.0057963289770815675,0.0,-0.01652709906801164,0.006895500817208073,-0.08111601382522525,-0.0075400837687370215,-0.015492383669742645,0.012319941046404133,-0.022215441094712747,2.1876560473130247e-05,0.0,0.016969855211025488,-0.009376931277804151,0.002137509801983464,0.008047638452657328,-0.0007825108447201154,-0.023549506217044762,0.018422518613340443,0.0011962599380580929,0.01018325633512779,-0.025234897189740233,-0.019127529137864946,-0.008328206853800625,-0.017418848215930555,-0.03158924963310465,-0.008955291246722827,-0.0014274531795773373,-0.0018822870060833355,-0.04385247524939248,-0.0024300586379299494,0.00015116922880030817,0.0046940450386507414,-0.001599536323263844,-0.23513640555171864,0.0038305911313674945,0.018561930732214457,0.0,-0.020609986999483573,9.16973376505828e-05,0.0002488290468902537,-0.003742363434177864,-0.009977690548720351,-0.13495823731592366,0.007355118961158193,-0.030060950282509488,-0.0175355785044014,0.0008509722638124547,-0.0019882053866934753,-0.0015933935335256189,0.009278483830798753,-0.015838527351214698,-0.03300552019905543,-0.030251053547191434,-0.012466411450716327,-0.06835346623154755,-0.0008128333144618825,0.0,-0.014999351451885313,-0.0008745370072012777,0.0017424043892535455,0.0,-0.012274889177917924,0.0,0.04044403241927659,-0.0612726864203777,-0.08654511689471044,0.003066808137087951,0.0,-0.02038698274644516
0.6332922736489459,-0.041918416979103146,-0.026511049543843656,-0.07646848270497054,0.05160859510815443,-0.08299196792452956,-0.12104082914009592,-0.09079219547225587,0.4043883518152974,-0.0005769337124040645,-0.023013573158874423,-0.09902889918388745,0.003659285126156286,0.0025331771474961114,0.00835664394723035,-0.0006304644481161247,0.0,-0.0018182229649930642,-0.010271695284259405,-0.016648318257914622,-0.00604834821436869,0.0033802203713759527,0.003947705821716316,-0.05799289910898556,-0.00011701876292503216,0.0,-0.015068902606248172,0.008716035040296556,-0.001136300328121373,-0.016460426465424075,0.002120304861657225,0.03271518629086935,-0.005795278500590702,-0.002278590358205888,-0.0013763816830523203,0.04209271205479684,0.026059006503743053,0.00403478574208083,-0.00031442902128136184,-0.03945926743752034,0.05488391103922983,0.022800161563428265,0.0013195646639953067,0.04072960655073646,0.0017011043739115887,-0.003847460811169731,-0.0010093312391238692,0.0012304125563568037,-0.17254109817271804,-0.007859417588523931,-0.0051279592737907735,0.0,0.00510909320430333,0.00043120092715908265,0.010916189730612993,0.006508024445178952,-0.011110021726673788,0.06924922325425102,0.008680418299258164,0.12089202594069856,0.04189908172600962,0.0008509722638124547,0.003342241813838169,0.0016101074517094545,-0.000657869208533746,0.02206219917297701,-0.02338540473481879,0.08951533164209212,0.03085819256478758,-0.08086929709379882,0.0005960777639387122,0.0,0.07058914131367158,0.0012698869136522298,-0.0020037650476415828,0.0,0.013422709459966117,0.0,-0.014706920879736945,-0.07037910266708293,-0.06871925288101119,0.003072355983248263,0.0,0.0460554929460103
-0.704565622715329,-0.007962945412186931,0.019944352537526407,0.11978598347324916,0.19849684690049882,0.032278774358770655,0.4569845498073897,0.09901947738309247,-0.32565206559037974,0.01270115815937359,-0.018875945236701504,-0.1454231040866475,-0.001574907375796573,-0.0014004461329059244,0.006070287074761006,-0.00565991802910064,0.0,-0.007422318782666488,-0.053274147973376,0.030048427137436814,-0.008280854165967307,-0.004135508807033493,-0.023918030344347866,0.021661842734101967,9.589372905526722e-06,0.0,0.004015506291380762,-0.03248036540414116,0.002195123979153034,0.010644058895087093,0.002358935866994822,-0.01467465073489347,0.010180286097987067,0.0011962599380580929,0.01740512572566369,-0.011080660757699494,-0.05650224197956712,-0.02769665704094902,0.0021261578565189634,-0.04353073389519604,-0.015770790646133646,0.007888706589177426,-0.0018822870060833355,0.002978585089250422,-0.0018440721287361892,-0.001563730803112776,0.001471920750172797,-0.001599536323263844,0.3666515055811442,0.010947045926872621,0.00965721119186574,0.0,-0.02160181185904307,0.002530512475720177,-0.034852148954285345,-0.017548154543033715,-0.0032764608875795378,0.08580369061317243,0.013749817854762491,-0.020803532638924364,-0.004047586334805311,-0.0008182425613581295,-0.003963827194990156,0.004715182029861944,0.0030398683825580627,-0.028109826185591585,0.024538291820533152,-0.015584762821765942,-0.004864618664359549,0.06997529898907466,-0.0008128333144618825,0.0,-0.01863960941904395,-0.0015668788045689547,0.0002832845272984141,0.0,-0.0041609106512310885,0.0,-0.005194884889057065,0.149249396847122,0.10489687428898696,0.009302890234601206,0.0,0.03683178230527946
-0.6608840773239916,-0.04517677787798091,-0.022298666824517446,-0.05800213422609169,-0.30756650056560536,-0.036807863042637466,-0.4143722157809472,-0.10240078674524383,-0.3386369040616664,-0.021062822948328917,0.007043002229293818,-0.1296949062426721,-0.0029497244753019644,-0.010110527255859324,-0.0069095240293817325,0.0015563754055061445,0.0,0.00632556185096863,0.008947677452249992,-0.09057938754705053,0.024622462812074735,-0.004152997763186838,0.019684154328551248,0.012244746335034792,-0.00033684611082694313,0.0,0.01117834283736704,-0.00947389742696274,0.002137509801983464,0.012955235223621124,-0.0007825108447201154,0.019662510203888657,0.022615543031962282,0.0011962599380580929,-0.009348503082604428,0.053127763729256774,-0.019127529137864946,-0.007859175858392282,0.0021261578565189634,-0.038914580345463065,-0.01815698956831874,-0.011644188172318024,0.0005997655122851292,-0.04385247524939248,0.0014203654753291068,0.00015116922880030817,0.004502010912439949,-0.001599536323263844,-0.16012037976556237,0.010947045926872621,0.018561930732214457,0.0,0.01233004878228872,0.0008524341697974738,0.007738952357290737,-0.0072836907187493315,0.03372678938008917,-0.1363007493931971,-0.016129766427602908,-0.03180454316727602,-0.0022197159684126284,0.0008509722638124547,-0.0019882053866934753,-0.00589397753732743,-0.014909000044418828,-0.023561251879136914,-0.05328195335420928,-0.028208596562900014,-0.009629645999818493,-0.07468006781261825,-0.0008128333144618825,0.0,-0.021520224024886205,-0.0008745370072012777,0.0017424043892535455,0.0,-0.012043254898426958,0.0,-0.014706920879736945,-0.05077976290794524,-0.09555256788717563,-0.004565762808670318,0.0,-0.03007708731697328
-0.6758643468535697,0.024072166011203773,-0.018326521140254147,-0.05913576654037031,-0.515325010892426,-0.03515653872539826,-0.42830164048297625,-0.10609366805461329,-0.36956335623845005,-0.018969451422599155,0.0004919005688204317,-0.13500466679612563,-0.008158049022344906,0.0025331771474961114,0.004939224844011613,-0.0014374416183994656,0.0,-0.017582133653309004,0.010728203198667432,-0.1006400637073636,-0.007521203108769647,-0.002955974621779411,0.013366632083629567,-0.022215441094712747,-0.00011959502793898111,0.0,-0.02194793690489164,-0.009701281483854388,-0.002038421500588351,-0.007307490717789507,-0.003957594642783191,-0.022966814384339937,-0.012112737710445722,0.0011962599380580929,-0.013529765646639422,-0.025315917794370525,0.008863341082394149,-0.008328206853800625,-0.017418848215930555,-0.023639513210591257,-0.011821179227144298,0.01236911720657693,0.0005997655122851292,0.041300278759018975,-0.0003206435499911891,-0.0016785500969265926,-0.004336068066075437,-0.001599536323263844,-0.2262005738978775,0.010947045926872621,0.004396963304810564,0.0,0.0022527585199628667,0.0006526094314763149,0.0037894224627229942,-0.005782626527833608,-0.011134708276090914,-0.13253044533165484,-0.015696603228427485,-0.033919760544529616,-0.0033197108037602407,-0.0008182425613581295,-0.003342241813838169,0.0012747148268204955,-0.014909000044418828,-0.023561251879136914,-0.03300552019905543,-0.03242694690806169,-0.012466411450716327,-0.08136697637504976,-0.0008128333144618825,0.0,-0.011189035001362872,-0.0008745370072012777,-0.0020037650476415828,0.0,-0.012043254898426958,0.0,-0.014706920879736945,-0.09548706554897797,-0.08188929930025374,0.0031538897080993613,0.0,-0.025994079118425488
-0.3330872651853463,0.08691139750906958,-0.013264853047519256,-0.06805461086879566,-0.4707117624915703,-0.03889456996837498,-0.36222802320643743,-0.09655312749118235,-0.3812026319849973,0.029549568322212574,0.009692486533151539,-0.12331936696685986,0.003659285126156286,0.0026939303269947175,-0.031793213564296936,0.0008831702545641527,0.0,0.003276178836114784,-0.024615017370873245,0.1853862514270021,0.012984976722942815,0.0033918796754781847,-0.024675979026476627,-0.021484526655685336,-0.00039473457325166564,0.0,-0.007999783279567149,-0.00947389742696274,-0.002091365877231546,-0.0063125610367023395,0.0022768904903507714,0.03846466602261575,-0.012112737710445722,-0.002278590358205888,0.0038651233110203235,0.04883980183199835,0.009096997458273913,0.00403478574208083,-0.00031442902128136184,0.04108055239339358,0.025728726533235578,-0.006682982729924461,0.0005997655122851292,-0.016332257136372277,0.0011577100834031125,0.000482771379961236,-0.00100933123912387,0.0012304125563568037,-0.19425347785749933,-0.007859417588523931,-0.009218765221407264,0.0,0.005080736574248262,0.00047815920093765164,0.005472154403005105,-0.0069928204777299965,-0.008178958668398809,-0.08507263339627694,0.028741033801976807,0.12578305709059032,0.04414114809995487,0.0008509722638124547,0.003342241813838169,-0.0009192655001109342,0.003609166638185782,0.02206219917297701,-0.028831469042894388,0.11106592274016189,0.030236540028589044,-0.07339352147168676,0.0005960777639387122,0.0,0.05187771658105377,-0.0008745370072012777,0.0003222602671550997,0.0,0.039299042300130066,0.0,-0.011650935000193876,-0.09071149765516241,-0.08376467904774203,-0.004565762808670318,0.0,-0.028005882601880087
0.8385741622463101,0.0018076842445702477,0.005636518696859907,0.03915143702340486,0.2621128813088216,0.039700911556841384,0.4999266452802407,0.10312306961234584,0.24703676238171596,-0.021489094791935025,-0.015797187721867716,0.1572265057011005,-0.0027361211816344967,-0.0034702721733853347,0.008102638288933652,0.00015349912050095305,0.0,0.005885206171566905,0.023517295290952256,-0.07969833530964356,-0.005890795120807651,-0.014713636909140904,-0.0031767781143576482,0.0053608849120535046,-6.683024378747147e-05,0.0,-0.00504799190640788,-0.032574648930003156,0.0009038827515802961,0.02472952327216592,0.002358935866994822,-0.0009872787032118857,0.014009963260219334,0.004275158467158433,-0.00853582552346106,-0.01147366930713043,-0.06225714750872444,-0.02769665704094902,-0.00019500868402891856,-0.05633789905801612,-0.012839421849291842,0.01731489728587694,0.003905145697006715,-0.0038192563451005476,-0.0015119623709398422,-0.001174464610796705,0.001428772341567408,-0.007058823339620875,0.29305937989162023,0.0038305911313674945,0.0054227760826056825,0.0,-0.0016200626309160826,0.0008827334203647137,0.022254325859312942,-0.012210290100803434,-0.0036282373523758536,0.17891125822833587,-0.005823239846679857,-0.01994856670466373,-0.0012842406016240603,0.0008509722638124547,-0.003963827194990156,0.004715182029861944,-0.011344255074953378,-0.04026949905762578,-0.034591550755451575,-0.011160841271599579,0.0011606392473758574,0.07955718254404785,-0.0008128333144618825,0.0,-0.013677511416792387,-0.005330648270868314,-0.0006158203475748331,0.0,-0.004113410963538004,0.0,-0.005194884889057065,0.09491635554444727,0.027043874325062348,0.008650875841739326,0.0,0.041973834103396654
-0.7160089767839667,-0.033546913592232754,0.02499040402027594,-0.05403346673660229,-0.5217536743667289,0.03144409158847565,-0.43587586554213165,-0.10589070993600808,-0.3982912212716382,-0.025594846632494103,-0.00012475234807602514,-0.1384539678162805,-0.008158049022344906,-0.010110527255859324,0.004939224844011613,-0.0057963289770815675,0.0,-0.017582133653309004,0.006895500817208073,-0.08528337525527817,-0.0075400837687370215,-0.004914255567635233,0.012319941046404133,-0.022215441094712747,2.1876560473130247e-05,0.0,-0.02194793690489164,-0.009701281483854388,0.002137509801983464,0.008047638452657328,-0.0007825108447201154,-0.023549506217044762,-0.012112737710445722,0.0011962599380580929,0.01018325633512779,-0.025315917794370525,-0.019127529137864946,-0.008328206853800625,-0.01544674022483895,-0.020655071531674712,-0.008955291246722827,-0.0014274531795773373,-0.0018822870060833355,-0.01732901836519088,-0.0024300586379299494,0.00015116922880030817,0.0046940450386507414,-0.001599536323263844,-0.23958613714512322,0.010947045926872621,0.004396963304810564,0.0,-0.007514455268829849,-0.000629067619689401,-0.015884561426450047,-0.0072836907187493315,-0.01111847300163803,-0.13172879659825348,0.007355118961158193,-0.030060950282509488,-0.0175355785044014,-0.0008182425613581295,-0.003342241813838169,0.0012747148268204955,0.00832097448193063,-0.015838527351214698,-0.032645137720385436,-0.03317002410243042,-0.012466411450716327,-0.0826337574357162,-0.0008128333144618825,0.0,-0.016561173746183714,-0.0008745370072012777,-0.0020037650476415828,0.0,-0.012274889177917924,0.0,-0.014706920879736945,-0.08597387053363426,-0.08873501004791627,0.003066808137087951,0.0,-0.008413024147936283
0.2606327041063479,0.01036307438247162,-0.035903850062934325,-0.07450916385301251,-0.4401677812122469,-0.08823495637890036,-0.40725548576907117,-0.08761396182106665,0.32610753200307235,-0.02563554918233391,0.017948094202106933,-0.11597176525232923,-0.008158049022344906,-0.010110527255859324,0.018031511188661788,-0.0012451300207153345,0.0,-0.003397640512945125,0.029213832540026616,-0.12894465494760166,-0.0004202305713621058,-0.004914255567635233,0.009416869052820364,0.012634567369182743,-0.00033684611082694313,0.0,0.017141533894383963,-0.009376931277804151,0.004846489314406339,0.023563226833316735,-0.0007825108447201154,-0.015974703720774596,-0.01490808732286028,0.0011962599380580929,0.001732916461656406,-0.025234897189740233,-0.019127529137864946,-0.008328206853800625,0.01663029095836028,-0.02745714488929719,-0.012364616961714195,-0.0014274531795773373,-0.002375216395191556,-0.04385247524939248,-0.0009963655658166578,-0.0003828660251912232,0.004502010912439951,-0.001599536323263844,-0.21798580720938246,0.010947045926872621,-0.0010407308222296057,0.0,-0.004244352633621601,9.16973376505828e-05,0.0002488290468902537,-0.007042415937122385,-0.01087948020348797,-0.10927823566806698,0.007055930581636363,-0.030927829793026294,-0.023658120970137506,-0.0008182425613581295,-0.003342241813838169,-0.0015933935335256189,0.011133339017268505,-0.015838527351214698,-0.02370933689005532,-0.021140456568122492,-0.012466411450716327,-0.0855205557722129,-0.0008128333144618825,0.0,-0.016947265256230304,-0.0017778416791131239,0.0017424043892535455,0.0,-0.012274889177917924,0.0,-0.014706920879736945,-0.08109451500693537,-0.044255746186942,0.0026137283160357523,0.0,-0.04374943885744517
-0.7632307184002266,-0.043069584992558925,-0.018326521140254147,-0.05838523444491245,-0.47525947294043464,-0.038034837834723945,-0.45970623837004704,-0.09786203948771344,-0.3672003219690304,0.02467707572273061,-0.006293893218817245,-0.14676544160275648,-0.008158049022344906,0.0026939303269947175,0.006889044755087483,-0.0014374416183994656,0.0,0.013124508417722787,-0.022702794655155047,0.140631725379225,-0.017239218113824364,0.003899384878443782,-0.024675979026476627,0.012634567369182743,-0.00011959502793898111,0.0,0.001567427845518804,-0.009376931277804151,0.0042151834680434945,0.010530910189843503,-0.0038010090140896454,-0.02178059550651009,-0.01490808732286028,0.0011962599380580929,0.010861876968985294,-0.02371761836455649,0.008863341082394149,-0.008328206853800625,-0.01544674022483895,-0.02727281297138145,-0.015770790646133646,-0.0044485118901519,-0.0010795779221132338,-0.012354687171706694,-0.0024300586379299494,-0.0016785500969265926,-0.004336068066075437,-0.001599536323263844,-0.20307123728667667,-0.007859417588523931,0.003786494412677515,0.0,-0.007514455268829849,0.0006526094314763149,-0.020864094693425896,-0.003742363434177864,-0.007921345758137046,-0.11318169659318152,-0.020287819389712396,-0.03689013160735801,-0.011609183449323787,0.0008509722638124547,-0.003342241813838169,-0.0015933935335256189,-0.013951490695550704,-0.023561251879136914,-0.03300552019905543,-0.02232485433961632,-0.008765733733417096,-0.06790901570441667,-0.0008128333144618825,0.0,-0.016947265256230304,-0.0008745370072012777,0.000548334238451879,0.0,-0.012274889177917924,0.0,-0.014706920879736945,-0.09114548382876961,-0.07445579375402303,0.00315659360642223,0.0,-0.034284402410294866
-0.690524275647801,-0.01445583572891886,0.02499040402027594,0.06604713361354742,-0.18358941402871198,0.032278774358770655,-0.17646045286064121,0.019688082003459853,-0.40329533578059745,0.026551457905708196,-0.0076096413805526696,-0.14567515037255707,-0.0029497244753019644,-0.010110527255859324,-0.01207186744847039,-0.00565991802910064,0.0,0.0037918459428158686,-0.018445782659907747,-0.02416932264140344,-0.004404299292662985,-0.004135508807033493,-0.023918030344347866,-0.022215441094712747,2.1876560473130247e-05,0.0,0.004712212556553074,-0.020952430741662736,0.005317233259194189,0.013068383928864712,0.001475578742242624,-0.015252376924439294,0.022615543031962282,0.0011962599380580929,0.013528029533382245,-0.017127924087384283,-0.05650224197956712,-0.008328206853800625,0.0021261578565189634,-0.048141674936163906,-0.015770790646133646,-0.0014274531795773373,-0.0018822870060833355,-0.004278491625861683,-0.00354868552375451,-0.0010259983783592226,0.004506710811553832,-0.001599536323263844,0.03770775692556798,0.010947045926872621,0.01805546477019516,0.0,-0.02160181185904307,-0.0007631279016931574,-0.02520135905534408,-0.008074751547361918,-0.008708325156877892,-0.11616053706640665,0.006371511352799112,-0.021027783603262823,-0.01454453336965099,-0.0008182425613581295,-0.003963827194990156,0.004715182029861944,0.00832097448193063,-0.03254677452970356,-0.022948626760812392,-0.018966396304765463,-0.009663003684644306,0.07549688275617597,-0.0008128333144618825,0.0,-0.023731349660440285,-0.0008745370072012777,-0.0006305843742196631,0.0,-0.012274889177917924,0.0,-0.014706920879736945,0.149249396847122,0.01246531004594782,0.003066808137087951,0.0,0.03683178230527946
-0.6957547236032613,-0.02274818610272516,0.02499040402027594,-0.004819191462451416,-0.32832296216823187,0.031959702936862566,-0.2945887261597916,0.019688082003459853,-0.39152245792376844,0.008664163202264819,-0.0076096413805526696,-0.13366886188556412,-0.0029497244753019644,-0.010110527255859324,-0.01207186744847039,-0.0057963289770815675,0.0,0.002279629703889639,-0.00851063213233046,-0.03616547349163098,-0.004035553925637978,-0.004135508807033493,-0.023918030344347866,-0.022215441094712747,2.1876560473130247e-05,0.0,0.007009539786519669,-0.020849634990940336,0.005317233259194189,0.013068383928864712,0.001475578742242624,-0.015252376924439294,0.022615543031962282,0.0011962599380580929,0.013117557543270198,-0.02371761836455649,-0.03748561629898958,-0.008328206853800625,0.0021261578565189634,-0.043800785902722045,-0.015770790646133646,-0.0014274531795773373,-0.0018822870060833355,-0.007988059239699898,-0.00354868552375451,0.00015116922880030817,0.0046940450386507414,-0.001599536323263844,-0.13646935780194563,0.010947045926872621,0.01805546477019516,0.0,-0.020609986999483573,0.0008827334203647137,0.0002488290468902537,-0.003742363434177864,-0.009977690548720351,-0.11754839766498122,0.007355118961158193,-0.021027783603262823,-0.01454453336965099,-0.0008182425613581295,-0.003963827194990156,-0.00589397753732743,0.009278483830798753,-0.015838527351214698,-0.024859147572391653,-0.02295486599411161,-0.009663003684644306,0.07455967652242582,-0.0008128333144618825,0.0,-0.02595430077889036,-0.0008745370072012777,0.000548334238451879,0.0,-0.012274889177917924,0.0,0.04044403241927659,0.149249396847122,-0.08673320458532659,0.003066808137087951,0.0,0.03683178230527946
-0.5021929221110468,-0.0081455152679277,0.02505052821849086,0.13074758401151007,0.5217067431941542,0.032278774358770655,0.559415212893285,0.1784872756211732,-0.3113057572271568,0.012035080254174784,-0.010233427585640997,0.015190659771407794,-0.0027361211816344967,0.0024186745450867487,0.006782670760098875,-0.00565991802910064,0.0,-0.007102908557505751,-0.050634026131100636,-0.027011115441974723,-0.006278732008664703,-0.01405326723095465,-0.023918030344347866,-0.03912908292651601,0.00032071763511564745,0.0,-0.0023671209685549826,-0.032574648930003156,-0.0017797500820027562,-0.022348514211471385,-0.002647094241978349,-0.014529183840915234,-0.00951142086877857,0.004275158467158433,-0.009502629210847671,-0.01738975327347856,-0.0177366238905773,-0.02769665704094902,-0.01726093553687285,-0.0005898209234488682,-0.020567734578942568,-0.006552209327739277,-0.0018822870060833355,-0.041461170949861105,-0.00138086203832407,-0.0033396213293432273,-0.0013998132464236078,-0.001599536323263844,0.39286674709288477,-0.0027501679917510216,-0.0014624888632958199,0.0,-0.02512268482121606,-0.0021472623081917434,-0.002081466783861643,-0.014771185789839625,-0.004103989151981807,0.15283854612389963,-0.007211170633043525,-0.015867031341680975,-0.008673104728988872,-0.0033371461325978624,-0.010699729927494768,0.004715182029861944,-0.0053278963205416596,-0.030127424373560894,0.08557757504817255,-0.01599726945432068,-0.004864618664359549,0.07481070027989992,-0.0032669646677410194,0.0,-0.013677511416792387,-0.0015668788045689547,-0.00032577720639317704,0.0,-0.0041609106512310885,0.0,-0.005194884889057065,0.16299421197627026,0.12818626018619753,-0.010711441264213476,0.0,0.03600158680974308
-0.7198766522657093,-0.03323835511051599,-0.012312719535841671,-0.05800245958056427,-0.5238587123729054,-0.023888981542570402,-0.46122971668056534,-0.10589070993600808,-0.39980107813293353,-0.0237336786302458,0.011995838044168063,-0.13534407750006952,-0.008158049022344906,0.0025331771474961114,0.006889044755087483,-0.0014374416183994656,0.0,0.003691109717719205,0.006895500817208073,-0.07892432131625932,-0.0071648158369666815,-0.002955974621779411,0.019684154328551248,0.012634567369182743,0.0009990612351316007,0.0,0.013373082863064904,-0.009376931277804151,0.00103546001083277,-0.002149447816016008,-0.003957594642783191,-0.023549506217044762,-0.012112737710445722,0.0011962599380580929,0.010731171455346855,-0.025234897189740233,-0.006293673340571768,-0.008328206853800625,0.013733772432728473,-0.020655071531674712,-0.008955291246722827,0.01236911720657693,-0.0010795779221132338,-0.01732901836519088,-0.0024300586379299494,-0.0016785500969265926,-0.004336068066075437,-0.001599536323263844,-0.23030127962442984,-0.007859417588523931,0.004396963304810564,0.0,-0.007514455268829849,9.16973376505828e-05,-0.020864094693425896,-0.0072836907187493315,-0.009977690548720351,-0.1319793968426985,-0.020287819389712396,-0.03794370635461459,-0.02475811580548511,0.0008509722638124547,-0.003342241813838169,-0.0015933935335256189,-0.014909000044418828,-0.023561251879136914,-0.03300552019905543,-0.030461634087259815,-0.012466411450716327,-0.07469811199361821,-0.0008128333144618825,0.0,-0.016947265256230304,-0.0008745370072012777,0.0017424043892535455,0.0,-0.012274889177917924,0.0,-0.014706920879736945,-0.08563514512271622,-0.07356049634669018,0.003066808137087951,0.0,-0.017359714282591213
-0.7720155764469155,-0.043152435964994386,-0.022026958894270476,-0.05838523444491245,-0.4711026045804931,-0.03638351351748474,-0.440931101139395,-0.09786203948771344,-0.3778517265309579,0.02467707572273061,-0.005409130338052758,-0.13347893201993763,-0.0029497244753019644,0.0025331771474961114,0.006889044755087483,-0.0014374416183994656,0.0,0.014636724656649017,-0.022702794655155047,-0.0047735413399532,-0.0071648158369666815,-0.002955974621779411,-0.024675979026476627,0.012634567369182743,0.0009990612351316007,0.0,-0.01695020679061768,-0.009701281483854388,0.005317233259194189,0.012955235223621124,-0.0028019860539535354,-0.023549506217044762,-0.012120554798469782,0.0011962599380580929,0.010731171455346855,-0.023798638969186773,-0.006293673340571768,-0.008328206853800625,-0.009997970509036978,-0.024288371292464906,-0.015770790646133646,0.01236911720657693,-0.0010795779221132338,-0.014140701624565183,-0.0003206435499911891,-0.0016785500969265926,-0.004336068066075437,-0.001599536323263844,-0.22016930907074397,0.010947045926872621,0.02338915596712158,0.0,-0.007514455268829849,9.16973376505828e-05,-0.020864094693425896,-0.0072836907187493315,-0.008724560431330776,-0.11571862887312699,-0.019184352556577338,-0.03794370635461459,-0.02475811580548511,0.0008509722638124547,-0.003342241813838169,-0.0015933935335256189,-0.014909000044418828,-0.023561251879136914,-0.03300552019905543,-0.021636085388878214,-0.008765733733417096,-0.08434658262153542,-0.0008128333144618825,0.0,-0.009627212707064469,-0.0008745370072012777,-0.0006305843742196631,0.0,-0.012274889177917924,0.0,-0.014706920879736945,-0.08804323524147477,-0.0867116959473695,0.0031538897080993613,0.0,-0.004990646263645243
0.6069666543479184,0.00969281978928431,-0.032203412308917996,-0.08180677928590589,-0.43972843183020827,-0.07861613128121857,-0.3847498163495091,-0.09730942593266426,0.2645744808053596,-0.018190682772906173,-0.022553553993708165,-0.12829171795405572,-0.0029497244753019644,-0.0036345585159726825,0.00833177416267677,-0.0012451300207153345,0.0,-0.010310611318680364,-0.0015239510833325726,-0.1252057793402872,-0.0019050882147772239,-0.004135508807033493,0.0025650698612790157,0.03364434869211201,0.0006403385638315273,0.0,-0.015655534844020026,-0.009701281483854388,0.0016667658571956148,0.024129680136148537,-0.0028019860539535354,-0.008091517030657264,0.008946329798557915,0.0011962599380580929,-0.008315820577177665,-0.02192305515588655,-0.006293673340571768,-0.007859175858392282,-0.002785330078248008,-0.05435880897685026,-0.012839421849291842,0.020061783103654394,0.0013195646639953067,0.07134677649758953,0.0011416651187520204,-0.0008289372882344104,-0.0045281021922862295,-0.001599536323263844,-0.20725289689884518,0.010947045926872621,0.02399962485925463,0.0,0.005080736574248262,0.0006526094314763149,0.007738952357290737,-0.0038705815950955532,0.03634601208640543,-0.12172230335994451,-0.01599579160794931,-0.031976259263748176,-0.005561777177705491,0.0008509722638124547,0.0019882053866934753,0.0012747148268204955,-0.007900769128598661,-0.023561251879136914,-0.02338540473481879,-0.03087210872397475,-0.009629645999818493,-0.08984089511611819,-0.0008128333144618825,0.0,-0.010179183187834562,-0.0017778416791131239,-0.0020037650476415828,0.0,-0.012043254898426958,0.0,-0.014706920879736945,-0.06768854766051027,-0.05691879831216806,0.002613178892309758,0.0,0.0468856884415467
-0.6734160003688164,-0.033546913592232754,0.019944352537526407,-0.05403346673660229,0.017161781489144323,0.03144409158847565,-0.4238680387976181,-0.10847283519690534,-0.3635116438609266,-0.022955222161598995,0.003990018830103864,-0.07226617111386889,-0.0029497244753019644,-0.010110527255859324,-0.01207186744847039,-0.0057963289770815675,0.0,0.002636075132421839,0.006895500817208073,-0.09564371003363922,-0.0176144860455947,-0.015492383669742645,0.018637463291325814,-0.022215441094712747,0.00038820758731972216,0.0,0.014775115185327623,-0.00947972702852655,0.002137509801983464,0.013068383928864712,-0.0007825108447201154,-0.014026555409415352,0.022615543031962282,0.0011962599380580929,0.013550731017329974,-0.01864520291256803,-0.019127529137864946,-0.008328206853800625,0.0021261578565189634,-0.04450837517537372,-0.015770790646133646,-0.0014274531795773373,-0.0018822870060833355,-0.012502556607184162,-0.0003206435499911891,0.00015116922880030817,0.004502010912439949,-0.001599536323263844,-0.03620369123550502,0.0038305911313674945,0.02399962485925463,0.0,0.010113590768801788,0.0008827334203647137,-0.01974074030611625,-0.0072836907187493315,0.03372211499377285,-0.14764702134626165,-0.013342676086924427,-0.03296557331819645,-0.004843662739442384,-0.0008182425613581295,-0.003963827194990156,0.004715182029861944,0.00832097448193063,-0.03254677452970356,-0.024154434102946078,-0.024622965331656563,-0.012466411450716327,-0.0623715909148286,-0.0008128333144618825,0.0,-0.018359210915619446,-0.0008745370072012777,-0.0020037650476415828,0.0,-0.0041609106512310885,0.0,-0.014706920879736945,0.008165319069022275,-0.08752833413139353,0.003064104238765084,0.0,-0.011495638250501395
-0.6865707366445813,0.024529172957959165,-0.018326521140254147,-0.05838523444491245,-0.5091257448440584,-0.03515653872539826,-0.42480516161352283,-0.11136654317185161,-0.36972336207636025,-0.015129812723974529,0.0004919005688204317,-0.13854628253629303,-0.008158049022344906,-0.0036345585159726825,0.004939224844011613,-0.0014374416183994656,0.0,-0.017091155017576687,0.008947677452249992,-0.09408890185518945,-0.0074090807803630886,-0.004914255567635233,0.013366632083629567,0.012244746335034792,0.0009990612351316007,0.0,-0.01684761958634895,-0.009581228156324699,0.002137509801983464,0.006760795797860384,-0.0028019860539535354,-0.004231264394897821,0.018422518613340443,0.0011962599380580929,-0.004106998088531783,0.004395616923802219,0.008863341082394149,-0.007859175858392282,0.0021261578565189634,-0.03791834405323999,0.004232117864514781,0.020061783103654394,0.0005997655122851292,0.07134677649758953,0.0023961316180492846,-0.0016785500969265926,-0.004336068066075437,-0.001599536323263844,-0.21719421009893372,-0.007859417588523931,0.004396963304810564,0.0,0.005080736574248262,0.00047815920093765164,0.005472154403005105,-0.006133328781590369,0.032935135595032,-0.1363007493931971,-0.013720530985155348,0.008600477143020676,-0.0033197108037602407,0.0008509722638124547,0.0019882053866934753,0.0012747148268204955,-0.003633733281879132,-0.023561251879136914,-0.03161643321738186,0.008438733740233535,-0.009629645999818493,-0.0826337574357162,-0.0008128333144618825,0.0,-0.012127096992179556,-0.0008745370072012777,-0.0020037650476415828,0.0,-0.012043254898426958,0.0,-0.014706920879736945,-0.0804519916406495,-0.07983356053756373,0.0031538897080993613,0.0,-0.018528488815914873
0.6462999914304007,0.0017006684343807716,0.019944352537526407,0.06099045155990727,0.4439258808621677,0.042024777000507836,0.45266237119915564,0.14373872997096007,-0.3110872274844086,0.003785323310686834,0.021540057347768208,-0.0766735858532953,-0.0027361211816344967,0.0024186745450867487,0.021644265832526738,-0.00565991802910064,0.0,0.014115219861434852,-0.007209622591863721,-0.05769806258623192,-0.0062944474998743085,0.012195327123132128,-0.0022043026730320585,0.04152163739942212,-4.070219912653654e-05,0.0,0.002202176125414485,0.029735597643248304,-0.001837087278806035,-0.00614563650923976,-0.002647094241978349,-0.008485567160687124,-0.005795278500590702,0.004275158467158433,0.000787291046783174,-0.01147366930713043,0.026059006503743053,0.015260120416683804,-0.01029843293846983,-0.01215398635145153,-0.012839421849291842,0.00366452566500141,-0.0070292622546120915,0.0023958458333802465,-0.00138086203832407,-0.003770762612859616,-0.001499567128798598,-0.001599536323263844,0.26020264482006095,-0.0027501679917510216,0.0011390749476226946,0.0,0.005600892947069306,-0.0007631279016931574,0.01658219898379376,0.021554451600766866,-0.004109539783569144,0.059081413576143674,-0.007292032357238614,-0.015642780377342517,-0.003392432845605635,-0.0008182425613581295,0.010699729927494774,0.004715182029861944,0.003609166638185782,-0.006210479912946469,-0.033004962099108845,-0.015988009437911233,-0.008437217729533208,0.10271193497474128,-0.0008128333144618825,0.0,-0.01195638636075797,0.003807605907763077,-0.00032577720639317704,0.0,-0.0041609106512310885,0.0,-0.005194884889057065,0.11769561240323993,0.051393607967686994,0.009183331571436961,0.0,0.04114363860786026
