original_shape2D_Elongation,original_shape2D_MajorAxisLength,original_shape2D_MaximumDiameter,original_shape2D_MeshSurface,original_shape2D_MinorAxisLength,original_shape2D_Perimeter,original_shape2D_PerimeterSurfaceRatio,original_shape2D_PixelSurface,original_shape2D_Sphericity,original_firstorder_10Percentile,original_firstorder_90Percentile,original_firstorder_Energy,original_firstorder_Entropy,original_firstorder_InterquartileRange,original_firstorder_Kurtosis,original_firstorder_Maximum,original_firstorder_MeanAbsoluteDeviation,original_firstorder_Mean,original_firstorder_Median,original_firstorder_Minimum,original_firstorder_Range,original_firstorder_RobustMeanAbsoluteDeviation,original_firstorder_RootMeanSquared,original_firstorder_Skewness,original_firstorder_Uniformity,original_firstorder_Variance,original_glcm_Autocorrelation,original_glcm_JointAverage,original_glcm_ClusterProminence,original_glcm_ClusterShade,original_glcm_ClusterTendency,original_glcm_Contrast,original_glcm_Correlation,original_glcm_DifferenceAverage,original_glcm_DifferenceEntropy,original_glcm_DifferenceVariance,original_glcm_JointEnergy,original_glcm_JointEntropy,original_glcm_Imc1,original_glcm_Imc2,original_glcm_Idm,original_glcm_Idmn,original_glcm_Id,original_glcm_Idn,original_glcm_InverseVariance,original_glcm_MaximumProbability,original_glcm_SumEntropy,original_glcm_SumSquares,original_glrlm_GrayLevelNonUniformity,original_glrlm_GrayLevelNonUniformityNormalized,original_glrlm_GrayLevelVariance,original_glrlm_HighGrayLevelRunEmphasis,original_glrlm_LongRunEmphasis,original_glrlm_LongRunHighGrayLevelEmphasis,original_glrlm_LongRunLowGrayLevelEmphasis,original_glrlm_LowGrayLevelRunEmphasis,original_glrlm_RunEntropy,original_glrlm_RunLengthNonUniformity,original_glrlm_RunLengthNonUniformityNormalized,original_glrlm_RunPercentage,original_glrlm_RunVariance,original_glrlm_ShortRunEmphasis,original_glrlm_ShortRunHighGrayLevelEmphasis,original_glrlm_ShortRunLowGrayLevelEmphasis,original_glszm_SmallAreaHighGrayLevelEmphasis,original_gldm_DependenceEntropy,original_gldm_DependenceNonUniformity,original_gldm_DependenceNonUniformityNormalized,original_gldm_DependenceVariance,original_gldm_GrayLevelNonUniformity,original_gldm_GrayLevelVariance,original_gldm_HighGrayLevelEmphasis,original_gldm_LargeDependenceEmphasis,original_gldm_LargeDependenceHighGrayLevelEmphasis,original_gldm_LargeDependenceLowGrayLevelEmphasis,original_gldm_LowGrayLevelEmphasis,original_gldm_SmallDependenceEmphasis,original_gldm_SmallDependenceHighGrayLevelEmphasis,original_gldm_SmallDependenceLowGrayLevelEmphasis,original_ngtdm_Busyness,original_ngtdm_Coarseness,original_ngtdm_Complexity,original_ngtdm_Contrast,original_ngtdm_Strength
-0.38890311511989284,-0.08127446941240236,0.06050030883589874,-0.3129489090036618,-1.054560031190937,-0.04194838788903881,-0.053032377105403344,0.0,2.791632999590358,-0.0035925228878662314,-1.0402490782906515,-0.8034218984261705,0.19367787769433442,-0.031236945139738112,-1.7044360043844624,0.0018531350579223758,0.03999473219315745,-0.09929323471168114,-0.25103307341637776,-0.014927742255426578,-0.11405665023564156,-0.3970919560435854,-0.07240243836738912,-0.07025677131286741,-0.05929504534364544,0.10586103519342019,0.05353020396833189,0.048105135713471116,0.13489134576916267,-0.09946686144219437,0.08286345740270172,-0.11068568166007323,0.013785693772125795,0.004957721270439811,0.012256796939075757,-0.021085485140963506,-0.07556504041896557,0.06218812530688198,0.019919753383245215,0.006660117951810051,-0.017292124786929652,-0.5901931343196883,5.518113190756176e-07,-0.4563424709261357,-0.07177789923231695,-0.6937355465305384,-0.001999323542976573,-0.015367748970092026,-0.7600991782684698,0.010497304286797772,0.590212236533086,0.010625227870734246,-0.05366818807938219,-0.11733223478485835,0.03182769224121841,-0.9143442149899916,-0.05530519025566533,-0.6076695192535925,0.07063529610205828,-0.038817175511329266,-0.11136822574956906,0.1236201886114001,0.03694341492450966,-0.01849410467906833,0.0,-0.1657952099570236,-0.019156046684695137,-0.004170726724188003,-0.031877000725932594,-1.8317694849373087,0.02194906025335865,-0.0003356517114175895,1.5537727564089525e-05,-0.010522619958335717,-0.03184249144847868,-0.02817169142823195,0.008394947615294959,-0.006921264517259947,-0.12150300380512295,-0.7480410250537473,-0.41207455771930024,0.11541694049186349,-0.08768053070445733,-1.1354002527641045
6.106224954816571,-0.018134756177840074,-0.019622057525987325,0.25206814784096715,0.9762106641991372,0.019630857422082624,0.007618225996183498,0.0,1.909345962027524,-0.0038559950748139615,0.6866508522182361,1.362629571494439,-0.4178067466899506,0.04086828796733099,0.3946431265079193,-0.011751881195301715,0.07070148125315176,0.03149372790775844,-0.10304384606733422,0.06268865114517717,-0.010164168336716755,0.13583998189396718,0.0537201265595647,-0.8002736790342804,0.19159579245683808,0.06539371101748433,-0.0336229320357212,-0.0941612920002361,0.1557776305201643,0.06762869392979995,0.11832267036866244,-0.008771339920096162,0.018314058200531527,0.026672634711366796,0.03444338522293283,-0.008807344581005981,0.015521647720513813,0.03448547327854348,-0.00797738575515733,0.0012657922239125588,-0.0033999960184603936,-0.49712200047888544,1.8229637271428584e-07,2.1828365358900785,0.5895896384887935,0.603911444295592,0.0007840144103487276,-0.008878681863486773,0.35388698541310626,0.06301766635967536,0.47212271191286176,-0.008742050482882692,-0.037758162726974985,0.0012576908597246145,-1.380807557502535,0.28159349677755413,-0.08322350853508678,0.41439705159776374,0.14748435862670844,0.014467407241575275,-0.9441362250585085,0.37767999521866347,-0.10432372963177991,0.25366005048911416,0.0,0.01224799854846451,-0.008008717526716502,0.016905960961806778,0.00926750140789761,1.6223673377263148,0.008149201564509262,0.003124767501188775,4.050556715337909e-06,-0.009904115734115386,-0.07726181405829925,0.04164529960847567,0.013403254230324922,0.04813892263279889,0.09623858609772794,0.2781602373262076,0.21595740871182142,0.10119967022408341,-0.023484703575146253,0.9124046133092156
-3.73747762950407,-0.06747231165229582,-0.07631996741329995,-0.26618685108142703,-1.4384518611999135,-0.030911722655000598,-0.02465451847204255,0.0,-2.0152036674026625,0.02730312405257147,-0.5199184052500109,-1.1612507959115121,0.1614137863650838,-0.017786711210252146,0.30998336526774406,-0.030751247596033888,-0.031086221206170946,-0.07773118290163955,1.2341678521141466,-0.004838022204612916,0.009599340076995342,-0.2920167558816509,-0.1559838094372548,0.22432456559397507,-0.06379217539104001,-0.011909769180169266,-0.0480834490341978,-0.0493628421490878,0.10618061253105271,0.045680496116765106,0.09425431155426907,-0.02834017098809111,0.17816203901460279,0.00362810568438147,-0.012029781508836076,0.09559003088733892,-0.11447091615369794,-0.09440540741776444,-0.0152914910339185,-0.017866093254630122,-0.015614973498831607,0.0048201587615367475,1.7676948990351903e-06,-0.13819939035363552,-0.06905950685318495,-0.5334154146381358,-0.0009463232019967687,-0.03625145748697267,-0.6537476394730374,-0.059992544983212256,-0.5535912312303468,0.0008267483400554261,0.018849809837843238,-0.1787067588368334,0.5213888348032157,-0.6887387937333049,0.1188127409726879,-0.410137904317186,0.07726891063714672,-0.03365912004055607,-0.12414485824459974,0.2833397820653889,0.11814273032475478,0.2764016529521611,0.0,-0.16646824991874737,0.014000768019454551,-0.006189331414532175,0.038186128096021774,-1.56665806570619,-0.016750598614405282,0.00041222798984209526,4.9870602194669166e-05,-0.010252644041550314,-0.03478346914285669,-0.053982045025917684,-0.010440106944088503,0.0371460389461967,-0.26866355032870465,-0.8276277820593423,-0.4106720615997294,0.11960796538671375,-0.1472244324862247,-0.3425037416782863
6.67959356230514,-0.020294157199342598,-0.02738374489670759,0.3175739583033888,1.1240584819473358,0.018068322632800757,0.03344041330752141,0.0,2.3231078339095323,0.005224804671186714,-0.8771988815624976,1.9521622170310964,-0.3194834405737382,0.03929373388176553,0.09631259299290792,0.09251257012033606,-0.08976316363610769,-0.03965879440722256,-0.19419273623136932,0.06980032596167215,-0.019422713241400182,0.11629001738363576,-0.09381467407088862,0.5320906044659683,0.20947776865383405,-0.0930653123168126,0.064968283450975,0.012072511673225749,-0.4718866027878116,-0.30866596162045284,0.07525284541999555,-0.09598915206430703,0.022455629279741568,-0.015272154720726057,0.012458244436472459,0.003734502220083986,0.20321721977690607,0.026243924924107386,0.017823925478801576,0.005344277579436181,-0.005657460504798497,-0.6967015676733469,2.2556720268387433e-07,1.1027838758979256,-0.06821504591705063,0.5905339018119985,0.0029653646000063214,-0.007857957073403296,0.3768014597829167,0.23801462122989606,0.43702700474297534,0.012106125565251117,-0.07411984199853867,-0.02839179387536135,-0.15417519490125067,-1.0306681260655284,-0.02460461652782667,0.4242218744268341,0.1785300382134447,5.429437715176021e-05,-0.017585850784277837,0.35175790266484347,-0.006951356090223919,-0.20380760463716605,0.0,0.19973044315737856,-0.015002193635597731,-0.004443391118748789,0.004371849626201728,0.4346077214731693,0.0030150433683428903,-0.0003356517114175895,5.379092430940957e-06,0.0028156134566350247,-0.002009869124611838,0.026121125809530115,0.009318009432499295,-0.2191822234151174,0.13168846594271028,-0.13485092773240484,0.19698797745170332,-0.06699398820168947,0.00629557769986578,-0.985439578813725
-5.0340340235695225,-0.03608673871169635,-0.018178106822321426,-0.2118661075249176,-0.9557286284175328,0.027422309253862194,-0.05237975658583472,0.0,-2.456635657195429,-0.012745761998499703,0.24662987430245328,-1.1785102637535076,0.27390392329348656,-0.00022952074079879816,1.0556356097629576,0.018466653319821405,0.05872475364732532,0.03401601074358692,-0.2750191533521355,0.05109303639475909,0.0315402370780106,-0.16832519675106525,0.06260724372843282,-0.014417154704344966,-0.017267024999941833,-0.027590641077431317,-0.015329141919401072,0.10868839847525394,0.07185009866987371,0.039166217029173105,0.11349551167302767,-0.03130285629775807,-0.16043954953833298,0.016608897953261138,0.003805775348653836,-0.029180688570248515,-0.1141605391966157,-0.11862845154212551,0.04846255983215904,0.02383262474893248,-0.0164089620179082,-0.542162691634551,6.273951947152832e-07,-0.505710151111835,-0.08343817122566631,-0.38995092155660777,-0.001999323542976573,-0.055679444852752266,0.36607837247139274,-0.045749155169154704,-0.647642719363201,0.019748566222547257,-0.07502135216052679,-0.034010040660028024,-0.10814376764630418,-0.7634890796583078,-0.05550462895224688,0.3243904903875728,-0.10101756354608535,-0.016826928951022366,-0.08696608642823246,-0.01891659533940319,0.08326525085431218,-0.02856591631469781,0.0,-0.10774385804287563,-0.029065409950796733,-0.008250810456512488,-0.033558025987410464,0.7764266413634322,0.007322295910811082,-0.00015957212510016566,4.084382084957759e-05,-0.004958289208495353,-0.03966021471115775,-0.03532964022378089,0.008501297376016468,-0.057407374348499914,-0.0009020551762985692,0.5410148631105975,0.200182234299671,-0.16834396917637715,0.14910295260409265,-0.7109823518457927
5.1794106215264835,-0.019150694148514953,-0.023678602303986305,0.29492118448448595,1.0799189092917882,0.020018124743299875,0.02092580103778366,0.0,1.8287204056046906,-0.009264526913647366,-0.7868727757640835,1.8577549446594976,-0.3635428665762843,0.04276904380378454,0.4322638409839798,0.03902249616095255,-0.08778050321678868,0.007963695190904709,-0.18018942976877472,0.06378313343086124,-0.017403550220442838,0.11324121960827374,-0.027079491800723582,0.33686923654202083,0.19028717922886476,-0.014870959057152404,0.0639454627123167,0.09766390794644743,-0.3422317157090159,0.06627679021420324,0.08261073771898879,0.03565455935351901,0.023640580982835994,0.004901154432512361,-0.029833108037888134,0.021395011287040463,0.23020991389081163,0.027644674219852422,0.01979230392862571,0.00712553532919648,-0.0035249339047294043,-0.6710472213541142,1.7007131883264165e-07,0.5097822040751107,-0.0837357923141396,0.5489161049408117,0.0007840144103487276,-0.007857957073403296,0.641062025531283,0.24562445505808614,0.5466622175777459,0.015422660532458733,-0.04900348175380363,0.006106072972526806,-0.13557492524415718,-0.984979367398169,-0.0659281164619222,0.3246358821446482,0.1845130760855853,-0.006733863789098952,0.028550179490259755,0.3675418091160436,0.01394619693243671,0.2023237428728973,0.0,0.1415409068791089,-0.008892549808409166,-0.0058464689236791,-0.00209259101888607,1.8744933796567635,0.0030150433683428903,-0.0012095874198150072,4.774757685847473e-06,0.0016632940149800457,-0.07919592322608339,0.04872542864410492,0.0011753364623796193,0.13893014344349808,-0.10777821851564244,0.2864670831979319,0.3215489486143949,-0.06956067946602018,-0.00021734335537049485,1.106082369039201
-4.927248975919747,-0.055124713471616946,0.07061461145455031,-0.24839310017212357,-1.3973853767349782,-0.02955201472648869,-0.03252871623109531,0.0,-2.314350865172925,-0.007339566009859454,0.23715457618301847,-1.044410167616442,0.19357960071505748,-0.037327082744100105,-1.3080002260201353,-0.03188559121110716,0.011070848372103894,-0.028942163728740734,-0.27451898159655963,-0.007271105727790243,0.0026871065285381853,-0.3405460973481791,-0.09777444091701126,-0.0671906138538022,-0.06555566277446243,-0.027181688989985596,-0.05750148302197667,-0.08712443594143289,0.07777874317349208,0.012864255027725027,0.09200680030690801,-0.028167642188849134,-0.11346517367687872,0.009310531483991752,-0.02059475642700575,-0.00824619570797714,-0.11692644940844259,-0.09604719241814237,-0.0229487467834963,-0.011257920635849412,-0.01592292757914973,-0.06655074497071198,1.7676948990351903e-06,-0.20253096492401143,-0.10804723493982686,-0.4911794061750286,-0.0009463232019967687,-0.03625145748697267,-0.5197321172890949,-0.006836657259012344,-0.806427460623933,-0.02896875236344859,-0.02674961940170332,0.20526042246550316,-0.11445055817900424,0.2914939466042235,0.03603635235245297,-0.3442929521980663,0.08097607604875313,-0.03365912004055607,-0.1252480922475369,0.2568588340006872,-0.16242375307897555,-0.08681697677459721,0.0,-0.16458381319685908,0.010807352386854143,-0.01263133522335303,0.0293508588128836,-1.5849814059730243,0.02194906025335865,0.00041222798984209526,4.8465609581316554e-05,0.008810161180570389,-0.0981067133818864,0.020028653758252628,-0.01044061223689572,0.14562678625579367,-0.5096020688995625,-0.7648057253787895,-0.3183411703510859,0.08039115266300922,-0.15235721845319655,-0.6588471203992302
8.291474516372098,-0.03351524090398163,-0.04149359324180013,-0.14091567495684923,1.8139123442707938,-0.0008308858599274487,0.053232873001114706,0.0,3.7283714967232555,-0.014766450093162273,0.8354204155747956,-0.5109152565933391,0.17915791344961335,0.04071262530461553,0.3484204163732558,-0.03174800002146595,-0.026495850363978075,-0.03422640151791108,-0.13107555591516173,0.023718633209269337,0.07372117331988604,-0.3379620761323796,-0.019196873236301707,0.3955308220239072,-0.031113962816499918,-0.016272407215651926,0.046224827664441706,0.04536421674313625,0.06920004770861124,0.0619051670374573,-0.47260210508501826,-0.06245731879888651,-0.07349980767441973,-0.025527197858922646,0.0023328024096873875,-0.022166174004364506,-0.054341785174374824,-0.08058680229481816,0.027703620880812026,0.0018954748057078445,-0.00567817230043155,0.20011946353107884,3.4449958540895293e-07,0.0581061879536244,-0.02600805209746144,-0.33754501189471076,-0.007166297783348603,0.06850051699900712,0.4584115416886373,-0.1085387354154036,-0.4075197669478521,0.004814337945564958,-0.04328811568675153,-0.02748230898340677,-0.02818600935467966,1.0189037072452443,-0.05429593392071301,0.3475891155198502,0.11185889847141484,0.0031699952070537336,0.07769070050831149,0.3959694362655956,0.05149639523321253,-0.3410600378696914,0.0,-0.07778439443421646,0.03532707462423247,-0.0027038348698770233,-0.013032229301943282,0.4994727462136368,-0.016750598614405282,-0.0012095874198150072,1.1757202171127322e-05,0.00035134658396118463,0.1047371353893514,-0.05336572911456979,0.0027921967586694157,0.1041092896179036,0.14691757269234934,0.2505859710270543,0.2265623836746431,0.09041207611425744,0.14202430743277783,1.1931218204092058
-4.81083520024285,-0.01771210890024532,0.06439744300447545,-0.14307921009201033,-1.2293670646764794,-0.01563102651724952,-0.009906449233627638,0.0,-2.1332706831321446,-0.007278963022267836,-0.5884089730741618,-0.9950827685223305,-0.30926073574822704,0.018880562796332837,-0.17516334210928908,-0.019978048083861177,-0.10758373449278645,-0.0939720682848269,-0.22760550638813468,0.00941056864922029,-0.11570506703243148,0.13254459160439666,-0.1812341152767343,0.18859591245193358,0.18522896757834567,-0.08761882012031852,0.01396520180256935,-0.07029505098495684,0.14187531247088614,-0.19523299559647875,0.0820482203160923,-0.02791067633227572,0.045231024407861094,0.005663418228570756,-0.03283780575204657,-0.008178383032221737,0.39308172812120107,0.04206493328638581,0.013985276320288918,-0.0009763820874463591,-0.014301587666530372,-0.3178515341850936,1.7676948990351903e-06,-0.27758665778637426,-0.10193279455965934,0.7563589668435516,0.0003915820146193533,-0.019376771729948183,-0.5440185097682604,0.21925392912669733,0.7629934332150263,0.02051478974484859,0.016065978140759676,0.06151377626807791,-0.15851693037417924,0.7805207284779113,-0.04671812916296248,-0.328163482463116,0.06908058035360352,-0.028913351766963795,-0.1104694977099274,0.15611057745626267,-0.09859948299319013,0.10709260852409105,0.0,0.5340619668010841,-0.0057304358878561956,-0.013329598041780683,0.0007211332844941467,-1.4253966030824834,0.008258591198378606,-0.00015957212510016566,4.411470011135956e-05,-0.00877318670829353,-0.05729718690714453,0.033715315655878625,-0.013365912868762968,0.009091692318018065,0.14705265838692982,-0.485617962408254,-0.31549174282684367,0.06483503808530999,-0.027021870300962134,-0.515161940979019
8.352198082756505,-0.05614111248495106,-0.0518938110970618,-0.1588706654820044,1.311327354471032,0.02477171295260217,0.045534324920209916,0.0,3.3146338044036745,-0.017297571728261435,-0.9577246628200331,-0.5865496088855858,0.3149523989213096,0.0434192209263463,0.5484311989615951,-0.029271055811706238,0.05249996356227009,-0.07528391236109801,-0.11504253035782137,-0.004268465822712611,0.06346313215012447,0.3437290571955231,-0.11374222883579672,0.36334996172051925,-0.014239124628255802,-0.02095888834086634,-0.04956895505717292,-0.07980760051180312,0.08517805918857468,0.0587861074068687,0.12135884598515466,-0.06244720617187839,-0.06944213572056417,0.02742235722017017,0.007347898919265362,-0.022099409301152367,-0.05580408597042756,-0.12846236777422018,0.02034427367956503,0.013242611770896607,-0.005682761935474973,0.031939346686093134,3.4449958540895293e-07,-0.08427011769789684,-0.024668999569024817,-0.3121798135121056,-0.0018947014916760913,-0.04382574348174891,-0.6619101584331426,-0.002399389587423006,-0.3859986309424787,0.0024181249786905425,-0.03226963114010632,-0.03465647713726619,-0.10336468356019973,-0.41060725079899785,-0.0689226965648327,-0.5146234949485371,0.044346553335864194,5.242001003884049e-05,0.037662177442877046,0.32342614394544567,-0.016094409514537035,0.2687779214008599,0.0,-0.07184728016413171,0.03532707462423247,-0.0062970420917694185,-0.03241300479869358,0.6858009086052423,-0.016750598614405282,0.003124767501188775,1.2799021929251028e-05,-0.0061679137828345686,-0.09027233661615655,0.043461081401481236,0.01588486501214116,0.04999529561921531,-0.03110822045906099,0.29683535385078474,-0.23321967233371482,0.1289103239040272,-0.02963393155325345,1.4447999875796371
-5.682766899793147,-0.07572978632153103,-0.04667620253322223,-0.2229835713749632,-1.4890451049686495,0.07455546761857736,-0.016033618792244807,0.0,-2.9477310923448075,-0.010344676166109212,0.2799523973207896,-1.1548638446385693,0.2931207684760924,0.015935820296166324,0.07957908003809012,0.0011518938772094901,0.018165210171935477,0.08326865603955738,-0.2822842991868941,0.024202087930405465,0.015821538236422742,0.18050434680873143,0.1339323572431988,0.23526021097566932,-0.03153785566677427,-0.01904849111794698,-0.07033323590743927,-0.05623163528403282,0.10016891024449875,0.016124292720152995,0.10679802305945012,-0.022191626845357887,-0.10468503473291603,0.009147587527244164,0.004064676144663737,-0.0253504599115167,-0.14411047169456462,-0.09364433466487217,0.04314761832912689,0.036963198789243985,-0.01683825792716968,-0.03841793181019375,1.7676948990351903e-06,-0.30549269095743214,-0.05920998076570642,-0.408607517033229,-0.001999323542976573,-0.03625145748697267,-0.7000251774299849,-0.22524645770868784,-0.6849138230975188,0.00011893991579292086,-0.044492429363833214,-0.03785472411825752,-0.030627768733263536,-0.7036352653810045,-0.05619633984796196,-0.2942707861075475,-0.12452782091556919,-0.026477491068044496,-0.015198410851292837,-0.006677996318738817,0.08637349175140614,-0.02622970630326937,0.0,-0.12141533631059097,0.005081407551493413,-0.006431882418059292,-0.05509732747713557,-0.677549429149954,-0.016750598614405282,0.0008292493284032835,3.859310074813592e-05,-0.009407803406671295,-0.015635165983261756,-0.04080903479093982,0.008512783491069018,-0.042792905488064845,-0.07833479731011572,0.5658695861243387,-0.2770750359507794,0.07238046891401292,-0.04700088301729395,1.3270906013890984
4.451228747028137,-0.03738894103655807,0.07828828851295698,-0.18101499981585364,-0.5282740230980634,-0.016463817506909412,-0.025711379467449436,0.0,3.1986197205265214,-0.026726191774978602,0.8233160085453529,-0.463214392947206,-0.2768865340278781,0.027115060354191416,0.84496765680657,0.12955773831343662,0.09567855893609015,0.11020726998825914,-0.08651430927944188,-0.07430231710353324,-0.03546122640776641,0.11170224018427956,0.20017886566199444,-0.10337100221837123,0.2383456940630957,-0.009978908733475202,0.0002745808325941749,-0.024289737358268605,-0.5112131245803697,-0.14902116564356294,0.08528694660924406,0.08741005896699598,0.18746645978375606,0.0076990910961389665,-0.01214192833740883,0.012419066228228044,0.3822078738819413,0.03610571339748446,0.05554338587642631,-0.004702930131923419,0.2641325694817259,-0.35216592804897523,-4.5518952516672775e-06,0.12539989103296856,-0.03667914986940519,0.8594282876539585,0.0003915820146193533,-0.011808959732757815,-0.5477357515791366,0.3354425441208624,0.34025441139506934,0.032049104363187954,0.1585035342554736,0.39497730485418603,0.7205696167301526,0.9773980877522266,0.052007591271999214,0.4414174357894764,0.1848281075226641,0.19716565578253914,1.5141538170190365,-1.799754074903436,-0.0016681317649592936,0.1600898143140149,0.0,0.47206358838534035,0.008947618687545284,0.02486714780063245,-0.014719177504481588,-1.3380921346476085,0.004341141232810192,0.0008671002544954403,-0.00019999866868350815,-0.005939005318816788,-0.0395945578238611,0.03565449597204169,-0.006224316061731091,0.06751218505883046,0.11646871832592479,-0.1652562284025737,-0.21429451987369513,-0.04387276965963882,0.033915280946951516,-0.6617858444968149
3.5825116843049756,0.04989812032796247,0.04391445947437968,-0.16818648147579224,-0.8479555255806158,-0.04046413677533729,-0.037054774043564526,0.0,2.5381010805346578,0.007748223850803364,-1.1149913784901782,-0.7254358573479929,0.09102414996461176,-0.16077755588946913,-1.727504449349511,-0.02450389446997698,-0.13895048805838855,-0.07908865608684114,0.9032078177463964,-0.009833565336125482,0.05177540834732183,-0.41012169654770225,0.0020948526196104466,-0.11036017320407443,-0.08082536886778217,-0.028897343305120567,-0.05630366092148206,-0.04394020544612131,0.04360653249873939,0.020561182026702228,-0.43743486484603494,-0.11725377115932381,-0.1121424364070138,-0.043737416447016675,0.007348054929338773,-0.007995556232953189,-0.0710730214377344,-0.12496751942944377,0.039446780853306156,-0.012971559113399358,-0.012243458387343335,-0.05701815679757446,5.518113190756176e-07,-0.3388825140647523,-0.09112476283680196,-0.5717797402135568,-0.0009463232019967687,-0.04382574348174891,-0.41240158559327666,-0.04075236072092917,-0.6870629985778578,0.007518422659242322,-0.06160890357797167,0.0924226128679797,-1.2480572548865596,0.17665541337426865,-0.05697949304193976,-0.6375996705789794,-0.132545636961829,-0.04046262574950909,-0.19284914727797234,0.2868897778378025,0.05477754817291305,-0.016121786042170794,0.0,-0.15432749083597633,-0.0019464913186926463,-0.011443226958882991,-0.03232067767918739,-1.83257472832037,-0.016750598614405282,0.0008671002544954403,1.527370741176556e-05,-0.0038349973976479663,-0.07127870747481595,0.02241698357983021,-0.018157163559833198,0.15280473474708142,-0.5495101789112309,-0.6673360615851134,-0.32302602796136376,0.1105269946845592,-0.09751212712253189,-0.9423538666964167
7.14779409915077,0.2900071434129403,0.1934908078707977,-0.15765032935933188,-0.5114955597339771,0.03119126646614636,-0.02636842753051895,0.0,3.4229390244170923,-0.02576205740278877,0.9963923123630086,-0.4084866514105976,-0.29308091622642163,0.027849471488947695,0.43594575630493,-0.010197309563192017,0.06627644148673219,0.11568340440148508,-0.06153722666969283,0.04354893771520962,-0.048935136307623424,0.10918073966058377,0.19890327899394467,0.4721175940082167,0.21037521947482943,0.0540325838798478,0.004302549451233613,-0.036956773534526956,0.137085781431915,-0.007756761670153031,0.12424274297248764,0.08638530199395729,-0.035266267071734116,0.002437446376484399,-0.007903490193671796,0.012378936830855822,0.34862325209393874,0.05821857408004714,-0.0405212774706945,0.018612814397411484,0.24998878412975506,0.2743389134960365,-5.097680176980191e-06,0.20268138130492902,-0.03663418756074773,0.6599953458271103,0.0003915820146193533,-0.015367748970092026,-0.5067241725481592,0.33415628502594247,0.30204073455834546,0.03173834806097682,0.15636070580052225,0.3783003352617374,0.771318256122396,0.8191557693800249,0.12936436294193676,0.3322090289071068,-0.03650790628249696,0.0623438926737853,1.147436597260161,-2.2436290267506216,-0.011271368098793472,0.30698432269427084,0.0,0.30559402647148315,0.009794885349264188,0.00709648109248482,-0.05535410347415892,-1.3163182304859893,0.004341141232810192,0.0008671002544954403,-0.00019999866868350815,-0.005849993070817204,-0.03772018921396418,0.06506952266635492,-0.0062243491892908275,0.11097506356989931,0.12795431372134156,-0.10018313722864038,-0.19627972435752286,-0.04096650749337308,0.05509892789059,-0.6630557909368239
-3.4083081903396093,0.3331344476411942,0.1263834788265329,-0.101760982141605,-1.3502611361612533,-0.013740119258654837,-0.005164657348719448,0.0,-2.0361494671211733,-0.007528277457834972,-0.6112994056869449,-0.9801145369499336,-0.5702028179081818,0.016790559339392205,0.2368167936390824,-0.010680996711996953,0.03808908552355745,-0.08994836486516426,-0.31355288759601946,0.00335500728603977,0.0284892630706816,0.14840264568042286,-0.16139639157405192,0.22847641944495342,-0.08693814619852636,0.04047460286506675,-0.03757775477837364,-0.042779553496454015,0.12156417450661013,0.08134665145555112,0.06589325580011328,-0.04103079179352218,0.030955989992357158,0.005777574579357261,0.004049515560640501,-0.01055622804397392,0.08571773758873039,0.06044170962348308,0.009711777400408702,-0.020700386525819056,-0.014967264182346203,-0.08321124496378499,1.7676948990351903e-06,-0.28671359892860243,-0.09973360168078925,0.16238164946688974,0.0003915820146193533,-0.019376771729948183,-0.655936319456597,0.22436949203759965,0.8140723070951886,0.017399785212376447,-0.04031243241119662,-0.12966776112434847,-0.19142580438901427,-0.8574955667694666,-0.10098920207326233,-0.34157056691576204,0.08863999597704723,-0.03370476343661184,-0.1508814658015405,0.12557905488349835,-0.0026805113257766904,0.006382365666656606,0.0,-0.07125004628052233,-4.5640298049788846e-05,-0.011519921918689379,-0.008035110409512698,-1.4240677821070542,0.008258591198378606,0.00041222798984209526,4.445625949736805e-05,-0.015587068464146108,-0.05184253704872745,0.05405588358022102,0.008512783491069018,0.020758757146705907,0.022531691375971337,-0.7207909022590944,-0.334253264895486,0.20950746251617144,0.06909495239242601,-0.7808185694981897
-3.041920884251914,-0.019348442405008708,-0.004678743364168511,0.5089201392309823,1.7677654450046905,0.026329421685240106,0.04977045092643807,0.0,-1.615293614754704,-0.000489275709786066,0.289878758280358,3.8870181318303034,0.2944237899650542,0.020359533799960874,1.3816349093645701,0.05504601661926646,0.06475543179143069,0.04247344780520418,-0.08461307866291018,0.08763182417825625,0.05992589125945365,0.14208611446543634,0.02798432408258663,0.06339124017198226,-0.005048002811462082,0.13540846477738033,-0.06632022708468371,-0.07363997603849222,0.15655803398492824,-0.04170710115547624,0.13063308640078414,0.03687188344856031,-0.018354216568964903,0.020243981576341556,-0.030527745289687325,0.031271772932255845,0.009799718058368212,0.09588601797857693,0.010428513742638087,0.03386823182054073,0.006505647043638436,0.03359193292986032,3.8056541818576187e-07,-0.013036887023271963,-0.05466280263389949,0.2884082753201581,0.0007840144103487276,-0.01590581483880812,0.9870055922294636,0.15024973363725688,0.8146813423502789,0.007314946256083785,0.07120031868074328,-0.004652737609932967,0.3570711911885613,0.30960326914010666,-0.03300520959476753,0.42664667204942214,0.3916483904944716,-0.010317104937346635,0.06642963978695418,0.5357518943376627,0.2586241845594885,0.14207934467094635,0.0,0.02417101763316773,-0.012548294342877311,-0.004135299670906978,0.014886402405985096,3.9119380209514993,0.004300331612750459,0.0008292493284032835,9.437688641060677e-06,-0.010909063978398961,-0.005633387433269506,0.02030451346416544,-0.0056618349580186585,-0.005310114927047448,0.19150116340097267,0.9234112744476108,0.5348816676864255,-0.11462385982493926,0.20313164528620192,0.23052611122812605
-0.4671745757250747,-0.03350107280331057,0.05168296713519285,-0.27248601081079876,-2.659688693764888,-0.04676565802912158,-0.027565306631827866,0.0,2.5451164711998784,-0.003667325964488027,-1.3834138817368737,-0.7543081938416106,-0.42972437923663515,0.019235833560110188,0.11349518563150818,-0.05397944487902552,0.07305361992509626,-0.06064918461176833,-0.2940985431533234,0.005045679359499037,-0.12880927419934524,0.12020458134986103,-0.14764213653125738,0.15831409137607835,-0.11351398951546218,0.046203938626551484,0.05114156725775086,0.0014801666892541505,0.09081116685519458,0.09240791431707818,0.07753817416655814,0.08310936414752683,-0.08973194051034719,0.004020696654102018,-0.006838292317452941,0.02236680709007658,0.11396810736166287,0.05317961381240632,0.05963498121194506,0.01611423556765139,-0.010501903573204345,-0.5975514213436396,5.518113190756176e-07,-0.31162805095302065,-0.0348704287684829,0.8700938661696499,0.0008273062936454785,-0.01413303527202617,-0.8018960704061835,-0.01229147122320039,-0.696934215345684,0.00025382948038733485,-0.005814267944642352,-0.11420521784106083,0.620851550259276,0.28946721817580423,0.037418638225335525,-0.4021335986908905,-0.06980378904806295,-0.0388214064693973,-0.05974883116088052,0.15658291120882362,0.007350701688673897,-0.20448103408720233,0.0,-0.07158954060659599,0.01199454965306409,0.0035852117792373106,0.014937739188706872,-1.3808429685169372,0.007322295910811082,-0.0003356517114175895,-2.8402355912946105e-05,-0.004825925312574188,0.1915982857909273,-0.07299864464564275,-0.017822483254906322,-0.308150651542071,0.07467449974119914,-0.778182642714662,-0.4732415763430317,-0.23055991812071921,-0.03668701544464867,-1.1151433420094243
4.7003517775173,-0.019659058425430885,-0.02071087724752278,0.3438059293821111,1.635698376087748,0.017160348397627093,0.008970595517552464,0.0,1.6130557908590135,0.002895382407013246,-0.6252793168302351,2.4273537985793268,-0.32553413731794456,0.04285080777243702,0.04533479207709259,0.04079495400239274,0.07566277389207458,-0.009065062817137277,0.7094168867390123,0.057685759429907085,-0.00816958206009091,0.11548416780127499,0.036883476661397435,-0.721211781158707,0.1981777409403855,-0.019765219891665485,0.04420242371531179,0.014429350269073183,0.1597843601262406,0.060056287385596784,0.14344751176220769,0.032257681982561404,0.027403497215645636,0.004802978617921443,-0.006836506320727141,0.016466077296885054,0.1628013214926525,0.0659031941222492,0.03314194633800994,0.0028159741212908968,-0.002522433653688467,-0.8665295952675051,-3.4371354550843925e-06,0.016749756543973933,-0.025452944876145085,0.5579022642770556,0.0029653646000063214,-0.014357328904925113,0.9818415593961066,0.18393200833654672,0.41846071397779894,0.006304542586391067,0.03398802963705471,-0.025008305087135637,0.8095962889125312,1.4099529321396178,-0.028930220618665254,0.3554539553538197,-0.06679187456045658,-0.006725569272445344,0.5080581930582824,0.5325256696910684,0.05195608228003542,-0.2442362730474965,0.0,0.16755052412398452,-0.006699970164760239,0.0022679390670082527,0.012142500857083217,1.6378307912561225,0.0030150433683428903,-0.0012095874198150072,-8.557665948807718e-05,0.004299344940212181,0.06620744780137897,-0.04779714130647985,-0.004864248478985809,-0.24508739932721646,0.15959936131636235,0.3161281706567292,0.39999273422350057,-0.043788349192767445,0.017943394870029127,0.9250159463244569
-4.333612381920931,-0.06102336121165586,-0.05639000095046896,-0.22105652650484134,-1.3136884936532176,-0.0292162834967495,-0.04028470194135345,0.0,-2.107260080865788,0.024649516523351716,-0.33082543461394753,-1.0656221183240044,0.13038683583026833,-0.03757548688561638,-1.0679815035367037,-0.03388567706931652,-0.06329200104296981,-0.05058958921297822,0.900366898094967,-0.009257990006895886,0.030226954932833908,-0.24170650099054647,0.13008035696842177,-0.03215062829159255,-0.06555874077186698,-0.019921204783655888,-0.06322799641960057,-0.07342267711098077,0.05364775096898499,0.009844790791018883,-0.3098994334244617,-0.04473850701432893,-0.09178099912189498,-0.03039943826467402,0.005004204940599813,-0.03385224164866266,-0.10854883360808491,-0.045211853258348964,0.034449647594440615,-0.013018618138163835,-0.016353312844992272,-0.2312241929806435,1.7676948990351903e-06,-0.40559134516145684,-0.08852245889630024,-0.4268490064279301,-0.0009463232019967687,0.07607480299378336,-0.31666699443714874,-0.11210905202065606,-0.6264377557931887,0.0027869382447131266,-0.03513290081079819,-0.0625355432164046,-0.8152780912424252,0.47326746863567315,-0.03822415239055485,-0.3750502054875316,-0.176141502254305,-0.0024694232844347905,-0.1331297479424742,0.07083271366537795,-0.14966367196249097,0.141088495057979,0.0,-0.17018775894216892,-0.005991003933887823,-0.014040470920250797,-0.017005132815034147,-1.4455441936059916,-0.016750598614405282,0.00041222798984209526,4.9870602194669166e-05,0.0008215773781805708,-0.09064581961771884,0.012546864761982834,0.008512278198261803,0.06278192489744995,0.09500089934045376,-0.5808952153145455,-0.2957962608736175,0.11711315754490051,0.14277825917672127,-0.6300301892613417
4.095156253648363,-0.0285232918571458,-0.02349161924145634,0.4681640556322791,1.8101914147633045,0.03482174333045784,0.06916098592525,0.0,1.7618742618908387,-0.0008381503753307365,-1.133656418734969,2.463847144767665,0.24321082954992634,0.04047047174950627,1.0485194931090351,0.12584168960782038,0.09094168897290403,-0.026872438159086253,-0.1814809623028404,0.051396823511829434,0.013987161836655604,0.21414585635834335,-0.054188748898578665,0.16607669600416516,-0.011444377325858325,0.09173675139930741,0.03533240803758263,0.00157004041155251,0.14492154571066965,-0.12663079920891343,0.14340778487737846,0.10076998612283793,-0.026968302481840872,0.01275737246169165,-0.006990794831216114,0.02632734937223305,0.02003099916788593,0.08493251392079643,-0.05391761851483377,0.024103877622959336,-0.005696348318066126,0.19429001016453057,-3.4371354550843925e-06,0.09556797523154163,-0.023271781238564403,0.39391300954848973,0.0029653646000063214,-0.014357328904925113,0.9551383410553737,0.12107097100367205,0.25349882279234826,0.011093234954765612,0.0911452602299232,-0.00826597229021301,0.9479077776639481,1.1477975670495648,-0.04092672913426011,0.4007425146794812,0.11672079985516044,-0.011002014276748436,0.028580968083832665,-1.1344019463167945,0.028195749754785115,0.08636247267596492,0.0,0.021007551903657565,0.0008462430801794525,0.003253163882340627,0.015841106057113488,1.1730897495252706,0.004300331612750459,-0.0003356517114175895,-1.1649930726786626e-05,0.0008104253313607389,0.07114844746741887,-0.024497837949599723,-0.005748143316464206,-0.14324587803165195,0.2186288653854577,0.4205843656595241,0.6397229065366782,-0.06994399373900091,0.009194257983440202,-0.6709480463662524
-3.9226109951486947,-0.04915149583917332,0.060583026592404665,-0.15241618164121998,-2.353177778547431,-0.028927904804186815,-0.022710768060043577,0.0,-1.949100905016741,-0.007278963022267836,-0.463352562774461,-1.037840367472093,-0.6459529808074,0.010250706024453575,-0.4031342447006784,0.04505807884561835,0.027519615256557217,-0.02102138438863196,1.1498783036038305,0.0035705797671254907,0.011438078335432242,0.1264178815798016,-0.14282824833146773,0.14655461246838047,-0.09428641538547147,0.041984074966088164,0.09512911606292686,0.07663144589158075,0.09018627791047802,0.062290277165429404,0.08221595043199774,0.017237802923507916,-0.06593292924273472,0.0035962570089496664,-0.009002332525001119,0.02150309242160002,0.07353449900795514,0.045164184543149515,0.022640007947088047,0.012391424186285395,-0.0028154370584643974,-0.6277783329148937,-2.607349976075854e-05,-0.4032647256265494,-0.03194634359113132,-0.501980002603374,0.0008273062936454785,-0.019376771729948183,-0.6319742488499747,-0.018239818400577226,0.3478729618618997,-0.0005949713728064691,0.07443272015282905,-0.05964938099505358,0.5576641323744519,0.6357594280461933,0.02321683768152915,-0.40166164886500394,0.17216181413675702,-0.033838028622827775,-0.015780180911858645,-1.3311977670664539,0.03765807263310099,-0.0820995516214382,0.0,-0.07133216637392535,0.007090300577874572,0.013818604600804162,0.014846642527837593,-1.3191172941853213,0.007322295910811082,-0.00015957212510016566,-9.382019291720792e-05,-0.005007016450535877,0.14345028040888025,-0.04920604888802216,-0.017722400839762634,-0.12614634975822922,0.023788064329634408,-0.8611136513275336,-0.41644973560415227,0.02902532720199485,0.12449914928420883,-0.44360337954153023
-2.794218306797282,-0.022850531067173344,-0.015189955879110801,0.5102790154855998,2.4084753002295707,0.025801592476858273,0.05438368584738633,0.0,-1.4501658035100131,0.00021074600340578883,-0.15945350793636182,4.227530226027528,0.2486454099282776,0.020199234102497396,1.3969255216310386,0.05315379215104683,0.06631071542031412,-0.030277636008460337,-0.14143765833729202,0.08893685828140536,0.05914001744569074,0.17925477951348767,-0.04082166117628738,0.08549375693121937,-0.004401609906901403,0.07925983773319305,0.09612108102537417,0.03377304474821095,0.15131365960638435,-0.03748046923228722,0.12072675194684772,0.03798664024885744,-0.01802779668696696,0.02101591665706524,-0.007641773825372167,0.033544277624984735,0.011950397866516143,0.09482319694358209,-0.05925670233678132,0.025866551204789572,-0.006548286607274023,0.01789052732613912,-5.613339918229647e-06,0.10945516116917478,-0.024998979620555268,0.37003603039005384,0.0029653646000063214,-0.01590581483880812,1.1355913717166373,0.15028051435340145,0.7861948709053627,0.011353700392620724,0.10190018112272455,0.0013072135674416178,0.9149469793261508,1.2028552319380155,-0.02682423513036626,0.41272140797479046,0.3013102999487834,-0.010279732736127301,0.1252994081524528,0.4615247617300177,0.2637537644988459,0.019309889511822793,0.0,0.02425443598966852,-0.03029213793027638,0.005473916312513914,0.013497160636707715,3.4601494901287793,0.004300331612750459,-0.0003209997400270776,-2.0377368424206858e-05,0.002725173906532218,0.08320397001560817,-0.021479416068204464,-0.005662497377184836,-0.0738990167639031,0.07701546647493267,0.9378846298661385,0.6820449869048378,-0.07662064149658276,0.0354250049546193,0.7555196143961777
-4.914264193371621,-0.06174911130334196,-0.07620388117296824,-0.27370283425257225,-1.5916527034417918,-0.030911722655000598,-0.0257609314407745,0.0,-2.1021950276060255,-0.004913418335750895,-0.548905223722192,-1.1840730657338112,0.21495961187675092,0.017888215377411573,0.04687016760375372,-0.05408348698275477,0.05168352314743804,-0.09708756308915344,-0.2168603766786241,0.0004344887027750064,0.017913899373102112,0.23583517008246757,-0.13856217456574088,0.15771086546097476,-0.05354513861646786,0.0664228505232616,-0.06830356358177134,-0.06632567112926256,0.11570667755801135,0.09005709413805625,0.08728421736509036,-0.02793964211116846,-0.10023571591921139,0.004312499532080082,-0.02059475642700575,-0.03212292293526604,0.09852109567674376,0.0672671149441324,0.008336382159425252,0.026226086480401964,-0.01376344802209632,0.002804720891542819,1.7676948990351903e-06,-0.15821566733630438,-0.0900911518033395,0.5688530430270259,0.0003915820146193533,-0.020611485428014036,-0.5568118098530975,0.019584146912546556,-0.6487788956586991,-0.0023222469098665034,0.024490973106299184,-0.1710141992913496,0.18384413756438994,0.8252956084225698,-0.049415786479444126,-0.3346317715313964,0.10114523139870059,-0.03365912004055607,-0.12994005006639323,0.08341087847020882,0.07242797107713023,0.15568898148106564,0.0,-0.06846365250332193,0.0022424100355498936,-0.007576763694874665,0.027996365437201957,-1.6174532473297798,0.02194906025335865,0.00041222798984209526,4.445625949736805e-05,-0.008513340910113373,-0.09271082889519945,0.04149797375225378,-0.010440106944088503,0.0292178275485892,0.18743746205794196,-0.7037435078400744,-0.35669691828594213,0.172763179931931,-0.06269557016501236,-0.39126530338281823
1.01862176909906,-0.02578684089124848,-0.0405924333100738,-0.19298195869029758,1.084021741652124,0.020188985425931442,0.021785868634225932,0.0,3.516743342563703,-0.0008100871071534852,0.6121733748696269,-0.6230047589433655,0.2946336099136356,0.025929877571826777,0.9726502212022434,0.11514206190365621,0.07652066752655215,-0.04151681908589706,-0.1579095816958985,0.0912517054625775,0.008665183496869122,0.22088302420439812,-0.08058239385651207,0.03286847547417178,-0.0017125025946374845,0.10984438396176835,0.07544529727567079,-0.05001369296801584,0.11253470550990562,0.07963598347286908,0.12656295284744304,0.10420674723575317,-0.02764215485216487,0.021017677873253312,-0.012129479897296276,0.09539726887194894,0.09505052284414349,0.08066326761323539,-0.05492262822298512,0.03260501160023322,0.15766077681755455,2.8238116146730903,-5.081368884782625e-06,0.21045532466670774,-0.05060656329754786,0.4119577043271656,0.0010849816895921846,-0.015367748970092026,0.4378921903716672,0.1296685514392487,0.3997022311632376,0.016455225103420602,0.1344288990111491,-0.06862939706654757,0.8760264435462131,-0.8341050719363734,0.0894273164336753,0.48196734999866647,0.14024085963272295,0.045689905882625205,-0.002076301606739211,-0.8488375480029821,0.0212927848056909,0.07847839336653925,0.0,0.018313831237688892,0.0002569376404962261,0.003452260875564701,-0.012072288625791721,0.549387063855171,0.007322295910811082,-0.0003356517114175895,-0.00020870741993186015,-0.00010414330857833314,0.11521738045510274,-0.04574763066219165,-0.003179273047270899,-0.15268298487190265,-0.09486814868781349,0.58922404993561,0.312930544240363,-0.14400054822834366,0.0019770993398103677,-0.6271888242703131
-5.4557388678818715,-0.08114357591197724,-0.04968845228635642,-0.274797409715167,-1.4134141800206186,-0.030806715188107722,-0.04144259095673241,0.0,-2.3471126303274925,-0.00979485977107266,0.2611788898454139,-1.1642240411539806,0.14159912954365678,-0.03647750767187898,-0.30741203253093446,-0.040838312354785515,-0.0829245693711541,-0.09268577553841612,-0.31277854207299377,-0.008883862064853096,0.04408521209774949,-0.22416613694704499,-0.13740612177668826,0.2102350656220745,-0.06469182658864363,-0.019105635186166987,-0.077166528660378,-0.11501180191597822,0.05388011606435152,0.034725204318491444,-0.2761300332578262,-0.04559528918152864,-0.12054822812327168,-0.027228733062895225,0.005004204940599813,-0.03363599583586184,-0.12794344176847242,-0.04420212774184324,0.0037573925955111287,-0.019626790756944547,-0.02203801750845628,-0.2791337101686877,1.7676948990351903e-06,-0.44799196346225034,-0.09952941130668856,-0.4886860542572667,-0.0009463232019967687,0.07607480299378336,-0.6721504739521841,-0.17596026185454844,-0.6673723973008615,-0.03133587115456006,-0.059161806225778,-0.08103797692542297,-0.17370831144861418,-0.9151776040392539,-0.0150505134809348,-0.4027452575805378,-0.17559971510053848,-0.0024694232844347905,-0.1397982175829052,0.033810410861304215,-0.1516138477737662,-0.0205207645043291,0.0,-0.1656359499838672,0.005817128910230769,-0.012585599231808941,-0.008796856045282169,-1.5367043200544623,-0.016750598614405282,0.00041222798984209526,4.9870602194669166e-05,-0.010278177317003688,-0.0927112437216891,0.02195421853014383,0.04905248143901599,-0.002674766593672881,0.03350749517679553,-0.5539921816632891,-0.32157833703946215,0.09305013000807508,0.14375327647731878,-0.7395012700559709
5.540839098784641,-0.022602815094299775,-0.02336107462574219,0.4734724311711744,1.4928426556148182,0.03475977613002294,0.07335960701340564,0.0,2.977859952475363,-0.017773449116915824,0.8179735785366985,-0.3272496761260378,0.2387724971428017,-0.06543825641456295,0.6538003628208411,0.043304665232656726,-0.0962674155023178,-0.04075785401446903,-0.1419763597574146,0.03665573480366158,-0.002477631526165444,-0.3492357908844642,-0.08050098785418011,-0.006864094399052899,-0.03735257312509386,-0.04263326287873475,-0.048180437985919304,-0.0750246944231933,0.10284980778875367,0.029796500610086433,0.14041375906104103,-0.07715276258120841,-0.12020397141387326,0.012125555814416029,-0.017386978430250593,-0.0011813872597027778,-0.0725408119167008,-0.1296081141362024,-0.042042313375318455,-0.04668737365861942,-0.004668469641434574,-0.20731380568074262,2.3302613254744297e-07,0.04796268121790093,-0.06816489869301133,-0.36474968235837846,-0.0018947014916760913,-0.04382574348174891,0.8998071162254702,-0.15003659000402317,-0.3816229609360835,0.018332339270886178,-0.03273824753108586,0.08188916635493493,0.01802777388311437,0.36833714986819793,0.029644177479451066,0.5287471045157606,0.49400620875336637,-0.011232039073271105,0.02458096794355417,0.52104016206331,0.050085738240319935,0.18978142763627723,0.0,-0.10209184268035625,-0.015244139197262842,-0.00922900800254459,0.010860907892459144,1.294726838714194,-0.0032818320202569287,0.0008671002544954403,8.91654319828798e-06,-0.003632790879552218,-0.020562906641112523,0.01902092664728166,-0.005747726601736522,-0.013775360092147797,0.08195837045203276,0.6078952066945441,0.4894690922307109,-0.11062390319305179,0.13161380966377673,-0.8331878207871635
-4.144030710869271,-0.024206318470652605,-0.04733367970208312,-0.24047815754922447,-0.5209409981798779,0.027545537986879556,-0.06136576684897621,0.0,-2.379821028779054,0.03177488324139104,-0.53848536570821,-0.6283052691845901,0.19735866812059571,-0.03155141895593896,1.3109474947955517,0.053456071518519443,0.032463930253671995,-0.015968079484430856,-0.27244399688814863,0.020950844312658708,-0.003307232698124994,-0.2701373317049271,-0.1376793626363426,0.02957284576451135,-0.0545658355129095,0.07249996532699636,0.024852651041452345,0.06695151620961214,-0.37418057936923305,-0.11436407572929437,0.06592101806823061,0.02271061026230736,-0.07583106483514894,0.001968902557217755,0.009846231244946378,0.023193011243354125,-0.11715528350180661,-0.057747028400856854,0.038023856324169034,0.016417735426445382,-0.020041083563628173,-0.7831529910051596,5.847451532059369e-07,2.8850374530293608,-0.0796554389269195,-0.49324641164134914,-0.001999323542976573,-0.02021543489635667,0.26506712937589916,-0.09636950159606228,0.6053754707628913,0.004144156421563402,-0.0543767771759871,-0.06426061411207908,-0.16707656774992752,-1.145577350272087,0.009676596918129459,0.11888823190756935,-0.4031902205322627,0.014742881388307066,-0.07416608183050923,0.058450487676575805,0.06033473881685607,-0.046386524104853194,0.0,-0.14112029508750057,0.046385495641669564,-0.008641409465353208,-0.0019148213968152583,-0.39429713247901754,0.004300331612750459,-0.00015957212510016566,1.73885441662352e-05,-0.006962568766667876,-0.02074113984218349,-0.033921473027828164,-0.002467212194841934,-0.0825045516603095,0.011602969409352022,-0.7483708858258769,0.2510932080659874,-0.06599636020364176,-0.06357588229005622,-0.6222324606533566
2.27575568735114,-0.030710849492460317,-0.027983764170850394,0.44114599717520386,1.2950086737353983,0.034255777062472695,0.05154094146611467,0.0,4.066215803856565,0.00789223477186621,0.7703977416804265,-0.5611319710415256,-0.35341800715198435,0.03003965512921291,0.21694838446321071,-0.02599287417891074,0.08601338135829542,0.06505327124671849,-0.13631365094636344,0.0759509620013746,0.03320760361663634,0.1556339677443622,-0.03189870219275374,-0.8703965213038755,0.21309148594109928,0.04075398599245625,0.10734536931438635,0.10068921530012603,0.18269084209258582,0.11946166542240827,0.12526242725406325,-0.0025561401009969956,0.02516995245775975,0.02080280773528938,-0.03028355333553724,-0.014115212811674212,0.28845245622938404,0.06830278595308269,0.026229571252426084,0.010154174432602674,-0.008789514590002469,0.23310409284597675,3.4449958540895293e-07,0.21017719259968617,-0.058262078803653035,0.8194360716404978,0.0007840144103487276,-0.015367748970092026,0.4918108546538465,0.21155081197682402,0.6367944326918978,0.025605382260334167,0.0490439938074546,-0.048302656694069114,-0.1269694137407836,-0.9430236614362837,-0.07467497908997388,0.4209168976725664,0.2673647693204955,-0.01009125122149674,0.11518955128508546,0.09814860934014472,0.09790684061918219,0.20794254545895394,0.0,0.23448355532932824,0.015649241325240173,-0.006056371954757685,0.03179357878951298,0.5334168554610961,0.008258591198378606,-0.0012095874198150072,8.247255401220535e-06,-0.007658055886926155,-0.08452244822240546,0.04299745509538972,-0.004863069543317067,0.1777907760938857,0.05061093898215939,0.28666344145529843,0.33241108045682133,0.14217804745475457,-0.17935050645223505,1.6890474750848956
-0.6104539932488833,-0.07569387902400253,-0.052834388918165054,-0.32311424040991965,-1.0466930270187425,-0.03370238557624476,-0.04329872136633506,0.0,2.724308135608552,-0.004526434365796108,0.4916927451766334,-0.7722377412962683,0.17064357620687026,-0.045904420420094065,0.4474858965984593,0.02951591006929949,-0.05116220211885351,-0.10973054175880002,-0.31232123868429973,-0.009403601352223281,-0.12455993435242754,-0.3913064189554952,-0.14415649994164434,-0.1558744227934425,-0.06500413871906098,-0.026555621613300336,-0.055245407562472974,-0.0510205817575394,0.06921852672936493,0.01820092765884892,0.07097286337003908,-0.09950302717391082,-0.16804319195651282,0.003492646223162635,-0.018250906438266788,-0.005694198732340146,-0.12956645149442203,-0.12529634771113474,-0.061591806400199664,0.009195695172820066,-0.01621554817760992,-0.6262991120408712,5.518113190756176e-07,-0.25192889435415156,-0.10104890323076166,-0.6584682307950304,-0.0009463232019967687,-0.04382574348174891,-0.7446004411972029,-0.05238627643218436,-0.7694045395949646,-0.002122802100713446,-0.07457779644634915,-0.1668245063772768,-0.2205731925356622,-0.9152385719901388,-0.0850382125652331,-0.5281571728025071,0.17022690631360296,-0.032681880809677495,-0.1538475730860604,0.07376828129755224,0.048022028427034576,0.11987152708199013,0.0,-0.1656625500299546,-0.018653197877394202,-0.009908096903007212,0.011254093983484627,-1.2638105800888646,0.007322295910811082,0.0008671002544954403,1.5537727564089525e-05,-0.00719171693600896,-0.09263234421741644,0.01826596207479731,-0.01782121953506144,-0.04057062785456837,0.032903230862141086,-0.7756578672994661,-0.36807296299274705,-0.10513684105944959,-0.07716796074763994,-1.1646202061993534
6.033839270731743,-0.032734794427179165,-0.07583433799503693,-0.17297810619260376,1.3456960231750685,0.008291779089134563,0.04342767635838031,0.0,2.7314315424971545,-0.0006860943958424388,-1.0191820319447833,-0.5427424219667454,-0.30588878991394425,0.032724382943840336,0.033520447323876996,0.10832996551014938,-0.09397440248554832,-0.039183101579241084,0.884794553450215,0.041742862449513154,-0.058051263713805173,0.10504699802097756,-0.022594331582698225,0.23136548735921986,0.20233409242154207,-0.05493989063645296,0.043280281356102956,0.011443347052073756,-0.49762273696028636,0.06884779354107118,0.08880131168518508,0.08667808286602897,0.01817848467895246,-0.000700541143361788,-0.007277028201565667,0.013249245794254096,0.17085336367667492,0.04183809361016397,0.01680518409554204,2.9035406684673197e-05,-0.012049045528217624,2.2566215753548793,-4.538270174123636e-06,-0.09653282476483871,-0.0309473263102728,0.5103749180842648,0.0010849816895921846,-0.011808959732757815,-0.616368552748615,0.1815582261976834,0.17156171110707427,0.006713151005422609,-0.020834668386837583,-0.0660131029962643,0.6637003812665188,1.2073444634612271,-0.10028735897612855,0.36991062619838383,-0.09174692082707836,-0.006451386122128851,-0.024566317425244375,-1.7678827108804889,0.010212946577028712,0.18044794426070285,0.0,0.19417290288244737,-0.019745800394413267,0.0037547160530626536,0.019029628583852275,-1.454355739136337,0.0030150433683428903,-0.0003356517114175895,1.5046834753259359e-05,-0.00010599379894666628,0.11540839358804322,-0.05351222210050219,-0.004469962640611652,-0.32132963325605424,0.13056691047134128,-0.154224056745326,0.2131015391262012,-0.036904135536756935,0.027055087399141888,-0.8116223037531325
-4.637809952225855,-0.07874020790321089,-0.06999097920827742,-0.27021833335990963,-1.3443976661565122,-0.027721867025070415,-0.04046792036064042,0.0,-2.055448988304717,-0.013036656562907102,-0.28404328362855263,-1.01919627522092,-0.3542710824303905,0.018342873942228104,-0.3908827484088299,-0.002065012409016874,-0.10692679509709468,0.03788546059606787,-0.2897646793731723,0.025598545469209786,-0.022351948860088473,0.09442707582778491,-0.08684518378254828,-0.01472044225549917,0.17169544282562832,-0.055325331874443426,0.1331804154972256,0.12160718035855013,-0.5133717677435048,-0.19951933002195593,0.061083909942146276,-0.027954161116840424,0.037338291153551376,0.0021776534387620036,-0.03283780575204657,-0.007881061221121803,0.3305900016748896,0.01599793713068181,0.013431986575954473,-0.02664796475299842,-0.014558116567376532,-0.375220537218781,1.3602352569499349e-06,-0.5554006998948045,-0.10686891546436812,0.7792022048231575,0.0003915820146193533,-0.01705269619067983,-0.6908883592053826,0.29700743390531076,0.685932102035398,0.021637659198531934,-0.04038654664968645,-0.05272013975191012,-0.2862333601981163,-0.8894356491944153,0.005840259845423359,-0.41050968336348853,0.07696571959363524,-0.029140290620510077,-0.12571095377142028,0.07457415513745481,0.015123516065608193,0.09211394817381482,0.0,0.5077690380235346,-0.005253611144456851,-0.014040470920250797,0.014504200768693225,-1.5606234555634582,0.004341141232810192,-0.00015957212510016566,4.732625473900798e-05,-0.005355536718603461,-0.05671802105812907,0.033715315655878625,-0.013369162706280406,0.04815296550986258,0.0059160952927654305,-0.3097724619931317,-0.3619110897266141,0.010635114785507344,0.03931667395066748,-0.626378029621245
4.872716060681029,0.06407955728131588,0.06328979592300503,-0.15878055096068336,-0.6582541182104745,-0.022646347079606506,-0.021559220720579,0.0,3.016301505246902,0.009802158476655876,-1.1118152386367202,-0.6207441352211736,0.3093838038972116,0.043354651309987634,0.5067371757529382,0.03283875614010204,0.053192613449996734,-0.04847343614009842,0.67712215994513,-0.0049859487743469915,0.06390180909122371,0.38154336242877934,-0.03598519834689092,0.323954465100358,-0.025918563947542057,-0.003793433660874074,-0.04537137611027338,-0.060818741785858735,0.11137750167665882,0.07322788012091709,0.1391768380747014,0.08393521563510319,-0.052525956746641046,0.008230029103317623,-0.008878944286346868,0.025503820212659744,0.029805170997082114,0.07765921819673778,-0.032532086588464695,0.03678295993091538,-0.0025694037499174867,3.0348255688711734,-8.139216956361403e-06,0.12623186226656152,-0.034281211400372096,-0.39456003044632426,0.0002862826493435608,-0.015367748970092026,-0.5425888488222738,0.09060425274586699,-0.28957355077576613,0.0034230496851999923,0.07201100618985465,0.44914774100054505,0.6155237685425782,0.505072413948225,0.15260098041319212,-0.37129610454920675,0.043826597748970186,0.19679540761874015,1.3887825596441528,0.3383251907882803,0.057455544937086135,0.29947533657312714,0.0,0.01679562945395975,0.010320132617823973,0.0016073123637952292,0.06618558683317982,-1.3584007055785954,0.02194906025335865,0.0008671002544954403,-0.00021367292124477473,-0.0026764280623221247,-0.04961328813100109,0.04445419325865314,-0.006291536224460226,0.07267088807363388,-0.006731295948279021,0.4628589896112849,-0.24283447039418937,0.09848554850012053,0.015019229149360073,-0.6186829775999307
-5.1305777191440844,-0.017904323368261595,0.06097764011514244,-0.13447495755316977,-1.4381765557514352,-0.015900598939451817,-0.016280964544114363,0.0,-2.6044271678720317,-0.027594050054563286,0.38194213104742686,-0.7049024539329588,-0.4561699488459902,0.016334722689861615,-0.41662035072963094,-0.02620165103183091,0.045616043032090235,0.10646313464445249,-0.16238268003789683,0.029425752648738993,-0.1184372369954697,0.09564944463455151,0.18821216466786395,0.025747337887305044,-0.09369564953047811,0.04703067847944217,-0.07450973015387939,-0.0919222799263562,0.1283782959704036,0.06740320405596706,0.06674791622636972,0.0184476612947137,-0.03823229542156497,0.008995616451055819,-0.032850633938527773,0.025189196294026057,0.060952257387971595,0.051804515273602005,0.013595703188131088,-0.02799520900206073,-0.013873080464739668,-0.10038395109003925,1.7676948990351903e-06,-0.23029361768702253,-0.09265710828628733,0.6211013562080215,0.0003915820146193533,-0.019376771729948183,-0.5149463098039135,0.3075163141642864,0.8968800563558831,0.009891918814435609,0.07723269262748234,0.25123107551777174,-0.16646403369000384,0.680958878408891,-0.047404913543095666,-0.4111895695837938,0.0652428909745978,-0.03388017460246204,-0.12126242081783298,0.2275633472678911,0.017652830504019796,0.13725881861118241,0.0,-0.07151976705320601,-0.006715327479270375,0.007361311107917751,0.009938228197249967,-1.471504738557826,0.004341141232810192,0.00041222798984209526,4.5921262125655365e-05,0.010781704497530117,-0.05730833319365038,0.0345199336895965,-0.01770622037314484,-0.0038516860511426257,0.15012090546560508,-0.6757247537771934,-0.2914910432840245,0.08903051567819811,-0.049001083731977105,-0.51161247524193
5.701349973776035,-0.02070906678301012,-0.039186319351924695,-0.16960136541860388,1.5880583368140542,0.020628560631276528,0.04724139048356572,0.0,2.2205036325550864,0.012893416815429352,-0.5593728351024405,2.34972299615927,-0.720469122746733,0.02421544425810105,0.7671480283219865,0.11014170250242263,0.03463126477801515,-0.01631875441166827,0.7915547696305374,0.03306505705815344,-0.018250791366368972,0.1493065655007112,0.028136916576839886,0.15360935347386287,-0.09783033898502448,0.04001475420299148,0.03449889949661854,0.017276768900551097,0.11845140942209521,-0.15970691509788287,0.108253321982427,0.08882591529444182,-0.019422801393468723,0.004349367622801281,-0.006873758245395327,0.026097972363805906,0.008774161070607621,0.06773339255378805,0.03264487651807999,-0.004070164763559228,-0.011509666697453038,2.090388993330064,3.4449958540895293e-07,0.011583242903138608,-0.024207380720691382,-0.42652661905498296,0.0010849816895921846,-0.014357328904925113,0.3265531520977249,0.19743236159919988,0.1811728682390145,0.00658320584135227,-0.0413117963752553,-0.04106573318724379,0.7123531295089274,1.1322236571013549,-0.03147091627882327,0.37226093018611006,0.09700774594840524,-0.006769166741535647,0.0139598428844412,-1.7481478837372242,0.018094759382618817,0.11049030701418025,0.0,0.0047965693549297216,-0.005141684032181379,-0.0025716631735280973,0.017851581904900906,0.44128395613868093,0.0030150433683428903,-0.0003356517114175895,7.286163017909241e-06,0.0004883716973052272,0.07309834446483299,-0.024500921106187453,-0.004885300521397138,-0.11815971109370105,0.14056101644391927,-0.2575978338490421,0.20745521759875826,-0.04364963798302075,-0.001240147075200669,-0.6567457010216168
-4.3558575297968485,-0.04222696749289119,-0.032098881998004876,-0.1988578065233044,-1.326278084972261,0.07251962056758106,-0.033935636748907386,0.0,-2.2754456042061353,-0.01117234636572219,0.20960306805856396,-0.8850767056971692,0.2785503874106701,-0.035853522817489436,1.2974484120521887,-0.04414619678737344,-0.08292178794439282,-0.03835897071072943,-0.25231761624032883,-0.010106545272141715,0.025150051215872077,-0.2580214723803673,-0.0969011780299179,-0.05105310395639835,-0.04909770906790552,-0.03368797174431019,-0.049216708336974085,-0.0494161153798193,0.04965449321617372,0.02246949744109794,-0.37465699186228846,-0.04553438458384788,0.09398214561833083,-0.027550401110737244,0.005004204940599813,-0.03399138351132819,-0.11127990727597216,-0.044829175465457935,0.007315064656183044,-0.037641593330552316,-0.018214548607916378,-0.20478267063006822,1.7676948990351903e-06,-0.4695772623034849,-0.040066204823926595,-0.30760107229601474,-0.0009463232019967687,0.06422992416266154,-0.32328215331019083,-0.34355827185935134,-0.6390856875924166,0.0020807597905371797,-0.05789256845044496,-0.017855334945401133,-0.7327711698075619,0.6924115673795728,0.013094427403020381,-0.38695682160156897,-0.4107403451878496,0.004710902920481647,-1.0545112648963375,0.2583639736174615,-0.17075033490005115,-0.0928395075660001,0.0,-0.12280067765795354,0.008142873450964224,-0.011832089749494571,-0.017005132815034147,-0.714402753535483,-0.016750598614405282,0.00041222798984209526,2.64055239059262e-05,0.009709857699467979,-0.09064581961771884,0.01298860774890527,0.008512151688136365,0.10361270488039308,0.17059835017449987,0.19515829760511386,-0.24679106379019883,0.13530151046572905,0.1452214754635326,-0.5242201347852817
-2.214214540786185,-0.020789465944073413,-0.015976650995903098,0.3728451400751835,1.4232765279928212,0.02630333108896348,0.047950683407161854,0.0,3.0847860261488327,0.012966718131288598,0.6412260377747483,-0.4741618576630101,0.2944010260804387,0.0030008130329910628,0.7567791074566511,0.07770044655337119,0.05383668536547649,0.04781996459041835,-0.13052474301231115,0.11085503309779955,0.05862802906828202,-0.21323254904918182,0.0815523222802796,0.1118286201759303,-0.016910040567156216,0.1329175052548992,-0.07611003376844878,-0.0845198084934393,0.14665899081227896,-0.09868435391568293,0.12116905468194007,0.1084625445267897,0.008754797642276123,0.014456897182073315,0.012012882121578233,0.02087950502529606,-0.06755172245393608,-0.0607800879108279,0.008051619509457783,0.023090258771415424,-0.009928450453506413,0.1713078610780873,1.8229637271428584e-07,2.88448258814645,0.5774447254746048,-0.30383284189660736,-0.0018947014916760913,-0.01833667777790961,0.20670107575255606,0.14675552035299697,0.9866273788441694,0.015048276258011507,-0.05852495903752516,-0.038202624702714696,-1.1072481152979996,0.3051428673806789,-0.015753001816700654,0.43045540354741846,-0.11133960551004332,-0.000450273870742055,-0.6344668164903284,0.49888665122137993,0.15790121440604143,-0.07014212415438761,0.0,-0.08856462596013398,0.01655324222604096,0.02796191006348372,-0.0006342224965455289,3.47256116012235,0.007322295910811082,0.0008671002544954403,7.145642718669153e-06,-0.006312490712010306,-0.08373507246889457,0.012793555845493248,0.013051767678065498,-0.021995708204393095,0.13691543790028882,0.7118041489971092,0.4095779808613191,-0.1044950899722515,0.13620692532346734,-0.5441477248777024
-5.4875348521889755,-0.0598424668010986,-0.07502991592732643,-0.24423743992590388,-1.3918281097704515,-0.030021229923261693,-0.03165251717591149,0.0,-2.5940809842050907,-0.015056688479475756,0.35491878878388,-0.7641986482761501,0.13318692582498085,-0.037127208503750016,-0.41278957395988236,0.017678524353525456,-0.08309897517590781,0.09561855427882095,-0.19673191207432544,0.054111358308322956,0.04444652545445628,-0.34913216368320754,0.1877939435773864,0.23070813249434,-0.051080343262136466,-0.0191632717166514,-0.07452657415032542,-0.0973582841336425,0.06897673521162147,0.03468312923921265,-0.3294273976899328,-0.02820899266322018,0.1559820193451021,0.007845456436714573,-0.011478417983921985,-0.0075631330207309964,-0.12902563182167723,-0.04486333154604755,-0.021389693702493953,-0.017944280098940345,-0.01723090494644521,-0.032427759215280356,1.7676948990351903e-06,-0.17123181985174393,-0.09913645354934153,-0.47977670701202146,-0.0009463232019967687,0.07607480299378336,-0.5429669494528487,-0.1400024855186492,-0.7177297374202852,-0.026386851114036453,0.08787668774482937,0.22672244038790065,-0.0765981609334544,0.76651360571509,0.05195918125716279,-0.3554723047858258,-0.034119476206185495,-0.03365912004055607,-0.11914654608082524,0.08301504547827591,-0.18238725287349125,0.1898131674125694,0.0,-0.17060273248494495,0.009320910051816884,-0.012620675785138645,0.02963307206460636,-1.5188012567729534,-0.016750598614405282,0.00041222798984209526,4.8465609581316554e-05,0.010126174811191603,-0.09323136841325487,0.037810446450821565,-0.010440106944088503,0.08802813251273656,0.16159521422595857,-0.5879190364746645,-0.2636687684003798,0.07732334450428716,-0.13725050725429236,-0.6695016382209943
5.288903103230994,-0.03774898767668172,-0.06086383655429181,-0.1549792559728866,0.9125683960931846,0.09578958377894986,0.014612342664770784,0.0,3.4362752357293966,0.001140389426307342,0.9167814983029768,-0.5084699380968232,0.35852738180509575,0.04037092616411569,0.17356983496994452,-0.03920237851051194,0.06376988731956507,0.1359840814318969,-0.07314725764571864,0.08240057585051434,-0.11811093681625148,0.3583350501786499,0.19285729032828688,0.14107129891837006,-0.028914654972506497,0.10137836710549761,-0.060261017566753075,-0.0662834752607799,0.17349412253395138,0.054178142110138834,0.14263417344208099,-0.08140322016610722,-0.05235702754337591,0.008705873973681754,-0.017456076544086596,-0.0062145123204323735,-0.047616817430397806,0.09309624970343416,0.06079122865365556,0.03352795800946826,-0.007987680341306869,-0.3111562985596948,3.4449958540895293e-07,0.04324618330936816,-0.06794398076956105,-0.3839380250216279,-0.0018947014916760913,-0.015367748970092026,-0.598515030753073,0.11850147869127825,0.7516300468837358,0.009221770715600867,-0.04456987644488557,0.2501971421344863,-0.047771693111692576,0.6280417416056187,-0.14178219763154445,0.4241385642318899,-0.0937283700719568,-0.019597414962330424,-0.03387198553042817,0.600714435562432,0.07472350693623786,0.3145811934365825,0.0,0.020794784637935285,-0.011779970913562782,-0.009137214949000154,0.06623989311844784,0.6886042871160986,0.007322295910811082,0.0008671002544954403,1.527370741176556e-05,-0.006193507703885066,-0.04551843973460114,0.04339295208508814,-0.005747087993834611,0.04966414570506574,0.08289460672026898,0.6576279944168033,-0.15347511663636668,-0.07744571429172453,0.00017681651620554342,-0.8750684997820153
-4.995239580415303,-0.08320796229365864,-0.07621292939235308,-0.23218086005929553,-1.4942622526491034,-0.030889897103442296,-0.022990573886815205,0.0,-2.378873329724368,0.029985916438042076,-0.4853266755311008,-1.1724018614505496,0.25979650511005437,0.01804027429702123,-0.477817829276417,-0.046595607677972065,0.032599285350322,-0.060183377703340625,-0.2691595235322433,-0.0021625812670912543,0.013085658902972124,0.33115803403507016,-0.1885442325852418,-0.022555546808005363,-0.04064072910625569,-0.014296050367374816,-0.05587082777504898,0.11620371735435198,0.05996275203435599,0.05425756887857407,0.07655283030421733,-0.027878693236095476,-0.11440151453069382,0.004280771663459077,-0.02059475642700575,-0.03237871809804933,0.08152649532970778,0.05700895274208118,0.05254161784697947,0.009233076897637827,-0.018944484006752624,-0.10483255923350868,1.7676948990351903e-06,-0.1713132429342601,-0.08830454369709029,-0.5134488834932468,-0.0009463232019967687,-0.020611485428014036,-0.7014216216427398,-0.029905336718396215,-0.6700912812826461,0.0038269210589255698,-0.013420200992250437,-0.12580396467003138,0.10197423890175891,-0.945063655334625,-0.011099937388996277,-0.44052471812077704,0.10942604913623864,-0.03370606620420698,-0.12925819550482703,0.023313581442399426,0.06368601084290142,-0.006516672290110768,0.0,-0.16021353627485904,0.011993204456749671,-0.006854468301458201,-0.011483951848514931,-1.3791469404008667,0.02194906025335865,0.00041222798984209526,4.732625473900798e-05,-0.009810184207875884,-0.0347824833696768,-0.024847262698938603,-0.010440106944088503,-0.03962934452090947,-0.28464627619538185,-0.7458665141857841,-0.38049180556562234,0.12893533064151083,-0.07234775103118087,-0.715540493303485
4.974342017708631,0.30500766488991565,0.19099717660585966,-0.11846986860477939,-1.7678292090843355,0.023826713726702326,-0.020167629780865892,0.0,3.1040837739005975,0.009263389839761355,-0.8744434263808701,-0.6120344778964449,-0.24701196353983285,0.040215302263328,0.2969413974007278,0.03397598141569893,0.1019403685631794,-0.038893107564697875,1.036581681433385,0.0022098840103772065,0.06450654907475495,0.11374549593332108,0.1584805100818115,0.0440080218364929,0.24349065811572695,0.029809218546130035,0.06226624802177695,0.051652407590348566,0.17822563409920467,-0.2736007843546986,0.1294660446138731,0.08126654420426195,0.04420508704328219,0.007822276773129785,-0.007471771923253183,0.012912479655068006,0.3208346619944322,0.08069626947825137,0.04819936838112081,0.00042232426897333554,-0.005803814938809994,0.3891104436304715,-5.097680176980191e-06,0.23976684470843287,-0.021947293412850895,1.0060504686929448,0.0008273062936454785,-0.015367748970092026,-0.5879780987904579,0.35814295569101434,0.7320150522957043,0.0015655256791812682,0.09974224043570466,0.32883972251517246,0.658432423902476,0.2190399853316308,0.14918690644664806,-0.32050243451879423,0.015008885019809352,0.19718062357422766,1.1966376192690111,0.45301791635446104,0.010079662328231419,0.09354764454835279,0.0,0.4984025119525175,0.010775757130597809,0.011858607551968495,0.02268409796392334,-1.319005710489395,0.004341141232810192,-0.0003356517114175895,-0.00020139755853822465,0.0022378397150232257,-0.007484516830287901,-0.008761171314548365,-0.0062243491892908275,0.13659483113223747,0.10622751931933246,-0.2468131337971204,-0.3239671433623952,-0.0268490878054706,0.03848685135190033,-0.6847112547992926
-0.4570369592950385,-0.027797271528659632,-0.05028367773197237,-0.2619483722370206,1.0099293215029177,0.02733553705157788,0.0033312090925264864,0.0,-2.4779045972525195,-0.005202290849353483,0.42225448924512915,-0.9047389750521568,0.18978451058812712,-0.0409098563861557,0.5786978832515192,0.07476362579779444,-0.07278590709750868,-0.03095227890795618,-0.22430349836329444,0.012872927978558506,0.018410508255507566,-0.3335602286072873,-0.039233495618666764,-0.05887868924288115,-0.06413342326623689,-0.023822818760121656,0.07833155490599766,0.02273378062554192,0.08248096471224028,-0.14102810088406362,0.08680832204455345,0.03982382929380674,0.008389033711409014,0.008039519457502904,-0.03278231413712818,0.024121828872003304,-0.0889641977060526,-0.06458844018398036,-0.05601588319679732,-0.013741399948242165,-0.019100378154257927,0.009954319846391052,3.8056541818576187e-07,-1.4262479639868553,-0.03633732703365517,-0.40473761126012736,-0.0018947014916760913,-0.025672846873976873,0.21214906975012346,-0.09891401119775226,0.5130025058283175,0.0055441053941823635,-0.10414955618269883,-0.0886161504954651,-0.24979435915453493,-1.2098559738894714,-0.046129934816636166,0.33577099737221194,-0.41421995852442683,-0.001624145735051952,-1.618976163756631,-1.1468489292310293,0.012225111416126838,0.1268427193083394,0.0,-0.1562251376863098,-0.04154797808735225,-0.00543182355766143,0.0030943141935551952,1.2730151673108596,0.007322295910811082,-0.00015957212510016566,9.792457351554744e-06,-0.0014927925048538921,0.0431008272210712,-0.04343975852320411,0.0003791350995330987,0.06487802417595596,-0.02992575446791747,-0.7612036164541923,0.24894729780108946,-0.1206963071878291,0.15389608736398933,-0.7666593495024959
-3.2521747931772156,-0.028699890346886005,-0.017066636720621763,0.46800356922327785,2.068007917914969,0.025299513862606187,0.019436633716520327,0.0,-1.2605911317638192,0.0006396136519705639,-0.2369346403301942,4.369223883103233,0.2602513236255458,0.021096308261265538,0.02387213264401602,-0.04819949728139959,0.06631071542031412,-0.031496068208007884,-0.17533471916087068,0.07757134986058312,-0.08294355406067404,0.18584437022285075,-0.04937772213573655,-0.515217683151578,-0.00440192334428524,0.0032311723412732063,0.1545305289708615,0.1062913175447988,0.11407316594430696,0.04532152071480707,0.12396615159872772,0.03818391337397713,-0.05136082382944382,0.02112528214336024,-0.00620048012883712,0.03371425047930273,0.05254783462180298,0.0871481144774159,-0.04515107775091584,0.02379007673325825,-0.0011890076778558578,0.023753527676365568,-5.613339918229647e-06,0.2473478312852437,-0.020532648530828448,0.4715352099908815,0.0029653646000063214,-0.01590581483880812,1.1996095587694167,0.04372082078257413,-0.6159252262282914,0.005351007990665567,0.09388126195850495,-0.027595337542369678,0.9151169777033108,1.1871067455153141,0.023164375057322367,0.33215803234162117,0.07009362884288012,-0.010279732736127301,0.5932531529192937,0.45428498333442,0.27355565389105235,-0.14566591295591652,0.0,0.02437269312571666,-0.017331737407861047,0.005704610168690406,0.02021871550693497,3.014039832141744,0.004300331612750459,-0.0003209997400270776,-0.00013521755086284284,-0.0006719938792715062,0.14454405127842015,-0.03935177969497719,-0.003996013790714287,-0.06138217596014389,0.07882047216361067,0.9366440995762225,0.7220433483845057,0.12242074778357712,-0.0007967417297328264,0.8999780930014976
-4.593443200912507,-0.05487932150563429,-0.06441316815880711,-0.25315364621727027,-1.4237370356786727,-0.02670854258216257,-0.026543110818633513,0.0,-2.3434773290855366,-0.010070944663734377,0.26931576437238997,-1.067326414407915,0.2584714304105257,-0.0024691655472075737,-1.106982617752024,0.0346362517941612,0.05887786830108706,-0.033821284639461054,-0.20743794440127258,-0.00887696447856502,-0.1098843034753646,0.2500383572114042,-0.0960261941641287,-0.07648465379181002,-0.06587316837404958,0.004786874070299886,-0.057518327018422695,-0.07627427788058837,0.08474112047488278,0.0014773281127648267,0.0728474966407707,-0.0351416373610906,-0.06682889276598762,0.007643127331381963,0.005004204940599813,-0.007232047184025396,-0.1311985674321957,-0.09058925285353481,0.061198548808582554,0.007462090509213192,-0.016255073860579516,-0.3587954983184236,1.7676948990351903e-06,-0.2789834940341854,-0.10866839686318024,-0.41374062175802934,-0.0009463232019967687,-0.055679444852752266,-0.5394008589153908,0.005298568192444529,0.8933096240105524,-0.028969501273796244,-0.04407531947883421,0.22811247927498654,-0.12323504718726755,0.7610066134515202,-0.06458053247266335,-0.36110494599601045,-0.19729348630015758,-0.0338788718348669,-0.1250965914903494,0.19193300705767555,0.0887463765105044,0.16922994599322722,0.0,-0.16603411225316378,-0.005407311010692976,-0.012585599231808941,-0.013716262051254952,-1.6775456777487487,0.007322295910811082,0.00041222798984209526,4.8465609581316554e-05,0.008629720246729942,-0.057305778169017725,0.028951712101469174,-0.017706725665952053,0.06754864152534887,0.1627780667575067,-0.7613732035812529,-0.3191086187546604,-0.1888639180168659,-0.025568867080325026,-0.48294548865884773
7.0397430534307235,0.07035025647382355,0.07875635092881929,-0.182163888560294,0.05176216558353833,-0.013766404217858198,-0.02510413310152465,0.0,2.6394324772348736,0.010945422355996258,-0.8622523814674177,-0.6317057903948416,0.257694970279152,0.02807531631826475,1.0017404276851196,0.1256107402226573,0.036216198010686096,-0.021176531517706456,1.004971137759695,-0.0019237919098227148,-0.02757211024658261,0.2927226491051255,0.04685682288768323,-0.015652681605380556,-0.029364284442144725,0.04870824778302359,0.025820163660876642,0.0076887304711130795,0.12964642809855254,-0.01661034081920879,0.12658716207842796,0.08190184150026049,-0.021149204619600553,0.0011783220669603447,-0.007519698850064697,0.01303176740555282,0.01373438302094455,0.067940691194893,-0.05777150756138505,0.005331890589282362,0.24886462428052492,2.8253821277780653,-8.139216956361403e-06,0.1336725120717754,-0.0315802918021477,-0.2634966838075448,0.0004934302574051615,-0.015367748970092026,-0.5449903999561025,0.24018101969267516,0.1756594995253386,0.0020564702303576985,0.07992557750598302,-0.058127861930119804,0.5855765721525247,1.3917146198634531,0.029232236373610936,-0.27242717070528133,0.16904252936989317,-0.013650381437598285,-0.02120095089920288,-1.6090714230455045,0.014159981114343407,0.0488289312359636,0.0,0.002059821880450527,0.010539512294165847,0.0035614080433831246,0.015994503030728947,-1.4132336054573145,0.004341141232810192,-0.0003356517114175895,-2.8893248723775404e-05,-0.0007908492897186522,0.10403048034762923,-0.03412270347823347,-0.006291516767272994,-0.1426271616015153,0.13409624060262446,-0.31617629599555597,-0.23231268986637535,-0.041749129488390324,-0.08625726196102185,-0.6008890329340072
-3.9299606702408973,-0.04739706975178251,0.0650812715159658,-0.2797205669704732,-2.222379575360641,-0.027921085899269966,-0.04157555479837337,0.0,-1.8368643525327808,0.027800227817380566,-0.3749130656566696,-1.1125577873261439,-0.6082646207094725,0.014313381288262254,-0.3665893827712148,0.029815138369358344,0.037019916127600624,-0.01792915298201121,1.1955851874377326,0.005153536192416564,0.006947612621297853,0.156279384754054,0.1696929073003099,-0.008373934440294165,0.18301669499605103,0.023066161113879408,0.05937079351336647,0.08581515554736983,0.13049443458231028,-0.2648171150526882,0.08827217808810488,-0.028009005706883573,0.025296052807598363,0.0028976413898624486,-0.0098627219818191,-0.008256129071076694,0.024810589473563543,0.0454098283490311,0.02157785159076665,-0.005219010778403658,-0.015664194068422697,-0.7512767859451555,1.7676948990351903e-06,-0.5730433433178879,-0.04331080319165124,-0.5207534689296818,0.0008273062936454785,-0.019376771729948183,-0.610001473002993,-0.031231669821898997,0.6275118926136359,-0.001793194287990597,0.014365724828251795,-0.05272749525268999,0.5250731130341723,0.7070495537050014,-0.054908719279552425,-0.41885211752202367,0.08389319347132787,-0.03393039907518331,-0.06445153640262016,0.11100246383117372,0.03488180482889971,-0.17924924439726506,0.0,0.4218394115753097,-0.005201016942093404,-0.006283948264233025,0.019474745479935093,-1.3973247458190519,0.007322295910811082,-0.00015957212510016566,4.9870602194669166e-05,0.0012021842746455505,0.15401435984531966,-0.050805637880273036,-0.01771757997807195,-0.2245473297172756,0.025128270390641902,-0.6868174593472341,-0.39846613098309164,-0.12302913350092953,-0.06162349156959224,-0.4303810258697371
-3.146525011830689,-0.027543551142835167,-0.003647752626822778,0.592139260383399,1.3863688297190178,0.026358560967844592,0.0723393951836526,0.0,-1.5352036767201105,-0.002212428846465489,-0.17568834296583483,4.620311699433692,0.33489615086597774,0.0058011627300101395,1.3331863902110386,0.0570633223387151,0.04571946733872308,-0.015975946631127558,-0.11738458411509782,0.03489990791349889,0.036146609339835524,0.2826906075470069,-0.0625218234629559,0.08732926954824953,0.0013959115056287087,0.13227583446195168,-0.06632195246943341,-0.07341605419660267,0.15965078666379634,-0.04872500272331984,0.11501226643658206,-0.02296662333054001,0.15455967910694315,0.017253384257345048,0.011950264871623673,-0.0101547261649653,-0.08649098356495645,0.06191967700945891,0.0365091326032825,0.03218572116253653,-0.008750532418748435,-0.15865897831549688,3.8056541818576187e-07,-0.12144619489319139,-0.0648723242930325,-0.2802296074481169,-0.0018947014916760913,-0.01590581483880812,1.020861891824693,0.026641565929168876,0.7863331868745377,0.017836915289044495,-0.04568300587184792,-0.04739701490209679,0.08474318006144738,0.3313181722359479,0.015447113982345842,0.45955313962244065,-0.3390137349814741,-0.010332416906095866,0.038329873874104047,0.056560040207527855,0.2505182052634724,0.18714829336978128,0.0,-0.08922048735789928,-0.0037871747553363108,-0.006923759767359152,-0.03841522204893492,4.082297432800301,0.004300331612750459,0.0008292493284032835,9.575981739516344e-06,-0.006404820163815458,-0.09310490838084313,0.014790953845058644,0.0028774497944853684,-7.185279388300313e-05,0.16154092145453247,1.0035737383831904,0.5310083121219892,-0.09409617016750692,-0.025761282888143097,0.3155292049680022
-4.382172859304881,-0.049180569751028,-0.0698951753273821,-0.28898974773916797,-1.2772514720429335,-0.027771191117285265,-0.04001428420788161,0.0,-2.0979502106802115,0.028108738084359437,-0.3677765586601941,-1.0951458311475992,-0.28232176924650965,0.018289532979599628,-0.42882654676684856,0.052635187748410535,-0.10515717402797826,-0.045748690429507334,1.1883930021413227,0.005128925256163397,-0.022407763042828387,0.09764649531103,0.1550499160062193,-0.017616009418873434,0.1874744852710475,-0.06664932157671667,0.1271667455973265,0.06310278060463555,-0.4999534407061489,-0.18817986522244234,0.07516967442150659,0.016010615697770153,0.042766119901590904,0.0006731630041067077,-0.01448826382653197,0.022056153163796787,0.40623667783139655,0.003494118063382718,0.021118937304397376,-0.005784627132993306,0.002400749002350006,-0.8084934715345292,-2.0063470039988554e-05,-0.5852756956352414,-0.07001086287010273,0.6939751878388971,0.0008273062936454785,-0.015817982492613975,-0.624245555607562,0.28294355494580875,0.46127907175143007,0.0043373583900878886,0.06458353602901613,-0.10168098764698516,0.6344044386434045,-0.6797701807314962,-0.02132427058211233,-0.2800333434307993,0.079431586785872,-0.029027192139371764,-0.011631719266299096,0.20272266668427627,0.040926724539228534,0.028492868675234626,0.0,0.508415452747529,-0.004514078633434192,0.013101443148339477,0.009101911445640834,-1.4443948119455126,0.004341141232810192,-0.00015957212510016566,-9.636454037286954e-05,-0.002020747935166085,0.00983575008475853,-0.06680583904595475,-0.013371036026595657,-0.1362423439659286,-0.1578905810440231,-0.6179432083198942,-0.3975229908853481,0.011380441857889414,-0.06445553879522321,-0.5184184813322261
0.3679799635479992,-0.0238865654749969,-0.020534294854117344,0.4497439087231777,2.1196285341558236,0.03071152319085541,0.009718023568566074,0.0,1.912393288088324,0.01140677056322135,-0.6309595390143392,2.6788331305956183,-0.38017518836176556,0.02796984706014228,0.10158013019883406,-0.047299290160422794,0.08831570445807203,-0.010894082994798548,0.746830288071374,0.05708225296283742,-0.09039145584054989,0.1349087048739459,0.060880437394235765,-0.6842317525934202,0.2098702789309362,0.03935223417803295,0.08988281139008539,0.016715631733305057,0.1004081057079921,0.0703340849890444,0.11761359329107898,0.05136345485680721,-0.047658902408625456,0.021172058406226674,-0.005549501134681068,0.02958651366600145,0.1550801598930944,0.07398537492736645,0.010580439104499403,0.013586068069078088,-0.005191992795351358,0.16980920259474327,-3.4371354550843925e-06,0.2751634490440919,-0.017573501049668903,0.7962188940191298,0.0029653646000063214,-0.014357328904925113,0.937734595593337,0.01947809827163488,-0.5200374054717077,0.00629762232867853,0.04800391924807956,-0.013318670013811358,0.8771990581620621,1.1634962317281965,-0.008273047652067394,0.3192746853698329,-0.036431988394017505,-0.009887098249928873,0.6221135399631907,0.3413175462206111,0.07985628189799866,-0.2561700093714041,0.0,0.19847895619795675,-0.014869276308407963,0.002241760776424384,0.014957381065940564,1.7474436297982412,0.004300331612750459,-0.0012095874198150072,-8.44611586688583e-05,0.0008925839586685736,0.11293963240149214,-0.04765954331274023,-0.0040824200158894,-0.2522647473016852,0.07085016062678078,0.500372281789979,0.667392540582467,0.05528786416028472,0.014816475574141017,1.0950015115974439
-3.048858630993047,0.10060157308972155,0.1310226329502241,-0.1257636081450154,-1.5291312343034404,-0.01416843307235934,-0.0404818633320535,0.0,2.7960979267661217,-0.007864488627317047,-0.8753045299706742,-0.750726769704644,-0.6318549429140252,0.013660467083121495,-0.21747897310963513,-0.0007188992519447678,0.02357303266681036,-0.09438849051494685,-0.3125172995614292,0.001679174583995675,0.02575290519954475,0.1351413633079482,-0.17221152321629166,0.03498247691901296,-0.08695170053517248,0.03762137987936949,-0.02008216494419347,-0.029634367485023964,0.0891334191093824,-0.32120308168736583,0.06231803756052132,-0.09306538319953286,0.03191040428518616,0.005528149701653013,-0.030493955763307615,-0.005596114758122373,-0.010137623381743711,0.06659564440930381,0.010895438944205629,-0.02268149170776482,-0.018917082866121027,-0.14137483346327598,5.518113190756176e-07,-0.3546906018267197,-0.10322240131710803,-0.5811020282991312,0.0003915820146193533,-0.015367748970092026,-0.5911381933836768,0.2918804547574639,0.39715172501451484,0.0173916892830265,-0.017607174885442417,-0.1713508352768639,-0.1748574806446991,-0.885928186208458,-0.09886007714609306,-0.4789738536306741,-0.0764056381201984,-0.033059160714115875,-0.22187575027530537,-1.3218531642424747,0.00464519145524089,0.2071231328353837,0.0,-0.07124858535375958,-0.007266083669379272,-0.011358921887719895,0.029865366624438533,-1.6039273416092998,0.004341141232810192,0.0008671002544954403,3.9409531593386296e-05,-0.011758100953712592,-0.04477243075164353,0.037737974549085666,-0.01770622037314484,0.05441786050281928,-0.03371423914834435,-0.6039334857460211,-0.3427121694365048,-0.12291734568234461,-0.025723601319126807,-1.0089897664165781
-2.752651364549294,-0.025558996155450726,-0.025766818790592626,0.39284002039873717,1.305041911061804,0.02743712702747,0.033515626686690364,0.0,-1.4179755979529742,0.03921485063151485,-0.45324146922196584,3.8792597429570033,0.23512231895980043,0.018954848542064126,0.29794977153737423,-0.03628752354572853,0.03921530081099753,-0.03484266560656622,0.8451629635620856,0.04585320535007123,-0.0009283647930961505,-0.25377539258296244,-0.039332319076542305,0.2768478702609387,0.001395881618150071,-0.0023706061777492154,-0.05495274624877173,0.146683618236915,0.11470829872265248,0.07237672076413154,0.12177881339954953,0.03761756532848045,0.097131978077852,0.02239640642487212,-0.008862474968025998,0.09409642681319368,-0.05133398072606855,0.08453494496455204,-0.04211831102542035,0.03907201999284408,0.004128533059217791,2.064047319273479,3.8056541818576187e-07,0.18678463913632626,-0.048834801527527165,-0.41360277105346605,-0.0011427181031382003,-0.007980577802198545,1.1070092523501793,0.023937428731304035,-0.2977161178599179,0.020371858598149332,0.04954826502075335,0.05095438485686546,0.9528024576103461,-0.6766917606834362,0.09678797488778315,0.3516222716428794,0.07373250598911694,-0.009387423919139541,0.1014424269045346,0.3323431549326603,0.22533480599905245,0.30821256636729005,0.0,-0.06579170754646738,-0.0046964638081454435,0.01217269448900641,0.024441623797576653,1.5692385592021092,0.008149201564509262,0.0008292493284032835,9.435705797394725e-06,-0.005325700248147507,0.009319361326087162,0.03733019146144091,-0.003177656895182426,0.05970962923113297,0.0796973895821448,1.0407263322498603,0.6783206850377044,0.09653635627840676,-0.12123791639721344,0.9494605784107172
-4.666629706088915,0.3085765756561348,0.12641342813416265,-0.1319655696502312,-1.487475041372026,-0.01162019726155278,-0.0225856937115384,0.0,-2.3811948496027155,-0.007963497024918382,-0.6048478960170746,-0.7182300441448239,0.17861005894655807,0.013894931534382676,-0.4571994552155588,-0.0028149161091909633,0.05154112524192685,-0.08375966478231546,-0.30795624718308523,-0.002888286715896119,-0.11804202754769522,0.17743475104893494,-0.19847285184058958,0.050151524484940396,-0.040644115421147674,0.06338316025530645,-0.051252665734011264,-0.053314545424669374,0.08545265905595154,0.06312607888028708,0.08440337712958294,0.01859574170577281,-0.05522613590294775,0.009118802128046638,-0.009273158463773759,0.02174446617762102,0.08555116166702838,0.06154282160657132,0.060777493439437974,0.019386358163115062,-0.018808240009678418,-0.08242329006474136,1.7676948990351903e-06,-0.3077751560386437,-0.036262626397899296,0.5064509276682512,0.0003915820146193533,-0.019376771729948183,-0.6466866757824355,-0.0023053936977937605,0.38159443929221853,0.017405324901370114,0.059933350259775524,0.26918316732561537,0.7159436409146381,-0.6547203184325463,0.01864397963597805,-0.3905828493676745,0.10735932085446061,-0.0337408579864556,1.2788547794250056,-1.4238463848064993,0.03346592346501047,0.10394469793781635,0.0,-0.06838178548633218,0.0038296112074273896,0.011669933204596292,0.014529607664412261,-1.2110035914122,0.007322295910811082,0.00041222798984209526,4.732625473900798e-05,-0.007900043543198176,-0.019147526044855923,0.038199655659543294,-0.01771154652764273,0.028039236177636925,0.07192674015041306,-0.8783073005510021,-0.3742592136020472,-0.20551063989698318,-0.058457703012267284,-0.47284052178640423
4.464143147871122,-0.022811649943379822,-0.02358589754637605,0.3939896207441623,1.7908940408816194,0.03196342766002108,0.011854626525856535,0.0,1.7222405081961711,0.015551948016044545,-0.6227364741486727,2.420785148575532,-0.7725121382000208,0.0364894175565111,0.04551069551694079,0.07722612919671841,0.05038958752422787,-0.014562034466346515,0.7395641263370821,0.05615080684419588,-0.07084935422131641,0.17194456436995584,0.04685327960901156,-0.7099398538830174,-0.1279691411577882,0.03976940143227441,0.04420242371531179,0.024618606103629197,0.15041879310461612,0.06415817422038193,0.11668148505552874,-0.010170061284908598,-0.004323650303448526,0.012975850057559333,-0.00557100884248862,0.0271395246463494,0.042118063978553,0.07615779664395889,0.03490082682869052,0.018784636750586246,-0.00417183667801049,-0.13951888506801666,2.3302613254744297e-07,0.11355213263752728,-0.02117329382942166,-0.5200984066619478,0.0029653646000063214,-0.014357328904925113,1.0101182980953354,0.07789087987149271,0.3797884188659301,0.005348770906659594,0.02359782894142695,-0.03980418885513889,0.9279214364975482,1.2749800079106999,-0.03397307283215468,0.35839453580427766,-0.12429706724278652,-0.011015221180920094,0.01992914411458653,0.3489710716499502,0.016889593054799496,-0.2794726838455416,0.0,0.014512429021007616,0.0068002687795288026,-0.002297754504246404,0.022858394086158616,1.0655292592540673,0.004300331612750459,-0.0012095874198150072,5.928348119708991e-06,0.00417298440439826,0.06806916186090371,-0.04734079115839544,-0.005747673180941187,-0.21621333488427644,0.16448491103971177,0.4863069878782626,0.6418144382275671,-0.07569075718523677,0.009474878778115224,1.2460020140214136
-0.8950712212514956,-0.0452248268760747,0.06565211442127446,-0.26881531977870055,-1.4309443634548678,-0.0294742109110057,-0.05504158983188532,0.0,2.4452951431362475,-0.018518055115647362,-1.0377082630858836,-0.6056298025658421,0.25766537147699775,0.017903484043319096,0.5688742680527026,0.021340969138024756,0.043998088744523656,-0.07127805338478183,-0.31209989680749683,-0.018110692815781954,0.009236211410031073,0.18796965201990617,-0.15209688189586243,-0.03169135659840332,-0.0646089935680831,-0.027369043171103606,-0.007260059577247778,-0.020981120136343685,0.08861012893784403,-0.035971390398978724,0.08784153704503096,-0.10778850148877679,-0.15884699414041523,-0.018102243381637444,0.013211444345723966,0.0006972199543144775,-0.08912578886291574,-0.0367892314061684,0.02531253689056941,-0.001269663799727186,-0.018852591647835336,-0.45670370643938724,3.409412310300601e-07,2.7186004978849208,-0.08165480812773533,-0.5111375764648753,-0.001999323542976573,-0.018285523690698552,-0.46574468009725917,-0.03899662483051921,-0.6540639654238395,-0.0006538500447787912,-0.06745624668235742,-0.06123479558956975,-0.14780553522911127,-0.9010796200686448,-0.05772861494202554,-0.5463968731070895,-0.21806227681348087,-0.0019517049170391658,-0.10354930975448529,0.2235379439911947,0.005355106078856777,-0.0008729320421113893,0.0,-0.16428157422926337,-0.0018247746409237246,-0.005556531346581578,-0.019799510136523722,-1.3929319858741,0.007322295910811082,0.0008671002544954403,9.495555789521492e-06,-0.010748421574079665,-0.0779523370500545,0.03834272605274502,-0.002522999251109616,-0.041772644404750835,-0.1886655243465322,-0.8985030116234095,-0.32103489858452045,-0.24060617267769854,0.015148356829353301,-0.9799296612045255
-2.9034671509644845,-0.02100919010204633,-0.016201027095316928,0.45607710316154076,1.8157441993669754,0.025596317383062245,0.019946755578664724,0.0,-1.4359439128183613,0.015713376418376026,-0.29125988569844885,4.257192636640106,-0.316914720772419,0.01958659853870772,-0.11399554033285643,0.08340708207132307,-0.10192965632590965,-0.015051825174368655,0.9614577407362044,0.05856308990919277,0.006101118294290977,0.08595937830257096,0.14784706934980082,-0.4679759926261368,0.14447524928294916,-0.08401680382941246,0.1438135693120052,0.1158856026556804,-0.5234861719348349,0.041270243751504905,0.08258102691011805,-0.02368324653734262,0.020528587797819825,0.014789059718059067,0.0014457848195075027,-0.009083771176954887,0.21771502076503893,0.021376271710410018,0.02631643395837697,0.006272264563045999,-0.008524750267922668,-0.33739324148010713,3.3796696512721196e-07,-0.9007327377081115,-0.02763043059227074,0.51646442939769,0.0029653646000063214,-0.010625376610954518,1.077953002032636,0.23324140764838175,0.5511451429040828,0.0037588820683210887,-0.03949817216640848,-0.06040605517973324,0.8042165571008082,1.4613023646271697,-0.0053784507573201926,0.31187980578729685,-0.03098481431871428,-0.009411565169993075,0.09973254696212104,0.05059321384044046,0.2528073665818533,-0.09040640878178072,0.0,0.20666389563209167,-0.030776111879523546,-0.002819198956746004,0.0010803090498481636,3.4718003643921085,0.0030150433683428903,-0.0003209997400270776,9.153300855079482e-06,0.0030635305454870857,0.08320262396117846,-0.03967053184932198,0.001217795812998419,-0.03757071750364499,0.058770683206008055,0.5798329524764411,0.6686400050669428,0.01311582301580062,-0.08520876210802242,0.8112921651880606
0.30700251278987656,0.1120866556167251,0.051450520932711866,-0.19624356741427082,-2.530994406954613,0.009916299483523239,-0.027763778872074034,0.0,2.695795223750345,-0.0041452995066767265,-1.4522746294270277,-0.6626420415546903,-0.30091602954352703,0.027542343144262252,0.10759907101415551,0.0078570338132128,0.0891794439970251,-0.07139217892735567,-0.2562708824533058,0.0022398138420292105,-0.02450482139441443,0.1283203098228258,-0.14701799616642705,0.2564654532382869,0.2393836915003495,0.04323322369537548,0.05172009156322117,0.0015287332364081322,0.1477729470771834,0.09228689530294654,0.107012588339794,0.0843689601981444,-0.006787151082506035,0.004265733503008766,-0.006838292317452941,0.0240484458431895,0.11789228471992481,0.05316223604287353,0.022845551624516392,-0.001085575089316761,-0.016306607242909322,-0.49981264805937814,5.518113190756176e-07,-0.22652080365278052,-0.02605204672344549,0.8821086004080029,0.0008273062936454785,-0.01413303527202617,-0.7730245422473179,0.2963061781898783,0.7357001419120439,0.00026020080831189196,0.09280812144897112,-0.1129125227435996,0.6028622728406395,0.04274287500238197,-0.05722180106847157,-0.5193824665586857,0.00612434090919088,-0.03884039870191541,1.0819021114239942,0.3740313114245397,0.004839242297154028,-0.1423469089427253,0.0,-0.07107575918699238,-0.001056961925775975,0.0035852117792373106,0.014937739188706872,-1.2578987412149503,0.004341141232810192,-0.0003356517114175895,1.5537727564089525e-05,-0.0010605050370312119,0.1252466819693051,-0.07482847680793925,-0.017821137320542697,-0.3027415795290138,0.06067321595520789,-0.7601651298485606,-0.45534353672038075,-0.19078201343615728,-0.01166611594248241,-0.9654593094244545
4.097698774552156,-0.0499872374497931,-0.033044317094188265,0.26850596955179745,1.4293162704780773,0.1014131147824546,0.03189886835072545,0.0,2.4013863291080577,-0.01830735033465265,0.7215945563814338,-0.34771264950721414,0.2772826243384621,0.03874476858571123,0.19606784644149683,-0.027683280297139373,0.06651083169652408,-0.022664854787226567,-0.21028138254909648,0.03003498467661877,0.02436890946837928,0.25554124804121475,-0.04471857476774395,-0.5866285002952143,-0.061220320548319336,0.004635201995560081,0.05637723057652692,0.04394657189403262,0.0764095423659819,0.04405156614172094,0.10649463988655454,-0.055855180206004315,-0.004113966187873721,0.03931014821417341,0.03767052906564132,-0.008322549232296687,-0.05776805712458008,-0.06160584532844999,-0.024005810763203097,0.010856881402176125,-0.011853165697218863,-0.44671108829260003,1.8229637271428584e-07,2.9209570332420447,0.3647252650716637,-0.497008605930381,-0.007166297783348603,-0.011726712864828268,-0.3871438479179412,-0.05328514164723385,-0.4597542629463428,0.0023987053599517135,-0.07313969484467941,-0.06028333779413751,-0.9122185740957424,0.9739762739683266,-0.05591653658762827,-0.6486998838661935,0.050742694030774554,0.007207381509005319,-0.7679430808435879,0.2205158781723077,-0.0371661962373976,-0.3068699590028103,0.0,-0.13936900086216505,0.011542909888087559,0.004664485571170945,-0.03658339153159258,0.8672308174266782,0.02194906025335865,-0.0003356517114175895,5.54838820360649e-06,-0.0007909298295830144,0.0832645547320495,-0.04533854954479685,0.013403336792890946,0.1154077855533042,0.1516698260176415,-0.5800716750687367,-0.24281080262719038,0.13408951932740568,0.050298021958885886,-0.6409469989234312
-4.309955073236956,-0.0380193490567926,-0.0647374082479843,-0.2684102669134381,-1.7733778344001807,0.06945980782169377,-0.040297958605340224,0.0,-1.9654176780925412,0.025115950002703433,-0.2727826561359982,-0.8949357803747582,0.234718065035884,0.014230056981945917,-0.7930325471258348,0.020466309227806144,0.03164310322795017,-0.013516646687748725,1.1821358655012786,-0.005720531527606206,0.025256414005952674,0.15996529561945735,-0.002397016391484032,0.04033270715168697,-0.04640575723942963,0.04041251344223594,0.09024476676599708,0.0817617740718418,0.06827951095425373,0.0065226458712929125,0.09532426387045613,-0.02701813026200527,-0.10891697529088686,0.0015465317590706855,-0.00010225538475011967,0.022324227128255523,-0.1306280722140305,0.0054373829430080945,0.011186561660020291,0.008988464492044266,-0.015148534215885568,-0.27291189198943655,6.930025954168979e-07,2.7926599316152667,-0.04315212518501322,-0.3992696288788156,-0.001999323542976573,-0.01569035925826652,-0.4313971543282984,0.023279282831785344,-0.5846951356982661,-0.001469405364099262,-0.021203661681556137,-0.06372507410057772,0.4828943960905152,0.6607950229712434,-0.04013457154003902,-0.26199014924440506,-0.2085735839627933,-0.026613447672415497,-0.08741335902733807,0.22480849213777496,0.04429810962339277,-0.05157124187762886,0.0,-0.13037676166035347,-0.002250246274193245,-0.006419359777519633,-0.02724217875109196,-1.4494752976743304,0.007322295910811082,-0.00015957212510016566,1.9231279085693987e-05,-0.0015707103853278383,0.16048572662191246,-0.026099600824465902,-0.010520300683482298,0.03734398011033732,0.024030340644828792,-0.7899442309214199,-0.36068386278735043,-0.1415819301070829,0.06104885318485935,-0.6545240104327967
1.2912052163789385,-0.02677232997341413,-0.01498267042786262,0.34682520652901383,1.5722943876064788,0.03341509022808445,0.004013530605633545,0.0,2.1079769108932,-0.03024765161598317,0.7477613142324944,2.187836332243149,0.2809392784226909,0.02730416247509613,0.4152745034852325,-0.04697263959000643,0.08620395968593521,0.03862879991883443,-0.08976813652820556,-0.17567692069767568,0.017031906346295804,0.1995687557996556,0.08088762705484337,-0.8008929375765181,-0.0640848537537841,0.05785301449240541,-0.07790601562430757,-0.08342267178692671,0.09960966920303467,0.07275539493506535,0.12911136563943118,-0.03536555507169373,-0.03692290907455923,0.01870342155864058,0.006599924864094468,-0.00040165852530033236,0.011233560928127783,0.08207811570785685,0.0010115698931557917,0.019314732646414118,-0.010925329241408873,-0.15135372456006285,2.3302613254744297e-07,0.15183176761771552,-0.04392314178119356,0.6102054421578214,0.0007840144103487276,-0.014357328904925113,0.5679224757192664,0.037294795523306404,-0.5977929902112104,0.02017553488436125,-0.0524048374402999,-0.04516245031245303,-1.899888753834811,0.2833764667352659,-0.05589971072708737,0.2691868281152181,0.13843578681721103,-0.010693939418514598,0.06553488490309638,0.01573881442092563,-0.32472137061387707,0.3026030378193845,0.0,0.017977934037535316,-0.018973073153798738,-0.005531695223315041,0.008177556398076373,2.057582204311209,0.008149201564509262,0.003124767501188775,6.05197055774504e-06,-0.00830544583626691,-0.11609945823766558,0.04143566878314957,0.0028586815322265936,0.08474370300630657,0.16748701200370475,0.6354758720017699,0.4066317980254837,0.05501249297707039,-0.006835998482556546,1.3239415524272546
-3.575119755817598,-0.06589184917910568,-0.06569893548264187,-0.3114350596656657,-1.046651680321107,-0.02215524966538673,-0.05693329350742957,0.0,-2.051432403306124,-0.007532778603177316,-0.7087840772421725,-1.1251964190816146,0.2602028669859826,0.012926810492105546,1.2379901184696076,0.1313365057468247,0.032480022056638934,-0.0878384027220165,-0.21878562955794487,0.010332429688676628,0.029636721866835466,0.2950275391591462,-0.11353041389876625,-0.004332885510467395,-0.04014204370904514,0.1051214399814561,-0.012753006745655661,-0.020655611580940734,0.08792734260519663,-0.11555699648997982,0.08894845694086674,0.01787677419296172,0.013189007530974581,0.006950571225545968,-0.015296077917266776,0.02211605243271092,0.01300108969599128,0.074787013000301,-0.057864342703549135,0.01759656801156463,-0.004456762812903267,-0.40796979862300253,1.7676948990351903e-06,-0.43953729708929595,-0.07268074473441931,-0.3878873643854392,0.0003915820146193533,-0.020611485428014036,-0.6805915968065755,0.02502276000506662,0.31329891235026663,0.025701580156103982,0.05606547713326885,0.2406017509446177,0.7465329771491429,-0.8084998119516102,0.06197695353470013,0.21149822589489634,0.31311031276216855,-0.03188878475082326,-0.12934806619831168,-1.2042484587990057,0.037810585549147444,0.13120881258950118,0.0,-0.06802803976710775,0.015400016400706052,0.011823917401763397,0.04199456293800011,-1.6723718611586564,0.007322295910811082,0.00041222798984209526,-9.636454037286954e-05,-0.0060388064622140716,-0.01914438982304781,0.023708375728199418,-0.017718715322655485,-0.00022936307075935368,0.07069670909299004,-0.813004473319972,-0.36087475309462624,-0.20473028331248513,-0.043958578270368184,-0.6812527708348608
1.9382488882982771,-0.03685945163152079,-0.04113769108794685,-0.21737001070149317,0.9069467004676959,0.018353142312126453,-0.011177879029430864,0.0,4.20855903272805,0.024166067680928733,0.9701834910510786,-0.5363839518269614,0.1607735871436332,-0.06672387852172236,0.6960831488250764,0.014356298500003327,-0.08092954040134008,0.11877334162098774,-0.09932936611415587,0.07242270744948975,0.07176081842255501,-0.3463212282220244,0.12018276962530003,0.6021274149630057,-0.05407620002339004,-0.01842475653668775,-0.049103072319809773,-0.04750274259912044,0.06183477838383706,0.08244374625028252,-0.39443626267170545,-0.0406895054929083,0.16372668328931367,0.017213886555189368,0.0061494693273193846,-0.011205655326158147,-0.07647193637127998,-0.08921266044529055,-0.02830844968405972,-0.053304891639611274,-0.012480248424855334,0.3324868747847456,3.4449958540895293e-07,0.10531755680811164,-0.03412954881118442,-0.39419072385861226,-0.0018947014916760913,0.06850051699900712,0.5052962844472991,-0.3298313135697417,-0.47845586328402634,0.017550815692201214,-0.0002450953734604406,-0.05951786603824713,0.25377170410877825,-0.8381765308963826,0.13867148352652375,-0.3941261484229546,0.12721022549913918,-0.011524851256414205,0.052828151199683156,0.35397911251318115,-0.04828202576523522,0.3461858928458688,0.0,-0.12270275786657071,-0.0005677530985416312,-0.0037559664235287792,0.020126726819933924,0.5655814169832093,-0.016750598614405282,0.003124767501188775,1.200079288696471e-05,-0.008351814635442082,0.0003914040652004205,0.04862488982961085,-0.005680520657711411,0.039626271678259266,0.09651009951873434,0.5987035003093624,0.2775373534852919,0.18028950348465014,0.14147631675462258,1.6988108787492582
3.754363519864016,-0.06837642880101753,-0.06115489311797731,-0.27949451765231137,0.12878596596583677,-0.03814586320458066,-0.04637761861231752,0.0,2.5610852015445755,-0.01743532938095396,-0.9146194102921894,-0.7158490215013371,0.2643396108222673,0.020336348181835995,0.11103891683610695,-0.0016789092770781134,0.05219032529212099,-0.16995825416648122,-0.29683075498139255,-0.018387604296606304,-0.07869771326271797,0.19065999674753698,-0.12561984773953694,-0.05971374879992033,-0.08493860209341984,-0.01731274285108919,-0.04533108504649421,-0.07100813630064493,0.08266638884590005,-0.026205620897171454,0.09980349610191187,-0.1320865127585889,-0.11303165154712107,-0.016626208007789547,0.007348054929338773,-0.018128068174661387,-0.05000624657798536,-0.061906728733290686,0.025000907734568242,-0.0012789420410144242,-0.01718620194498111,-0.9159937269835849,5.518113190756176e-07,-1.0406057878826918,-0.10546967041727573,-0.40172613422828835,-0.0018947014916760913,-0.028202312148978545,-0.560598400635515,0.024646902722749307,0.24951551903841024,-0.012021354347921488,-0.08267098350051184,-0.14461139599794623,-0.21593823338605286,-1.4402907461549843,-0.06161429967764996,-0.6281092545355083,-0.2234195588414983,-0.03352174137306988,-0.06465804263111578,-2.3274252908956896,-0.048303227466750975,0.09443696725569933,0.0,-0.14304631039032287,-0.02028560907289919,-0.011463982831291367,-0.041780694866701974,-1.6671651533413643,0.007322295910811082,0.0008671002544954403,1.5537727564089525e-05,-0.007490464208907199,-0.03713874912894912,0.020547099351059903,0.0025002391820142813,-0.033604242306578956,-0.12732045893977886,-0.5694362215478692,-0.3580435776935757,-0.20582151528232737,0.042932740505289925,-0.9393578377029236
4.988196717341935,-0.02140881628835885,-0.02069989611301937,0.3776046195139441,1.2791847135117114,0.019512416106776797,0.006862971787586149,0.0,1.5677811173690066,0.01331376620627164,-0.7017513928074397,2.4124267142593427,-0.41982722690726904,0.04076528617865733,0.19352956048442754,0.03929695733979009,0.07766859489267784,-0.08361188626298242,-0.15857722051644102,-0.13875314431289387,-0.0036516971590152044,0.11921476325497964,-0.05276208827654828,-0.9483090786693179,0.20476928233620337,0.055735171998867045,0.05216715949351479,0.014465942676471314,0.15831683763683502,0.06456412592633437,0.1313915342274133,0.035814141078541736,0.00692731531227239,0.004802978617921443,-0.011843246526946722,0.0164539097638589,0.20228087960441693,0.09428662330232382,0.024779475143241962,0.0009166235541610691,-0.004322210619945624,-0.855103673503385,-3.4371354550843925e-06,0.029203385512311476,-0.05612468320670453,0.5909078786080362,0.0029653646000063214,-0.014357328904925113,1.0448489099927714,0.045184851026374845,0.5205790686399904,0.01603182588748534,0.05226507930803033,-0.04802817105719937,0.8603508525968947,-0.9841210881275003,-0.06821252434006593,0.32383678691158807,-0.0838400639783814,-0.006725569272445344,0.5533725689160958,0.5557890523676433,0.04884509436226824,0.20028262247319678,0.0,0.16794935955670298,-0.006290719688385535,0.0018349430911196798,0.01846004616633331,1.7057843240345307,0.004300331612750459,-0.0012095874198150072,-1.2181338367628076e-05,0.0025813702941362877,0.013244728392310999,0.020463454999638808,-0.004864248478985809,0.15155174644487124,-0.32587387309022964,0.3133873030438246,0.4009997880267133,-0.058817035446664244,0.0322422176369983,1.046599224192391
-4.421081967255896,-0.05865958045028705,-0.04979543169503178,-0.2718381933838102,-1.4820493536219552,-0.030911722655000598,-0.03395583831268499,0.0,-2.330342054990657,-0.007395935767433027,0.2855685898674873,-1.0386612139252038,0.1488005014751889,-0.035968610458178917,-0.032914996570962154,-0.04247222624016831,-0.08311442830661665,-0.04234269024637944,-0.24960484335963637,-0.002943597560615306,0.041885986151481924,-0.2610123878415727,-0.09365381986744306,0.20288690083326213,-0.06558891944931627,-0.012492160070322507,-0.05471357324947767,-0.10540250323742606,0.061567570570343504,0.04830660383396117,-0.2898842596881109,-0.03645921786317361,0.14419533396521506,0.0059944374558682945,0.0012656262637340899,-0.03213532937113618,-0.10901504701334123,-0.05096016290768294,-0.01458918690739264,-0.017944280098940345,-0.016021483588306806,-0.0986219872985141,1.7676948990351903e-06,-0.34142736225273634,-0.11576781886782388,-0.377514377513326,-0.0009463232019967687,0.07607480299378336,-0.5537523488674937,-0.1927088625880584,-0.6956818776647835,-0.026386717611756056,-0.05295325806501851,-0.19161797291455884,-0.13613658107779317,0.6320816370142178,0.08523398175406979,-0.3456219998759954,0.16217432762648112,-0.03365781727296094,-0.15483875362873653,0.0567143360300147,-0.17955922495307844,0.06877321915765994,0.0,-0.16760730976750474,0.012769713581744916,-0.01263133522335303,0.023762694807781863,-1.5558577541116139,-0.016750598614405282,0.00041222798984209526,4.8465609581316554e-05,0.009276713888819952,-0.1127237870553094,0.037810446450821565,-0.01770622037314484,0.16561411193103406,0.16667977233717274,-0.62362864185472,-0.317294760084068,0.17485351770402627,0.2705819523809873,-0.6380929370424766
0.4515475615498119,-0.023209034801253633,-0.02180720163140291,0.4122046345436478,1.9541190537040227,0.03071152319085541,0.0097122027222458,0.0,1.9088163339143307,0.01140677056322135,-0.6223071708971902,2.5686633411007267,-0.31711343632521083,0.031193124018901973,-0.09106097831393646,0.03092006166039663,0.08358652569085427,-0.01066660340274684,0.7663418465068901,0.05711547274812063,0.005131803166116806,0.11866850603040316,0.09910863994785099,-0.7255294313282,0.21054183713749933,0.036801430995776874,0.08988281139008539,0.016715631733305057,0.14773807462277005,0.06815566743650311,0.11541574519338302,0.05109058852941517,0.02611370822930807,0.02145687759185552,-0.005395212624192096,0.02958651366600145,0.183174273218391,0.03976631955594941,0.03683980083955094,0.0063059132772305,-0.0029034016716606116,0.14816045946596895,-3.4371354550843925e-06,0.32100398652893014,-0.01757889712485524,0.7016939335120863,0.0029653646000063214,-0.014357328904925113,0.9315287009694705,0.2460970090266014,0.6328835750461422,0.0050294675373179325,0.04900206176072576,-0.014475105352050507,0.8882799855283102,1.1594207818119022,-0.03509144631713975,0.35500558185359965,-0.04062228285324607,-0.009887098249928873,0.6235895579894212,0.481990106975716,0.07934815540074151,-0.24988010482104436,0.0,0.2344841777735442,-0.009362827313509108,0.0022353248467302227,0.014957381065940564,1.839501117184847,0.0030150433683428903,-0.0012095874198150072,-1.0820465681112739e-05,0.0042977289266384906,0.07200869356129105,-0.04765954331274023,-0.0031984015653718544,-0.24356437020329283,0.0728359663104675,0.5031621101641002,0.6491673688532864,0.021146887583478467,-0.07025833388830945,0.9917550823910782
-4.259407798426378,-0.0589091813644623,-0.06816629567304693,-0.3041740660873227,-1.6260212788033037,-0.026625360666827996,-0.04172976723322209,0.0,-2.0027311483307737,-0.0052229400926121616,-0.6335242248013903,-1.123380916718131,-0.4181749289517858,0.011362171673183272,-1.3077788163841002,0.055813762755010175,0.052823825511362485,-0.08114446403024082,-0.24393814878840195,0.001829674764376182,0.02229531577324853,0.09220022494941216,-0.17055995791559864,-0.03167524272440685,-0.08724545377091664,0.06847191632786963,-0.04051763630586514,-0.03549137260636351,0.12079910967483268,-0.11011567398359552,0.08358462317237712,0.017859167534097813,-0.05004314264885671,0.001685700849338456,-0.015296077917266776,0.022108892815231134,-0.0068234491389795385,0.07881734046965022,0.06014070849750955,0.020581518977331615,-0.016664428344586257,-0.8548661993057574,1.7676948990351903e-06,-0.5480409615501991,-0.07550995949168429,0.6843927602788742,0.0003915820146193533,-0.020611485428014036,-0.6816426859616007,-0.0203905345349421,0.7047270483780124,0.005219049218242201,0.04877506372336362,0.19898830259209604,0.7354195366442193,-0.7920925449246323,-0.04497604471378381,-0.3181796802239186,0.15893667252005952,-0.03393039907518331,-0.06065975671925538,0.34889612114747054,0.03490088325069099,0.06600331437813371,0.0,-0.07190188979895591,-0.004512742724511295,0.011678802425327942,0.011829502042203621,-1.578889295718297,0.007322295910811082,0.00041222798984209526,4.9870602194669166e-05,-0.008877815564879602,-0.037286239458131615,0.032631434071415964,-0.01771757997807195,-0.03612038793608744,0.07166331577788922,-0.5410318970190352,-0.39076097026212914,-0.1656246982724153,0.13351964154423598,-0.5496516790910722
3.790991827090172,-0.021457685206663482,-0.01904821575805758,0.37992152736841894,1.485727794524003,0.032882265679825703,0.03297288994624252,0.0,2.9465664901723567,0.002609617816702575,0.7769797461401727,-0.5542232586661221,0.36120482944596316,0.03695793931231027,0.36957983983412096,0.018898265926428622,0.06358796594918363,0.06366857020625492,-0.06864284293737817,0.10020939118050143,0.005097335281544991,0.3753969523778299,0.10564787620594648,0.01778471719844369,-0.02886551936509988,0.12316377002555544,-0.05306271551805964,-0.08625159062626349,0.18327610787290985,0.003481246672962119,0.14759298774067464,-0.007709692248347175,-0.09373223013275903,0.013256638812049918,-0.030287870055546146,-0.003247612650659328,-0.025212249314941364,0.09327865942563361,0.053940959655289,0.03210938290210416,-0.006743267917454909,-0.10603967924726952,2.3302613254744297e-07,0.1010469090143764,-0.05125068057999547,-0.32579096791403356,0.0007840144103487276,-0.015367748970092026,0.8348476248992238,0.12123092802077959,0.681204326906491,0.006993915556008379,0.008865210124330796,0.0579965896599039,0.05713045437848356,0.3104403359241426,-0.04852110984896019,0.487146004361262,0.1160971329787836,-0.011240949985911046,-0.0002565550937710234,0.5992837530280233,0.11305647312961879,0.20160988393167456,0.0,0.02174535191202831,-0.00920285835594644,-0.005935393362274184,0.04576646983851999,2.314920318463296,0.007322295910811082,0.003124767501188775,7.848731503436136e-06,-0.01344205513634175,-0.07875026530053743,0.017335662794290947,-0.0057472239771959675,-0.020746186111930853,0.09349799076963494,0.7862278499700838,0.426762121887072,-0.17349130196257193,-0.014655076937433953,1.0778184788829852
-3.8863191528055534,-0.040857084727486614,0.06480377519886624,-0.2765709780498559,-1.4848199828604265,-0.027557302069760994,-0.028000033039271996,0.0,-1.8853293757278717,-0.005056007291162991,-0.5432919570019556,-1.1277483997717692,-0.6593918496014467,0.015924977592671714,0.16013813017375855,0.0036479704520155963,0.023280174781029717,-0.10182974327397001,-0.2842360333112521,0.00335500728603977,-0.12390638848598998,0.16217947712789793,-0.13486399992313589,-0.0015320238239478453,-0.07434075822406352,0.034000552238091,-0.037586488702456775,-0.10596420083391017,0.1310690855346637,-0.22604911846948084,0.061631967893533396,-0.028335436482077567,0.034090763843070346,0.005663609162871846,-0.03283780575204657,-0.008295560463103542,-0.094310625227613,0.06266177378911501,0.014731057320858068,-0.02371509134390113,-0.01817917871877493,-0.3560269505902664,1.7676948990351903e-06,-0.3039053147693949,-0.10459935948271482,-0.5573544166641923,0.0003915820146193533,-0.020611485428014036,-0.5446191086427689,0.21525171625284345,0.816321006981166,0.0052298698268388125,-0.024934726394784848,-0.18327841474461265,-0.1562507076914908,0.6631462284890182,-0.1032056154548908,-0.3825147544953115,0.07092377182984161,-0.03365912004055607,-0.1442159550406778,0.2722681379615304,0.015297826159192236,0.013947821202469712,0.0,-0.0700427576097619,0.004753317784401679,-0.013340257479995067,0.04015258033870001,-1.5137209221570698,0.008258591198378606,0.00041222798984209526,4.5921262125655365e-05,-0.015504696615775158,-0.0767305643917494,0.037737974549085666,-0.017706725665952053,0.03210250841402896,0.13090125567647912,-0.6901275291812524,-0.33081819884557856,0.09919412051613011,0.06221133469719689,-0.6803994733192037
7.322356986921331,-0.0305098685454777,-0.04202978202915948,-0.15021822997250792,1.3794760040340466,0.015269475099216324,0.032043206725556016,0.0,3.434431632809066,0.01208660782283179,0.8117713376512802,-0.49976502435170983,0.3361740304850633,0.04199781027124728,-1.7602724458168453,-0.005109659568406786,0.05711096271699062,0.09992917210580303,-0.13303218536524364,0.07111088872801838,-0.02879850531273453,0.3510059373557837,0.07405378729817053,0.07793786879077659,-0.020355411919311436,0.11444759369291076,-0.008282135743808823,0.029349328480689704,0.1416961318269738,0.03484905325930302,0.13941005795034273,0.09144133371893158,-0.05319875697263846,0.006250064319558185,-0.00862484614099611,0.023961345247533794,0.01658381313349231,0.09897613580045776,-0.02681008300161895,0.017716342656127797,-0.0021023388379084497,-0.2524384969033477,-5.081368884782625e-06,0.14729973408412567,-0.0290877345645231,-0.06402424159062524,0.0007840144103487276,-0.015367748970092026,0.3499709270065659,0.040610449372988036,-0.3704888266228258,0.006994478217232731,0.12000677021005379,0.19144067751068006,0.8942767997061801,-0.8681715353272527,0.11609610172792628,0.5950486928632092,-0.04043742278846745,0.027774949383586447,0.7429166103271555,0.5375742058029187,0.04865635064728566,0.17525756690835106,0.0,0.024148188371979202,-0.007649209763780268,0.0023840076573900327,0.05988850602344859,0.4651085598996529,0.007322295910811082,0.0008671002544954403,-0.00020870741993186015,-0.00843703835037898,-0.0025630566285598545,0.024322325968760144,-0.005747952313229767,0.03705058125498105,-0.004631910410558422,0.3006360095159791,0.16228976732386258,-0.10160158061364283,-0.017648762298095644,-0.6934613384454651
-4.655575831789316,-0.06753204004630024,-0.06402489385798937,-0.2969291404157582,-0.9401146705911472,0.05117213814236408,-0.023596151394079456,0.0,-2.2505489632779403,-0.0050041417355461745,-0.39138785076696925,-1.0957786244847088,-0.3054816243839235,0.018987384964050287,-0.056200486496514046,-0.00903944515843566,-0.11249247147809478,-0.05884088249370812,1.2218084017300181,0.0032913593813020513,-0.007917787859014803,0.12354859411197233,0.01901980996778871,0.1985185132054559,0.18360611963925683,0.027679730261594836,0.12780678728830777,0.07951328939847065,0.13800845540830228,-0.20001374206362188,0.09606828953508298,-0.026993365659430783,0.04275134626262511,0.0035852234175314302,-0.03283780575204657,-0.03243018396411311,0.3390437801627994,0.07571804249564532,0.02110317635475564,-0.02354478420449592,-0.011846146180600184,-0.1689668349832989,1.7676948990351903e-06,-0.2817438816869993,-0.08628993508420252,0.785051266190162,0.0003915820146193533,-0.020611485428014036,-0.6166463662126276,0.17771968833149882,0.7060917596681304,0.004475382390297997,-0.017969833294086704,-0.08508250689975,0.021085416516587296,-0.6642404529780366,-0.019355772562802256,-0.24414837358067704,0.08666086390067697,-0.025481904171222605,-0.1288912537080544,0.19763235837272586,0.04962564216167489,0.09095985521245113,0.0,0.42358906766855364,-0.002215909307287062,-0.0061435954229880855,0.02369160991829299,-1.7285430822851606,0.008258591198378606,-0.00015957212510016566,4.445625949736805e-05,-0.0007663042264287972,-0.03880006478407097,0.017102239681652486,-0.017717074685264737,0.09173582746135905,-0.2663698014333603,-0.44179692786816566,-0.35896173652266977,0.05987903468365931,-0.12089873240726313,-0.6194486322911433
3.859888176441063,-0.019836704551436195,-0.015164115459444785,0.40225751429193507,1.8083717661812195,0.03112903911820356,0.018086543510762016,0.0,1.4653545621338517,0.002996159731730893,-0.9529416073758098,2.3955005221805843,-0.8073555642615753,0.036607711003798546,-0.029911033823768973,0.07461442252457665,0.05103118640710516,-0.017168342669043348,0.860349155218896,0.06383634920467166,-0.0073778388641413985,0.14070293311826382,-0.05916550155920113,-0.7161026012296664,-0.12730670537027156,0.03527643512205486,0.043597302083903444,0.03702216392270188,0.11668877301650965,0.05402592240325359,0.1160165820303568,-0.006530984261670687,-0.07275288685754512,0.006596259441926964,-0.00557100884248862,0.017185699137882503,0.019512919378790843,0.05864406080419356,0.029690500558814097,0.018819104327252992,-0.0034226038432958665,-0.5463220310649352,2.3302613254744297e-07,-1.2097281035562866,-0.030080065950493614,-0.4859043800443166,0.0029653646000063214,-0.01065513633884581,0.8954922026033861,0.1040835302797584,-0.3959797873489795,0.003909275485690852,0.004275014506206467,-0.03036277768130099,0.8856868955907202,1.4596402849210586,-0.03436097789194137,0.34947084956126423,-0.11628832737143116,-0.010714480967268345,0.035790272469559056,0.4569753018808897,0.05550407874299423,-0.2838085555193723,0.0,0.0147177479440237,-0.018977854930347593,-0.0020289480480652367,0.019404735928281115,1.8041850975407763,0.004300331612750459,-0.0012095874198150072,6.05197055774504e-06,-0.0006382274896980789,0.09387893452125587,-0.04734079115839544,-0.004015953229673404,-0.19940315684205365,0.15503592297623683,0.5981260300464525,0.6149057356555542,-0.03618117482245041,0.027575978385652518,1.147172088213018
-4.131471576513085,0.02265588220827898,0.06060413800208991,-0.12563839989647216,-1.3959055187497087,-0.020555030442663765,-0.020844136588075414,0.0,-2.1767810544077038,-0.010091429252793811,-0.3370224232417408,-1.1246279466451312,0.16559681954567912,-0.03764083321926246,-1.6811734833073302,-0.04749556313064839,-0.06146297436081296,-0.08025558677997657,-0.33200289690684065,-0.007174414501205905,0.005159423922453865,-0.2657971042751846,-0.14306622415350728,-0.050921441187302546,-0.0657931151091186,-0.033717215946470605,-0.05027355561669297,-0.08278301615871986,0.08188391754530207,0.013924578691225034,0.07915745666267304,-0.04581729620895363,-0.12576554332243195,-0.02812998978710488,0.005004204940599813,-0.01240677693749824,-0.12184668759214125,-0.0866580455340811,0.049885013805636494,0.007550566239633625,-0.022037929744538942,-0.23262984841588902,1.7676948990351903e-06,-0.39462309756749747,-0.10517278980478871,-0.5468960521410995,-0.0009463232019967687,-0.03625145748697267,-0.633835766483607,-0.04949296911627068,-0.8028609288361448,0.012357647251050052,-0.058183518267517685,-0.14492057438120995,-0.17072749269282148,-0.9187350685142794,-0.06866053174651572,-0.40868202887690175,-0.09869083256869486,-0.03370476343661184,-0.13728296078480173,0.001257610523247108,0.08934483668089867,0.12228327443552704,0.0,-0.1645207442602916,-0.0010982981210822247,-0.014051130358465185,-0.03225946886675789,-1.3831597156164246,0.02194906025335865,0.00041222798984209526,4.9870602194669166e-05,-0.010678951571266124,-0.09264015971527552,0.03258656358621987,0.008512278198261803,-0.003046751160601855,0.021970667300889833,-0.6952336434146023,-0.3327912294056172,0.15909524288757074,-0.1304376373627737,-0.8144129316157
6.065789008008959,-0.02394073015510597,-0.0438735592936178,-0.15998953389202575,1.6040150791039096,0.011576692096879896,0.0035620890040826184,0.0,2.965591737800655,0.015425595918801037,-0.8410496333830937,-0.45555836280017187,0.319095788542124,0.03343256384169812,-1.4977038223954589,0.12034558917838706,0.04094885222489994,-0.03800516588382631,0.8049692731720032,0.026761488115873422,-0.03471603120805213,0.30621212612244475,0.06161008182865797,0.19566737713860524,-0.018892606241782083,0.0012910883916349408,0.03857828049016272,0.037643702356706187,0.13058154375252695,0.028992980159598825,0.1401694043768942,0.0878264416094227,0.04595783294819725,0.007089577592393257,-0.00484619280172411,0.02581678010519215,-0.025520913981400006,0.084353600791033,-0.0452592259303118,-0.015595499658376288,-0.01141068178245018,-0.020241167773049407,-3.6720732391735977e-06,0.06404926237113154,-0.018535399951977095,-0.29421358196137437,-0.007166297783348603,-0.015367748970092026,0.36658358360461485,0.012584840641512272,-0.1970954516827693,0.004055704477349601,0.0819395238451999,0.16319973862767995,0.7230410282515541,1.1916950796179973,0.0821241875644837,0.4366920373166099,0.013339745288314232,0.027774949383586447,0.6614878868643124,-2.217826185775967,0.01971549753268949,0.01758190397138428,0.0,0.021380684202090893,-0.007562756222092542,0.008845173202836999,0.01601534356068879,0.4550708384457611,0.004300331612750459,-0.0003356517114175895,-0.00020171138630676016,0.0002448784788746817,0.08260398816538478,-0.029626266411879373,-0.004083404255398421,0.08104439490886114,0.17839660227474471,0.2978651437761869,0.231501644652633,-0.029989053400319963,-0.003971927691571271,-0.6644639778041477
-4.493971104419294,-0.0673388145615473,-0.031062318492392247,-0.20498704841567106,-1.2692682422771737,0.07915116582401757,-0.04021780021262752,0.0,-2.5094396783275603,-0.01117234636572219,0.21759868667336302,-0.9331238626504881,0.1522682159658161,-0.03502124759591583,0.948325582904755,-0.055169524656186394,-0.08239425403433061,-0.04338343883719202,-0.3202863856289773,-0.01010700187901539,0.025298511516245306,-0.26418639915213815,-0.13379510500933905,-0.03217376933829563,-0.04909770906790552,-0.03368797174431019,-0.04922093153571391,-0.087094563173629,0.052433626425956094,0.010843419351804608,-0.36667126063253686,-0.04880819488015125,-0.17582529308468606,-0.01849285825130371,0.005004204940599813,-0.0339955929623581,-0.11138190449329148,-0.04318735032793817,-0.009340024252842619,-0.03759124605641855,-0.02038976063738221,-0.3361599950788053,1.7676948990351903e-06,-0.5395200035311296,-0.0037923564765161514,-0.36989767254754913,-0.0009463232019967687,0.06422992416266154,-0.439178923124961,-0.36951196296416655,-0.7119024422816745,0.0020790241568598676,-0.05793141074283548,-0.033077488702080146,-0.8283668724547099,-0.7195731620467773,-0.07105100686580718,-0.4107852145625391,-0.4092013025979993,0.004710902920481647,-1.0645028767953484,-0.024493604737916754,-0.20394012422566837,0.11631627519517217,0.0,-0.12173517343807488,-0.00366779982894411,0.024238724743336715,-0.0026066429180592945,-0.21157934422536123,-0.016750598614405282,0.00041222798984209526,2.64055239059262e-05,0.00970605741474256,-0.09064581961771884,0.01298860774890527,0.04905184963608333,0.10379063542275403,0.04211774331613487,0.36351639810789504,-0.25425584614603136,0.1278000169920539,0.1439263161333625,-0.6014076466845603
0.9526216423287075,0.3409157254258636,0.18470469544814394,-0.055671767850254524,-1.0113286898823244,0.02593368519409819,-0.003150341245147392,0.0,3.1276155973278335,0.009342740869358395,-1.0724991182185213,-0.5722707357511368,-0.3377331113637906,0.026342511306913355,0.5035661410713199,-0.02884965873323766,0.07949861317232648,-0.03939416804848353,1.1560938350772512,0.002272518593391922,0.04620406856510105,0.206061317721115,0.182124437961905,0.3110269196171711,0.19113816204053588,0.07350719694649384,0.023400626689317597,0.07439088497040651,0.09444489313782534,0.10571774937052746,0.10036449420464948,0.082995978195275,-0.036106579098738045,0.009737614698555603,-0.008878944286346868,0.07214390408854948,0.16361051901249618,0.07675333842778709,0.07089795817843055,0.027471118611625434,-0.004598228652874025,3.466915900109948,-8.139216956361403e-06,0.5474383106268915,-0.03724233173100731,1.1154144903365402,0.0002862826493435608,-0.015367748970092026,-0.5456036841448024,-0.004037734875364199,0.2754100119956843,0.01976092433529584,0.10015682179130218,0.3399425887426693,0.8079178830725953,-0.3207283057448207,0.12635544677576313,-0.41174702649688866,0.021527809227580266,0.16818772778011218,1.4057239496579383,-0.35343603233897,0.002916980024287339,0.23766606135747484,0.0,0.4346905819828998,0.010276290823337786,0.001581523470125554,0.019362199083047142,-1.1557366431368503,0.02194906025335865,-0.0003356517114175895,-0.0002104807614572348,-0.005372688104018977,-0.009479950098684495,0.05115632414653845,-0.006195470147639743,0.12445418958592291,0.033442717347361234,-0.27933082691574784,-0.2996385769949377,0.21913414302034442,0.05576106484548098,-0.5584565183615611
-5.365057256418277,-0.024954262703484893,-0.02538828488535186,0.22159115995139098,0.8054611676034739,0.026145578893455045,-0.016658450685143544,0.0,-2.9988010962754,-0.04796574552773078,0.2857475500296956,-1.0588298044860596,-0.6057582151125155,0.015621390034876254,-0.18518504145878414,-0.029327532339078467,0.04955930787770426,0.037924082101828835,-0.16673295965674712,0.05457687968183182,-0.012505989485508857,0.16933064929908082,0.029505577851510846,-0.5396955931942901,-0.1101456963314014,0.04289152372978693,-0.09107413768948915,-0.13257207986821837,0.12032903376520253,0.07879297686683817,0.10160855225326405,0.029167103973944473,-0.05030694174047671,0.021145151018054534,-0.019296700086477887,0.08460148606599065,0.1690433702326399,0.07813801018296994,0.05252424361097316,0.029796889728315856,0.007466266166125524,2.1487088503819995,7.036320924513071e-07,-0.00381835349546477,-0.05962673717913789,0.5710497039830691,0.0004728488702640829,-0.020611485428014036,0.10635102358259398,0.08162761926508331,-0.4192634211839714,0.008058774499671892,0.11219848423061217,0.056807705756079956,0.0006514948410370792,0.11145345973540952,-0.041092520485762916,0.3195242952969743,0.07249164794134864,-0.010479528550806454,-0.0028556189671859493,0.3626128089111333,0.1819790384736525,0.18825079058648422,0.0,0.013186461982903363,-0.025662264040037686,0.01276268320671611,0.012706050750090854,-0.1265137370935678,0.02194906025335865,0.0008292493284032835,1.5414506250559538e-05,-0.004159711611658714,-0.05320319909888754,0.017181455238753324,-0.0031776568951824256,0.03751227945096323,0.1510948952261739,0.8154741570888775,0.15136563482429097,0.15576731379462025,0.001307087743779592,0.9227861999254309
5.758064843362762,-0.01917393067822925,-0.02112134790043474,0.2521047867809628,0.9437011574421312,0.019630857422082624,0.008895259550623558,0.0,1.9749786708434953,-0.0038559950748139615,0.6814905316804335,1.3744190003308463,-0.3666585656492565,0.04293247312900637,0.35493736121875835,-0.013191703319221607,0.0703900644496453,0.0314944584016582,-0.12988191503848043,0.06268865114517717,-0.010160887202032112,0.11632085927831015,0.02042286009749123,-0.8659610732442209,0.19224338920827655,0.06539371101748433,-0.023043827263914844,-0.0941612920002361,0.1595935987775766,0.06666335154590906,0.1279743068116917,-0.008771312433237817,0.018177720115355907,0.027256366366352525,0.03444338522293283,-0.008807319991242797,0.11077807668026143,0.036190032847406337,-0.007977385755157338,0.0012657922239125588,-0.0036356450644201488,-0.6029086865097686,1.8229637271428584e-07,2.3153787852363545,0.5910113166435139,0.6045865238736221,0.0007840144103487276,-0.008878681863486773,0.390159133225135,0.2176572698867316,0.5628652423176737,0.015423548050469136,-0.03795253968971379,0.0008906539110226318,-1.4235543656712626,-0.4126191786136054,-0.08322350853508678,0.2894600642309964,0.16284515918970544,0.011112329746332951,-0.9460759031130883,0.37715732222115445,0.10577760537869783,0.07269980395211599,0.0,0.01224770449148534,-0.008008717526716502,0.016905960961806778,0.00926750140789761,1.7272922057576376,0.004704003832540051,0.003124767501188775,4.076702800071062e-06,-0.011057370048697586,-0.07726181405829925,0.04299629046518612,0.013403254230324922,0.02872889167024576,0.0007209186255300668,0.31103541569142634,0.22185210353261528,0.09392766209865333,0.03190902255859725,1.0225976182794243
-4.2350751444513834,-0.04914159519377047,0.06928455614781302,-0.1892915311250234,-2.1654642409090874,-0.02719393761330706,-0.03784776218483312,0.0,-2.0822307532520457,0.03008698988935995,-0.35846454319166027,-1.132140810298822,0.24619766823410294,0.014711507383229742,-1.3820366239448907,0.004714387349116799,0.03168458342244392,-0.024873892595561675,1.1540226543983165,-0.002079728578742836,-0.1045156709430514,0.30543682843065745,0.15894463297181816,-0.008473858024669451,-0.04778588803445529,0.07488390674307845,0.07551770569638418,0.0685769694545512,0.12300789755393972,-0.0267116444709094,0.08897979853422665,0.018079750713213282,-0.07405356866205845,0.0035964479432507557,-0.010670536072553903,0.021724545239750533,-0.07295480304232202,0.062144755126650054,0.06478403745137841,0.00998931812091577,-0.014215430538512491,-0.15088734383664582,1.7676948990351903e-06,-0.08757558309116846,-0.03007126638007812,-0.4683738390340323,0.0008273062936454785,-0.020611485428014036,-0.610121931788009,-0.006641349036314284,0.7729192913872859,-0.0017930952057023262,0.01845160261562267,-0.1701032391282502,0.503268723788562,0.6614954953785002,0.04761242076304068,-0.42222542540712377,0.09381934412432168,-0.03384193737299286,-0.08263987037854933,0.29558501783341656,0.06086198188755802,-0.044658396870653996,0.0,-0.06837732212340755,0.015192386423183579,0.01371211392948223,0.05969966716788199,-1.3770258162797484,0.007322295910811082,-0.00015957212510016566,4.732625473900798e-05,-0.010204349998015103,-0.01793968515209102,-0.05092786065434854,-0.010453339869330868,0.04927825578468282,-0.03555164076236301,-0.8197658803755323,-0.4112855735855635,-0.15509323662590072,-0.07592907605997143,-0.620887082998482
5.735397776960387,-0.02691323515880324,-0.025294109778190944,0.35939199707638053,1.8621710411474124,0.03189422206863893,0.014327625905889856,0.0,2.4316903629434985,-0.011410113440680646,0.7934756278187757,0.5765322769193391,0.2415464669435582,0.04319665449635117,0.32915807278570436,-0.014374517319755122,0.10085398485578237,-0.017362858322437197,-0.13146850264779983,0.08065112510427402,0.03828779838494796,0.20027994164772261,-0.06742380919064787,-0.6907414941952027,-0.06812317637022543,0.06875841018696917,0.043598437124825355,0.04773837340062738,0.09871774182557176,0.070496525692159,0.13827725429705703,-0.02291445069091522,-0.054801210390379454,0.013258143043442337,0.0016709188096466327,-0.00019146940277634363,0.026066548430232567,0.09550687817547551,0.03188935189092625,0.033989493971366566,-0.004906227742569831,0.16695342924160897,2.3302613254744297e-07,0.16673643105674912,-0.02423713892966766,0.608691086695483,-0.007166297783348603,-0.014357328904925113,0.9067498435668494,0.025422554576475406,-0.36520978728893183,0.004812131180416549,-0.05751858363192276,-0.05793163391869767,0.46058322646760447,1.0801178350377116,-0.04837952764787237,0.4156161903764033,0.11240741083984489,-0.011000502806066266,0.06562326513211574,0.32540971641648575,0.06271072057243383,-0.3100719487864714,0.0,-0.07616451418109182,0.02544362266164481,-0.0022604871392038297,-0.01574195327177139,1.0626802655940888,0.008149201564509262,-0.0012095874198150072,7.66443885969907e-06,0.00066071502992984,0.06508761154820907,-0.04830499867145025,0.002792114196103393,0.18007030417399356,0.14310336131844129,0.6048794043147099,0.3705647888683044,0.07875831816580003,0.01987469078059096,1.3443852868096229
-3.7379625576034363,-0.0497925749490918,-0.04053717071833321,-0.2591761116595393,-0.8557106849017994,-0.027232256676555777,-0.050577948419060735,0.0,-2.1703101575604427,-0.011102588363167739,0.21858863666009656,-0.9289311353482007,0.16104589172030961,-0.03512955314634271,0.9348790902220181,0.043588596128484966,-0.07578278508242249,-0.07554668240791479,-0.3165070768585124,-0.010009063223408209,-0.004229811384061531,-0.20118534978307928,-0.11914924232927651,-0.0411834906143305,-0.0495426762361548,-0.0345177338427441,-0.05729248202884363,-0.06071494435827045,0.07214047726137207,0.02636978343416347,-0.4520702435684287,0.016993190815138885,0.1277163862344382,0.009026399319004386,-0.020594971309158674,0.023364912227763775,-0.12886111576725043,-0.054150678006960176,-0.03507212954777866,-0.03772725804245534,-0.015381998278760651,-0.6705559349773162,6.930025954168979e-07,2.9136809531504015,-0.10707322348637666,-0.31303702829208907,-0.0009463232019967687,0.03541627290408374,-0.43205608820631686,-0.43670006091240543,-0.6727936998493328,-0.006157230392155981,-0.05488883463271932,-0.12948423058062472,-0.21675451854756905,-0.9014076719085222,0.06105071237829784,-0.3286102588741667,-0.0903868325941092,-0.03198511539180323,-0.07451731065554995,0.2919170984544302,0.09914928091869753,0.15019056537642536,0.0,-0.13699454681460574,0.010009528377477322,-0.012740460507876543,-0.0018420919140565773,-0.9526096705266007,-0.005588067931934772,0.00041222798984209526,1.9231279085693987e-05,-0.006541232001428586,-0.07934487490251878,0.016623459233655963,-0.010520932486414952,-0.04514456306114652,0.021491385814647733,0.4125147801477403,-0.3130358761109776,-0.15958507843251254,0.16137714250224694,-0.7036796602034066
1.2309705358315899,-0.025958414132392207,-0.024858259908427983,0.501626119990147,1.6730629962886132,0.03545099686594982,0.07079405854407421,0.0,3.3665559797166686,0.001378158197368126,0.7466728870234777,-0.5665371653501725,0.2776485621440928,0.02791646675069962,-1.9824723767420704,-0.04642821336554964,0.08610428660817851,0.06509742960491523,-0.07479505886859415,0.10017408835487693,0.027485924499402382,0.23129641704329845,0.09652303701622575,0.0711675012905911,-0.02886547778435642,0.10988409929445209,-0.04373768702891512,-0.06916880348098395,0.11489031215216583,0.08354870775641178,0.1338321738148555,0.05097186596394303,-0.0474963367515253,0.021573148941994028,-0.017237006639770524,0.06397062708612264,0.08129721337632007,0.09220415077014782,0.049779447639663965,0.03211832194421917,-0.00859424640895108,0.18036829036074256,2.3302613254744297e-07,0.20105845034932543,-0.03825689793506606,0.6175131334267909,0.0007840144103487276,-0.015367748970092026,0.7953316313427172,0.1114345660595281,-0.5383242862111179,0.0070000404011994356,0.06259457145738641,0.10517842743923377,0.3963726204238394,0.29308128881557877,-0.05501992932083064,0.4566464317593218,-0.08786303745342758,-0.011240949985911046,-0.015227469346518453,0.05190318223922184,0.07884872154945877,0.17728628073806985,0.0,0.02390925801787152,0.015934489322340352,-0.001672987583401494,0.017695431838828803,1.2141468700641238,0.007322295910811082,0.003124767501188775,7.909275611162861e-06,-0.00837055174686514,-0.04343914621004698,0.02425419665236706,-0.005747170556400633,0.01772472150414836,0.19018167015672113,0.7019989694153643,0.49896009543245473,-0.0747087248753204,-0.0010267342494417915,1.4317807011300616
4.598460631055291,-0.031117040549378513,0.05311243458037246,-0.15130139177863763,-0.7645094002434577,-0.04033772787826016,-0.028933190750842927,0.0,-1.8977128033502322,-0.019140807368905215,0.5754329300496764,-0.5258794982314831,0.19505308921269154,-0.15367746945971986,0.3851534965761296,-0.054604610457815936,-0.10480852789970532,0.09466181737756117,-0.1782880339077197,0.052834794876788306,0.031019607448543582,-0.2721907295935527,0.2265765558674402,-0.18778044600459373,-0.06555207843761048,-0.05075352597488738,-0.036985034115835445,-0.04703339687337066,0.07292486162629293,0.01894980988177488,0.10751356024836652,-0.061536065796862875,-0.1491228396374338,-0.04252936412730795,0.004064676144663737,-0.006543772350340364,-0.06084830188463279,-0.08270576025319473,0.02952135962618473,0.010979065524233623,-0.014334163632499723,-0.36142941635216463,1.7676948990351903e-06,-0.3171129594167596,-0.1018159296427358,-0.49366922650350314,-0.0009463232019967687,-0.03625145748697267,-0.3929629716325933,-0.046970510816251934,-0.554338409170138,-0.027452758861893523,-0.08667502805223457,0.0817136902295344,-1.1225394728623046,0.3647703479722245,0.03396996206903521,-0.5950859401367994,0.11056542474032975,-0.03967711340415039,-0.1059868753092965,0.16615307880696153,-0.08714525322609329,-0.06787127194845183,0.0,-0.15102800552315462,0.01230637998257869,-0.010775923108717637,-0.01786235697896216,-1.6132804787948924,-0.005588067931934772,0.00041222798984209526,2.2049458096358703e-05,-0.0025227845718526713,-0.07455034154282988,0.025927371297999578,0.008397750268115184,0.16609236972688945,-0.5864481100511284,-0.64487125402258,-0.29030674156731356,-0.0495217081077942,0.15432844811839222,-0.6263649174291944
3.5367692486330506,-0.02399303359731064,-0.02069965913518978,0.40151827765711734,2.0695478617277283,0.03393812478477093,0.023470415658645227,0.0,1.9629347623443663,0.0017613991639191934,-0.8843664253838396,2.50852214725111,-0.6065596831774609,0.03921357059739663,0.07075809737810523,-0.003294782679171142,0.08789493895898841,-0.024581113732800194,-0.15226726475964839,0.051345603322323,-0.007376247938589927,0.15874353969725694,-0.03966501383923833,0.484982929971529,0.21008816902605323,0.05122511332537538,0.056025548444295005,0.0305457280609747,0.18026573766323065,-0.021199417732497644,0.11378957467778332,0.04299066827296892,0.01950868222322297,0.01275737246169165,-0.006836506320727141,0.0263098632610538,0.03342673725636347,0.0904412183080372,0.03133058931449759,0.00015231302446978119,-0.0037354724584928558,-0.2540544497252087,2.3302613254744297e-07,0.23298215803569047,-0.02210528800072406,-0.10667369224478493,0.0029653646000063214,-0.014357328904925113,1.0875474675913697,0.2335871779204867,0.5655192210387269,0.010780549633775739,0.0342514522091786,-0.007575652883184668,0.8931855389651675,1.1072299689611391,-0.032806776854905274,0.39411691429022094,-0.13599058919051762,-0.011023039130148484,0.015274869482089271,0.487593039387693,0.05578967732263145,-0.25995584225990465,0.0,0.16075536232260645,0.006543305332284068,0.0021633532962067555,0.03592956021518404,1.302016525889755,0.0030150433683428903,-0.0012095874198150072,6.05197055774504e-06,0.0036801352246496346,0.0714168913493882,-0.05337375966428128,-0.0057484549377703215,-0.2624431543025873,0.17647392090170347,0.38250028028035926,0.6368489397983247,-0.07598221305031166,0.02704177664150867,1.2400802312984278
-5.159009848252009,-0.06580463408262603,-0.06989458267991316,-0.2893913267505239,-1.4321283900823605,-0.028596179922437834,-0.04269613837507699,0.0,-2.593631676274889,0.00049432645473428,0.29516539101813233,-1.040901457534741,-0.4133254776301111,0.015235205712185255,-0.3462727829998745,0.016893343669395898,0.04970238419861802,0.043493214772434736,-0.28206029487371276,0.033190506969011144,-0.0093193095220992,0.06537825529447962,0.12481566060417719,-0.01760547443676207,-0.09369536349383718,0.05120727567674313,0.01396520180256935,0.12197781626610142,0.13730049849164747,-0.11630631114362659,0.07711667341667781,-0.035222856799786546,0.014266684243041694,0.0021776534387620036,0.009697507072111842,-0.0067906857605567385,-0.03816504113788195,0.06093152475926268,0.021993842122798448,-0.022726760253198877,-0.01521627932418952,-0.5444800180644255,1.7676948990351903e-06,-0.5622423304400368,-0.10781368974061252,0.805045929264298,0.0003915820146193533,-0.019376771729948183,-0.6896546947656021,0.31761657825734635,0.7856083355089419,0.017399281819410604,-0.04277110206790123,-0.11799450354864137,-0.22299686059761795,-0.8618673175309284,0.006742683059359636,-0.4477689060291333,-0.08791069517179272,-0.03392909630758817,-0.10737294933229943,0.13256693282328535,0.06106516942095079,0.048146672920538106,0.0,-0.07124858535375958,-0.005252275235533954,-0.012585599231808941,-0.013364167836155596,-1.4971715209091236,0.004341141232810192,-0.00015957212510016566,4.9870602194669166e-05,-0.008777874227129754,-0.05671802105812907,0.03676284362978648,0.008512783491069018,-0.007713524558257572,0.029396474398276695,-0.7033735528767893,-0.32355267319838904,0.011079240231349697,-0.024211826253109726,-0.6078587700083798
5.881135018179533,-0.026036773830898734,-0.01861839093203333,0.3534256058647823,1.87683167825021,0.01735483835300299,0.011097133640518314,0.0,1.9712844821194206,-0.010248054889041949,0.571460034465718,2.114410759550147,-0.15810710706409406,0.04234756026536597,0.3054940526213836,0.005171642335447587,0.06987364872510435,-0.015384695045115688,-0.1464339040936793,0.06832011626099711,-0.0036532639119438836,0.15672598043041072,-0.04999832738727803,-0.7114175037483897,-0.057420364562304795,0.05474391069342887,0.04359768150883222,0.017769172310740225,0.12328613065392759,0.05853285014875398,0.1154026849839105,-0.013728458993549741,-0.04849438733531289,0.006714779629793374,-0.00557100884248862,0.0026283636562958548,-0.007039501577799043,0.09522172521070096,0.033321011002417036,0.019514295970140642,-0.0033231748419385145,-0.1415125527298048,2.3302613254744297e-07,0.19247009507261892,-0.02548273053172536,0.5533829564315902,0.0029653646000063214,-0.014357328904925113,1.0409129553114207,0.0739152260758719,-0.36377595809924484,0.010780627909866216,-0.035925180360133147,-0.02056577602199783,0.8084412866361368,1.1702543266526586,-0.02902341031226263,0.3786868780674613,0.11376603310625528,-0.007840406479829443,0.11579028029908277,0.3453717226653268,0.06049508326402433,-0.2821706594558678,0.0,0.02259633223135701,-0.008893477054788445,-0.0018719890695729426,-0.011636063213660765,1.7432160586260212,0.004300331612750459,-0.0012095874198150072,6.05197055774504e-06,0.0004059166550007175,0.09387633798278572,-0.047654186013803654,0.00279161157156284,0.13379105670518845,0.15163541786792115,0.38701166890208416,0.4204656228991366,-0.07651729998789358,-0.01554728773240482,1.1275268446022395
-3.635147072514756,-0.04665460694813055,0.06912784214871409,-0.2687993643766868,-1.5244297360450798,-0.024797829513553363,-0.04013723729560175,0.0,-1.84500311189777,-0.0074977613793338225,-0.5629700631682403,-1.0935986905440742,-0.6294976658232301,0.013545444038913803,1.7404646718581984,0.060770851093203515,-0.03257388024924112,-0.08692998886101877,-0.239408408733757,0.0034988184945120657,-0.013600994723399578,0.1351413633079482,-0.15912170075785714,-0.005968793270778569,-0.06946046472077486,-0.00928608010172802,-0.02479319145781924,-0.04983018196846057,-0.4219261016367384,-0.17250113257354321,0.047313218042453226,0.014845827006496238,0.1964677062719942,0.003482482526765342,-0.03283780575204657,0.021741532467512228,-0.009048645570708879,0.031003167152127097,0.03645791225463623,-0.02664796475299842,-0.0190439806200649,-0.4511831265145819,1.3602352569499349e-06,-0.4891023242279495,-0.09192683037563139,-0.4370062690914371,0.0003915820146193533,-0.015817982492613975,-0.5354968052066321,0.29074268453235236,0.3465182477776318,0.005237516782211763,0.025115868987713598,0.01892694175836585,-0.18719404999599787,0.7545416496389397,-0.03637703619991605,-0.39438988953813037,0.2915652142194404,-0.033977345238834215,-0.12836794107291707,-0.9516322837397837,0.012099361218549442,0.14551499127948347,0.0,0.39724288653557865,-0.00472170861095666,-0.007738182450260394,0.015577730969434937,-1.4542715711054734,0.004341141232810192,0.00041222798984209526,4.5921262125655365e-05,-0.011279774937113539,-0.050237631463209725,0.032821553891243554,-0.017718715322655485,0.0022773495194457405,0.13927762947787126,-0.6590677047810298,-0.3222247206456173,-0.06556308000728309,-0.06849637938895355,-0.45527184518839225
6.841780179236759,0.3367146778403985,0.1934908078707977,-0.0915290764183977,-0.5257191915016826,0.030443473820801724,-0.018093638538954182,0.0,3.2991175141661,0.0022556943185791556,0.9778614713059276,-0.3160790621124241,-0.29308091622642163,0.027840871039801013,0.5026526796727891,-0.042975644883088374,0.06626986220226201,0.11446427922811257,-0.06296918935040008,0.0298069403894169,0.0502611416640755,0.10918073966058377,0.18127643653570033,0.33177007045337,0.21037521947482943,0.04986460969712657,0.00046476301712361604,-0.013322451944867666,0.1348625273173824,-0.051162694728803984,0.12124650666736597,0.0828878722775797,-0.026148846428456822,0.002437446376484399,-0.012337051805464993,0.012305861723168351,0.37706718684132307,0.06475817188544146,-0.04665628608878601,-0.007817167248448902,0.24998878412975506,0.4621297211351458,-5.097680176980191e-06,0.3661770578312894,-0.03663629067759582,0.6599951434579362,0.0003915820146193533,-0.015367748970092026,-0.5048825451233248,0.32411748988820577,0.2967051037236859,0.02132768011111185,0.15636070580052225,0.3855769505967693,0.8014534589548783,0.8032333820878266,0.17235073272417617,-0.4000829138457128,-0.020567298877235057,0.062358860465473856,1.1527396428674768,-2.232756994328293,-0.01127197345190683,0.295181047889368,0.0,0.30516327288348266,0.009794885349264188,0.00709648109248482,-0.06840405514857038,-1.3128212844453893,0.004341141232810192,0.0008671002544954403,-0.00020139755853822465,-0.005879845802510351,-0.03772011465800126,0.05739926481890957,-0.0062243491892908275,0.1130613523332234,0.12382212994414443,-0.085927597236178,-0.2049702535162939,-0.09296985694490835,-0.18908062198008055,-0.6167392169277348
-4.105933221485381,-0.050313556023106595,-0.05510221172410101,-0.2943371657398379,-1.3480613725295871,-0.026961246254855176,-0.03864144334411773,0.0,-2.049838700609687,0.026534509300468925,-0.3649885896652037,-1.1138922506157123,0.23965530226480913,-0.03162788426085778,1.6257577568947343,0.0617224647631025,0.030662787361302842,-0.0586763188641718,0.9244138165802993,-0.008027789650364018,-0.013367126707171741,-0.3239486149002194,0.12767851854267218,0.008300760201792785,-0.03164818996626867,0.09830297379973452,-0.06336312417814705,-0.046741012127369086,-0.4617857359481888,-0.06778912388087721,0.09682847071613551,0.014427701084938219,3.877597310448025e-05,0.012614091226008099,-0.033645619842781374,0.02212328176070776,-0.09847637225682526,-0.07529175831862359,-0.056083961335955876,-0.02758003236686338,-0.01253054445264609,-0.3061426509132081,1.3602352569499349e-06,-0.5540795769509144,-0.08257577925671485,-0.3672841499454987,-0.0009463232019967687,-0.0339362272578838,-0.5114780551374504,-0.006398776385298401,0.5179261130216468,-0.030839169245085094,-0.020710221036570685,0.1928279329623788,-0.10984776146063713,0.38256098688531615,0.021430397898746536,-0.3036514276315741,0.2916108327562819,-0.03188878475082326,-0.088017088699771,0.13771668950159197,-0.16110154709710856,-0.04307707669153925,0.0,-0.09188649693235945,0.010069225591153306,-0.0140755474735805,-0.0032625778718307803,-0.733630288978305,0.007322295910811082,0.00041222798984209526,4.8465609581316554e-05,-0.00027960180399240237,-0.05730908643937415,0.011111231875111855,-0.017717706488197392,0.0064088161559024805,0.0769770406983596,0.5472371275977926,-0.2809550575687109,-0.15765108089547072,-0.16636424311923534,-0.6061835359168037
3.769167839798191,-0.019627296285112047,-0.016965830234273428,0.3768785377488522,1.6905220649808121,0.020234486775335545,0.01985545705127076,0.0,-1.0698238218539007,0.005460399528635229,-0.438523067402635,3.513389797517705,-0.33589872000106114,0.04222854849114008,0.03540678972137165,0.05117895105905019,-0.12299316644266096,-0.021204784570994322,0.7130315183772281,0.07426600107577064,-0.02240477453349157,0.11634266315440978,0.04007432055577502,-0.47185116161122614,0.18663253320884443,-0.0859207903322489,0.045433991756823645,0.007632988953310373,-0.39570364806652414,0.05397711728124298,0.09795772228736564,0.02596242088565556,0.02611370822930807,0.0063322686830657605,-0.007487485314883195,0.01703486082680133,0.16791472721526313,0.03342878962992257,0.03360026362778525,0.005204199092557733,-0.002621152841766226,-0.6387416519010212,-4.98501273562494e-06,0.03401893386589339,-0.02490573242396428,0.49941518289816594,0.0029653646000063214,-0.012347025601473913,1.0893744925476017,0.19565958151298865,0.37827080649987577,0.006677264194712724,0.0533384126296528,0.001013489049397279,0.8952515356101343,1.4060896220644659,-0.024465466785931627,0.33562589398320897,0.038022991554002725,0.05006660355771315,0.5162511847294668,0.5250464908734276,0.06168159620357388,-0.24889425801315437,0.0,0.1692359453881689,-0.022810081005295718,0.0032002443574096332,0.012138917590095482,2.209861480974596,0.0030150433683428903,-0.0003209997400270776,-9.340916085452395e-05,0.004299299433891766,0.03698247539810579,-0.048235704724853556,-0.004833064648941596,-0.21026183874996926,0.13766924451052928,0.36629351027133805,0.5735684471559493,-0.03776126836558189,-0.0008161508860370783,0.7935571888465811
-4.346679008109688,-0.07421285611402591,-0.06311530898496667,-0.16701323466518153,-1.5480650245275664,-0.027963243043781616,-0.013439419478417177,0.0,-2.4278316864438865,-0.007407037979538541,0.249401266905899,-0.97313870735995,0.27008485456086423,-0.003746719356235647,-1.2997897590908445,-0.04669915939275169,0.04237698886724118,-0.022463681638473006,-0.27230564021441317,0.035258928875432215,-0.0010275281384734807,0.2618107328325996,-0.091176079269688,-0.0285461470541076,-0.05908633005389445,0.09704164984964692,0.04928576542059541,0.01319647654929185,0.08648690789399384,0.0012979377971462298,0.09463089478073249,0.01807979518011785,-0.0780444945078744,0.0021076012073285703,-0.012029781508836076,0.022032341933171704,-0.12030191939434898,0.050609076134500185,-0.050257020571921385,0.017605060583968758,-0.018357243297017198,-0.2101518779837706,1.7676948990351903e-06,-0.35185145392934025,-0.06771590324632289,-0.3614385695918749,-0.0009463232019967687,-0.019376771729948183,-0.6854439087009374,0.0005433063383870427,-0.3827813157322061,0.004491964923882047,0.08803120616410788,-0.13339247548643265,0.6048251291740933,-0.8841035341804122,0.047593581245395325,-0.46199296765384074,0.1047410462111789,-0.03384193737299286,-0.12760596345762498,-0.6927841899271612,0.055888026002188534,0.10079772458346732,0.0,-0.06836881075487622,0.01311196606710637,-0.00046459659705370884,0.04169691812415331,-1.4676898404369316,0.007322295910811082,-0.00015957212510016566,4.9870602194669166e-05,-0.008439951882232725,0.01688292343673266,-0.06650064867036269,-0.01771154652764273,0.005011199096748828,-0.2637902653431424,-0.8878484657572722,-0.4005527399582587,-0.09606481859193872,-0.07329872020453426,-0.6969696085031636
5.48346820554221,-0.0194065847088983,-0.017965109266863972,0.26057219172755025,1.1912604247953582,0.020013282926016843,0.030966557807330382,0.0,2.2103901225141063,0.024284994492140326,0.6582742232264284,1.5319201202058603,-0.4400595035944889,0.040507784772525667,0.3325971485581167,0.038104988101348485,0.07038711721515944,0.02442972580359417,-0.13442933032814652,0.07223383196596755,-0.0005194252939738958,0.11331273340458374,-0.03367322656273857,0.6140167818793392,0.19157194039396297,0.06834831295621012,0.06394523168203832,0.09892785329974173,0.15673760238473475,0.06556063480348895,0.11346833992765855,-0.01380127166172261,0.007026323982104886,0.02691466105267881,0.012640585403413968,0.020577707206079054,-0.010482896460054474,0.04500136096370747,-0.007985207444863704,-0.011856936694219835,-0.004055392747488839,-0.5297679499446408,1.8229637271428584e-07,2.2019647990116633,0.5521794985980587,0.5315846172242529,0.0007840144103487276,-0.008878681863486773,0.42394690863114276,0.07233912844981982,0.5383913397749601,0.014464380454667409,-0.03791645176911057,-0.0023096054492937252,-1.2961239490003014,-0.9419464063812075,-0.08314452136948705,0.42670443264273367,0.15591307203121135,0.0034093718723940828,-0.9482727726737378,0.37111311319234674,0.08492698070389441,0.19058377339116467,0.0,0.021961695603421833,-0.008484580348529627,0.006853752712084798,0.014636537510191512,1.8205102612836466,0.004300331612750459,-0.0012095874198150072,4.156028903681483e-06,0.001664181176063652,0.016292805493471875,0.04869435140656663,0.01340473869622434,0.020097632981391417,-0.2549021912276244,0.32124819578452035,0.3094987224015186,-0.10525661706520777,0.01844212653626922,1.0041600156417438
-4.388007475318415,-0.06897998716524818,-0.05944615403098674,-0.2910449584463315,-2.3807860824058067,0.07164280517239713,-0.04064697233782366,0.0,-2.053942708123101,-0.0077347455600219085,-0.1952808732979988,-1.1360290153424422,0.252806341919715,0.01335484364986693,1.0828945244809693,-0.021166611173408244,0.04404086337621732,-0.01742475955045746,-0.2558220569036323,-0.005444040601562245,-0.0010209645631110969,0.2693471539791487,-0.07594827177647605,-0.010070730084401711,-0.04688850913714173,0.07372386702326703,0.0600909307704991,0.06783620669738526,0.1187743628577378,-0.036834459700218286,0.08481397161880112,-0.03526878125362918,0.17899021768666315,0.002300648181451733,-0.0004091921348378614,-0.007396806196631122,-0.07203869438566798,0.06428772017582068,0.033553736463030545,0.013666860956847708,-0.0188376633168341,-0.5620603579064914,1.7676948990351903e-06,-0.563348672498502,-0.04858339190759553,-0.44796404079269686,0.0008273062936454785,-0.020611485428014036,-0.6958622383023187,0.011764017948204968,0.7119867741903523,-0.0006236746994485371,-0.032145397122684764,-0.10912984509746841,0.46048343427237953,0.5275564918583464,-0.004888736288087999,-0.42895948566048236,-0.4417134774246156,-0.02851282453944284,-0.07488514624174691,0.07978238575456927,0.04003772256904023,-0.022706241344450002,0.0,-0.06783751825025779,-0.0015545786217755586,-0.006207389217101889,-0.057660641778909616,-1.5920934715268948,0.007322295910811082,-0.00015957212510016566,4.9870602194669166e-05,-0.005348886857800243,0.009837462167500585,-0.0452849362515639,0.008512151688136365,0.031059148819739847,0.06485072771776207,-0.7690820940964898,-0.37008920973430576,-0.17957713216742074,-0.024930283501958875,-0.6172234494604022
0.10243164459319358,-0.018412253022774123,-0.01252901246758856,0.3549879235321374,1.4395123423509713,0.03482174333045784,0.06276386437575668,0.0,3.3097025503535824,-0.0025043941847969504,0.6764119098465112,-0.37482477893542065,-0.4022631268697443,0.02535606964202134,0.46732705547559045,0.09569134927395942,0.08655767027826054,0.04042268475200971,-0.12031287001174908,0.08470704083539571,0.044440627176132945,0.11964282909042934,0.03272215864496603,0.046616425923167094,0.18562806103673601,0.057290206152632375,-0.044686291542820056,-0.06346018616720041,0.15812066671318656,-0.13459223489712346,0.11521694368865588,0.10416128253770457,-0.014120732695863654,0.018367812968618415,0.012012882121578233,0.06094381074210648,0.005146427533735695,0.04287574045029634,-0.0013584417978301673,-0.00042174154621938743,-0.013840920313539187,0.15246089878110994,1.8229637271428584e-07,1.4634479938871756,0.47354208333590553,0.7035703240778363,0.0007840144103487276,-0.010446622800344509,0.22906599013513876,0.2869356755441023,0.651833270554935,0.014942496908011072,-0.0975845048234183,-0.04197697718691902,-1.1977159430990132,0.3853782406706378,-0.03284096187273516,0.39998753146409466,-0.09433019208770738,-0.0009254120220555904,-0.060552226755443334,0.026991145086364993,-0.031177227045975198,0.14460749434548406,0.0,0.01308587815197695,-0.015307645941278862,0.02796191006348372,0.0018042770522485995,1.0559983208244625,0.0030150433683428903,0.0008671002544954403,6.387628123565752e-06,-0.009932358015031064,-0.08605148421596012,0.022568932799376346,0.013110882022770822,-0.008066819522395541,0.14617632469442043,0.4505177264981602,0.23168342569944678,-0.14490194097676043,0.00018020542688812653,-0.6156176327350299
-5.0449170328541175,-0.03863857157264467,-0.028640722347286963,-0.18453301369504482,-1.2817226997664342,0.07994286793958795,-0.034253329419590035,0.0,-2.410251947153737,-0.005740885526161308,0.24563685025700707,-0.8410297395570921,-0.4336972995920558,0.01775030692349709,-0.383697902322451,-0.020590582169035095,0.02745433650127335,0.03725240052591244,-0.1794870458516246,0.02471415227021144,-0.007803735684954852,0.11743297596691016,0.10882651872337416,0.02110134421351647,-0.06645651510949878,0.039395137005991857,-0.044361956072636724,-0.0999810888923209,0.09631075370395346,0.01596547761352984,0.06644597384589901,-0.04582070645876345,0.007170467661559365,0.037150553598014106,0.0038338608002626198,-0.012028801500629547,-0.15671928889002953,0.022782214864510705,-0.006656828609632267,-0.026236208336923143,-0.019295782537924834,-0.44097383672489804,6.930025954168979e-07,2.9042366330967146,-0.06356229898232123,-0.516141518986291,-0.0009463232019967687,-0.01569035925826652,-0.2580349283328403,0.30505982770981693,0.7984201512336285,0.0008701827364884099,-0.05529926684362386,-0.035814269734618,-0.7245589332737893,0.6892657997011604,-0.018290750456881815,-0.37464449262094135,-0.17884524906644106,0.0030637892223690567,-0.09779160882268044,0.05378595016278874,0.06426311218722232,0.20501642647796214,0.0,-0.1628570167621656,0.006390376847873799,0.024095146406932298,-0.01850762076383704,-0.9133081130179158,0.004341141232810192,0.00041222798984209526,1.8866494508058178e-05,-0.01039641028656593,-0.049380346668011305,0.023764056271320312,0.038510244233442924,-0.0024365652936028217,0.16559312463026987,-0.6779384524796994,-0.2327298404179316,-0.17094266641779002,0.031162607598172083,-0.570864580563008
4.054146950290007,-0.02023876794970575,-0.021567765807411144,0.29564027417823857,0.9933911815260301,0.034298045915945076,0.040807082111379,0.0,2.5525835512708834,-0.0016419076478521124,0.6968565651217252,-0.3799550686713974,0.3449796940988434,0.03932024658169122,-1.4642690527492872,-0.03185760159395948,0.06363742064144134,0.059121606036736586,-0.14366082597493351,-0.12620064589745209,0.008519407097686352,0.27888366439125983,0.06722909142767067,-0.02069917575460753,-0.020085690985045746,0.12427484415251287,-0.03442296909975757,-0.09013309910688243,0.14270401879442304,-0.11818861760043418,0.12621652809960865,-0.05508554124408894,0.005848048905130938,0.023283941439499443,0.04720652886038549,0.004094890209687282,-0.032765169017296404,-0.06585823021828799,-0.011943516956419488,0.028804442623465508,-0.004507472656402368,-0.39849447360623413,1.8229637271428584e-07,2.9286067460841196,0.6991604330320547,-0.293678480311753,-0.0018947014916760913,-0.01833667777790961,0.19943987741778155,0.1026060037501891,0.6027445029379908,-0.037706860601364134,-0.08825570298509154,-0.005686346157766706,-1.3448786858029382,0.28166331587798205,-0.05243017629617226,0.38197553150280006,0.0996566248463503,0.017697359496790008,-0.7917599112210277,0.3137783697524306,0.08240376669844576,0.23677668634822513,0.0,-0.1124377830799211,-0.01329960328499006,0.027944004544646576,-0.023458834539862583,2.181563011370911,0.02194906025335865,0.0008671002544954403,5.197024528301724e-06,0.026912426206800174,-0.07552885972129898,0.01757553227783671,0.013403256849108017,0.05058569655653823,-0.4000685019700204,0.49938492357800796,0.17782457302953683,0.14177258408159352,0.052866913567641005,-0.7563468715157123
-5.268280894816086,-0.08367092996275591,-0.06455395221185617,-0.24989360057157625,-2.3433521759283615,-0.028326607500235537,-0.0033810569334072026,0.0,-2.607613551762884,-0.009872630895727824,0.2568683444318727,-1.024256959629283,0.14092688313784424,-0.01798147438996544,0.023544119158115644,0.008791454530600804,-0.07570059281100511,-0.01464644970939725,-0.3202773229963185,-0.008887486339620467,0.04256461696271724,-0.18493025050275486,-0.07731537682211433,0.1868226075030234,-0.057396331046064356,-0.014375934836537877,0.10834077145640782,0.09093485094460141,0.08580340992367817,0.02470379138950795,-0.2772291216553547,-0.04579185148921757,0.13905317746687593,-0.029749978379993883,0.0010102986342186448,-0.03383805342809586,-0.12494087854563447,-0.04420212774184324,0.05611546057252979,-0.015142182532234925,-0.021782698926856813,-0.19355341819311067,1.7676948990351903e-06,-0.358859084966788,-0.04119181519264704,-0.44048800230062984,-0.001999323542976573,0.07607480299378336,-0.6749522764385436,-0.12447911391862063,-0.6587817394392007,-0.0007973155182707168,-0.057171833278833795,-0.08209322693750731,0.09307968529388794,0.3931294018807671,-0.05739051166666689,-0.36400550617199895,-0.17186871872001622,-0.0024694232844347905,-0.07837522354549857,0.1659361494830379,0.07089412754384072,-0.037219910761850536,0.0,-0.16859340463048672,-0.0012718584532011331,-0.005496516338631775,-0.014823133892034542,-1.4830229210909267,-0.016750598614405282,-0.00015957212510016566,4.9870602194669166e-05,-0.006025205950147458,0.20653603912086974,-0.0491701443631892,0.008512783491069018,0.017447138730543345,0.06570071207147515,-0.6090061210362946,-0.3439561450543988,0.06498539586425585,0.1443538684980814,-0.616298757350733
0.36882448143871566,-0.023096069848816476,-0.005477582011673925,0.5701553072434282,2.198897797901502,0.029705482843378202,0.07285911670046004,0.0,-1.1452593038221668,0.004323132562130206,-0.5328900899771744,1.933924547419782,0.294103929768369,0.027705865743094298,-0.8155069163507335,0.06880772452998975,0.06246627186489229,-0.053417552588360416,-0.1476846960969642,0.05299738488788484,0.027049884565459783,0.3353523418590241,-0.05478883605498974,0.17322773009792383,-0.005714792821106782,0.08755997428077948,0.09984995540962191,0.020678967381269182,0.15234851554164183,0.07660903195984292,0.13000111015731824,0.04886943501735397,-0.0451788805576353,0.02112528214336024,-0.00620048012883712,0.09412062096954067,0.08788927401293978,0.09482369368908569,0.028268137361859718,0.026452006849385513,-0.006708672535910261,-0.38371251517134436,-5.613339918229647e-06,0.15866600563776515,-0.03057431790602705,0.0726829221453796,0.0029653646000063214,-0.01590581483880812,1.2056204930163135,0.1457720162938898,0.6866561185015952,0.011352011195515736,0.15052094038584396,-0.034702109468868626,0.9305771018623036,1.30405048044034,-0.030648721391396537,0.4387598860096072,0.1795406790750647,-0.010299630926287709,0.07053279012195271,0.5281228690088384,0.019924438198125824,-0.1244433068321446,0.0,0.02425637383357198,0.005960392093272114,0.0042488435978723805,0.04540902343271653,1.258919849796571,0.004300331612750459,-0.00015957212510016566,-2.0106644962391966e-05,0.0036013641970065523,0.14290093007008337,-0.042367424576346055,-0.0056625992507995555,-0.12141001394575986,0.12234133667279266,0.6623105150870714,0.7603370997581201,-0.10033172285745853,0.13182195581001355,-0.5999464066147708
-4.408761317654579,-0.0623467789191183,-0.04994612671501182,-0.21977492293119852,-1.276015219496529,-0.028654899964844334,-0.035312880776528575,0.0,-2.4780805392052474,0.026613114434399236,0.24674801062973345,-1.0256588452273656,0.12543260134414,-0.035012584290310435,-1.3250730815408969,-0.050648413405323424,-0.0804384445211601,-0.061163980207061555,-0.29147700184834935,-0.007999508452901026,0.03071151931311613,-0.2861625160532757,-0.09860625679932945,0.03732168767453108,-0.04954916104796857,-0.028852640364043516,-0.04190983941647715,-0.08658869529203778,0.07383737703700646,0.023467618353316077,-0.41704513560930484,0.006333593258128288,0.10438838350821272,0.015303847306734616,-0.008513271299850468,0.09125054089095733,-0.10235559127537838,-0.055275231305435234,-0.04017879606755497,-0.029927991053687233,-0.0002414562599659699,2.9049516582239665,1.7676948990351903e-06,-0.06113167030276645,-0.03206352752071456,-0.41297077459048886,-0.0006918497359136044,0.07607480299378336,-0.6082299691052099,-0.29951986496407357,-0.3431806021766391,-0.027339405074497215,0.13272791831181335,0.19910167349235713,0.6360834988172113,-0.6079120289689115,0.030182295511950424,-0.32034566190978014,0.17017445278441523,-0.027015761748962912,1.2414032241736574,0.2834634164395626,0.10826147702639433,0.12866060893646586,0.0,-0.1275394469788064,0.009635199896752438,0.0129137611668436,0.029058130598602433,-1.3070858407430614,-0.016750598614405282,0.0008292493284032835,3.859310074813592e-05,-0.009553915679717034,-0.018392293813526268,0.012224687722126381,-0.00616858770459219,-0.006052789182580147,0.0821268192876644,0.3764073891798026,-0.2755671970479773,0.05837227690765154,0.04865272329091449,0.13913778564307228
8.154433398724404,0.0438372429231905,0.07001474478780506,-0.18579079246821645,1.5010371972180778,-0.017133324634731533,-0.03638701275135066,0.0,2.6374544326757614,-0.014046146901843958,-0.7550825774868671,-0.63980618506467,0.29242761165854386,0.03795871621041656,0.9926138236826374,0.037039597856290095,0.05156893626943161,-0.05112453916835254,-0.15924196806849547,-0.011155641077744183,-0.028797752397516675,0.3564137967206046,-0.0530191478023567,0.0024726754839487527,-0.02948481932476393,0.09844984613026851,0.04005748683712406,0.02852624344299486,0.16351398286481988,-0.0699456832075802,0.12517914526755028,-0.09834364049207903,0.19223000920884561,0.0014233589158670922,-0.007519028003153552,0.0034130435539714917,-0.04879507899615981,0.07942967756014495,0.03625473675511865,0.01663201361754534,-0.005958286586213322,-0.34297940259218873,3.4449958540895293e-07,-0.19220326686100925,-0.03535315717067973,-0.29300705785877956,0.0029653646000063214,-0.015367748970092026,-0.6979516900163615,0.041561840713144116,0.5115332898055506,0.00960386877000815,-0.05630679968934765,-0.05163021728455554,0.6225518645052215,1.424791052700807,-0.04084945435363112,-0.41976147033266054,0.48557085642664427,-0.013352131704562387,0.01878439002888111,0.5517158673210484,0.021364405060141457,-0.1255521409839969,0.0,0.003904643746126518,-0.0198781500704111,-0.002894395472987905,0.058589398077569445,-1.5483166405202768,0.007322295910811082,-0.0003356517114175895,1.5537727564089525e-05,0.0027693871491000013,0.11331019644848227,-0.04803220684085322,-0.005747204269390584,0.057134287474766614,0.21070364018167195,-0.34332866456910555,-0.2877961091955406,-0.1490136596070453,-0.0025558660275884146,-0.866847907068927
-4.2811806520476035,-0.06019189520759409,-0.0698388175716287,-0.18841742618146737,-1.931904635062692,-0.028878580711971972,-0.008711608201716821,0.0,-2.0345111880147604,-0.007278963022267836,-0.380963169998098,-1.0562546185799284,-0.28059265322951815,0.018168075935953668,-0.1715192136793805,0.011767357527947964,-0.1051171170777948,-0.0264083011543409,1.174336952998768,0.00941056864922029,-0.046483839145516674,0.09764649531103,0.16964452814622927,0.11389852000375185,0.1796423879741651,-0.075549340010912,0.11243598067429693,0.08711566467127348,-0.4599758168893028,-0.18057806980427143,0.07536820650587904,0.018943947949918685,0.038620581973393416,0.0016268540831406151,-0.00963581213080136,0.026852993187411696,0.3706732413974733,0.0007775097555441866,0.01653552056758204,0.00012398257519087585,-0.013994674949853727,-0.3293674557958484,1.3602352569499349e-06,-0.3117478343089741,-0.029997633625597063,0.6434363515507946,0.0008273062936454785,-0.015817982492613975,-0.6341280858782952,0.2771860485419611,0.6108015602893921,0.0019559867747258332,0.027068649999048216,-0.07734432123787316,0.6133295915058502,0.4885487968569607,-0.03757017061542357,-0.40907152334268004,0.0819743133479837,-0.02918853955175612,-0.06455347213037452,0.1091995311048715,0.045051653180251644,-0.021081798708330372,0.0,0.5061192304720715,-0.00444331015826443,0.014393363612909812,0.01170839084127977,-1.3780391707919717,0.004341141232810192,-0.00015957212510016566,4.445625949736805e-05,-0.0014897750934440596,0.15399095353774417,-0.04619626700574814,-0.013368657413473189,-0.1363160007986756,0.037600350491386006,-0.5626643260969159,-0.3880323000962249,-0.05934249345291622,-0.01936126649869455,-0.5079009579243194
9.63379225376911,0.37868696873656416,0.16336023782329923,-0.1353045315952031,-0.4795155990159742,0.0239854064322961,-0.02911902299341199,0.0,3.1128386543132627,-0.01812089892296993,1.0364485119430038,-0.4003742240759707,0.19122336458336306,-0.1547934068713594,0.3372104939256234,-0.00452768378964954,-0.1483179401354586,0.061805689178926655,-0.10568133360370117,-0.01184971599109286,0.05226784060298792,-0.291493641529061,0.2183422345378115,0.4448701946134556,-0.03556642719156855,-0.028046714218062672,-0.03401019873780079,-0.05770460707501576,0.053867365473140166,0.059951032653197345,-0.4057019185789461,-0.12470991006112564,0.14642819872563606,0.03505554434192622,0.041674648799904755,-0.02203936904178911,-0.047924987615797866,-0.07612022153260249,0.023281475494509506,-0.025222621245380803,-0.00990200505881692,0.32957677597109214,5.518113190756176e-07,-0.19842821245707903,0.7078991173993557,-0.3058771605029388,-0.0009463232019967687,0.06850051699900712,-0.39305242459893747,-0.059087429357082555,-0.32880048461892947,-0.021273967006772213,-0.07153287766765314,-0.04465575120416032,-1.0303436287933674,0.8120433609316866,0.16994322823375202,-0.5859052647425199,0.06409024937000887,0.0188664244237133,0.03222308459100107,0.2724979773453201,-0.0685038656396901,0.12799894897471922,0.0,-0.09740949571214476,0.009000018792050356,0.027775495458971945,0.009142809782350797,-1.3329089027364716,-0.016750598614405282,0.0008671002544954403,1.527370741176556e-05,0.041446968432653844,-0.056194031694525914,0.04684115812584862,0.05113011791392888,0.23646282942658425,0.1235144750367978,-0.21616614295568518,-0.1914759636085276,0.13132297378957566,0.14136607584467786,-0.698373818841138
-5.466381931782984,-0.07639171488231673,-0.07032781237506389,-0.2520271907501011,-1.515216238720889,0.0682420605370907,-0.014392540537979406,0.0,-2.830691714193599,-5.113960147251108e-05,0.28543064281376673,-1.0545686533295953,-0.5777462038804532,0.015525125486771743,-0.13385349320529447,-0.06845772670788558,0.05703583514383018,0.03633204489764478,-0.2822693654252582,0.029030506879849212,0.015821538236422742,0.15307516820918576,0.13253930310078646,-0.44686006431604863,-0.1104031554175102,0.04495687124437292,-0.05556074996220438,0.12792167473367874,0.12552354780881203,0.07337152163384927,0.09194832352205241,-0.01504567892371871,-0.08994967010165837,0.013058503313789268,-0.011234795604582471,-0.02837629916934658,0.10081314179717336,0.07489728872509649,0.007014205956694842,0.029379747705077227,-0.013157961754508082,-0.00806010464495076,1.7676948990351903e-06,-0.15747489265994052,-0.0816871176645184,0.6850159861365849,0.0003915820146193533,-0.020611485428014036,-0.6829972045738958,0.03923386596621966,-0.6257202116200582,0.017397938260394794,0.08682960798870716,-0.1465226229198789,0.719933333730467,-0.7068404931585037,-0.06621467155915706,-0.22594790199506912,0.07225569728372039,-0.026478793835639634,-0.08795618778775202,0.2215395458865185,0.07477488833736345,0.10152547751654042,0.0,-0.0026807941137880916,-0.0017629174902494267,-0.006305049029120454,0.02692528555638029,-1.580476170791106,0.02194906025335865,-0.0003209997400270776,3.508818317037076e-05,-0.007668500275234354,-0.02962971916132221,0.02178450744556589,-0.010440106944088503,0.020605828645483704,0.08066927384347204,0.38024612811464015,-0.33127895504321514,0.14306916936068617,0.05079384378198069,0.1867987239386493
7.9522404232562485,-0.032326069303133906,-0.049980723262675,-0.17071756023272575,1.7711676147093947,-0.024418004902640823,0.014042001776959702,0.0,3.3840825400184418,-0.004654079133116165,0.6615477575543797,-0.6102534041047927,0.22659271572267875,-0.01818483686487473,-1.9809805181006732,-0.055009793635241055,-0.03004854321976392,-0.010075157822015113,-0.1309917570799044,0.0561676288407601,-0.10501901373917853,-0.4294688202715288,-0.005945882734867582,0.12611344203662958,-0.028347138167062875,-0.003329886526783685,0.03942636073170905,0.03962293965562148,0.10683828510711448,0.03139091922201234,0.12394396433818165,-0.015966250089108496,-0.09176611515832049,0.0031237666056791844,-0.006021464379263704,-0.006925454922822458,-0.055545664241083335,-0.13033440884424435,-0.021836148907641323,0.00936641289174495,-0.005044334791887784,0.12608834573142555,3.4449958540895293e-07,0.04691997406761299,-0.03142369604173901,-0.3811093577994117,-0.007166297783348603,-0.04382574348174891,0.39738497745210644,-0.03742538685138631,-0.4274905546233398,0.005073400196354336,-0.010761077026836678,-0.04898468485877376,0.6867261197964307,1.0859752317349525,0.04289375440695308,0.38892270044398464,-0.09200499933533747,-0.008645510697417945,0.0010418617533652925,0.42433854990384795,0.0299617361397112,0.018396806459875438,0.0,-0.0753954899260613,-7.806399535944814e-05,-0.0024490896793315908,0.02971633764985955,0.4661464897706697,0.02194906025335865,-0.0012095874198150072,1.200079288696471e-05,0.0003464046118294297,0.05881241833220573,-0.03020894975313288,-0.005747087993834611,0.06588240081335127,0.13939402058211797,0.28723706533499954,0.2646344162361289,0.027475227762776114,-0.07067693943581428,0.5387445278381436
-4.848522593139321,-0.061872446639123765,-0.05433582011427582,-0.21229854674607784,-1.3349619806619697,-0.029932402290740304,-0.03386408367254256,0.0,-2.2720857089275346,-0.0024877918701523526,0.3385676538789446,-0.8796117572449352,0.27196347502523266,0.0007125617908171336,-1.116607235679335,-0.04260527905287813,0.04255622229533909,0.06166384315465374,-0.19363406311539044,0.055891079069219536,0.002222995637161459,0.3069405606500142,0.16216283054584504,-0.048859434543673134,-0.05040024913654767,0.10240519234736897,-0.038316445578649626,-0.08136549625007405,0.04654720656208035,0.006032232132510944,0.08462737282519504,-0.04553502321655097,-0.038602815067235306,0.028263991569578397,0.003834075682415547,-0.011814671783987554,-0.1029775348143311,-0.08644698149409806,-0.017725185618154123,0.016373042256007678,-0.020562207183481368,-0.38453660385679594,1.7676948990351903e-06,-0.4913505598389507,0.7162750075797102,-0.43221044149787663,-0.0009463232019967687,-0.055679444852752266,-0.34084865769336836,-0.04004667139283495,-0.7307041829894064,0.012356898340702402,-0.04137365492433284,-0.033538136612176944,-0.7902258293902705,0.942335424007727,-0.012779748537159892,-0.36156157635474645,-0.12228400236953477,-0.0024694232844347905,-0.0962769688599351,0.19570239581085072,0.07780393376040501,0.17330573811273975,0.0,-0.160065855927902,-0.0012089339301678856,0.02412378282493751,-0.04055557812375695,-1.4965404126447996,0.02194906025335865,0.00041222798984209526,4.9870602194669166e-05,-0.010659712361591127,-0.07056219227768493,0.03258656358621987,0.04905197614620878,-0.005637917386659487,0.19141607744866873,-0.7602529397876501,-0.25147406864738936,0.16848951029638645,-0.046406890904990686,-0.6931792778024491
0.3334986781127635,-0.03429644299239426,-0.04071669288783876,-0.21023548379799936,1.615184871448633,0.012250779213463098,-0.05667883655073514,0.0,-2.514033937485228,0.004240423004777071,0.46888981524360096,-0.9038598042987829,0.19865777483698446,-0.041572465006618334,-1.3165056280935363,-0.03217654891084709,0.07575632959365915,-0.03408552034100675,-0.2147894306734552,0.021654271285151135,-0.11385876557843197,-0.3354025524931039,-0.06544509107449742,0.3338401789932417,-0.013561984813477777,-0.01182578731305946,0.10373947649563187,0.004790494808669357,0.0886591540536467,0.07609016792082068,0.10149979424651988,0.04049695201756617,0.08358807781272573,0.012122445270872187,-0.007010367297122307,0.09248187763381115,0.08147536154386047,0.08715457597260964,-0.025827522730975185,0.027411838929798305,-0.011523559977416088,-0.2236655719384259,-6.141696084816179e-06,0.18300132268744693,-0.018262184995509294,0.6445981512089206,0.0029653646000063214,-0.020611485428014036,0.397433358881298,0.001093936325896373,-0.6089331352261504,0.005352198160625986,0.18744254592879458,-0.10554295810561236,0.8205426011464448,1.1546021260257813,0.06329964397474644,0.4083701608839331,0.1645274599935492,0.04478668967457209,0.8728957390064342,0.22551117798998674,0.028703145600191382,-0.14281883304212728,0.0,0.010247096301884761,0.005554941559901249,0.006546767117487382,0.011132426237434254,-0.08829779888205955,0.007322295910811082,-0.00015957212510016566,-0.00021396359489284891,0.0005705085468452514,0.21608367776409965,-0.027483039394174666,-0.004016334294734666,-0.11605964974207313,0.10115054503266582,0.22845763660708746,0.2799463662927761,-0.10358621246011254,0.11537403730181642,-0.4738441410393785
-4.088159188597776,0.10754904442304325,0.06570115332890901,-0.16145085228739825,-1.4931839402577407,-0.013240386250382595,-0.02330702025226228,0.0,-1.908926057213017,-0.002325960888194173,-0.6375986750593373,-0.7483150162824674,-0.3415338643475395,0.0183530140146839,-1.2399151027303026,0.020661179803470067,0.053292703012681776,0.03755673835112021,-0.30566887842236384,0.033882714342485624,-0.03737140196273931,0.09764649531103,-0.07855746067947918,-0.023407716060931498,0.1789381154793049,-0.042147148654461175,0.08109304875357765,0.10733021317365828,-0.5283557437706333,-0.16062182233035077,0.07140470786630264,-0.02784907213217881,0.03868277023578686,0.0042554996791211806,-0.03283780575204657,-0.007843426119333249,-0.009988667642726148,0.039197644147168885,0.022762063458793762,-0.02664796475299842,-0.016763649888802336,-0.35145946661719285,1.3602352569499349e-06,-0.32103747586071096,-0.0781813601869938,0.7504296272018384,0.0003915820146193533,-0.015817982492613975,-0.6565656032965782,0.30256182355666134,0.68599522876411,0.017436437134158822,-0.018481164537914214,-0.15202869085477438,0.026569209495396505,-0.8618799503718175,-0.05096673621472348,-0.39248562770338336,0.05780533248516809,-0.03388017460246204,-0.11645164433004807,0.3087951401880376,0.04073641482308488,0.020160357626388032,0.0,0.3972528727676367,-0.006802128967033869,-0.006854468301458201,0.011192914663251802,-1.4801676347946666,0.004341141232810192,-0.00015957212510016566,4.732625473900798e-05,-0.0089916069683501,-0.03865189453789489,0.031139229920862162,-0.017706725665952053,0.03275264600672514,-0.2755105088187155,-0.5793904918087499,-0.3566727320529405,-0.21830245267708207,0.03905160438919182,-0.5768845485433286
7.7523016614344,-0.027447644786206465,-0.02613816096450239,0.3073843745498654,2.0655380061203603,0.018192430064205,0.06374135749022941,0.0,3.105577114694131,0.0017036652680503933,0.82560665555172,-0.4900507705321298,0.32249007518707823,0.04349906469538903,0.13498797632078277,-0.03987805498780986,0.05542121959782666,-0.029768532917372217,-0.13901510610691045,0.030331763701851762,0.034911134106631304,0.38876720127808534,-0.0220371546582007,0.5878562260550838,-0.020941715938621215,0.004177092601668155,0.04545243948995676,0.04768992233659125,0.09894239769195588,0.050857605959498245,0.12828105124202213,-0.01588852048264933,-0.05700826960829309,0.005984945354240222,-0.006021464379263704,-0.006968257486062968,-0.04260828632961082,0.08669149493073053,0.04838411800829545,0.011004239402489204,-0.004236783621613329,-0.24569733141141784,2.3302613254744297e-07,0.10477035176404005,-0.032869521999967226,-0.3247810798468695,-0.007166297783348603,-0.015367748970092026,0.4068647396106845,0.00500498365596901,-0.3688601523424144,0.004812131180416549,-0.01256633448645377,-0.01115035164793078,0.6707301013359938,1.0548206543371295,-0.07945349028243126,0.48264479460290993,-0.15436997796412824,-0.00806923873524645,0.014878568882450295,0.4018928141819354,0.0460502160722508,-0.3302601317987364,0.0,-0.07345035111818013,0.010024371761733833,-0.002511697283771484,0.04339197697804717,1.077518865924449,0.02194906025335865,-0.0012095874198150072,7.909275611162861e-06,0.0003452434734941928,0.1068924211668218,-0.05336840236534471,-0.005747170556400633,0.1260101812908246,0.14833127024590834,0.33074377833338275,0.258351701065483,0.0973244595209651,-0.02762549200457775,1.174684483588471
-0.1287117230392747,-0.07718575888288548,-0.07424838854315634,-0.2824853835224159,-1.9642441108650226,-0.0460966365378031,-0.04139462841385376,0.0,2.773675661791203,-0.003985286457063811,0.7160611491832859,-0.631544728173735,0.17240065422601378,-0.052464961773028645,-1.804694669167032,-0.06266671130715254,0.015374977729573271,-0.04301876354645022,-0.28043857347154644,-0.010233138476458657,0.011831881552722582,-0.36776244494762045,-0.06646201207202572,-0.21713816302553798,-0.0720361175242665,-0.016500980887106415,0.04831233313788277,0.019532996414469494,0.0696080566621776,0.019370071746273938,0.0728192930744955,-0.09109506385696962,-0.1171512071842424,0.0034924552888615456,-0.006885392387279901,0.024024857337403914,-0.11129133631297873,-0.10190212170797677,-0.021918119294230577,-0.013253971193482277,-0.01712277507506998,-0.11296388919947213,5.518113190756176e-07,-0.2122455385224265,-0.04814492674397864,-0.6415281521736396,-0.001999323542976573,-0.050435708394830255,-0.7766545791560394,-0.07123045228792747,-0.6880609455729465,4.4296925501981785e-05,-0.05511365351764927,-0.10658118089971488,0.595241783091223,0.40274970078486055,0.07487417118771189,-0.42660540272281927,-0.07034555789314621,-0.038850325007661266,-0.10390359945682168,0.1702552195262886,0.02581490467362528,0.017655438186488882,0.0,-0.1669169164901847,0.011765498399759112,-0.003529886888300162,0.02973470496288802,-1.640006097923744,0.007322295910811082,-0.0003356517114175895,1.5537727564089525e-05,-0.0013514531251704886,0.1661604786729835,-0.0492565086921774,-0.017821217264325624,0.0405740230732107,0.053201253130606,-0.7377299641740341,-0.472029353036427,-0.07029846378968863,-0.074599154100274,-1.0524614926630373
6.4602554543700785,-0.020385023816136327,-0.02370409626463846,0.3165373137649131,1.3107523720946233,0.018647615669824112,0.04903714320753829,0.0,2.9121617786589726,-0.017495540210938947,0.6349570708285858,-0.4816408124593736,0.33537778614799846,0.03746066798783379,0.6570395706076246,0.09790494403036976,0.04893254629911073,0.028535888944743265,-0.17878800775451756,0.055291757425088406,0.00023813932202513253,0.3163386912109678,-0.027089755523659297,0.051884585118244814,-0.020287659588611978,0.13063824756457587,0.04318751418892267,0.06012553427358017,-0.32720227120003503,-0.1273928023646548,0.0912837128211879,0.0918917773505259,-0.10035733157054205,0.0041388925468975254,0.012190121510327405,0.01821981529775292,-0.004958297819329362,0.04056904618535846,0.03393167824858021,0.029019394415843155,-0.005045145435615967,-0.7826397638402304,1.7007131883264165e-07,1.3955723710648176,-0.08140189234529244,-0.30938251892630925,-0.007166297783348603,-0.00886837713857021,0.3217940349751841,0.07989024989539283,0.4274502535349039,0.014776987499566806,-0.0884699251278804,-0.005904942780185695,-0.050444732400119506,-1.0806799981824229,-0.039727313040284574,0.5158870763002344,-0.1386263281255638,-0.008077959049838506,-0.03365313719946425,0.33502023643567264,0.008919924694404733,-0.1396995980492402,0.0,-0.029754243578472696,0.004237089711219423,-0.004366754365187689,-0.04182532066309873,0.9802871312606857,0.007322295910811082,-0.0003356517114175895,6.426480413173621e-06,-0.009820930873462506,-0.0015405586021669869,-0.04406533420384008,0.00028980714588788744,0.05733081815931322,0.09038439803999727,0.3024254340552682,0.20897988989549657,-0.1694273441687887,-0.007314153771232908,-0.7951788901612381
-4.144343361789691,-0.05062240791949835,-0.06531301544416432,-0.2811853735678638,-1.3363632949509396,-0.02719475528609097,-0.03880190422845078,0.0,-1.9481658196676779,0.029830345177997895,-0.3783730285872734,-1.1303810603714268,-0.4420286833097367,0.011373236930861378,1.5289346496942122,0.07532638640577295,0.044179187995827825,-0.05122030953038748,0.8409678869950608,0.0034988184945120657,-0.012761083634078626,0.09428474211339405,0.14695855798928942,-0.0030648603182228647,-0.0872486208838031,0.042551794615959634,-0.030591759281591156,-0.04503293238651035,-0.5159083180559753,-0.17955031375209551,0.06849811404659298,0.01494973796651418,-0.10457607116329294,0.007337645201581672,-0.033645619842781374,0.021742876204397108,0.0034653449424481204,0.049059966016222666,0.030913612952200718,-0.02371509134390113,-0.01278951161163159,-0.34148584685517097,1.3602352569499349e-06,-0.5433291180307469,-0.1001362174658156,0.6612246688202079,0.0003915820146193533,-0.01705269619067983,-0.5082140061388151,-0.019576831498532416,0.5526594768192564,0.0006142921044752726,0.010435234168353694,0.23077385341968562,-0.21509826035074764,0.3664966993947155,0.003935750220937134,-0.3331839663140524,0.2967080062999809,-0.03383322843881113,-0.1233298439765005,0.25998371626346306,0.07121529509070224,0.10479645716925182,0.0,-0.09787298469118572,0.015400016400706052,-0.007699821923825552,0.01312671835116861,-1.511921022483253,0.007322295910811082,0.00041222798984209526,4.5921262125655365e-05,-0.010110475313765877,-0.057306763942197615,0.019877140079474016,-0.017717706488197392,-0.017374709908009767,0.08427160145248169,-0.5693493626958519,-0.32585434544684505,-0.26837227578091744,-0.019408460685892758,-0.620907776029256
0.14417871276492059,-0.022250267321399453,-0.014303336935515925,0.5129589635803902,2.3732682715171074,0.034279818017964335,0.07028824565043766,0.0,1.8303728696228077,-0.014022093295564286,-1.0647798834824735,2.699050895224995,-0.3613349249689073,0.025064718764072035,1.3009362337533346,0.08556452180947036,0.0890263490794169,-0.05176219479674537,-0.26704573968101947,0.09147355340806837,0.007958471939478531,0.1253306924433841,-0.05306196932292974,0.2034608453713973,0.20794527146580125,0.042011455590962185,0.08374049682637413,0.017904161298289853,-0.47678954988627187,-0.21127278195886798,0.08047380388511848,-0.06287134069952627,0.18008984864962607,0.014772868023654299,-0.006858014028534695,-0.01732144679748084,0.042405094435677,0.05894468944557696,0.028059784929358886,0.005850803898698386,-0.01318156010348212,-0.5276300048184149,2.1406533469290516e-07,-1.2898061803009808,-0.04222074786171789,0.7393057408401454,0.0029653646000063214,-0.009076890677071509,0.9756931876632683,0.26220368010543027,0.5852580340599116,0.009427310618084798,-0.08647477048397374,-0.06704832754648342,0.846170354562785,1.3070178120964544,-0.012367892651162195,0.3876531758011141,0.23173405214879358,-0.011018117768165516,0.0708444315896035,0.25953134113728943,0.02132928957566479,-0.01662079486416915,0.0,0.18561530465982753,0.001111006839131643,-0.0027294363251874542,-0.0003306037226074891,0.8715040952875653,0.0030150433683428903,-0.0003356517114175895,6.58337819858649e-06,0.002868542339396763,0.08937453663485587,-0.024816590103944516,-0.004082194304396153,-0.041065382596181386,0.12786405208930388,0.2918724386173092,0.646411778495115,-0.10240341914610526,-0.012202028348195707,-0.872101347967446
-3.8421312782929524,-0.03700061832228035,-0.04181908266118457,-0.225153999805045,-1.1336390994465835,-0.026875858771673828,-0.04279620228311395,0.0,-1.89877129958347,0.024110402683359174,-0.4329060120408347,-0.8858659583834365,0.1285431606236358,-0.03547065048158557,1.3914507078306837,0.08297742989895845,-0.0672273194631688,-0.03773632058029184,-0.1973852222528489,-0.009260940431168164,-0.012521893989234301,-0.29787595561185765,-0.1375411700303751,-0.02479720371819637,-0.049340562050433676,-0.03451704576458696,-0.04801878131903893,-0.05065427410634049,0.05033596339967974,0.022224781042187086,-0.4323926150142644,-0.028765726022731326,0.09438378416633444,-0.03388204882020578,0.005003990058446888,-0.006843330484960662,-0.12581480053939592,-0.05027655980750321,0.013648907443568328,-0.03747411441453443,-0.017816289987408408,-0.46721391871047907,6.930025954168979e-07,3.335349851701312,-0.09869090650689662,-0.3365596898991137,-0.0009463232019967687,0.03541627290408374,-0.23794864896320178,-0.3724858108154609,-0.5585716392925075,0.012477680860562721,-0.04012853370388675,-0.028637329223879092,-0.7407218818802997,0.3230149676894588,-0.03964607878032997,-0.3558440610237844,-0.39524325677004657,-0.0022166113769903914,-0.09396408337484302,-0.014122799984208309,-0.21954158134004348,-0.10440915620005695,0.0,-0.1217761557768728,-0.011635701853215556,-0.014184049256655217,0.0013269167525549585,-1.3038879721842807,-0.016750598614405282,0.00041222798984209526,1.8866494508058178e-05,0.059592567095926724,-0.08700709660541286,0.01649119013558921,0.03852280444354713,0.17387799764967246,-0.3448811118986498,0.37077204702601463,-0.26383521238784435,0.0835942579177116,-0.09075900382915045,-0.4441317004907589
0.8395512655591644,-0.025696907497220305,-0.016567390136786268,0.4923996789171142,1.7301450915898047,0.033461352265910606,0.015460518039693298,0.0,-1.3890233683549071,0.0104854378027341,0.4726716964171852,3.2339737868762946,0.3295525563150285,0.029597602505992332,0.3445851592545046,-0.05976987435184675,0.04959900223646797,0.04476740379429096,-0.11308821707886742,0.07844956927215457,-0.088807336570626,0.3335500627483665,-0.041099789478638564,-0.6152692655610177,-0.01954986465107726,-0.001929628480135492,0.08023937083174341,0.08414245816258746,0.10097672792359655,0.06679103181246807,0.11512084556431852,0.015068695970679561,-0.06255780956414299,0.020806457015490522,-0.0090618787462221,-0.01017397882032108,0.026090814153740864,0.0872671345363693,0.060656697668710666,0.025498056186989016,-0.009376374907531092,-0.03303755039923962,3.8056541818576187e-07,0.23564484435280783,-0.042264902106064935,-0.4559389823095543,0.0007840144103487276,-0.01590581483880812,1.1670677883672944,0.04294274888670047,-0.5686117262023982,0.02448091162722861,0.0744901214477383,0.006963745584185407,0.9390650865452214,-0.903083982482079,-0.09474931097171434,0.3633100775088255,0.10210390973326491,-0.010989806810172337,0.09582580081106071,-0.008818730078581397,0.13309322701633833,0.15579000348744154,0.0,0.024322971883454995,-0.01419961356124718,-0.003311445157013597,0.03597885382841399,2.721954676015631,0.004300331612750459,-0.0003209997400270776,6.982132560788405e-06,-0.004000127664586279,0.02205734714779147,0.042928161148793026,-0.005680603220277434,0.13947019909472824,0.10144631277338406,0.8215451079741564,0.750559031415943,-0.03483208296342877,-0.03549948563264516,1.2210659726695858
-5.177146045170308,-0.05984533438292428,-0.06879064560752143,-0.19841922491826464,-1.1100598274811733,-0.029003212592534983,-0.010159764562494074,0.0,-2.8469041039385155,-0.007909032984680302,0.2661491203635185,-1.0050647799972532,0.14396945739189002,-0.0032060504116302206,-0.40613110979743433,-0.05469909589647227,-0.06932127495199085,-0.046997929061404604,-0.2444531549082781,-0.003945071832964759,0.05363318604868232,-0.3272484235602321,-0.05056386834863566,0.22764200297626908,-0.047196045079475835,-0.021321102979860847,-0.06966637755171183,-0.10322981970587827,0.05710766144910479,0.029080478331736808,-0.41830798777581685,0.006227619677949409,0.07243196571460175,0.012937324600946699,-0.011286606873234557,0.09059054504642332,-0.1116958173027849,-0.10043040618307347,-0.048936383148298956,-0.04247691081418388,0.0019089802422189851,2.608012851427327,7.069566979750214e-07,0.3275557167845216,-0.03125662400766261,-0.36749866947700766,-0.0006918497359136044,-0.03625145748697267,-0.5190879983437099,-0.22202320335236075,-0.40575314063139356,-0.04210503119059184,0.11713827127148095,0.24738769391096263,0.2843570928194059,0.33796662591380056,0.07183931327470819,-0.30236881085410267,0.09176532504748112,-0.027015761748962912,1.1381761531276744,0.20573256306124194,-0.4890324855842588,-0.052203060795413425,0.0,-0.1234357037180776,0.012034425258533718,0.0129137611668436,0.016741746125294436,-1.291922010170137,-0.016750598614405282,0.0008292493284032835,3.0663087980641436e-05,0.010272055278570778,-0.0531285176371966,0.01961940277116027,-0.00616858770459219,0.11322888917040369,-0.13807260411356548,0.6150556133626822,-0.23618356679389108,0.0725003314055172,-0.061577196449282924,0.6731526202957361
5.341208516800641,-0.020667997422155627,-0.014603775909385401,0.37445966068079845,1.7607062543650829,0.01828549158922434,0.030385833284333724,0.0,1.8803215076967046,-0.0017806436615918097,-0.545266686397597,2.5019749401650415,0.26851992468807295,0.042450611177331,-1.2468558288354712,0.08149447103574955,0.06143478409812722,-0.014949239103994136,0.7989546230076701,0.025964236615237654,0.006942995296242046,0.15089196328930135,0.03588971989869513,0.41646847448590857,-0.018823505204272565,0.0609367491080889,0.03795627614224046,0.02149245585186474,0.11478906280601409,0.03455608040716735,0.13377722038206047,-0.02931069940698313,-0.06071948412398151,0.005021456213789129,0.0016709188096466327,0.0025440924018808203,0.016124812622948008,0.05979763308416508,0.022952070685491096,0.023453852022453196,-0.00325972575375897,-0.6718495829618708,2.3302613254744297e-07,-1.153489139438109,-0.030771649625711,0.3573320839925245,0.0029653646000063214,-0.01065513633884581,0.8971672242710954,0.06648576608077078,-0.41093515460682356,0.0039530571950419716,-0.01462369223066191,-0.03057957429496303,0.765050699862268,1.337611557382703,-0.01972989063198757,0.4288011460826925,0.0989425278350784,-0.007852213979714804,0.11815347772646748,0.3175862549531314,0.04671178492284068,-0.13414185354029656,0.0,0.025258967145984582,-0.008480895479704494,-0.002028687755875384,-0.019940643342230006,1.7948713526534767,0.004300331612750459,-0.0012095874198150072,6.05197055774504e-06,-1.9240358794429184e-05,0.1021960794839532,-0.029626266411879373,0.00029331312555228197,0.0739486976541284,0.1623450201665452,0.28296454765193335,0.39637988908941696,-0.06546686588149907,0.01466227461076503,0.7694419763816278
-4.13899509355311,-0.07547496765139693,-0.0658375590458211,-0.3102873512819521,-1.534398161658046,-0.028326607500235537,-0.04188382051489654,0.0,-2.087588997957268,-0.009774375182013226,-0.5079288203893718,-1.1983764911433912,0.2752140507568291,0.017644547047566593,-1.5023142571548276,0.015741567863997587,0.047452837154988464,-0.08069125288060901,-0.32466294515571004,-0.005438001326903957,-0.11163313940628197,0.33107056754756675,-0.14310179725909558,-0.003049275452402714,-0.04064072910625569,0.10157579881111928,-0.024839929684282683,-0.07029657144110783,0.0511416919872626,0.005668664288337496,0.07634078418177812,-0.034900570500324295,-0.10249796331601575,0.00362810568438147,0.005004204940599813,-0.006599205607863713,-0.10712946825343508,-0.0817537795861538,0.008700452368255838,0.015922549925964556,-0.015758591366550487,-0.4544535958867345,1.7676948990351903e-06,-0.4611532559164277,-0.09672069859565072,0.3185839551222443,-0.0009463232019967687,-0.055679444852752266,-0.721950620335231,0.035698715047244145,-0.6668239320208619,0.005233809259033689,-0.03942901551554813,-0.09134518467471522,-0.19941261083837755,-0.9461642684726059,-0.059074566784462636,-0.4590970667082368,0.0749695373373554,-0.03365781727296094,-0.14614414478507082,0.15561045369115598,0.0209332701184245,0.006764820596117188,0.0,-0.16549046898859032,0.0029024048121384966,-0.014040470920250797,-0.013544955116543543,-1.6276500801859266,0.02194906025335865,0.00041222798984209526,4.9870602194669166e-05,-0.010675231555746467,-0.09751640124636506,0.036266285556166664,-0.01770622037314484,-0.013491816381174878,0.01119797853640066,-0.655784733267559,-0.35206151441956574,0.2017688712788929,-0.04645510448322218,-0.8636344847400217
5.7458026618702105,-0.030913786448750508,-0.0373928218725072,-0.13592130931510824,1.8962074520464098,0.03390682259423641,0.002599221417720317,0.0,-2.168994225068685,0.004303854565096436,0.6151430446659584,-0.7380886537005606,0.31524941317944283,0.041459337192604216,0.2872905653704631,-0.04859045106422259,0.06743071967364087,-0.015243717224473662,-0.12715986038185031,0.034908408266269196,0.06346627301423789,0.3583344978849334,-0.025212896566206112,0.4083112069082168,-0.02814711077168387,-0.003939878695563461,0.07725958679768177,0.03027291599945104,0.1109035186706827,0.047909853912046045,0.13414772110411807,0.021799926758499667,-0.06350164906253773,0.012422777394830876,-0.008138453294057157,0.02979008479999763,-0.030075025372506198,0.08383906896181526,-0.030863390654588593,0.027236381790102137,-0.007367791738973297,0.007214998030191018,3.8056541818576187e-07,0.12097748677498099,-0.019945765077052348,-0.4332160772332585,-0.007166297783348603,-0.0011834980622344449,0.39845185887073664,0.03255072876418316,-0.440791811382443,0.005298872295255724,0.10095938028646012,0.0329855801130336,0.8219840438794777,1.1180101663766704,0.09102252083411322,0.41544442510516033,0.19784641049571183,-0.011904841636752104,0.07697721707099184,0.25191036475004236,0.06518830042488978,-0.3815320810098981,0.0,-0.07759916916824579,0.035315786264145416,0.002945308325958272,0.06205991078198208,1.2037707525456507,0.007322295910811082,-0.0003209997400270776,1.222817007068527e-05,0.00034621859185915676,0.14772832539595832,-0.0530550075099365,-0.005680603220277434,0.1707624567933002,0.156796148995556,0.6158843480249842,0.40225675347966167,-0.06383071305460167,0.13477631699045198,1.2189032331425107
-4.212982578921011,-0.04811684120384967,-0.06840327963685752,-0.18788241373798015,-1.2811095556009018,-0.02719393761330706,-0.023758942302235297,0.0,-1.9697303376569073,0.02788993972729345,-0.3618043429900779,-1.1586322430088514,-0.6230876177385953,0.015227931578552786,-1.2781623669476943,0.03493554883916302,0.021927931276807564,-0.05689171532584545,0.8605983476328944,0.0034988184945120657,-0.01336179987020093,0.13518332591936497,0.15486806344477633,-0.028970875462721868,-0.07434392533694999,0.02981598279395334,-0.03627057359285918,-0.07218908991297565,-0.5313777470345334,-0.06779440571453937,0.06052380952579349,-0.028678993774527647,0.03245862517285567,0.0023008391157528225,-0.03283780575204657,-0.008474277808601213,-0.09257003996649918,0.0313529339997629,0.024564132439059867,-0.023803567074321564,-0.015123803522078127,-0.3833664927865267,1.3602352569499349e-06,-0.5725227015573342,-0.10242415830703704,-0.5260174061767953,0.0003915820146193533,-0.015817982492613975,-0.536278933725974,0.28446247752229137,0.5796952211069671,0.004060734699568644,-0.02121135267663722,-0.17768264762847713,-0.1826551978562213,0.4504066633646201,-0.04810478482523669,-0.42258520187136894,0.06470702386863893,-0.03388017460246204,-0.14619999558874208,0.28524053339228406,0.026980945752047167,0.1166447063049643,0.0,-0.09639597524774161,-0.005408646919615873,-0.014040470920250797,0.015442933399723673,-1.5224959927946227,0.004341141232810192,0.00041222798984209526,4.5921262125655365e-05,-0.007605718410415201,-0.0767305643917494,0.030752725937059865,-0.01771757997807195,-0.03288582370558459,0.0731144566598526,-0.876611379505798,-0.324504485462946,-0.16391803038534122,0.03014496328296459,-0.515325537270474
6.884347564556856,-0.026437235037113677,-0.02504996274082813,0.31956136958609205,1.9430430801022796,0.019950075069836138,0.03875742490084458,0.0,3.3318535680695085,-0.014005872004619897,0.8152377618064935,-0.5286655571530926,0.15697890644784124,-0.0737295647697651,0.2569904243440678,-0.010260948581222486,-0.09171687695863254,0.028947747203566323,-0.07882506296404365,0.02137110019304378,0.048555541307366216,-0.40647992329201665,-0.002764255357761423,0.5565577288075433,-0.023540075704214916,-0.029975503825167206,0.018289044693220038,0.054087706370826376,0.0563942557083836,0.04642621475714939,-0.4992054835681305,-0.026953133660021146,0.08109791870586687,0.005222683468625387,0.0012204632728715493,0.002301154500190712,-0.04398980509907997,-0.08062111102110764,-0.05960143983409641,-0.026522852864452655,-0.0034939034337157244,0.223762395109207,2.3302613254744297e-07,0.1462711048365103,-0.03002863010432333,-0.36389570731141774,-0.007166297783348603,0.06850051699900712,0.9274213618114441,-0.03311533793713675,-0.3707109523696558,0.00481332205929619,-0.04578343144117459,-0.032286050357574335,0.3582284864631648,1.0141094199079062,-0.06585301659231414,0.45272089783709657,0.23658134231154618,-0.00806032782260651,0.08863902303548465,0.4638406603731693,0.0875622064248143,0.04709698323660258,0.0,-0.0764419409410448,0.011430684287367363,-0.00216169280271319,0.0063872314153413995,1.7961149435916148,-0.016750598614405282,-0.0012095874198150072,7.909275611162861e-06,-0.002798304429168464,0.05827801434469242,-0.05395166684807102,-0.005747170556400633,0.09557859673671905,0.13622092637642547,0.40220428401378133,0.3578158178506536,0.0600023703226332,-0.08958422880996313,1.1135482351737505
-5.424504855552858,-0.06010470935516377,-0.07505741016122468,-0.17385090394326796,-1.153862478628253,-0.03312295429764848,-0.00757398999569115,0.0,-2.8953315833389217,-0.009872630895727824,0.25982058871865543,-1.0710129067264291,0.1363713438467109,-0.03628401566921225,0.03998041210756341,-0.054485512090054374,-0.08292178794439282,-0.03370852190022694,-0.22954091110482058,-0.008882016619641721,0.04439995112027076,-0.30199625642446837,-0.0957654550960819,0.23557109394126208,-0.04938512256762759,-0.021339102813481753,-0.0696870327683002,-0.09714435070557093,0.062139240457780194,0.029032426337638334,-0.3774056370748245,-0.029080873988883274,0.07594070659554683,0.0035963778157604644,0.004106156474145015,-0.034009671213411516,-0.11611617802119516,-0.051344959220932844,-0.0447290441190006,-0.0433914500789519,-0.01966875409504497,2.7576985027582683,1.7676948990351903e-06,-0.17224840820591228,-0.09249576512254495,-0.4095995180561601,-0.0006918497359136044,0.07607480299378336,-0.5387449686860696,-0.2232896589786711,-0.4045963266026191,-0.04211569922649987,-0.05317577580904655,-0.17127744508881104,-0.06366273421577769,0.6290635570184837,0.04957810427502401,-0.31857675579670475,-0.07960627680967146,-0.029106928219543814,-0.12055676274290249,-0.0018227879867329451,-0.18645920845882688,0.21863013750159038,0.0,-0.11803758451718677,0.010448259628388102,-0.01190980290666853,-0.03202905221080698,-1.4753835961896185,-0.016750598614405282,0.0008292493284032835,4.5921262125655365e-05,0.01039693725809261,-0.07690764326512492,0.01961807051059758,0.0018904587414787198,0.04663483575136581,0.14747095697126467,0.19320869927834916,-0.2688236523093887,0.07548024429054734,-0.1300960967263648,-0.11336101711441304
8.170714556075025,0.30188412182347435,0.17018752077917168,-0.13538655588882753,0.5528912882209138,-0.017819629501821498,-0.012380214885083717,0.0,3.555574343383001,-0.017746495519288873,0.9196084258772709,-0.45452706943537297,0.13455396201554076,-0.15589620589479788,0.3235470586837874,-0.023863947331055676,-0.14830686150035066,-0.008346673273740578,-0.09752073776697524,-0.0113507350303159,0.052280568650488454,-0.4492389642065031,0.0011262317171982445,0.4611230083073248,-0.03874681458807601,-0.030312402462320018,-0.03853777724979544,-0.06208890884296965,0.05300176240731592,0.05937847058618807,-0.49339631502419795,-0.035793490608608515,0.06626109016526037,0.004183126473923429,0.006449850452810563,-0.022066219725359364,-0.044623571385227864,-0.1072972088517945,-0.04304376149960902,-0.030734170141048484,-0.008738052331730056,2.018025789130519,3.4449958540895293e-07,0.08817459154986607,-0.0635155974155544,-0.34504919651779664,-0.0011427181031382003,0.06850051699900712,-0.5058157540862325,-0.10653257290184887,-0.278530532490717,-0.047233107599084855,-0.041980698570817446,0.1183629390543108,0.013776386352617857,0.10071038084172747,0.16396771011445488,-0.6083024946077127,0.11544893240448081,-0.012238831557296657,0.02629909193340156,0.34382558563195964,-0.09240726691448506,0.14285310613523672,0.0,-0.07957787724568492,0.0020688191278929544,-0.006293838248435354,-0.007581275354303756,-1.1248629540195985,-0.016750598614405282,0.003124767501188775,1.30742081178312e-05,-0.0006377654586893296,-0.03850308922889435,0.04619916261991348,-0.0032193319736543618,0.18117095695688767,0.09428602712971679,0.2796301347363286,-0.19679587697328088,0.1164884325823233,-0.09324656997449846,0.908250875900489
-3.9205430441963607,-0.04760544516075052,0.05182081574626558,-0.1912432293681682,-1.3698014920829773,-0.030021229923261693,-0.033332527796732736,0.0,-2.2613962524536655,-0.00979485977107266,0.2933695219199414,-0.9888933701222383,0.1206720948452206,-0.00522752428058967,0.047849974500770685,-0.0459777029106863,-0.06955854826618467,0.04923684255747569,-0.26379040527439296,-0.009300745493701464,0.048514135221468815,-0.2934124044793548,-0.07008833861420163,-0.07222165428505384,-0.05721008041568201,-0.026203853943827272,-0.04523465603435916,-0.08811693975848549,0.04662648790417673,0.04845894858266074,-0.28086089177596135,-0.04453499354045878,-0.1124086851291518,-0.046600424216519255,0.005004204940599813,-0.011790528838008803,-0.09345606795869034,-0.09330066423712319,0.03840770125178774,0.009181304574018244,-0.019558772831952523,-0.21225271190249434,1.7676948990351903e-06,-0.4025292763947881,-0.1031576543726548,-0.48896703315127815,-0.0009463232019967687,-0.03625145748697267,-0.3394042258535721,-0.13185282131594497,-0.8142043922056363,-0.026388599923959657,-0.05343635623340048,0.119440516726084,-0.9615408481061009,0.2894274126779689,0.08338402761652772,-0.34998348664580986,-0.1602147704920305,-0.03365781727296094,-0.1386484770794065,0.01941470360542731,-0.19759077231272434,0.0599814845011314,0.0,-0.1645221967108963,0.010654333552103898,-0.010775923108717637,0.005601633851692683,-1.5026301338020425,-0.016750598614405282,0.00041222798984209526,4.8465609581316554e-05,0.008282983174894632,-0.08551553424987841,0.041320834168990926,0.008512783491069018,0.23876265818157347,-0.5074773718445794,-0.5664055298946913,-0.28025395760800614,0.12444660453987214,-0.10092752053295002,-0.6755015551391207
4.168546267895673,-0.026942587938529806,-0.01487198556722636,0.3528407781265872,1.3008113515888577,0.03418550525014324,0.04179150412686354,0.0,-1.541498289361636,-0.0006598689062112148,0.47675373941888216,3.3612006666001237,0.14366086979950854,-0.14858442752012896,0.3465669352632609,-0.031048437728471122,-0.15742260114246395,0.06566600100695205,-0.1175029645322875,0.059275090391838585,0.036515774069925226,-0.3372484711895505,0.07082627876062739,0.43719472159579537,-0.0443153377074434,-0.03531793978460174,-0.007111634929202841,-0.007281740346216801,0.04621393836394665,0.048514354255143895,-0.46524202601842773,-0.07513370294180974,0.13582878464706846,-0.05098928525687024,0.005909594093178204,-0.00937808885840136,-0.048559164318601564,-0.07517512014905521,0.06096536522337499,-0.044119450884725644,-0.009736399065020065,-0.16166796338481482,3.8056541818576187e-07,-0.08725933366092402,-0.036826567743975004,-0.4122082389482291,-0.0018947014916760913,0.06927772325381926,1.123076983173994,-0.21097267946412246,-0.5418530715238054,0.0177286520832056,-0.05077868905963258,-0.02082288464652001,0.03976300480224068,-0.963338961491532,-0.0625466715213384,0.45309978905690806,-0.054237933283669514,-0.0012301558189448496,0.08446939465447335,0.19930177058777743,-0.12953306869949652,0.16524189191034305,0.0,-0.10314394206235547,-0.017790975748442975,-0.0035022808300839347,0.008992841922261716,2.503996547062817,-0.006219127509757069,0.0008292493284032835,6.982132560788405e-06,-0.008524046636481052,0.023397195502491006,0.026060977126525244,0.015577548590544983,0.03144192889920806,-0.003904982087819568,0.5628757216200223,0.4771806093232661,0.06257700274627762,0.16157454503104757,1.1530345510555322
5.6393809409853155,0.19738987094778737,0.1345641561610674,-0.12939201655901017,-1.5527215836592054,0.002874205137928346,-0.023865246239891672,0.0,2.378646973508569,-0.005113494452530298,-1.59560481058864,-0.5748399976081422,-0.8070726618564903,0.01937369890095271,-1.846023909949978,0.029901832986937046,0.04215701957158907,-0.09532009984454583,-0.3074521915056013,-0.00012594166071080472,-0.044368384245464874,0.16981067978008632,-0.12650190299884953,-0.1192204988045045,-0.09002042063018198,-0.015155340298604197,0.026329734823499883,-0.02867027129588372,-0.5464736148253649,-0.15357227589625597,0.05347429342162739,0.08182610764959734,-0.051932397350625485,0.0010929125793451553,-0.008698476097925399,0.012950120005524906,-0.010699194717189704,0.03375660288717402,-0.054572792325173855,-0.026174375071973118,-0.011896645903043988,-1.5735606965878546,-4.5518952516672775e-06,-0.3575211342366302,-0.06415306518401989,-0.2821467552671086,0.0008273062936454785,-0.010574246034691962,-0.6695229810202342,-0.036462557050668185,0.2550029631005521,0.0031348355607255705,0.06806050271493892,0.2009019108068653,0.5848971196460206,-0.8385585953022556,0.04985510689290184,-0.6439248853203355,-0.01842925041958255,0.05621989647164317,0.7226769844611027,-2.360489626341247,0.0068850477111049874,-0.0018469328849007997,0.0,0.1590748426952145,0.007905417049283608,0.01227992897926693,-0.012301946492874551,-1.3260387530349362,0.007322295910811082,-0.0003356517114175895,-0.00020139755853822465,-0.00730053805205075,0.011005841783284278,-0.07482294348263482,-0.018159191252557126,0.005633127900115344,-0.38195953176806285,-0.4707558003104854,-0.26767366634424256,-0.1406256705601072,-0.03986442845228794,-0.7295204303757473
4.885816902491478,-0.02859017335982287,-0.050896062055657554,-0.1633271730201143,1.5832864132055864,0.03190021980384038,0.014595586660358486,0.0,3.1392309649930135,-0.011422543756314357,-1.111920014450057,-0.4654682378116499,-0.10395354682280782,0.04008683271011193,0.16046270627108464,-0.04569931439613768,0.09306884809175223,-0.023979010232338203,0.7539436413180947,0.02360297161678802,0.059740439278588936,0.20001160626490924,-0.09996340359711721,-0.6498325477840297,-0.09417929056617975,0.040934717681016614,0.0593869286300238,0.011653151583067246,0.12376866038169305,0.06816366051261591,0.11938474841005738,-0.023994265163778932,-0.041620969550147616,0.00838285179707493,-0.006021464379263704,-0.0008588165628097264,0.027585132140588012,0.09032500993292528,0.03456877779140329,0.00874611126039999,-0.005312744852599475,-0.29641442021364506,3.4449958540895293e-07,0.01995840877374444,-0.02795898421942461,0.9075137926088238,0.0029653646000063214,-0.015367748970092026,0.313776411356161,0.07735991146070044,-0.41666738853168794,0.005560916457575624,0.001829372281498694,-0.053998617416045135,0.7532455538084492,1.2623811723430078,-0.07373827413191097,0.3452839558457011,0.25404729101378404,-0.01092857913614549,0.04970156046607355,0.2868885036370874,0.02394083815106211,-0.22999484943319268,0.0,-0.04824742958199571,-0.006001178968676765,-0.0023981229021053357,0.016235204391020015,0.48421979727149417,0.008149201564509262,-0.0012095874198150072,1.1757202171127322e-05,0.000662546390791702,0.12348838624357379,-0.04533854954479685,-0.005680520657711411,-0.2771143825227536,0.15536020799686015,-0.4753691779889554,0.41977530116345624,0.11378001204364291,0.020587738015853188,1.5785074765275553
-4.898234639246786,-0.023573618518563787,0.04814484405818817,-0.10910303853197113,-1.9384688791174514,-0.018107468434241943,0.003398640039985517,0.0,-2.566524583912564,-0.007437821723574052,0.25964088061483004,-0.9087135661022854,0.11318255490538795,-0.036345711547668386,-0.16795576044528607,0.019932761651315165,-0.08058956653052465,-0.022618586562637443,-0.30026134874246935,-0.0011506972096294115,0.04256461696271724,-0.29258225846458064,-0.04991610278776516,-0.2726866801402141,-0.058293423906736995,-0.009160933530062625,0.09343583613866742,0.08906155525688308,0.08341594215214886,0.02426986997159793,-0.3483790765752279,-0.015250840196804004,0.1070145008256892,0.00632442608751321,-0.0073412692151607175,-0.03149902473135227,-0.11577409264709788,-0.045281339880980924,-0.035878257289411575,-0.01181168580104048,-0.017949649138930223,2.6222595525102608,1.7676948990351903e-06,0.3692221234337717,-0.051867391218879566,-0.4811243520016731,-0.0011924564553958067,0.07607480299378336,-0.5952866096287696,-0.25093460430554543,-0.33661718934126894,0.0033426424521742315,-0.02043308567763729,-0.0505096999746249,0.5062936780677794,0.4622320539399614,0.04358877922934355,-0.3292906928685502,0.08794118396008417,-0.029108230987138953,-0.0668129929739739,0.15816541461245795,0.08255472599489332,-0.16616894760159315,0.0,-0.1609220126854925,0.009137249501186327,-0.005200961272367214,0.02855849759663652,-1.19988122340861,-0.016750598614405282,-0.0003209997400270776,3.508818317037076e-05,-0.005923657556383617,0.14081332066470595,-0.02719232154380288,-0.006163261550094297,0.037063412026001386,0.041817933863173985,-0.5879893571328279,-0.3565669860370424,0.05868722769971732,-0.16221878769082498,0.06755762559393366
0.2599790612947103,-0.029656828946573177,-0.025303830315100657,0.5110522402033826,2.186835484257068,0.01906291308842677,0.05872914956370817,0.0,-1.4886071872139763,0.004243531788778728,-0.8372154770343105,3.473140369265968,0.26375508238578976,0.02794622288236511,-0.048187455850559696,-0.0534626801173623,0.06091831721002361,-0.01921694231160923,-0.1892934003973383,0.054227800807390064,-0.09253390128445495,0.2146820831460819,-0.04253925662418974,0.3478083650669994,-0.004367778092810624,0.06124121386044133,0.10352298897153833,0.013926864381503071,0.09634305234226832,0.09506983815561926,0.11896564866106622,0.038220840282358545,-0.05073168634527277,0.02112528214336024,-0.00620048012883712,0.09418262068447784,0.08149469287122822,0.08714826280183788,-0.045208543926457484,0.028390095307449625,-0.009342274002569297,-0.14357779026462789,-5.613339918229647e-06,0.23878593895269187,-0.021950191654250297,0.49508781500030674,0.0029653646000063214,-0.01590581483880812,1.226254806486734,0.04654543020694892,-0.5396739292154404,0.005306429026463515,0.06532645984738837,0.0031185486749095246,0.928657832289947,1.1107375198579033,0.041128114367178115,0.39924996243112876,0.11267944228092382,0.04573909670237119,0.6548408253552315,0.3660424627335488,0.037980171616272713,-0.28726362096913677,0.0,0.024210247013530584,-0.014566880959833415,0.0044458971089521866,0.03391068096513089,1.2310756064711375,0.004300331612750459,-0.0003209997400270776,-9.780055900460128e-05,0.0003136958044052601,0.14825043891278283,-0.05122517534764,-0.005681384977106569,-0.2576672651586435,0.07999546790664465,0.6429122179772911,0.6818038850161882,-0.12626591408158336,-0.04490544729982465,1.2029859742971962
-4.666288975310226,0.3581929456955109,0.1361226062426427,-0.09225073361545255,-1.2669813548147821,-0.0031923543857502136,-0.01670189851963414,0.0,-2.1106933178274523,-0.005331750782475341,-0.3549981323951472,-0.8748635977274788,0.19137435095565758,0.01629493071999803,-0.35707966156898224,-0.03221286953095977,0.061422037053742315,-0.07368629283521952,-0.2825605848139029,-0.002210718737033097,0.017908465847189938,0.22534137998125067,-0.09762353410922486,0.2037640969207073,-0.04065638373581041,-0.015837507702182355,-0.06437140729737988,-0.1010868989472993,0.09694668303437676,0.04429219586073076,0.08864025690376219,0.016593064392735356,0.05477579913119094,0.009313175053403252,-0.008513271299850468,0.021445921598702122,-0.08996489636830317,0.05871601828498,-0.038914034608716126,-0.017866093254630122,-0.007958668081722322,3.296535842699443,-2.607349976075854e-05,0.4098866196609142,-0.06999295907645257,0.5145641356226103,-0.0006918497359136044,-0.020611485428014036,-0.6006851276529622,0.03586041604232014,-0.2988887792304263,0.01402972398647528,0.11552450714476506,0.2682608444310558,0.6390347335560781,-0.5538135175930292,0.038087915617630565,-0.3385577201114613,0.09372219336822567,0.15654986116879185,-0.09586333777073289,-0.7265359982397681,0.05013717177481404,-0.010584949028623888,0.0,-0.15191934867243068,0.01068473476533764,0.011853408707466588,-0.0502832770075733,-1.3548157779397365,0.02194906025335865,0.00041222798984209526,-0.000680100670312829,-0.007598222603563624,-0.03253855896819364,0.038431230282458886,-0.00616858770459219,0.015657445117274866,0.047423012569547215,-0.5624157202176588,-0.274514050598261,0.041566493734396415,-0.06335301319589799,-0.598461799902957
4.46949684975895,-0.02791759993854652,-0.04326546787088913,-0.1751359544384564,0.5757669365854006,-0.018287715418780742,-0.028885747707709,0.0,3.159385251924551,0.0016980462051476824,-0.950335697006457,-0.6269928860341115,0.19666507522755508,-0.07486099992364859,-1.7798901135367864,-0.03430940678797205,0.10655418860762104,-0.06795935330183071,-0.15369192269702106,0.02229083784115219,0.031372131608573196,-0.33100609226677025,-0.08121736406482287,0.0231455122451453,-0.02578005561078172,-0.01869421848316919,-0.003970869807812707,-0.09495933574770558,0.09820109568717861,0.0265243339063336,0.13479223503770346,0.03354345013548704,0.052761500883897236,0.014113456672910776,-0.006106560443803261,0.02578325096789646,-0.02924145898800948,0.09926766062702287,-0.04677993178899134,0.024099659018434385,0.0003314075710328431,2.3868015653372527,-5.081368884782625e-06,0.3400150456923009,-0.024495229489478774,0.708295656420767,-0.0011427181031382003,-0.015367748970092026,0.41709554422698336,0.03655331525774901,-0.28479938782029324,0.018427727186798314,0.08478702860387417,0.13276805751102427,0.8216563327627024,-0.6687033079835871,0.05264517053254364,0.49584706514347116,-0.011537399652661384,-0.011894946162796995,0.768938315760471,0.33973234313124706,0.08131608710580453,0.132254812295664,0.0,-0.06923125984935735,-0.0003113727657018992,0.002103645330365713,0.010779269377549295,-0.8517603678590908,0.02194906025335865,0.003124767501188775,-0.00017190612787314837,-0.006506010428339044,-0.02522821881002891,0.023490276625588166,-0.0032206779080179862,0.02261662652319018,-0.045091812380387675,0.6315316114151022,0.3439901682926766,0.1151322983986448,-0.03241858284278916,1.0606971990453673
-4.429308332191916,-0.04778567936999374,-0.06399714360125802,-0.2723780727812939,-2.0224110011561898,0.06490380309285929,-0.0029705663993136954,0.0,-2.03742190097414,0.028108738084359437,-0.37642339570371003,-1.049466056115877,-0.2761581286333632,0.018985277852558435,-0.18975965558789634,0.030763845428541412,-0.10515859727228853,-0.022235732667668633,1.1669767828686282,0.009507229521332327,-0.023162290947082134,0.09541516842348384,0.16924384222914857,-0.25495606490753703,0.17966029614287812,-0.07606256297236896,0.11127263789008705,0.08933161791438067,-0.4621072661675434,-0.09178700784264585,0.07789773557082565,0.01835318774623167,0.04275134626262511,0.0019394058486165663,-0.0098627219818191,0.02292966517974924,0.36652859556339157,0.003089570992424531,0.021174986245835626,0.0009625192549244023,0.0016385355715073263,-0.5555257064344946,1.3602352569499349e-06,-0.47774639127577606,-0.03587749460112185,0.6431471348531053,0.0008273062936454785,-0.015817982492613975,-0.6341717681607769,0.2833803832393419,0.527106258666711,0.0024007250378649324,0.0061208817342016065,-0.06271416875833662,0.5497626039654344,0.6230850687640204,-0.024377574397546294,-0.37423594741258487,0.07870236164851828,-0.023788474216702056,-0.08631381780095954,0.3179958916726031,0.04538057350977415,0.016327298635477373,0.0,0.5061188460122823,-0.0035923278243279503,0.014554806775380097,0.010320690602341424,-1.3868441698632745,0.004341141232810192,-0.00015957212510016566,4.445625949736805e-05,-0.0015000371108099576,0.1540096325929307,-0.04632629481945865,-0.013368657413473189,-0.13488282275772123,0.03464971486540702,-0.6387205206900444,-0.3785538024781939,0.04958421410571676,-0.06278938197860066,-0.5058551142107884
5.11731589978777,-0.022727959344246918,-0.01861839093203333,0.3577914924238745,1.8741696744730703,0.017668058265555047,0.03092364685103509,0.0,1.8918586984525991,-0.010246764849867926,-1.2119995647213693,2.439351397331894,-0.5752573753632542,0.03678682335406116,0.1401672968479526,0.04938306177007491,0.06851929332960255,-0.09721464564077324,-0.1736043160210256,0.02679022402060452,-0.003650199879844806,0.11332557205551198,-0.047210343728423136,0.4804275292219724,-0.10109132937615621,0.06511905586055643,0.045049945160773125,0.02992049585606723,0.14947794206455148,0.05616379125973787,0.1154026849839105,-0.04146880618984893,0.02247319680862161,0.005020193113916207,0.0021361155904237655,-0.01896981577723305,0.002402993991601365,0.06292367203262914,0.02473856216112089,0.0061528275244896085,-0.003958364966781282,-0.5818879707602832,2.3302613254744297e-07,-1.244021628016513,-0.02954954626846262,0.5337340100858488,0.0029653646000063214,-0.01065513633884581,0.9380027900233631,0.07395421581503471,0.42081396915757135,0.009121861833907858,-0.034750510964002404,-0.019915429139681983,0.7714800682053814,1.2848192953589046,-0.026952443585305654,0.40329469417075015,0.1192257697282011,-0.007852213979714804,0.11567742269157581,0.3724405180734356,0.05086553333518087,-0.28217065141661907,0.0,0.02253963474250516,-0.008480895479704494,-0.002028687755875384,0.008324521823631654,1.8516418224560058,0.004300331612750459,-0.0012095874198150072,6.05197055774504e-06,0.0028898019434185373,0.06620609577347593,-0.05336840236534471,0.00029331312555228197,0.12601916615784156,0.17165378587618027,0.34777039139484117,0.3748704585879057,-0.07917034867518258,0.011521076843099406,1.1199647618151143
-4.188585223091003,-0.04491852159055056,-0.03959472235376231,-0.21872133810474884,-1.275785740704145,0.04011972149005248,-0.03411060693653229,0.0,-2.5504263741780204,-0.000972342894427187,0.31621575315320183,-0.9318183687905329,0.2109860735240875,-0.03273652059939852,1.2659728091156868,0.07419124681878449,-0.060741035267705294,0.0529832036759643,-0.33677227768547435,0.07699459333188773,-0.01255113619602306,-0.261053395373711,0.07436883409003871,-0.0025196801312016067,-0.03897715970090829,-0.02803639035904347,-0.007133535576524361,-0.06284333600323264,-0.31611755516725054,-0.06387720110306173,0.08270751459013177,0.01664903810452655,0.1395155561504638,0.005901412135028051,0.009668991856197205,0.021506462878847905,-0.10387058066223842,-0.04935697677902325,0.003910205422822756,-0.037671255767622584,-0.016692653459482933,-0.4571203014290112,5.847451532059369e-07,3.1472130863478394,-0.10387759605626816,-0.3428138417266776,-0.0009463232019967687,-0.02021543489635667,-0.40027637701672497,-0.23957665162838002,-0.5392750105070764,-0.00417819698677673,-0.07545808921705917,-0.022136411621292013,-0.1974231934288197,-0.8571675914957546,-0.05819017475776634,-0.2990077044076221,-0.3970998687181689,-0.016828139128693083,-0.07668626475831583,0.07893214840465339,0.06878518088306787,0.11198897543877476,0.0,-0.10917980443269686,-0.0011627754769613671,-0.012740460507876543,-0.01863688845190662,-0.3609581374644667,0.007322295910811082,0.00041222798984209526,1.9231279085693987e-05,-0.009718785987344124,-0.07934439116649583,0.014790953845058644,-0.002467212194841934,-0.0685966350180166,0.018367853335214554,0.417659465439361,0.18061642352612312,-0.14351383857970731,-0.09002937437973862,-0.7052024712224712
3.7763428860905193,-0.026653094189778664,-0.026571267608575245,0.3740168947109669,1.449304791689172,0.022043628658404407,0.0545661341634817,0.0,2.0330302670139706,0.015618027504086364,-0.6883760159512516,2.488699607369875,-0.2776297092481974,0.03543853710814269,-0.19248608802136005,0.11399327863321322,-0.16224208186494082,-0.020543957800428867,0.8331983763440166,0.051483220353423696,-0.022405222465931674,0.12180989641463844,0.04160001171861406,0.19181312699109215,0.23028921767364732,-0.09999112539066048,0.06897614183161636,0.0032614041988996033,-0.6197995147844105,-0.2718063969595255,0.08418154417946751,0.08810875165557706,0.009379746305660392,0.01060917495069432,-0.006990794831216114,0.02603204251404791,0.18051683033319135,0.03375717732005524,0.02295736572841701,0.001311933271766581,0.1275856678435837,-0.3324521721581445,-3.361063474371928e-06,0.09529836866339343,-0.019460439150650183,0.7309022191293549,0.0029653646000063214,-0.010798539667590904,0.3647670705975541,0.19322210980563306,0.5255782846316301,0.0052752750086639795,0.11311267963036382,-0.03188249314442772,0.8479538973499023,1.121030092076329,-0.044311009979547754,0.3864248698179847,-0.05894747531880092,0.05022811043716444,1.029841400881603,0.3925904750528489,0.018988673548164834,-0.22509758501766816,0.0,0.39401760759561955,-0.010829515249348031,0.011508171261856399,-0.03029208095665372,-1.1055496506220113,0.0030150433683428903,-0.0003356517114175895,-9.44817472063197e-05,0.004254297753363183,0.08559509263915432,-0.03088094420816983,-0.004864730093954277,-0.2619907315884755,0.17986490681200581,-0.2628029150376219,0.37160110985024974,-0.03991387824516943,-0.0980259692880727,-0.8199367496525046
-4.208539866866329,0.3048522126602907,0.13453566715638657,-0.123020971977899,-1.129750123328958,-0.0012244830427985017,-0.0011868159227379086,0.0,-1.9932506904797394,-0.003010494890844718,-0.23852889465898375,-0.7173522704040726,-0.3535936946717876,0.013650361402652111,0.07064345438633662,-0.02406452011978093,0.06313323214748581,-0.04672075652822857,-0.2806116710988161,0.02520472853003857,-0.11150602378169407,0.11484025811794596,-0.13107548912519187,-0.43211863110337106,0.18671492501392215,0.026723000874703244,0.09473147934718246,0.04623928523048369,0.10173038725356526,0.07870739707776012,0.09256662159521861,0.016741833407985008,-0.05309710773784875,0.009019197205399739,-0.010862516305473578,0.02246262916470433,0.45719161512632517,0.015783596202168036,-0.05510952841689708,-0.00093503590438129,0.17111388114127443,0.11470637778699994,-1.0427611295127067e-05,-0.06322233231126298,-0.03539650324201719,0.7433718770663934,0.0008273062936454785,-0.019376771729948183,-0.6235657320143253,-0.030369410583244334,0.4869230440722018,0.00755311877153573,0.1492011053559203,0.27672323430745793,0.64778490345785,-0.7118906836646317,0.03869259563750728,-0.3214261636132423,0.08313391303920586,0.15780933338328407,1.4064542602821162,-1.4284406721892249,0.039917952662051975,0.052758265946273364,0.0,0.5359873019742916,0.004193022016125579,0.019014462029917127,-0.0702115515521139,-1.180246158231687,0.007322295910811082,-0.00015957212510016566,-0.0005909823589929149,-0.005765632770744751,0.001524204448986443,-0.06963458044859773,-0.006105125594204525,-0.015856215593278867,-0.2571407733651152,-0.572340580416207,-0.31965133096182713,-0.0370527838845561,-0.02422533017538365,-0.4435984931656673
3.4704102255283007,-0.023871912635298927,-0.01861578742045081,0.39332551457717285,1.7884493840039895,0.031059833526821404,0.013890426741267283,0.0,1.8979144903180356,-0.001706704777967609,-0.6008854451452993,2.4150430241047256,-0.3422915452087009,0.04059391736655832,0.23550548426815232,0.009353735572871514,0.10150539314220304,-0.01440916003375938,0.7466351548310143,0.048499203541789,-0.012376469435896481,0.1373483587015828,0.04319111857133759,-0.7083319380774575,0.18820201353778468,0.040102711962449356,0.05517878584869123,0.014427348451125024,0.1318911640450706,0.05768883918273698,0.14197784607486724,-0.010159179200273438,-0.0018136334634298002,0.013259406143315253,-0.00557100884248862,0.00262836173563363,0.03339459449888384,0.08781755524869748,0.03418992026818313,0.024614246092526312,-0.004071112257035703,-0.1801321643040495,2.3302613254744297e-07,0.1414644157483559,-0.023148059304826926,0.8130908688807337,0.0029653646000063214,-0.014357328904925113,1.0067372762541618,0.07739949364433599,-0.47981388040231754,0.0053488218210461375,0.0024134429045647374,-0.017217307785937042,0.8919710183004901,1.2565369194282583,-0.032784145344410945,0.35925520310461106,0.13490722528687088,-0.011009413718706207,0.10838128382694884,0.2743442814938862,0.09576039015356727,-0.29257140121986375,0.0,0.014512826332763771,-0.018977854930347593,-0.001946192943423394,0.0024997119257548573,1.8952158455768102,0.008149201564509262,-0.0012095874198150072,5.855200525006299e-06,0.0008967662954090305,0.11048720727638799,-0.04734079115839544,-0.005747673180941187,0.1820284317712691,0.16477226502598122,0.5082684500111981,0.6419669473901933,0.11353601838828992,0.01852170599473623,1.2759168446233342
-4.584078123585247,-0.033232867887985205,-0.03632748333146521,-0.20483559007553362,-0.7402835296039784,0.07247197099368807,-0.04355138668304056,0.0,-2.1643182452301293,0.02382266841727566,-0.33132634463070976,-0.6040528466169367,0.2576194060185728,0.0012362952722593645,-0.4068884600434303,0.0544423734335613,0.033490539657086586,-0.029153212187084793,0.8066760836037803,-0.0027262508646192147,0.019134317092962677,0.19910461016504466,0.015723293393636324,0.03528102088842806,-0.055299267913802866,0.024935951014697165,-0.07539238272577968,-0.09730704563527257,0.1064196437718665,0.007434255355449592,0.09174543888302093,0.19920234287058805,0.03162849179059078,0.03640764832057009,0.1080746595578183,0.052612693204769925,-0.13767502022998096,-0.058424744916564596,-0.0032183494147219422,-0.00017760972364546586,-0.015573174758918926,-0.20530716775584487,6.930025954168979e-07,3.383292891899122,0.668406245324141,-0.38413051370932433,-0.0009463232019967687,-0.023580414235831623,-0.24343513891442145,0.06385571111757954,0.6184933794110319,-0.007082989023199289,-0.03155407563650772,-0.02928415747297157,-0.7873415314287365,0.4867545698239846,0.00185289191730013,-0.31782283590704674,-0.2090579080844201,0.055185846972570354,-0.5662487240754721,0.09236758978383021,-0.1829834094601069,-0.0578903259856529,0.0,-0.1648577640210039,0.04405968648106755,0.029823703680172113,-0.021655984170569492,-0.3780567085257719,0.008149201564509262,0.00041222798984209526,1.2733548446638597e-05,-0.003291256204623327,-0.04424949767224867,0.02358691668805746,0.03852343624647978,0.14575303122153765,0.10305389454055618,-0.5541745305356712,-0.24230917252823045,0.08900038797868601,0.11355185591301009,-0.3473069852914394
0.44386561244221545,-0.02118152664588458,-0.014551946300973149,0.5018592527837399,1.8772577194224147,0.033402298463092506,0.046212846588507744,0.0,1.7006409159664928,0.00039661019248096274,-0.5648801154958989,2.6541650116771995,-0.435784576501993,0.022885993871557632,0.7416894009393492,0.05418771281549986,0.09387995759476188,-0.06926661903023033,-0.19691372283617772,0.08436930033196607,0.01477810487255072,0.13347118793751442,-0.05399795393940625,0.2570598283328198,0.21514014717774468,0.05728871495121561,0.08698631368378473,0.04752621940684525,0.16522137748427737,-0.13140399842250075,0.13220503403127384,0.00636228950849353,0.18010741617850612,0.014772868023654299,-0.011710465724265304,0.03019923753557933,0.03274935192301663,0.0666014937828585,0.03449833204508791,-0.020866508398162193,-0.00827612056041629,-0.8049078200233719,2.3302613254744297e-07,-1.098038231949021,-0.07246647713236899,0.7571797903787472,0.0029653646000063214,-0.01065513633884581,0.944428288015915,0.08918536738958016,0.7252357371137345,0.01142923518151058,-0.014012936657586236,-0.007910401925048095,0.943854120819187,-0.9964286026173088,-0.01583999181929542,0.4743909606103054,0.10806932855421236,-0.010716475742596815,0.019489852465748043,0.44421334672586116,0.07241027551846935,0.04853689847313504,0.0,0.1990493038001372,-0.018558054606844773,-0.0025039603080319306,0.010039624372333262,2.3817717187465797,0.004300331612750459,-0.0012095874198150072,6.05197055774504e-06,0.0025805027185230173,0.044058011247167635,-0.05102419719261726,-0.004015988355675816,0.10460447636008799,-0.0956492796671225,0.4651529034720324,0.6686347994582624,-0.12087456835475835,0.009093662703241896,1.2486306296943315
-4.610148648605294,-0.0770908651843063,-0.05835878683195768,-0.21870574673323404,-2.3696758478769104,-0.026324756227474152,-0.014608484301213245,0.0,-2.176970502560803,-0.007636135491580605,0.2684333713524695,-0.9498427234522201,0.18100434118671152,-0.0028243952144449374,1.2518689689699096,-0.023942452260504465,0.06039618403690701,0.027490961611297212,-0.2435103735646606,-0.0030521533471355848,-0.10973711901334471,-0.379356537967511,-0.06184216507139996,-0.04424629135872963,-0.054029301676102724,0.014819418578203495,0.01852441369919068,0.09024938539201371,0.09858005285585077,0.011566796022650396,0.08121873773814069,-0.027678661833494676,-0.13737572681146096,0.0034731921387696455,-0.009229242376018857,-0.007922533295207278,-0.11694525701734076,-0.08942742721833175,0.05563864586614817,0.008019036592560673,-0.017474955965090664,-0.3364565698864076,1.7676948990351903e-06,-0.29128676770330864,-0.05024329035967826,-0.5247311192886116,-0.001999323542976573,-0.055679444852752266,-0.6922569527603496,0.003950004728038456,0.8535532489409384,0.0036777489255042355,-0.03918431485119514,-0.07947971762902735,0.46264707958627127,0.4588959406203166,-0.04969944569267053,-0.4399036216194785,0.3110317314614224,-0.03370606620420698,-0.08200187089969847,0.3878200535399402,0.051444984405177946,-0.03618396141431639,0.0,-0.16603411225316378,0.0012915838052705892,-0.006207389217101889,0.02805364250391862,-1.3973574948217695,0.02194906025335865,-0.00015957212510016566,4.9870602194669166e-05,-0.008187526276779544,-0.03891271582491438,-0.04712837336351632,-0.017706852176077495,0.0008047561632651348,0.012921396251915598,-0.7924710883169688,-0.4002928521184991,0.06079332614290038,-0.203914616118563,-0.6039799280313349
4.925565573019129,-0.019225675984495406,-0.019742925151702867,0.2948835865457353,1.2645682621461811,0.020762530891616855,0.030870350489784988,0.0,2.0398079252117873,0.022599563010158013,0.40933565099901104,1.7736077316290235,-0.43652482646978596,0.03713317762861937,-1.7138937835294585,0.045515792925427755,0.07033472068687159,-0.007024890277623557,-0.16446430788224756,0.0711661563093814,0.01697241058585138,0.11532262273199047,-0.028321860705035437,0.19566943336759446,0.20465113097182092,0.07258607179663205,0.0562466720623757,0.05462531278409109,0.14534275870067653,-0.11849510765816638,0.1170467202341789,-0.02580826714994524,0.0227108176162196,0.004901154432512361,-0.029833108037888134,0.002518828708507181,0.013718579434543248,0.04895566369305053,0.027734842364309863,-0.022737689264094748,-0.003413614791306489,-0.6988102469509472,1.8229637271428584e-07,0.3339001875761592,-0.0750897239358033,0.5284972329962132,0.0029653646000063214,-0.009436202735177595,0.605276753252321,0.06481210176527002,0.5560197787897276,0.011216238908707812,-0.05042573441206971,-0.01069807768422986,-0.09602158184385906,-0.9982481262958841,-0.041003966128417994,0.452458880376595,0.15590239811898154,-0.007852222954179726,0.005104989246483076,0.3685726530339892,0.04420083980302479,0.03948248482944056,0.0,0.13147354765877256,-0.008483299332034462,-0.003096628843127772,-0.01054502248316666,1.935229364250599,0.004300331612750459,-0.0012095874198150072,4.774757685847473e-06,0.0016643317981481999,0.014920860916090635,0.01940542645016956,0.00028986056668322196,0.07407158603986241,-0.1801339754956583,0.29456064348572714,0.3363562717202062,-0.09850710862786054,0.026735627848816314,1.0709290119390402
-5.446869341259347,-0.058423637259061634,-0.06874003135222477,-0.1953661122158763,-1.2365478206638614,-0.02951648321190418,-0.013411239217688739,0.0,-2.78998937526811,-0.007360050598918888,0.2521033411114702,-1.0153818833371118,0.22327876676526937,0.01810337230954156,-0.05205615001307763,-0.0025844896217698207,-0.05415739866366857,-0.03864477813683528,-0.2504139571840656,-0.005689535522730831,0.04439995112027076,0.22050643598739503,-0.0492370776637637,0.248989021474991,-0.0274501061813682,-0.021321102979860847,-0.06019127155673567,-0.10731761233557192,0.06605495142303752,0.0223976924881388,-0.41830798777581685,-0.01542803858909638,0.06523803733812156,0.01348812395656809,-0.019834869263082457,-0.032324223891239,-0.12061115395570925,-0.0953170641854384,-0.04689652574540752,-0.04168770161859675,-0.013848423892114966,2.701657258913226,1.7676948990351903e-06,-0.08524866328895514,-0.09747274982619414,-0.2933325829660552,-0.0006918497359136044,-0.03625145748697267,-0.5079350206958672,0.017536587432140142,-0.40716557662141906,-0.04210503119059184,-0.01978767819095617,0.11837850423807053,-0.005639452648276082,0.21994596676077316,0.048654591251399745,-0.325176129867412,0.0903329226518217,-0.027155078364969353,-0.08892942871882754,0.2075460699628374,-0.45925027939083135,-0.04885231151989056,0.0,-0.10628210445720758,0.01004803469601868,-0.008990696027857206,0.024758213670485175,-1.4121212262808251,-0.016750598614405282,0.0008292493284032835,3.47466237843627e-05,0.010331945348280422,-0.05308646338018289,0.021296823957500325,-0.006163261550094297,0.11366575045785392,-0.3120924253541672,0.743261466187839,-0.24800988469846513,0.07374734466446742,-0.08424687414738904,0.8479863007564912
7.352637493294131,-0.02561217478113499,-0.02137576902683629,0.27499113986163115,1.0713867802691872,0.01963685515728408,0.02823381536904346,0.0,3.2175868973571404,0.024862072833037218,0.9313407436692728,-0.4976027345175429,0.1334149026245918,-0.07312226784725058,0.46547376722702194,-0.026751951264288264,-0.14372885963153323,0.049783851392707114,-0.07539453001809726,0.06995079141759651,0.015899329628885635,-0.3567141512686036,0.05284422826353426,-0.6935267016578028,-0.028748087966066697,-0.02696453771115961,-0.03266781949220602,-0.09696835874128559,0.041748655351659884,0.056420645623516494,-0.49349139308868045,-0.06256987760593924,0.0509165106859954,-0.02534995001682926,0.006081756501399459,-0.018677325796990846,-0.02859136318727376,-0.10805935023124369,0.057779504480807126,-0.024970564205970304,-0.005787037554880612,1.63640381955305,2.3302613254744297e-07,0.1010247252402793,-0.04756153357810205,-0.33372484752924575,-0.0011427181031382003,0.06850051699900712,0.7351497514843737,-0.3586659218534445,-0.22722785498727816,-0.053386335413667725,-0.04780615034763516,-0.008286443670438187,0.11352773707715291,0.13869904528928106,-0.1226665447928267,0.38244129137213795,0.1327067506396539,-7.045674574746724e-05,0.05895234106584457,0.21834409434227192,-0.2475383062160437,0.3525360502773501,0.0,-0.07691119787394247,0.011432400662791282,-0.005673483481608738,0.009842471944587351,1.6887224729134034,-0.016750598614405282,0.003124767501188775,7.785653173126867e-06,-0.0076294222494172476,-0.006104551248209882,0.04088079844022398,0.0036543379189432736,0.08104565048296827,0.09772956494599909,0.31490338283760566,0.13353286589553262,0.11165374871748893,-0.11075091767461154,0.9788422972550145
-4.60073569896221,0.03107394872408315,0.05905885653630073,-0.27043029229484816,-2.5368670169809033,-0.028878580711971972,-0.028886177951446348,0.0,-2.093687880249807,-0.007162334053434208,0.2199231149489477,-1.0955741796834555,0.19352603899664428,0.015098109781806809,0.09166780762871343,-0.021800524502695384,0.06312510117333338,-0.015389530325731867,-0.32236215801972756,0.0022393468007492552,-0.11946347504382322,0.1788484658141519,-0.1191189862161012,0.10384541219162187,-0.0602230034528999,0.05546028447306691,0.05527558429547738,0.09131827321528493,0.10615295213498502,0.08352642453775969,0.07709884737384617,-0.027509808471011196,-0.09739716031086866,0.0044011929642276005,-0.009229242376018857,-0.00813697952389534,0.1068905635877817,0.059969591475611775,0.006790637985590464,0.014992160201094645,-0.015610172246377651,-0.403599404813511,1.7676948990351903e-06,-0.4437674073854721,-0.05169973321166182,0.5569033567734871,0.0008273062936454785,-0.019376771729948183,-0.6534820850631927,0.027605630478846455,-0.6380770610917273,0.0005785308346014784,-0.03409684172741635,-0.08099972354336508,0.5442174439840215,0.3717426150869099,-0.07197566683412476,-0.438386682902461,-0.11849767150010665,-0.03388017460246204,-0.07083044178161468,0.16305993769891242,0.03678263657047414,-0.16879342176187925,0.0,-0.06793104903635985,-0.005128912558000747,-0.005507175776846162,0.020270204948459648,-1.3397323303701845,0.007322295910811082,-0.00015957212510016566,4.9870602194669166e-05,-0.0050352149084969865,0.21536360655260994,-0.06578292138703401,-0.01770622037314484,0.1054486716629297,0.06097754633039207,-0.8706365476107976,-0.41707957280065633,-0.2381706793821786,-0.024127673951852665,-0.5874120541370571
5.553678055549121,0.334936950813806,0.1934908078707977,-0.147350409886742,-0.5440384397720999,0.025412118890775746,-0.03590754735499922,0.0,3.3416602895681864,0.0011339450644317851,1.008529448980368,-0.41214451854390144,-0.32751007494668904,0.03250350732428623,0.5135521991642151,0.002736393613172954,0.09567749287294719,0.11568340440148508,-0.1561198442075324,0.04540340275048375,-0.04189005554550829,0.10970518950780107,0.1915792699295418,0.38980058216902663,0.2086805935167792,0.06699123112313207,0.012503217720385547,0.07712051750885418,0.14012039563279802,0.02655420018877199,0.12212123083677237,0.0875173133812097,-0.03714319611044193,0.0076990910961389665,-0.012337051805464993,0.012378936830855822,0.2778774103239778,0.07981958557967708,-0.04478446008952548,0.02023349745033661,0.2575734488164534,0.16058349472280653,-5.097680176980191e-06,0.20412382623925127,-0.03663629067759582,0.8904482410875315,0.0003915820146193533,-0.015367748970092026,-0.6189480967713369,0.3351568991907503,0.3012001022218749,0.03197894597345738,0.15850398624083825,0.45277088038290153,0.922129933759106,-0.46874161680607096,0.17242802010435138,0.3194168554223537,-0.03650790628249696,0.19723617025768103,1.5405690509874626,-2.2216960299979345,-0.009913070714149543,0.25392717833788936,0.0,0.49840227775258195,0.008585478928816328,0.010634485458608386,-0.06840405514857038,-1.3479297161376844,0.004341141232810192,-0.0003356517114175895,-0.00020139755853822465,-0.005849993070817204,-0.010036968605925942,0.06497449816597706,-0.0062243491892908275,0.14072780269602697,-0.0011661331982771393,-0.1558388394212225,-0.29951230020400854,-0.04340153745453804,0.024978115803833856,-0.7351736270554409
-4.215655750316877,0.04070173904256043,0.059148646029148655,-0.15419894302420495,-2.3423379318249213,-0.014417239187533572,-0.025604010411608168,0.0,-1.8328695923458211,-0.009713690138661437,-0.6340008580116892,-1.0769520991221175,0.23989460378908894,0.013345753412681544,-1.2597812651907452,0.010991722123927718,0.034170249698570854,-0.080058919607318,-0.3254277345473392,-0.0036970963241546462,-0.10891844501597976,0.24995089072390078,-0.1186137249630019,-0.02023045406777797,-0.04688850913714173,0.10545475312115901,0.0600823151062916,0.06537378252299299,0.11866664726695243,-0.025895913137025203,0.07760943938381068,-0.03524362254535179,0.020303830138039047,0.0044011929642276005,-0.0004091921348378614,-0.006622180475743757,-0.06898615384320923,0.04444467375984182,0.02594104204922754,-0.001297806278604116,-0.01862240786189792,-0.6167833248375625,1.7676948990351903e-06,-0.5750076608639755,-0.04148697254079484,-0.45496264505063927,0.0008273062936454785,-0.019376771729948183,-0.6691100303485958,0.005265169203661527,0.6929593341583126,0.0006011683865003862,-0.02299028826512757,-0.08780778417328582,0.5193972010835818,0.5686906478289435,-0.04596129783496864,-0.4018029903995895,-0.20848638322375035,-0.033976042471239074,-0.050311194074669545,0.12284515905762373,0.039349975453435215,-0.033801977117653675,0.0,-0.06737838042897215,-0.005407311010692976,-0.006283948264233025,-0.04102790012742243,-1.4135772055008442,0.007322295910811082,-0.00015957212510016566,4.9870602194669166e-05,-0.0021593563706002908,0.15399095353774417,-0.04752614161169544,0.008512278198261803,-0.009458556821804586,0.06970816518701975,-0.9027056217739109,-0.38247232931190833,-0.16232545864224576,-0.024510541748948553,-0.4801575236901383
5.029233065373079,-0.020765120891141797,-0.022020111552004056,0.3058783133971351,1.7161741452397505,0.020018124743299875,0.030969978402233256,0.0,1.9315332928021813,-0.013668832288249168,-0.8994188292894751,1.8481185892648162,-0.3775206157398364,0.04280936362284366,-1.2571756157161735,0.04037798901547434,0.06898330712739992,-0.04354967500692944,-0.17815742528543752,0.031186368352379215,0.009927125324761324,0.10368633480892815,-0.04693641639636629,0.47585745423408826,0.19222018557674783,0.06935746873668747,0.03735078950183084,0.027611717541331342,0.14460399661959222,0.03430471047116554,0.12226855030970595,0.03567395418550589,-0.03788918159647439,0.006595740948389528,0.004245779476137312,0.02139024477945375,0.026769272026391212,0.04560690101461211,0.02428412060229727,0.0061183599478228596,-0.00395841266117566,-0.08023120052469487,1.8229637271428584e-07,0.38861363711096747,-0.023261438783291552,0.5562263085851387,0.0029653646000063214,-0.009436202735177595,0.6626293058150433,0.24564606443988163,0.5162441472496057,0.009384948914466281,-0.034773639606801444,-0.017690458053521384,0.10807739356609736,1.0377234783300293,-0.02756553888620367,0.3648544957879266,0.13451132861144166,0.0033859180247089076,0.004763055064581804,0.37663656166538617,0.05944741094992517,0.06814950889398022,0.0,0.02324363694472231,-0.008483299332034462,-0.002030108861537197,0.006190344179598416,1.921722592141737,0.0030150433683428903,-0.0012095874198150072,4.774757685847473e-06,0.0028899713333472216,0.06117456338926396,-0.029626266411879373,0.01340473869622434,-0.02489754208018888,0.15945403321205226,0.33803242136818146,0.3636668369423147,-0.06593328706413573,0.02381027540111553,0.9795923305921309
3.4539324307095858,-0.0670053251105504,-0.04685459619198737,-0.16699276591319404,0.11580812309188629,-0.04663981851706372,-0.03906704884442705,0.0,2.801671090193784,-0.017964173142468273,0.6937248860106321,-0.41368541881024395,0.11265022785823675,-0.15379415341489025,-1.5427415521552688,-0.027776793400906042,-0.15856919632470365,0.08209959825137382,-0.2293701340666661,-0.019136224663310893,0.026131482361131157,-0.378752910894238,0.1843747180705171,-0.16992989419209276,-0.075268536094973,-0.04270417486940661,-0.047490312833881304,-0.0634201958341528,0.039813230569290765,0.030177647999030263,-0.4056923417999265,-0.13206298869342248,-0.11596185304715445,-3.768558329054816e-05,0.041674648799904755,-0.021381627445008933,-0.044459094788458574,-0.059426835417416335,-0.014180721286649727,-0.02307482323352406,-0.015614655722379614,-0.4853192056389581,5.518113190756176e-07,-1.2687120733319368,0.43177595579018524,-0.5771306564996408,-0.0018947014916760913,0.02793750135032686,-0.43668860929166364,-0.28878884193589055,-0.6302135999883047,0.0013980111117207032,-0.07551574300673096,-0.06388062676301404,-1.0610352296714334,-1.2659998109233384,-0.08314601320174847,-0.7710626133299432,0.06150103024608819,-0.022244676389706296,-1.6645566948467714,0.14996055665512578,0.04071913256086882,-0.17018820302601367,0.0,-0.14690389323023598,-0.01870771807187961,0.008298604573758767,-0.016664036798938433,-0.9340583708462079,-0.016750598614405282,0.0008671002544954403,1.090251555102464e-05,-0.006484088970708165,-0.05634440457739931,0.018577851399796536,0.015593526335582551,-0.048375685174060726,-0.30710352684563125,-0.5210958566982508,-0.2703033128762856,0.12100955700549965,0.13683754738002601,-0.9635523686540362
2.069726413975137,0.36087603662212303,0.18699200791967782,-0.06966187596525157,-0.9504618673398283,0.023863790838213907,0.007450900077236036,0.0,3.398211435461788,-0.026408336333923955,1.0418556464723066,-0.3831810732911374,0.34088590132683755,0.026286786671226588,0.5083646174022521,0.006745182081217754,0.051367999786707114,0.06656863900385422,-0.15673955190428,-0.012294625224505504,0.0322213478330884,0.3864892198523721,0.08003299507110952,0.43154986023892256,-0.0458736116713327,-0.01833817164120944,-0.0221741390220863,-0.05501288645537787,0.09208535604465448,0.10180834753134177,0.11720536067787672,0.08373313607521064,0.04127871036188868,0.018515346348885787,-0.008911488987663075,0.08606919893340272,0.12105719965461871,0.05462238042846866,-0.037278572040879206,0.03739030799117891,-0.012781832376769837,3.409988687213968,5.518113190756176e-07,0.5152597928189806,-0.05413537313333084,-0.3417270986901436,-0.0006918497359136044,-0.008757784057010685,-0.49763497746785074,-0.15952989299042986,-0.22419235401735396,-0.040739033716728656,0.14459947898598727,0.4461986396534951,0.06621048820874614,0.47845909986045554,0.1522570282766847,-0.35432142227090024,0.007430218177703714,0.19740221233236865,1.4464223400121534,-0.5999897859774969,-0.06129495531268508,0.10011294172769651,0.0,-0.08983455149167402,0.009847899161524511,-0.002701309732883314,0.04905043167808621,-1.1404893510388887,0.02194906025335865,0.0008671002544954403,-0.00021367292124477473,0.0532578425332343,-0.04149310250131263,0.047637080988852415,-0.006195470147639743,0.17263483962182777,-0.3236328846212254,0.5889446743810829,-0.19654840425303002,0.19841176416050058,0.021116428148826367,-0.42407223564680274
-5.0914134683782795,-0.03902999380264139,-0.040176148150163474,-0.16003133602459774,-0.6197018113102685,0.04374737901310973,-0.02125717441007095,0.0,-2.454629331869219,-0.01087577688400104,0.2973616820764122,-0.7709426060991963,0.2125586326054436,-0.0352253144608012,-0.022856721240858316,0.0015339840814902795,-0.08239425403433061,0.0390211154673212,-0.23120431243842798,-0.004085721542949707,0.021823013383516443,-0.3049028918733129,0.06498769444772967,-0.5267385590962433,-0.04092921857279255,-0.011128701723198102,-0.06228481322223728,-0.11778240820766346,0.05039997736420338,0.029117801931718222,-0.3968687019750046,0.21386407884159153,0.0751872649222903,-0.01809327414972205,0.10787575670599268,-0.004820253284647897,-0.0996623754231423,-0.07127095425826199,0.011690637628345789,-0.01563988194930459,-0.017970415005282465,2.3204030871078785,1.7676948990351903e-06,-0.20273727824086527,0.4933550613716087,-0.3566302809721694,-0.0006918497359136044,0.06422992416266154,-0.3098583860522019,-0.3511525044693939,-0.3708268042252724,-0.043811447650049774,-0.035742582767803927,-0.100965387864798,-1.1744851730210426,0.3390863192872554,-0.04336318793283162,-0.30335136538340307,-0.07627695985242394,0.041251747181497066,-1.1165401803624602,0.0029593373171503123,-0.4902102707800148,-0.03722215868108274,0.0,-0.13402348769937292,-0.0019736581962822085,0.014368066900316692,0.009850218879505232,-0.2911937004775666,-0.016750598614405282,0.0008292493284032835,1.995496656617213e-05,0.04279818548519883,-0.04895388170618989,0.017047669724580716,0.01841402486161211,0.07137815484822481,-0.3050519558417323,0.5781991971812883,-0.1961425332287554,0.0930710665035458,-0.10680450685971696,0.7934797489328516
0.9871883401395504,-0.025697834341806468,-0.015155764812240737,0.43713075117630984,1.7900635405413,0.0334842958194666,0.007464567902253255,0.0,2.0260424946720614,0.013418844766883885,0.722876798805493,2.2655844269157583,-0.8462638052119086,0.024054731272137572,0.3625823830668851,-0.03267077471932584,0.07002087086497115,0.0395290492071611,-0.12825477199270285,0.07606940280959013,0.0067150770759410615,0.16295769546044853,-0.036518051357912897,-0.8758443844157631,-0.12319990360926933,0.04291028080987609,0.10617119758696827,0.08843811470055905,0.10212483585458933,0.07718553402372232,0.08684632920676001,0.0521787785084797,-0.05331641839108824,0.020409796520611836,-0.008371547975305838,0.027351873524837773,0.024456814338751284,0.09891863747891608,0.06062499666768778,0.03088996326069292,-0.0060106682444101825,0.10556065842696624,2.3302613254744297e-07,0.28659162341162203,-0.03695628390374555,0.055212193228058454,0.0007840144103487276,-0.014357328904925113,0.9515002499752708,0.07756081996637373,-0.5637604093232705,0.03015978935493125,0.0734334919665107,-0.045045845828123696,0.6160376303417476,-0.9076033484457443,-0.09372129438257214,0.36577914675546214,-0.12022232977335948,-0.010708657793368425,0.027824536858804098,0.35997186377814827,0.11797760535379587,0.28530559318414356,0.0,0.012518673540333581,-0.01922759962917346,-0.0030433351302966236,0.028545196937166076,2.1489814255258177,0.004300331612750459,-0.0012095874198150072,5.855200525006299e-06,-0.004155965147240714,0.023328514958725274,0.042928161148793026,-0.005680603220277434,0.16684675620585895,0.0847382733767468,0.6518303609067048,0.6333473181508098,0.013950774800971726,0.02074971933117789,1.3308204175444114
-4.095092125423803,-0.03700738599863727,-0.04180667741466319,-0.21382779668550142,-1.1130053215149502,-0.026925182863888675,-0.04318258932168669,0.0,-2.234500965014331,0.02436704739472122,0.2020604373450958,-0.8416387856614993,0.13030593344657385,-0.03547065048158557,1.3626771351738596,0.08297851683764572,-0.0829245693711541,-0.06396646959443236,-0.2729806875662293,-0.009260940431168164,-0.012545091821467496,-0.29787595561185765,-0.13684490000791974,-0.03513039981399843,-0.04933772780885923,-0.03451704576458696,-0.04801878131903893,-0.050348753750618785,0.05096891849978212,0.022183120761618373,-0.44177419410302965,0.014663409837604302,0.1033524912930664,-0.03819395181334506,0.005003990058446888,0.02113923935659462,-0.12316196533087605,-0.05027655980750321,-0.030382202208941,-0.015388374707237468,-0.019183447733092503,-0.556670169159314,6.930025954168979e-07,3.282945542421308,-0.10905787075688028,-0.3234467803421917,-0.0009463232019967687,0.03541627290408374,-0.23036557195858323,-0.2272994984030435,-0.6661222595057839,0.005664046515808873,-0.06084392362897304,0.18745960894267857,-0.8787015308857138,0.28223434343172243,0.0482545993107077,-0.3305500424807088,-0.30928631335967544,-0.0022166113769903914,-0.09673948400126375,-0.012556136888766107,-0.2195639100446226,-0.09850032418956997,0.0,-0.13883436054015813,0.004675119796088294,-0.012740460507876543,0.001326302182819995,-1.3746479844053674,-0.016750598614405282,0.00041222798984209526,1.8866494508058178e-05,0.058752612430173864,-0.08700827810234842,0.020330322315622883,0.03852280444354713,0.17215319686748057,-0.3332511027771192,0.3686356679661388,-0.25237252400092564,0.07043356747897667,-0.13806802831637233,-0.4477121246957667
-3.6487262132176768,-0.0255155278102731,-0.017351813435761396,0.4713321631753998,1.6159622067001786,0.02606253064084591,0.015639149479231,0.0,-1.7914337629776333,-0.0022018383696422576,0.2810824947404291,4.275046443001546,-0.442822389224681,0.017980640471055055,-0.04339584999902783,-0.035693819750383854,0.06802420109793646,0.022288992022808797,-0.1650685017287121,0.07221036011854864,-0.010558662426513049,0.10822111354895693,-0.04396622216400579,-0.6618623823085731,0.1479830221866072,0.07467982541632236,0.1588294935214321,0.15892103047366343,0.1556725234739508,0.039997573753213694,0.10706646277706242,0.03855658308340922,-0.02890029899889329,0.020372693452854248,-0.009001019261654338,0.03154137060556045,0.19581995671718247,0.09852802270100325,0.03528942757753209,-0.00223847308326882,0.0007073211431587109,0.03253409100678428,3.8056541818576187e-07,0.22299143648618674,-0.05006307168041988,0.6253968800695711,0.0007840144103487276,-0.01590581483880812,1.2002537316161428,0.056626599180805696,0.7895513393609132,0.031297557970534656,0.08791696008111306,-0.03765170646984101,1.0051908894717858,-0.9448475485405076,-0.03863916053418952,0.36453448129532934,0.040373061369516634,-0.00936794905479596,0.12137255911838621,0.37537975289403647,0.30466180240902063,0.11509367595072781,0.0,0.19885690568594155,-0.031509042789616325,0.004580030484839629,0.013185609658841684,3.544020025856426,0.004300331612750459,-0.0003209997400270776,9.153300855079482e-06,-0.005309543387575962,-0.0062410536554117655,0.01801466921212891,-0.003994202696090824,0.1240482289239513,0.08684563912794874,0.663033644458659,0.7302057154946292,0.1778809489472522,0.008911174161160766,0.9485950601691645
-4.692305788960069,-0.07278427695505768,-0.061648567197361046,-0.28572948269010223,-2.407033775297439,-0.0269748356375335,-0.03160106481547998,0.0,-2.0779894645808716,-0.008125119711596976,0.22640871854682817,-1.0436005317576664,0.14041240305945316,-0.01716499109005082,1.0726670655069288,-0.03730009976533601,-0.06704398135110275,-0.012295475136589733,-0.28554299780913356,-0.009414973917185829,-0.08527437927047381,-0.18241076132931053,-0.08685977720071657,0.014353567945945975,-0.057396331046064356,-0.02191429809845236,0.0600909307704991,0.06033563340415839,0.07339710764313083,0.019638218895062176,-0.2873760347479214,-0.028530442028247237,0.07755181667514296,0.0021287293265620792,-0.009229242376018857,-0.008327120046459916,-0.12641377361933462,-0.07134877510526517,-0.06564911130315292,-0.010157453212160918,-0.01715903925987576,-0.4010922968843405,1.7676948990351903e-06,-0.4727241935789069,-0.05015334020314042,-0.40408729377949276,-0.001999323542976573,-0.028358604705349146,-0.6969460568263991,-0.13041842947829313,-0.6175709470272441,-0.0007747343096596629,-0.03709867106414516,-0.08356449658732729,0.5162409231215767,0.5289548601504963,0.03668976635949445,-0.41636263151101494,0.3880547395321088,-0.03383322843881113,-0.08992213258662773,0.16174468002353176,0.06593878719530467,-0.03886948062323109,0.0,-0.17104653318741064,0.014713078092046831,-0.006242465770431593,0.014321049038485419,-1.5320592686106396,-0.005588067931934772,-0.00015957212510016566,4.9870602194669166e-05,-0.008567985612652406,0.07117918030528829,-0.04712837336351632,-0.017706733572834896,0.0046449384859836495,0.028013511645509737,-0.7844942856915343,-0.4090219222569776,-0.09531554478364879,0.28281021007539536,-0.6841536832188071
7.340564086722371,-0.029103686719528284,-0.02648749241303714,0.3005601005415805,1.2383064520479101,0.016296535010815034,0.0364466236110795,0.0,3.475612801557729,0.0016677364594746321,0.9149245806988898,-0.47163447019428345,0.32948651327002837,0.04363264993670223,0.4274237055123872,-0.04384949081648304,0.05710801548250477,-0.022054540217947005,-0.1545556480784943,-0.12379963900886663,-0.020907702555598182,0.34796676318493996,-0.005719320712349546,-0.7545210475713152,-0.012514404537779042,0.002217577256367105,0.04948265768926335,0.0022553312881744324,0.13270856676059464,0.0640372796438614,0.13968298629037412,0.03359414291065875,-0.05510316759347198,0.006581261963632934,-0.008774817931476178,0.026098535214431014,0.013562241557932073,0.09882738163060584,-0.026002673827407872,0.00934616702257608,0.0015877836470901113,0.3524748992182497,-5.081368884782625e-06,0.28266030007774595,-0.025495116804067346,-0.04745879273400963,0.0007840144103487276,-0.015367748970092026,0.8929203430614642,-0.009453075756081961,-0.3755287015256102,0.009123849914885365,0.07711424408662738,-0.06419532857138552,0.8459010470039743,-0.932645020439097,0.1471807482414739,0.3458947062206233,-0.027037115294796542,0.027774949383586447,0.6655629980464797,0.5107960555386106,0.05641786609897513,0.21806619791670595,0.0,0.02419969873926953,0.01523322236387254,0.004033259640575616,0.054621355621717764,0.38416591549904566,0.007322295910811082,-0.0012095874198150072,-0.00012163836745828741,-0.0010068570732184102,-0.0018461043716175838,-0.04801724060821554,-0.0040824200158894,0.15040940581622153,-0.2783939006216748,0.4265337605573812,0.22819472015765446,-0.09048879330314928,-0.000317170602153919,1.1159602904675467
-5.370935147872638,-0.05646217760677562,-0.05019577821887594,-0.22089618125460722,-1.1206111608905958,-0.0314120962717788,0.0027579403565143176,0.0,-2.7419602070832325,-0.0025655629948075163,0.306233603210657,-0.7368842587726322,0.2171886660149164,-0.03461327950463664,-0.0653154616171705,-0.006233210453766376,-0.08292178794439282,0.05367849496328867,-0.1981259359284738,0.06062866137044928,0.0425633411243639,-0.2794782690080443,0.0706421378168329,-0.4476921716463482,-0.03487654638044777,-0.011128382207225175,-0.05652734384660031,-0.10320554266421367,0.06688686029159754,0.023956660527438726,-0.3874871228862394,-0.03287255204764557,0.07773370917589881,-0.04256772520279716,0.00011812235961538783,-0.029941866806013247,-0.09975905088537715,-0.05161587432960442,-0.03218696994000263,-0.03678146940739197,-0.019089620056303745,2.472529691553824,1.7676948990351903e-06,-0.18840654086656775,-0.07796103091264672,-0.39381109242654216,-0.0006918497359136044,0.07607480299378336,-0.5117558748455203,-0.3174572157254353,-0.3446580129182647,-0.0421178631277081,-0.051519701664129114,-0.12122715963542963,-0.04116741057858868,0.5435766666725833,0.05020779897718388,-0.32034848128921806,-0.17268650215656708,-0.02905998205589291,-0.12182988214535025,0.009835181634741175,-0.31104159446292035,0.22224244504558455,0.0,-0.11888670362828743,0.009054254085589136,-0.008039899639824506,-0.0009181670190597253,-1.4293201516811802,-0.016750598614405282,0.0008292493284032835,3.718810813478331e-05,0.01039231697059998,-0.05181933275219063,0.017980481865143658,0.0018904587414787198,0.05225414816064114,0.15301616538893037,0.36302147925253175,-0.25165754481720537,0.09550970619817375,-0.09080698107395957,0.3860901344289108
-2.7366565116854225,-0.021877772466898267,-0.013561184429699483,0.47205457011538166,1.7067932036421394,0.027338902004390403,0.05774677693875828,0.0,-1.346753259439391,0.03177488324139104,-0.2840484450056016,3.817626405401534,0.24943924936817385,-0.02997255711002071,1.2919039291862076,0.07871433890577897,-0.04791385046652303,-0.015371142206200871,1.0997208879446707,0.027636305131676232,0.054210835149016874,-0.12594933886739987,0.12845987029720715,0.0700936426219565,-0.014543203050736753,-0.010199922717465826,0.09685718404002946,0.04898450231033115,0.101363605107315,0.03979413553048483,0.1223856349332798,-0.002860998903224987,0.12639658149630995,0.01099718261291781,0.0020929041302307824,0.08629705536995688,-0.1051971276843378,-0.05989460105231809,0.05042875719911019,0.022404517268418408,-0.01303101633778589,-0.2845227314308213,2.6699301521949156e-07,1.8575445575206606,-0.031078185657342217,-0.30397456946977836,-0.007166297783348603,-0.01297925789624242,0.3029833911502681,0.03314758480075411,-0.4087664506305446,0.002695076915614254,-0.04671689138711164,-0.05294023610689054,0.033787363944329504,1.4990402642996234,-0.022135968778199625,0.2884090535164147,-0.3090171717250409,-0.0103331506416493,-0.02540235137229297,0.30406249071870034,0.2158561002977742,-0.04237877484400966,0.0,-0.0893498586795324,-0.004983810050381155,-0.0037843855773386625,-0.0024790739796230546,1.8795676763979037,-0.0032818320202569287,-0.00015957212510016566,7.4817065181058385e-06,-0.002714235751485595,0.11559865302854071,-0.022917392535915293,0.0003663273565917804,0.05161133561454135,0.10225661947853111,1.0195224229415922,0.30395708508377073,0.008671641194985332,0.1202076807609401,-0.1610047830214196
-0.06654816011404262,-0.02584209032148931,-0.037655019752220305,-0.22051581751513305,1.201475384486108,0.03564553215757583,-0.00830830819085376,0.0,2.270687362835047,0.00916835326264413,-1.0358658415217246,-0.7443576191249653,0.1269782266215856,-0.0623717196874343,-2.0824459284450003,0.04602180087565514,-0.08401122802747223,-0.08413030535146472,-0.2208913982614839,0.017073548265826334,-0.03378529801191623,-0.42008196394125286,-0.11522549694434739,-0.8931913907511843,-0.06858799821460221,-0.016110674656380965,-0.07070526628687923,-0.0596112792233117,0.06791360856902057,0.05282212654752888,-0.46117425247099475,-0.0724583087849713,0.15465167811757377,0.011370911328957203,-0.006292290318036344,-0.02314146554514358,-0.11201734593917483,-0.07063189931203089,-0.020219679553736287,-0.03772972981757953,-0.014205619949819531,-1.2603030320283857,2.3302613254744297e-07,-1.5650172547277523,-0.08938330156055922,-0.49005701622903225,-0.0018947014916760913,0.03978238018144867,0.24908214436426016,-0.47379048997230777,-0.5167427754770011,0.0022366812803733312,-0.04602543599619435,-0.12701419229572986,0.28570895533730045,-1.303094503238905,0.02672343278146436,0.30875095684643183,-0.09984622767423681,-0.010940209772259298,-0.08890757616700486,0.31718740526861267,0.03524196773337807,-0.018416004255108854,0.0,-0.12279425811697371,-0.00628715043564637,-0.003197987043372993,0.01316545946329208,0.7682376855114245,-0.005588067931934772,0.0008671002544954403,1.3497507361576264e-05,-0.006235325073935986,-0.010372830977665766,0.018554803450423853,-0.004015953229673404,-0.026924782122097937,-0.3208594982684496,0.7048870276670873,0.2703066552037034,-0.06587669844521674,-0.06624320998587827,-1.2106475584874783
7.552784227424171,-0.026588693348713666,-0.02504996274082813,0.33053473445969794,1.5335170755483152,0.020600862580847503,0.009208393524160516,0.0,3.3475464824920875,0.027387667185473953,0.8677762639261827,-0.5048772840867606,0.3234724372015319,0.04188457790155405,0.4164314288780458,-0.026925953306760383,0.0504984503315553,0.047982632819047924,-0.09092520023910264,0.07748777917396511,0.03491441524131595,0.34430630954568897,0.06189647279516683,0.6482810400960624,-0.020305641103301155,-0.0005170061054004405,0.0056597855031157674,0.0932649845918989,0.10340993707163615,0.06294710395172881,0.1311613116822199,-0.014992489285388369,-0.05512012839399536,0.006072977711768693,-0.008672031721600852,-0.0004781402310456103,0.012517690676080924,0.08684011777959268,0.05581600562067002,0.013242611770896607,-0.0042505932657372816,-0.142108253126827,2.3302613254744297e-07,0.1603466122021016,-0.04232708516403621,-0.3325736637272748,-0.0018947014916760913,-0.015367748970092026,1.0040523999701556,-0.011047733574061245,-0.3708220139203422,0.02399495353106822,-0.013087070164580378,-0.015322844682421682,0.4558105405677969,-0.8855834269762934,-0.12045159900077775,0.5045147955419965,0.32691832207334864,-0.008075046197460337,0.09525520589609493,0.479828199714429,0.07052327981245687,0.15720414613891998,0.0,-0.06657180077756958,0.00941285467862854,-0.0027989383307856453,0.035978922052346304,1.2047767801481704,0.007322295910811082,-0.0012095874198150072,7.909275611162861e-06,-0.008351008175602189,-0.0018459970758651465,-0.07262250376417687,-0.005747170556400633,0.09119322209735323,-0.31767869198577775,0.45890585053247485,0.3364749085288441,-0.07511819438471706,-0.015465187228066862,1.339710167440433
-3.7034298641133465,0.2555766928666593,0.13858351158207732,-0.13867547521787635,-1.861192130733944,-0.00115502897197014,-0.00745192901515024,0.0,-2.0456623058427006,0.02742420408170889,-0.3818302053971066,-0.988993629900406,-0.25449170562218504,-0.4552171860662018,-0.15923434071234413,0.0314067497066181,-0.10682210909998922,-0.023824779185852536,1.101442388761303,0.009389932905233357,-0.08775342781170621,0.08840253234226605,0.1826671871186919,0.1241406452423544,0.09140865645168787,-0.040582486726643226,0.10246391239571402,0.07963906949235028,-0.3980904418986143,-0.2385151853935998,0.0739904848122772,0.016776046905747546,0.045067340161803054,0.003482482526765342,-0.00963581213080136,0.021660128045416897,0.36911381058424275,0.0008864686421756749,0.022498795191195516,0.0002251964161863125,0.1579405621990751,-0.1393668063346944,-8.786614520372299e-06,-0.0897173696744865,-0.01883109991969501,0.5751819182834531,0.0008273062936454785,-0.015817982492613975,-0.5831466088706049,0.19996211027496197,0.33637445355484025,0.0031734446200490083,0.08423319394650998,-0.1485706317787182,0.6090943008900833,0.23064623086729433,0.02370487058358335,-0.37929978499037026,0.0797159430325116,0.15780933338328407,1.0788376203544823,-1.2733159379971712,0.04271001225503218,-0.0316255553107618,0.0,0.5061187012515598,0.006272106463279893,0.02253134520212838,-0.03252269230879679,-1.1563412484551632,0.0031864437725937656,-0.00015957212510016566,-0.0005909823589929149,-0.0014363800333873611,0.143450204927587,-0.050805637880273036,-0.006107870138914749,-0.1793670552383506,0.03131912972444893,-0.6193448479540287,-0.3223921374583769,0.01099174980327355,-0.01878691091631463,-0.40842576951116655
5.097205831801831,-0.03511273769681501,-0.040772807646463474,-0.13462815352259275,0.6826313339672377,0.10070131625546482,0.03759879243316588,0.0,3.2832289396132155,0.006317099667282455,0.6967592127312577,-0.36818846384890574,0.331931938555096,0.037740974269383505,0.7606732322161107,0.08362509980620242,0.06447044584843255,0.06237639739107985,-0.1076390425860008,0.006479058699020521,-0.02644046354731154,0.3690307638385935,0.1560969437991727,-0.01284767740375439,-0.02870298455420922,0.08660022618880277,-0.04442616354824096,-0.049670128348497024,-0.4177540283138241,-0.0965189604924183,0.10027152153487726,0.09489655417603679,-0.10425200523347433,0.037579635000862054,0.04754302734574202,0.017617464500303135,-0.05344373100200745,-0.05201766479360958,-0.001441641662720201,-0.0003826958177330869,-0.006843820109469442,-0.6448968919285616,2.2556720268387433e-07,2.210089325495712,0.6985670249177212,-0.3480418396588527,-0.0018947014916760913,-0.014971698438434657,-0.2552487191925422,0.003396396649119786,0.5060488549581615,0.0014355405651979613,-0.07341303873916101,-0.021265375468505092,-0.7827253873086356,0.5571635909617182,-0.061644601893138695,-0.6678376990944717,-0.12216154337797172,-0.010469034793583246,-0.058759688204769206,0.313953575414201,-0.06032142318109957,-0.094325155095571,0.0,-0.051497152185292966,-0.012277902989391784,0.027644548798030855,-0.021841979353107763,0.42890391285338597,0.02194906025335865,0.0008671002544954403,9.158753999608405e-06,-0.010645237582097037,-0.037512118665438576,0.014072949891152771,0.01340470498323439,0.04418329687649365,0.09018085881550192,0.5323477906128193,-0.1614907837626847,0.1225263923798815,0.011343496150021821,-0.6860517537733307
0.33769939869072035,-0.0700222618773163,-0.06174143256902424,-0.24270584426888495,0.6958685440524929,0.08377799040907774,-0.04229934933767801,0.0,-2.670519745355565,0.007781500247067724,-1.1458266261551269,-0.9906309824179675,0.11553520854095226,-0.0697258097170428,-0.02754575448749205,-0.073735792369444,-0.05679648052378992,-0.09390675820156731,-0.18845510456502193,-0.0038989309504105776,0.027616877452691535,-0.39397366913337273,-0.16600438640254905,-0.011705944441848179,-0.06382098934612919,-0.02078845769974648,-0.0808662759523519,0.05579438551784386,0.05998398551962949,0.04624226124818237,-0.4322305923683815,-0.03195427815827443,-0.0980388622677784,0.00917896682518502,0.0011553944185509397,-0.032086286537531046,-0.12068036742309261,-0.12473440426013166,-0.06909355447517639,-0.03752767232131304,-0.012022365964108434,0.03933248088457599,7.036320924513071e-07,-0.1025500115713705,-0.04984061708918403,-0.5295880472055029,-0.0018947014916760913,-0.03625145748697267,-0.8728317787576557,-0.21960295773332736,-0.5779960843467196,0.002907857617335527,-0.023681878805560795,-0.09350498083741367,0.4684292850140384,-1.137657611638674,0.03535095621963774,-0.3953154975302743,-0.08680482454670652,-0.020385931253013453,0.01350188197755961,-0.03119181651285624,0.04166345449883079,-0.43650903940304187,0.0,-0.1227861710540553,0.013916483403297217,-0.004706637243525219,-0.029745022975605204,0.10798867344420474,-0.016750598614405282,0.0008292493284032835,1.4285494534037801e-05,-0.006254489991907904,-0.004670882206101055,-0.07269196534113265,0.002858764094792616,-0.021947640101945907,-0.19408298169646762,0.5416389621801605,-0.35239637931114315,0.11726145630235416,-0.11662006873814917,1.408308296960475
-4.932560646771754,-0.06735619949647659,-0.06585833175216729,-0.29780957047578127,-1.345461380196965,-0.030806715188107722,-0.023699865209893825,0.0,-2.2797593017648023,-0.0050041417355461745,-0.393964050981599,-1.1247106857313718,-0.6342798936892191,0.014817950052164092,-0.07437311801521723,-0.001300655379496855,0.029183489765533366,-0.05618024673915222,1.2367095281344884,0.0017390531669224333,-0.009244956206195634,0.18149676343193655,0.15336059350965042,0.20064670415592648,-0.08724516773427571,0.03415758503478952,0.02673539868037639,0.11493915386858763,0.14067031154163576,0.06262623710140695,0.0816808055813563,-0.028515785292510257,-0.021943389661233367,0.004181082036488379,-0.012029781508836076,-0.00829244778684295,0.06803322306611354,0.06212405197448052,0.01646718449580922,-0.020700386525819056,-0.01583145436316677,-0.19833489278022703,1.7676948990351903e-06,-0.26846419251596626,-0.07910471548510582,-0.6555731686240176,0.0003915820146193533,-0.020611485428014036,-0.635532538718441,-0.00185341749001581,0.6535054642387882,0.004014454405869116,-0.010179837566988382,-0.1118265534997733,0.5187067925188948,-0.6691049800917663,-0.05399136720625362,-0.27428416034911157,0.09379688679914709,-0.03365912004055607,-0.12646807440397453,0.11749332541299574,0.06968535627883006,-0.002359167453312937,0.0,-0.07124593721852666,-0.00034568209700349154,-0.0061435954229880855,0.027582696231941636,-1.6647110437016932,0.02194906025335865,-0.00015957212510016566,4.732625473900798e-05,-0.007283482778134973,-0.03865189453789489,0.038199655659543294,-0.017717074685264737,0.03254196039393578,-0.2670799609313197,-0.6507631157208846,-0.4193146193914918,0.046093093879217714,-0.05919026163564514,-0.6763167578357965
-4.529736012686129,0.028086268636181806,0.050454492718089744,-0.15132136293426152,-1.3715295940765313,-0.028609008289769675,-0.027516181140718042,0.0,-2.174888077329344,-0.009545195614210992,0.2834070784776826,-0.9540086370167358,0.273779995889967,0.016991993298259157,0.2448549721271902,-0.030168391820576807,0.04251958878349048,9.97793395583319e-05,-0.31145120108198304,0.02610428197826682,0.0284892630706816,0.3069405606500142,-0.06608455638319162,0.24436367551271929,-0.03503750487179656,0.05781564866362336,0.05828658403668248,0.08448553075190911,0.04971516372194818,0.01939600776894457,0.07192177363969778,-0.04554439266742716,-0.023075060799837767,0.001807118347330289,0.004049515560640501,-0.012249476682746417,-0.10698363513520584,0.0253590442198049,0.005503310603443662,-0.019623579704696373,-0.02243065265208434,-0.4534390421709167,1.7676948990351903e-06,-0.9558611840572554,-0.07419373710490203,-0.49262456086017964,-0.001999323542976573,-0.01567457916386888,-0.5470495836033186,0.0411409549698984,-0.7191777157044159,0.0005454144109482911,-0.05814564992749719,-0.09420822350949325,-0.1308909608943722,-0.8766254075346143,-0.021996869334222305,-0.35415459203272465,-0.21102649741412477,-0.002554883662376908,-0.1287310637959222,0.047100108314980474,0.06279403849866821,-0.2200771329125458,0.0,-0.1567563907175301,8.970844722428362e-06,-0.007297697041117528,-0.020878892551053505,-1.4695486327132572,0.02194906025335865,-0.00015957212510016566,4.9870602194669166e-05,-0.007276355332628136,-0.0348961201837001,-0.08855691573653347,0.03815331129543149,0.04635429982618315,-0.014210568007955181,-0.8695672635211338,-0.3249717664052292,0.18779524906353948,-0.03524811230215948,-0.7823682373217703
-4.045104263782322,-0.04238237786756836,-0.03106215513765989,-0.2098326823724444,-1.10722408038882,0.07251962056758106,-0.040584890106017533,0.0,-1.9559628408970178,0.023825244121785376,-0.42313372858479864,-0.9012290667006276,0.13156063149342972,-0.034881862279933694,0.9855320285222613,-0.004915470054094691,-0.06329200104296981,-0.037260592984175764,0.9033913527577742,-0.01010700187901539,0.029559534653065947,-0.24048110833686587,0.13800209665773785,-0.021708789650180128,-0.06465546537680064,-0.019921331285363032,-0.04544746052303346,-0.07367055704466635,0.04913647660273542,0.02429413185317096,-0.3098994334244617,-0.04476908587017007,0.09202578689396923,-0.0033426102717491494,0.005004204940599813,-0.012551289671511034,-0.10093332490285287,-0.03966451536185136,0.02315289578623378,-0.014013117661507172,-0.01788541780818259,-0.3229965201007222,1.7676948990351903e-06,-0.5275300959952959,0.5475417500437857,-0.3780758487395811,-0.0009463232019967687,0.06422992416266154,-0.3009119334323385,-0.24289173985505838,-0.47708154581097684,0.0027864513231580963,-0.03375259516179292,-0.015944766290800043,-0.7914373377717757,0.5479712549465777,-0.045136330628911744,-0.3244736112258786,-0.41217943268809626,0.0028046964619629525,-1.001506055199171,0.14269347306168248,-0.25997477030155147,-0.04501733042848652,0.0,-0.16311094937149323,-0.00366779982894411,0.02996728201657653,-0.0026066429180592945,-0.7908135804841047,-0.016750598614405282,0.00041222798984209526,2.5000531292573586e-05,0.0008124000914654149,-0.08963659290418681,0.01604944714866677,0.04905184963608333,0.15264965759697746,0.11714382890145073,-0.5936633358016056,-0.2629201925013158,0.15218491368145257,0.14260649778786139,-0.5776391929586475
-0.06998785170625764,-0.07300511381559516,-0.0883380157231489,-0.28834061469745076,-1.9915125383898988,-0.025331114097775272,-0.05431249611366132,0.0,2.877589161571651,-0.00240939411542853,-1.617406815400874,-0.7374784131578295,-0.7157140249299078,0.016407246704371246,-0.19394344239477396,-0.09752810164962433,0.03870523726192722,-0.06579917787192605,-0.34618266890977634,0.025406486615250537,-0.13967201071426188,0.15888066693717773,-0.13733021063835488,0.01701411527311547,-0.09914302216967016,0.0366880179604219,0.04677528179483886,0.007938437925255592,0.08290795278453993,-0.3422549030149502,0.06355364268220516,0.0858028485372495,-0.060334728473044684,0.001951879739947157,-0.008279586013987986,0.07220615814136763,-0.01607529904979961,0.06070335210934809,-0.05368653665437956,0.008245861354129738,-0.02670958524739438,0.10288160309652937,-8.139216956361403e-06,0.038977869695619186,-0.02774519820451817,-0.7192154100855354,0.0008273062936454785,-0.015367748970092026,-0.7913321557521761,-0.023432073348102475,0.33405301884959343,-0.00018734405653594703,0.08661077069695695,-0.1641223800501292,0.6316115775294926,0.09278287433326572,0.06661525157084294,0.238368510355616,-0.01376303130387906,0.17130926284391454,1.066683018839898,-1.164023591043873,0.005303029715156119,-0.3198842469256701,0.0,-0.07116442395162882,-0.007676450160161055,0.026556758648398633,-0.01942724323679501,-1.5003385191473666,0.007322295910811082,-0.0003356517114175895,-0.0002167355550117189,-0.0005534869370863464,0.11749558178327821,-0.034669767543728094,-0.010892316121357562,-0.255341354060732,0.07080888114488354,-0.7357170275160574,-0.38603618321879457,-0.17495306095941546,-0.2037297139566567,-0.7212350892873644
-5.655027986286624,-0.034978966700934,-0.035043111491788535,-0.17850336817258747,0.7827313798067052,0.02775357093465106,-0.013925385042350209,0.0,-2.754110126867283,-0.0016571338249133545,0.3307284814202111,-1.1382638094201687,0.16286898247789047,-0.03371596950320009,0.03666355576074838,-0.02032637747029778,-0.08230854606159929,0.08053870673433275,-0.21297566945238236,0.07849139540453474,0.015432128244294647,-0.2363356557451356,0.09066399175388497,0.31182357354761564,-0.034688789868839644,-0.018620117502426203,-0.12069354038395588,-0.17138700865869158,0.06565048155528352,0.05579952793792332,-0.36899011279336846,-0.032406417493515124,0.16904289983292098,0.017867847826416528,0.0038049970362174206,-0.029039951859348368,-0.11427290715215384,-0.08352363409220187,-0.03275403449604157,-0.04414856656014654,-0.01464516332657997,-0.004057614431312508,3.8056541818576187e-07,-0.11165650746068297,-0.08009266979982915,-0.3781869410894856,-0.0018947014916760913,0.07607480299378336,0.27672231448857143,-0.40567948815925853,-0.6140467389910458,-0.0629755869705495,-0.056679721570913735,-0.10025244927729592,-0.20497720363599073,-1.0318207304421163,0.033762254437057,0.2274825594211044,-0.14561662109788745,-0.011358016204220646,-0.0159632908748338,-0.035094733010318194,-0.5136567017338671,0.02738734475620532,0.0,-0.12265013047104115,-0.04810726689229684,-0.009157956190002045,-0.006874611740732716,1.5725456306844705,-0.016750598614405282,0.0008292493284032835,1.4530031184790547e-05,-0.0060544080824252895,-0.07369070057221105,0.018556829337032593,0.002879549759072832,-0.015831453669122555,0.05559370888421248,0.6475747015977193,0.15292530721129743,0.09022751577699364,0.16992889569815106,1.2802178555952277
-4.739267426109522,-0.06417098108947229,-0.06463968573485276,-0.30532499675290115,-0.9960787730934241,-0.029624007643688027,-0.041916727327342286,0.0,-2.1135863731671414,-0.0075788489559848755,0.21845851540243788,-1.1192958294451407,0.1340192553875598,-0.01742613214247577,-1.5466653962702321,0.03013514687313817,-0.0804384445211601,-0.08588484462305022,-0.27911610307265217,-0.002841104445237305,-0.010887739470673147,-0.20119680315113203,-0.11876579553828542,0.21077160631839834,-0.0653723479639326,-0.020777665107262693,-0.06455361712531274,-0.08535260892571787,0.08321510472820576,0.027044977932270894,-0.34829285653434605,0.018293416997223987,0.17860837100670862,0.0023105708354496488,-0.009500068314791497,0.021818074920349317,-0.14528738077607922,-0.06012071346772232,-0.023950432939652953,-0.018686213117363935,-0.017056322371621004,-0.5518211960296793,1.7676948990351903e-06,-0.5279577169135364,-0.07689843665801567,-0.40785984352624166,-0.0009463232019967687,0.07607480299378336,-0.6744518363624257,-0.12149470377362359,-0.6446561795459023,-0.0015255603197200191,0.08725699772770634,0.2375354722289281,0.65394292189815,-0.8442537892985609,0.012002573783753988,-0.3110377517229137,0.15128497237856967,-0.031992322206483854,-0.058356720594494496,0.23895597402441707,0.10815140126833164,0.0959461816153382,0.0,-0.1708191770075872,0.008331913003795205,-0.00807327776119108,0.016254712253319946,-1.4608998853625337,-0.005588067931934772,0.00041222798984209526,4.9870602194669166e-05,-0.006276546688311715,-0.020089889538921893,0.016181716246733528,-0.017717074685264737,-0.04199135784160656,0.08311221629944696,-0.6290379513921731,-0.3434053734932806,-0.10344961230437716,0.3038952754383504,-0.7586616962777625
-4.885416856139105,0.024824258595490513,0.059183369573150846,-0.12895508953974222,-1.5238220315366462,-0.015126987129591552,-0.02290998914461468,0.0,-2.38471966181509,0.029985916438042076,-0.4812960754088431,-1.089144610005586,0.26538711717142865,0.01793315050070684,-0.5029905462541783,-0.03985894709490709,0.03264076554481576,-0.051704828249466046,-0.2523273063341238,-0.0021625812670912543,0.013085658902972124,0.3542991357802597,-0.18742309705238877,-0.0293218352423944,-0.04064072910625569,-0.014281005636936604,-0.07880052391351235,0.11791854618426402,0.09456786935941147,0.007748771823698281,0.08489516816413444,-0.0269742923907985,-0.11440151453069382,0.005061452863037641,-0.02059475642700575,-0.008228402495100585,-0.12812273909451724,0.05702975730885441,0.054281103399270475,0.009233076897637827,-0.018944248261070055,-0.09512146898977442,1.7676948990351903e-06,-0.3236693212604284,-0.08082840530012139,-0.5114591475003247,-0.001999323542976573,-0.020611485428014036,-0.6695256226039509,-0.026901761716027955,-0.6924377841249606,0.016026477669100984,-0.014252574840624152,-0.17711184649675266,0.1090505627485712,-0.8830911622633053,0.04124731244806591,-0.38028118758040913,0.09478138129364035,-0.03370606620420698,-0.12930147139077833,0.07250480475157604,0.06420103132049382,-0.08241331019277552,0.0,-0.16603411225316378,0.011993204456749671,-0.006854468301458201,0.04016507704073209,-1.3708730036999761,0.02194906025335865,0.00041222798984209526,4.732625473900798e-05,-0.009813775913953946,-0.0348961201837001,-0.024847262698938603,-0.01770622037314484,-0.03087519637492742,-0.1371181124986515,-0.7450932038791547,-0.3804423635863935,0.12893533064151083,-0.07230669629688874,-0.7531617463410677
-3.130174909774292,0.20172043790414815,0.06996013526557368,-0.11613505999683187,-1.5535189890318597,-0.005438872336030331,-0.017244740213761243,0.0,-2.1826120308475905,-0.004977513106531891,0.3351886418917215,-0.8724730723266229,-0.39399616319641384,0.013672168964640338,1.1057557527058524,0.0331676695896981,0.05537232331612944,0.08978947550372475,-0.23397985620589873,0.041424690807533006,-0.015134299100828776,0.07194475640099468,-0.0720413792614961,-0.04909077109746889,-0.08929702369518479,0.0601909332066307,0.006807729283229274,0.00973704436507504,-0.4511573287320958,-0.1881005598954865,0.058553155741511126,0.017368452693740374,-0.10305932914350273,0.0034179526816712747,-0.015296077917266776,0.02019864671117384,-0.008139034016239775,0.038489787238737985,-0.06576082483018185,0.01784419513081892,-0.01596509398996261,-1.2738199034894448,-2.0063470039988554e-05,-0.4402040538432018,-0.06810236713651746,0.604805655287701,0.0003915820146193533,-0.015817982492613975,-0.612931031122707,0.3087759319814949,0.4664757559948796,0.01742386758543525,0.14350470393216194,0.40642715144994346,0.8061319062525322,-0.6905904038335142,0.06181002619705132,-0.28622469036136383,0.29625953815797346,0.15302052769620594,0.9011452467627751,-1.086733860652989,0.026681318424644995,0.09663899766186079,0.0,0.39919302112380123,0.003913740877345088,0.027486887619505764,-0.019592982195788422,-1.1904356832785186,0.004341141232810192,-0.00015957212510016566,-0.000680100670312829,-0.009726659904431742,-0.03023673867890069,0.032821553891243554,-0.017718715322655485,0.014907992025858354,0.08753286171324949,-0.581317488642254,-0.3134264068802763,-0.10173291917515043,-0.0614590015041641,-0.45748505606809087
4.687259053201608,-0.027888337062476853,-0.04192733058582042,-0.13867351584446685,1.1722563589440398,0.036280739505264344,0.04564854186459561,0.0,3.261797750221059,0.011767902801894055,-1.2065761554877945,-0.4415642867750767,0.1418359189412364,-0.1534009077359153,0.1841086076610146,0.056258382351408655,-0.13826301052409504,-0.0686520540381945,0.6792669960023737,0.02121650652020414,0.06222984900059336,-0.30990124622630766,-0.10721825684239256,0.28795450754389246,-0.0375569560841201,-0.02747863516686258,0.04619003374507691,0.08410835147589457,0.06619540110797872,0.05396603615523846,-0.533856287317976,-0.012034615487115282,0.10555599702716963,0.012420391214502651,-0.008822003512080921,-0.0069218387766598,-0.06682926120511919,-0.07942063177413614,-0.03610846143988149,-0.03169578065452861,-0.009142470597128645,0.12100603983774211,3.4449958540895293e-07,-0.0037902381612557653,-0.0393590588086437,-0.4433510262067272,-0.007166297783348603,0.06850051699900712,0.43369862032916134,0.0442755540979974,-0.43627846700941453,0.022974578863320005,0.006519020253610018,-0.022516518089806176,0.8217994845500854,-0.8185286368683038,0.12938433397435078,0.5692066742127034,-0.09780859852140034,-0.011240949985911046,-0.05502134680364897,0.43387520636045523,0.05528270270030307,0.20100152722113382,0.0,-0.08989722660630325,0.006150522339544728,-0.0031094215413327245,0.038170377326916805,0.7260367984012672,-0.0032818320202569287,-0.0012095874198150072,1.200079288696471e-05,-0.008352760554973592,0.07432433180612984,-0.07965199296011341,-0.005747087993834611,0.12578282389236045,-0.043152520794845516,0.5970170119941566,0.4218062643822709,-0.0074824525016907685,0.16879358790649157,1.6140985522933389
-4.837494199664866,-0.08247362049118666,-0.0599603000260432,-0.28455634670708535,-1.413012433609705,0.07484099706200517,-0.025163717537643817,0.0,-2.371534737286917,0.02512495959177975,-0.5003444701275762,-1.2349388503757672,0.160622588943169,-0.018799247451645948,-0.40509737216524727,-0.04412960005356813,-0.052748672679819496,-0.06560787410800273,-0.25366072836314346,-0.008882016619641721,0.01541257222058123,-0.2934101900894399,-0.18559392373746633,-0.02659750276458223,-0.06469367556490913,-0.020759457639387194,-0.07051956044865211,0.11467307922202252,0.060255230614349044,0.028672251372340314,0.07192177363969778,-0.04544569888632519,-0.12064306278745768,-0.02962679270300306,0.005004204940599813,-0.033914865475895305,-0.13267724699936798,-0.09317850523346265,0.01210090865343221,0.007550566239633625,-0.02039347645781843,-0.2319120353634142,1.7676948990351903e-06,-0.43682539019665256,-0.07551843092654233,-0.5469459126675892,-0.001999323542976573,-0.03625145748697267,-0.7077068401085878,-0.062415622422258885,-0.6331632620583205,0.0038269210589255698,-0.039461879076497716,-0.08310542563857526,-0.12660351313251575,-0.9395257892001658,-0.050223854434005254,-0.45243478978343277,-0.18277935164144365,0.0028046964619629525,-0.1372505676277717,0.034942258871406465,-0.1562283938567173,-0.06759330174301903,0.0,-0.15942529203741637,-0.004066822279550245,-0.008211997370025943,-0.016268490253263868,-1.5321233501688676,-0.016750598614405282,0.00041222798984209526,4.9870602194669166e-05,-0.009845127488362419,-0.03478298740688833,-0.037405172526905846,0.04905248143901599,-0.04158843647137655,0.00272871001534277,-0.7317319221502696,-0.3199805458253168,0.06945388150725874,-0.10626740018340246,-0.7337525521040217
-0.12108355552497693,0.004108310360504132,0.03883126880724494,-0.22156619854493198,-1.5470059841562973,-0.048574358000642144,-0.05384617748630997,0.0,2.9379443297063657,-0.01706753165437477,0.5432251830726044,-0.5857391254362939,0.14429580034459313,-0.05108944920683127,0.0723116872726549,-0.04629187508764032,-0.05348483326445757,-0.12536934590033982,-0.3040586375813177,-0.018206082407736277,0.04612551529815036,-0.2967602038220254,-0.15996760411789135,-0.04067302684467603,-0.08398065687310537,-0.01845363217666396,-0.04450818070183184,-0.05394266444307105,0.042854880223007576,0.06009686375052217,-0.28213023984607055,-0.11152211072799131,-0.12361066838493664,0.022782894576786443,0.007348054929338773,-0.021066344429132137,-0.10632994328817862,-0.0989586387775086,-0.026095292930037695,0.005978251555752266,-0.020569270919027275,-0.5615406077597632,5.518113190756176e-07,-0.37293587178444987,-0.06064646388697226,-0.596631709812016,-0.0009463232019967687,-0.04382574348174891,-0.5338331703521648,-0.11153784076390823,-0.737281350914198,-0.05972499993745244,-0.08734376952208506,-0.05091973475905662,-0.9785967863749089,-0.4730484731419742,-0.12862471259943145,-0.6027255570064606,0.046909196154432925,-0.006214752815999633,-0.1117273572211312,-0.0015867313983750687,-0.0362547831920262,0.2528053370598443,0.0,-0.16373183985015008,-0.0006753967197762399,-0.009901857654538743,-0.008844535849550732,-1.6293231502151924,-0.016750598614405282,0.0008671002544954403,1.5537727564089525e-05,0.008767576380081767,-0.0884798675751841,0.05903502952060472,0.04957959655004776,0.04792723583994784,0.062176895917658015,-0.5421274346652639,-0.3535492372317872,0.13447244807812508,0.10802732025387013,-1.2036041842136842
-5.575773262382701,-0.06134028065740245,-0.06466384652981244,-0.2539132266898614,-1.4853162585973037,-0.028326607500235537,-0.019686908512813708,0.0,-2.2395087734255514,-0.012236483192307471,0.3723598696055909,-0.9878709127185652,0.27147971313887687,0.017009856830590114,0.11934319991929448,-0.03739663243732286,0.05732728512564278,0.09098623129817206,-0.21975535765588305,0.06317458206875107,0.017913899373102112,0.2906021326536391,0.17791845620406094,0.2535042580200235,-0.043727234354567095,-0.012574452181380435,-0.07452657415032542,-0.10671174887965902,0.08359642183315817,0.024202104022719356,0.07284642520895672,-0.034984906012642765,-0.09207223817078965,0.003504920007390651,0.004064676144663737,-0.005956616906704347,-0.13047472005331082,-0.08785012150640528,0.004065807707074456,0.02063974139276429,-0.016730816097171183,-0.4021420179666291,1.7676948990351903e-06,-0.390436878685099,-0.10342588506299424,0.3332223594812151,-0.0009463232019967687,-0.055679444852752266,-0.5657414093831815,-0.027280368030303856,-0.7126554874877834,0.012334559771935634,-0.05256798457677639,-0.1600684303760798,-0.1746486826053143,0.8410000122677829,-0.07211360278173273,-0.3773289273961285,-0.1915523350290369,-0.03365781727296094,-0.1032330586310802,0.14957782668344752,0.07823845898180662,0.18260611389912695,0.0,-0.16465066469248477,0.0024686203001336696,-0.011885385791553212,-0.04912060586730637,-1.6060977190027066,0.02194906025335865,0.00041222798984209526,4.8465609581316554e-05,-0.010258151563153751,-0.11752894457998539,0.0345199336895965,0.008512783491069018,0.05648048651060383,0.1529949830530854,-0.6461437096760734,-0.27661371344263375,-0.03192459608507049,-0.027275747880318203,-0.7609030107478774
-4.893087217230268,-0.06798034964862058,-0.027222046914868944,-0.16033829210629896,-0.9327357095199316,0.03990790055669714,-0.037084310271813116,0.0,-2.660053360186831,-0.010563474523175199,0.3049311766749687,-1.1369219035703477,0.15131305993787764,-0.034451612705680694,0.8035408709557671,-0.015050868767944795,-0.08239425403433061,0.06762548904259133,-0.2685947114480742,0.000716919748368702,0.02193219846690892,-0.2363356557451356,0.10770573747409488,-0.03488301492968732,-0.04086915265025075,-0.03368878295757034,-0.02420061558278011,-0.056232258468990014,0.060817279263419476,0.01785891782301988,-0.3793256760846231,-0.05222755436092708,0.11882971148603673,-0.04267054154082995,0.003805775348653836,-0.03176029154464747,-0.1144938544323517,-0.07569597829721239,-0.0712876734914396,-0.03754039394136583,-0.016959873586453962,-0.10545529050465643,6.273951947152832e-07,-0.3455123951049688,-0.05918927639100346,-0.35257779831874053,-0.0009463232019967687,0.07607480299378336,-0.6325179587825682,-0.32864581737619813,-0.49753099998128003,-0.0018281684250104904,-0.06662312694828387,-0.03045956207830945,-0.14450625744950535,-0.7667848853808557,-0.05717515438792379,-0.3674800181259819,-0.4062894198403788,0.014469285556184933,-0.05091621057446888,0.02754544287264418,-0.1738862062008616,-0.1248444802202447,0.0,-0.1212574593166104,-0.002491571143490063,-0.007177831849859109,-0.017386573735342522,0.8751009276293538,-0.016750598614405282,0.0008292493284032835,2.9566319403044345e-05,-0.005822506681518609,-0.015637552356111185,-0.035330972484343574,0.049051968239325935,-0.0609569259001707,-0.07703711679308264,0.5005070489319366,0.17852291948727678,0.15931926910508235,0.16937486490451548,1.2757354335842126
-4.722059207182147,-0.05278257556187875,-0.032410871988346614,-0.20050877900770797,-1.2877014969075897,0.07922062570560935,-0.032769986997417025,0.0,-2.6048779425404285,-0.010563474523175199,0.31936261458604664,-1.0573031540977251,0.15618128325731465,-0.03450215131761599,0.7860291601949454,-0.060115258079918556,-0.08239425403433061,-0.01788432490313323,-0.24564179209403314,-0.010107345702896287,0.04029950495631282,-0.2363563787444253,-0.0879777905412038,-0.004835707538984278,-0.049265214555687,-0.0336883403064944,-0.03974160234199793,-0.07825484724329915,0.054247133089775794,0.018592176796329973,-0.3840551941549784,-0.04880861500615822,0.0933042235281587,-0.018125318886733292,0.005004204940599813,-0.03421780116991239,-0.1045047904198886,-0.050844746444885375,-0.02286675982701426,-0.03759124605641855,-0.01917310877983473,-0.1665550567588599,1.7676948990351903e-06,-0.395356499824446,-0.04131100435260301,-0.2931513955112831,-0.0009463232019967687,0.07607480299378336,-0.3109972385637026,-0.3624224807422633,-0.48087716118629903,0.0020791028967893253,-0.058573111520010955,-0.01484778744208771,-0.7559200303878222,0.7115949034295037,-0.06310114090104871,-0.3681747644643123,-0.4092013025979993,0.004710902920481647,-0.08614846032645176,0.02637217598691115,-0.22466793758946513,-0.09515232132111098,0.0,-0.11826203659917016,-0.0036177209077880123,-0.012620675785138645,-0.0026066429180592945,-0.12654206374729046,-0.016750598614405282,0.00041222798984209526,4.8465609581316554e-05,0.009710547182621494,-0.09064680539089873,0.01649119013558921,0.049051968239325935,0.1667325428594413,0.15941036206762743,0.4962046724529175,-0.24993454276854765,0.14939025702631706,0.1447292037716647,-0.29841152462119913
-4.641762590389565,-0.035077357571222795,-0.004611554210324934,0.5754240394243694,1.4493379569577236,0.03228160073243692,0.05911938963164333,0.0,-2.5101657373797366,-0.011865150418309075,0.2054396833139345,-1.1468989870374249,0.31585662150477994,0.017478313777990688,-1.3879699060948374,0.026298539589182074,0.05868290100955338,0.007394590469708242,-0.23675209345157625,0.019789638418696874,-0.09262700839756775,0.17305473170356644,-0.05495742626134982,0.04531033946617783,-0.014351839290142245,-0.026762069048985454,0.08776718988999238,0.03511809922226413,0.08695928083774611,0.03543133841568213,0.10176472241990252,-0.03266008593034253,-0.09041623777838788,0.016611985143189494,0.003982236424966593,-0.03230866704048167,-0.09854571149180393,-0.12663691999821663,0.01150958237282145,0.02383262474893248,-0.01396647320677791,-0.3708766523479192,3.8056541818576187e-07,-0.43439919166596486,-0.07248066830485823,-0.357891705285361,-0.007166297783348603,-0.055679444852752266,0.2861583343152926,-0.013765671960586687,-0.6043268101314373,0.009709082233866918,-0.058829320141586906,-0.08930676906209617,0.10927169185455057,-1.1078679444502093,-0.05069279361633219,0.39220678637772277,-0.20850998754654093,-0.011387149336543445,-0.07815786670049339,-0.02736265764988402,0.0723140708111151,-0.15994945695179447,0.0,-0.08926756214269814,-0.027871380220072503,-0.006371957207085287,-0.05677447444660812,1.4762971615888982,0.007322295910811082,-0.0003209997400270776,1.7539376590847925e-05,-0.005138349185344527,-0.004759936614200225,-0.046089155133593886,0.002879549759072832,0.06291445550486077,-0.12468593168419696,0.6522449639907731,0.26428004966719276,-0.20534222926122728,0.06782404586680761,-0.1699676220573996
-5.134322515133664,-0.08360834236460869,-0.06585766067753339,-0.26180652023186984,-1.4510751483394613,-0.030806715188107722,-0.011630727472400907,0.0,-2.3835084235089976,-0.009872630895727824,-0.5586585278091803,-1.1003372358791788,0.2602134825056466,0.016840161962599236,0.0688493501189223,-0.03815251230717648,0.04892772450598468,-0.06441743473813696,-0.3265465570159045,-0.004663064238987059,0.015821538236422742,0.3069405606500142,-0.13562288724502625,0.2250122587802422,-0.04064072910625569,-0.012574452181380435,-0.044378319767376107,-0.10294797025080518,0.08930871434717219,0.009489590104458968,0.08082004297824576,-0.04555627534816745,-0.11377885903891068,-0.02962679270300306,0.005004204940599813,-0.012518565921768966,-0.13723579003343606,-0.08943287001756278,0.008877195180195826,0.02063974139276429,-0.02041292678145749,-0.22778323005279022,1.7676948990351903e-06,-0.37950855756117013,-0.09644839367922428,-0.46553776266340063,-0.0009463232019967687,-0.055679444852752266,-0.7023512144851024,-0.02507031589726798,-0.7122340853862206,0.01233455977193563,-0.04021044553019311,-0.08026539197435165,-0.17116270109523843,-0.878758604379337,-0.059285171390841704,-0.3551994609364936,-0.12900805188000203,-0.03365781727296094,-0.13800102873763498,0.2551527428166591,0.07795136248256435,0.12907417633645138,0.0,-0.1639645094502623,0.0015554717268906793,-0.013329598041780683,-0.055577560372788846,-1.4317981297363254,0.02194906025335865,0.00041222798984209526,4.9870602194669166e-05,-0.009404003121945878,-0.092639655678064,0.038199655659543294,0.008512783491069018,0.02514512327085298,0.018404839743248615,-0.7804092210703459,-0.3384152391351613,0.12100449394999963,-0.04651975929211383,-0.8104178471416533
-5.6512716323193235,-0.08159779779903942,-0.06453186495204098,-0.25153730301438487,-1.482410311169644,-0.030806715188107722,-0.01852886544777609,0.0,-2.6023437990928846,-0.0024066070338985314,0.30637999885262174,-0.9627656819845352,0.27829810169846897,0.017885815056193813,-0.04022491813184381,0.022465949308862962,0.05883322723894831,0.09169388067945754,-0.3151104758433255,0.02499671660668072,0.018148451554031855,0.33115803403507016,0.13859209517330248,0.250025539644801,-0.049924033527083134,-0.019037859453392807,-0.06904986961802857,-0.05639470766176335,0.09227683409456666,0.01900014255498369,0.07661962175128682,-0.034984906012642765,-0.10468407286659855,0.003504920007390651,0.004064676144663737,-0.025923187949965603,-0.15336181203548313,-0.08864514952043326,0.05829030083741041,0.022322252050768494,-0.017682512710950952,-0.1264129897502087,1.7676948990351903e-06,-0.3617340599366385,-0.0823423586040446,-0.4615580641125394,-0.0009463232019967687,-0.03625145748697267,-0.6865924350122552,-0.0315226215263401,-0.7979776129261533,0.012334326033725036,-0.05840579166095342,-0.06861897094449701,-0.10629551656139383,-0.8517009546066974,0.049967434496506716,-0.3875445000497395,0.10587297961745078,-0.03365781727296094,-0.16408953967885506,0.15225298655446817,0.08044610306119654,0.13975550952536597,0.0,-0.1649231262576118,0.011767049922267315,-0.0071720956845039326,-0.011534425867280797,-1.5801738464404196,-0.016750598614405282,0.00041222798984209526,4.9870602194669166e-05,-0.010252644041550314,-0.0347824833696768,-0.037405172526905846,-0.01770622037314484,-0.012050295126354017,-0.1540202433113102,-0.8346473351893507,-0.3102248799281054,0.10978134550504995,-0.07905417394049043,-0.6978307762816448
-0.21123769289034464,0.09537516421413014,0.05967585333950942,-0.25540407502495616,-1.5738806529930953,-0.044674888081690324,-0.027412193107618357,0.0,2.902005568493825,0.007747782419856669,-1.4334164282987936,-0.7636629619810799,0.11399166537447514,-0.03734722301816758,0.27320980381916193,-0.030784995772586147,-0.05177383484760469,-0.0809106403943916,1.0217084381831993,-0.002700938340711709,0.04884776019381086,-0.42000393780853273,-0.18216839803383394,0.2399656046886025,-0.07808603306303613,-0.004664779940014425,-0.021641550814383834,0.05191028932238655,0.0694154805551986,0.049900066743680985,-0.3636404197510591,-0.09303570611545463,0.15572414933766052,0.004957721270439811,-0.007109118256225581,-0.023079745664441084,-0.11385288688515147,-0.09507094015879236,-0.021548694799865896,-0.019603907585738597,-0.014509705215888777,0.219629445001836,5.518113190756176e-07,-0.060664367392568426,-0.08112185281707973,-0.6717271422568655,-0.001999323542976573,-0.04382574348174891,-0.6828325951698268,-0.11847276406342921,-0.6319450245104616,0.003103679024827003,-0.007195379494378085,-0.18469015571552772,0.5479096035375599,-0.6544414925284101,0.035591252669950835,-0.4658917757933927,-0.04720972467481354,-0.03881994664679451,-0.16183044762998716,0.18459624980383144,0.017819002491764505,-0.41542315030775584,0.0,-0.17090083132300393,0.01144017848256131,0.003029821197467423,0.03179846702937369,-1.6328147282324152,-0.016750598614405282,-0.0003356517114175895,1.4998521223185388e-05,-0.010916064324989502,-0.018816673123513785,-0.10386944685863717,-0.01055502389148636,0.05400896095266545,-0.12896699144031715,-0.6009110520756563,-0.45601185475478434,0.1344079574351917,-0.14888474369935475,-0.9717818066550039
-4.767150150960009,-0.07049278033587818,-0.03599990946813122,-0.2734030728100371,-0.9685590699859361,0.07334181645529805,-0.04148101380253486,0.0,-2.592155057995865,0.02409970012831516,0.18440742738993512,-1.1476299709511855,0.13574781602239192,-0.036642343235603544,1.1697525242590545,0.022062436746500907,-0.07574957412728398,-0.09723731189191837,-0.29207939145172823,-0.00973158516378266,0.01856392404864941,-0.18066552364642519,-0.11581043249995242,-0.048395061173579564,-0.0653723479639326,-0.0337282362411833,-0.03176540823231082,-0.04856724684667264,0.06602242334926026,0.026131309630143325,-0.26347686226870276,-0.02942523106916571,0.06719565770849832,0.005870903208197325,0.005004204940599813,-0.031472344041956465,-0.11510836920932688,-0.07440249757946865,-0.03867971444889942,-0.013784680603022128,-0.017685602531098948,-0.3620805459451189,1.7676948990351903e-06,-0.3376216800920177,-0.08524935372879973,-0.442753054014455,-0.0009463232019967687,0.07607480299378336,-0.6702847763225325,-0.23127132804423642,-0.6981200567763105,-0.0018266446469647336,-0.041903276612726595,-0.15191123089415556,-0.14842463388229038,-0.9199585216261508,0.0394532408446897,-0.3449069746089208,-0.4086966979463966,-0.026509447444551974,-0.06572830900611039,0.08967886955003936,0.094452291860663,-0.03299021991444012,0.0,-0.17070444078835198,0.010705196029895008,-0.007918045116303753,-0.033558025987410464,-0.21315664714584376,-0.005588067931934772,0.00041222798984209526,4.9870602194669166e-05,-0.005823393915629419,-0.03958461828178665,0.019861438216680318,-0.017706852176077495,-0.05753626054766924,-0.147228855335645,-0.6469553021427378,-0.309542055699389,-0.0995606986790808,0.1694458626641307,-0.6988526617110207
-5.042866485326438,-0.038794290746474516,0.06786301053555062,-0.13072359874287903,-1.488822412452007,-0.018111134205121705,-0.02298568589183559,0.0,-2.400692584949899,0.027559768763933516,-0.5958651994156667,-1.0354863003414607,0.17467065098459286,-0.017342304766458157,-0.4858536150535681,-0.03414185058408567,0.03546411564561195,-0.06127592458874991,-0.24494375796198575,-0.0020847807198195404,0.015820201756752094,-0.36906909599321447,-0.18225544240190894,0.19162300990586184,-0.06379246142768093,-0.007172454662720772,-0.07880052391351235,-0.052059035098384145,0.09889542231260953,0.029880869672887812,0.09325889973466651,0.018590282644957972,0.17815819154933282,0.004387658764726523,-0.009500068314791497,0.02695169590957555,-0.12788273248294799,-0.0894061829404021,-0.02344752611252142,-0.017866093254630122,-0.018300863199886473,-0.027112876961242923,1.7676948990351903e-06,-0.09988591173456428,-0.06820492006558866,-0.5727517790088987,-0.0009463232019967687,-0.03625145748697267,-0.7079218879368846,-0.056768915151041134,-0.6518965011642036,0.016027191586473054,0.038224683478777145,0.0393631427421033,0.5275423694488206,-0.8756052805210932,0.03988011105390954,-0.43285071702925615,0.08254506981225389,-0.03370606620420698,-0.12660526025522653,0.2811573322948678,0.06719605374802401,0.004788089057775807,0.0,-0.1669386720238137,0.012765155121414856,0.013237425125364601,0.029821943060315152,-1.3520824163176297,0.02194906025335865,0.00041222798984209526,4.732625473900798e-05,-0.009404003121945878,-0.01546274269909524,-0.024847262698938603,-0.010440106944088503,-0.03605081151636062,-0.27800300479168416,-0.7442017723511383,-0.4149796596268807,0.0649478180599399,-0.15040205585436112,-0.7543522597760282
1.2791321079984082,-0.03253900337667762,-0.03738125937027711,-0.19778446840869093,2.0495425904129427,0.0338316192676528,-0.0018526147202194633,0.0,-2.7289091026595416,0.001875583975715469,0.5339734716103074,-0.8740083256620901,0.29922894567007624,0.02630287054970186,0.3194710836302183,-0.06028267192908793,0.0489544561191048,-0.021214228112475395,-0.12963171036388388,0.022482996488169503,0.04392768320984691,0.3592951866382172,-0.020989019222816766,0.3824056192241627,-0.02798230748182277,-0.0074460588225175525,0.10064301626230002,0.03607088924427796,0.09361666725455521,0.06160720887008252,0.10882270677773205,-0.030917996044419877,-0.0719349407249295,0.021601246415520376,-0.001124009018230415,-0.032101248583815065,-0.06016541971983073,0.08081358111394228,0.026378760877431313,0.025574662936874392,-0.011575262153309961,-0.1910041754707444,7.036320924513071e-07,0.11386430725978851,-0.03958977320056994,-0.4909185817490598,-0.007166297783348603,-0.020611485428014036,0.45319367085855716,0.14358403494329305,-0.5299774101140808,0.011255761068058876,-0.012035915890864392,-0.049089761916427624,0.6748963206418757,1.1193924529976567,-0.022445162463245138,0.26662437159971286,-0.20056377675152418,-0.012029820865766093,0.07435886584533258,0.019893603802925448,0.022748078179933566,-0.3101517300778257,0.0,-0.07524568372848274,0.05396262298011871,-0.003395579141725079,-0.053310002864089774,0.05470073922961772,0.02194906025335865,-0.0003209997400270776,1.4285494534037801e-05,0.00034613573258552514,0.15702109773324474,-0.0530550075099365,0.002858764094792616,0.1453588765321107,0.06830096738273755,0.592769663785449,0.36456186407658836,0.1089607177839011,-0.002279986557678146,1.4166409047957658
-4.208067504564336,-0.030109085838096617,-0.0027120767090772252,0.38441690425975195,0.8507386231933696,0.027523261221054935,0.019161902167539904,0.0,-1.8490581524436036,-0.04514598167150919,-0.4663185607777156,4.202193805587912,-0.32215669382346945,-0.4334312861035542,-0.2026658257419121,-0.02012264012993602,-0.11124823989350675,-0.07002844997221574,-0.2957430356292352,-0.1394724586597049,0.006893908564929032,0.07162174179022986,-0.12817849716217147,-0.7729945046219682,0.0785120637807508,-0.08177354326715454,0.14840141379408742,0.09885140655618091,-0.5630898387398525,-0.20981983743638807,0.0707840353071987,-0.02791688134705019,0.01458443203071858,0.012230276726431148,-0.030523428569678428,-0.030886724613151614,0.24129687674443054,0.006514415462684453,-0.01329614784023079,0.0043561723075189115,-0.014733319604772428,-0.8844756275425119,5.930942657045215e-07,-1.1843944749131656,-0.10068578934905022,0.48911554011028147,0.0007840144103487276,-0.010625376610954518,0.1791580867787638,0.15375495734006733,0.4645717584800948,0.006995359140539918,-0.05403437237877219,-0.05515119697865213,-1.6700300379741466,-1.3044609803382068,-0.0037187533623530837,0.16771676906130634,-0.027832605410385142,-0.009410851581976996,0.035231267667871116,-0.005401613192379428,0.03052216096487849,-0.09885028158476877,0.0,0.2073792108790267,-0.030776111879523546,-0.012670700912719669,-0.030620313817658697,-0.4004884247465736,0.0023992047228941294,-0.0003209997400270776,1.1815209762167794e-05,-0.001702633660862242,-0.09001256759974559,0.013143825224661948,0.001217795812998419,-0.061432351163811856,-0.019005123077111573,0.20927522254749226,0.17004643905528274,-0.022927257807516137,-0.17033132732179468,-0.23738569036757703
7.245867974226572,0.3294361262670406,0.18546832242571182,-0.0801678280332568,-1.358361111960796,0.031210176139549677,-0.03374081608825586,0.0,3.175514794968098,-0.0026409390197545644,0.7985599632736994,-0.41293978313805657,0.28206694710714214,0.03192127683546326,0.3277753460716827,-0.01762066707343292,0.03973491993361413,-0.0383361762456353,-0.20791745839436238,0.016387164826395087,0.034198377817431826,0.36884870783976503,-0.02729630793677883,0.39265709873559396,-0.02970387668821486,0.0019942619518334985,0.03371114398415359,0.027642247233837413,0.12322854196775815,0.06192251346989837,0.1129275671480321,0.08288058700171357,0.044389153306931696,0.0027984452002257202,-0.0049503191565947995,0.025518851382876042,0.024227007072077603,0.05659979402601653,-0.03899842992317865,0.00711253361071101,0.2619219326907648,2.891295177362377,-5.097680176980191e-06,0.33084248551726436,-0.022639691335790146,-0.3296548141072693,0.0004934302574051615,-0.015367748970092026,-0.5845112827259603,0.025279432352661127,-0.16976295060367738,0.005246424907417847,0.1357141482028238,0.19597644575318557,0.5628025699398317,0.0506098329895342,0.16018654861803028,0.2168330850246206,0.011396078647175612,0.06204415898512819,0.7608747323091042,-1.5237452677525969,0.007202413983899541,0.14894054398291795,0.0,0.0023445037940705905,0.009788018908575438,0.008827592950597141,-0.035065804924721916,-1.2738300650614833,0.02194906025335865,-0.0003356517114175895,-0.000198540954414594,-0.0016500628863188255,0.06184345693560817,-0.05926922597585772,-0.006291536224460226,-0.1592426560831955,0.09453462847553873,-0.26197970208937205,-0.22071755994445796,0.10352530390239276,-0.17739009202069175,-0.5399000730062656
-4.584686911046595,-0.030905296159669905,-0.014713751575566928,0.30289657246454765,0.6940107830524119,0.039017133338982254,0.03930517629097245,0.0,-2.415487661759313,-0.01148841623081577,0.31149036651720213,-0.5050812675664806,0.28423288482184367,-0.034113494501118447,-0.2561672564835431,-0.03462728997904381,-0.08394516386794756,0.028624084446533696,-0.20657738545351495,-0.03205959082548874,-0.006756627858029327,-0.24286534342199817,0.05982231708764263,0.0847694858862902,-0.03451710506021218,-0.019066869980711172,-0.10187835508581233,-0.14234367157247002,0.045659572258398964,0.029128553102556274,-0.3736916954882989,0.19835249802950858,-0.1044445508659436,-0.04377031851590418,0.10784688320386383,0.05051091691228413,-0.051752097656906464,-0.03708519178539227,-0.01176960001252385,-0.009708009479721657,-0.01674429411026334,-0.05597123007634289,3.8056541818576187e-07,-1.1468067547065717,0.5050112199533127,-0.2916813206739669,-0.0018947014916760913,0.0355117873451031,0.052004353639788135,-0.3743643378059829,-0.726965170285782,-0.014657030815855905,-0.04952719331334603,0.0021391345780391157,-1.428345661947411,-0.01837027649125715,-0.03471003894335014,-0.24544554319120415,-0.15867706420114408,0.050524360262096404,-1.1634781804451084,-0.06183451953199561,-0.7688858423806977,-0.04675228019527221,0.0,-0.12858646804708093,-0.02336166362657488,0.015752420071355095,0.003401865820705171,3.0968829685822916,-0.016750598614405282,0.0008292493284032835,9.780409277355853e-06,0.031928267906198175,-0.08474752758042506,0.02205941172371653,0.012983781123731743,0.12024435324329677,-0.5079420866404009,0.5719553606359599,0.09421610784224345,0.04897292747095186,0.1600448807580913,0.7016124337602163
6.919089122474928,0.3297218061800767,0.18546832242571182,-0.14648066424128742,-0.17981711170269796,-0.015317335383338859,-0.02629759635701145,0.0,3.366481833249977,0.009029653325347754,1.0046659495655637,-0.4392066413366839,0.20942099736506448,0.029596973687106995,0.4407954637296277,-0.035766532764713345,0.05498192702088181,0.06995512523409451,-0.16076343874067792,0.05063476923182956,-0.10490967732447666,0.19779414703113957,0.09656749219323042,0.4780379898912169,-0.029537918749921357,0.07836951927316478,0.0017450553995195567,0.07821446078973639,0.12756667539873814,0.08220058357931476,0.11339641918470554,0.08642684913614045,0.03373979244003071,0.0025514117929698126,-0.006138153414278986,0.02361870956741736,0.05350848002528546,0.08180200752788276,-0.038547402967334485,0.020788159900492306,0.25899290166577016,2.9140108565688005,-5.097680176980191e-06,0.34982771538008706,-0.03551142504936008,0.4515852007815209,0.0002862826493435608,-0.015367748970092026,-0.5774671205526143,0.01219729320333548,-0.17356124182721383,0.031647220924590796,0.15565321302187238,0.38301929714129346,0.7857103753842938,-0.7217606565217272,0.13600082713879155,0.29268251522223043,-0.0037794597084663635,0.058274149990020035,1.0819889068179986,-1.4880703964183692,-0.008555856200511693,0.2380460180235947,0.0,0.19108171679650776,0.009817900502092155,0.00709648109248482,-0.0631368429244131,-1.399606283710316,0.007322295910811082,0.0008671002544954403,-0.00020139755853822465,-0.004220106091668742,-0.01034312866572464,0.049733721831918994,-0.006291536224460226,0.11911509679462341,-0.00022013137625926348,-0.2613135733725037,-0.19800035928774307,-0.14493207312594056,0.011577318827293464,-0.6167066826409247
-3.6386506679734296,-0.022751255262366654,-0.013445149656070724,0.2924230413802484,1.0305091428571216,0.02561892961764453,0.04137974521715031,0.0,-2.2547142549659376,-0.008399230602326167,0.27709907201663947,-0.7329463895609277,0.15636003877706933,-0.033981789653788,1.1908304689113198,-0.038754917973607195,-0.08394516386794756,0.02960748191423788,-0.2206455634757727,-0.10587921800790494,-0.012193696867978988,-0.2604057074654996,0.05804529722510227,0.03187228193818185,-0.03451385732682082,-0.033242030479285374,-0.0743872601432383,-0.085331555942792,0.04388388659548871,0.019206506038994122,-0.3736916954882989,0.184611666745084,-0.155336535638214,-0.04377031851590418,0.1078484387620314,0.050495434994435415,-0.04381123055590413,-0.03581183579197608,0.0024475668424222595,-0.015590837887031089,-0.016751333011712555,-0.21517128426680274,2.6699301521949156e-07,3.111147466060535,0.5035401235008916,-0.29688226330593376,-0.0018947014916760913,0.03232331856316748,0.35808305231562704,-0.41260246512317145,-0.793421550141586,-0.018882927758284956,-0.04745594169566278,0.024571796755157513,-1.3532251550812038,-0.015308216752918699,0.0030270680642897232,0.24825754546297518,-0.39510248061680103,0.0505257160708909,-0.6548336605383478,-0.06436736741189653,-0.7840171588006103,-0.080606371684057,0.0,-0.12870591591811756,-0.033085649940894274,0.014954066558258454,0.0016416375125952835,3.029712872954126,-0.016750598614405282,0.0008292493284032835,6.955337010489235e-06,0.03315926497163998,-0.12051049065650736,0.01649119013558921,0.013047623786991105,0.06811627211534867,-0.31811801021097735,0.5492143735058609,0.325127040691178,0.09046817676425559,0.16113302877632346,0.6559540660210581
5.263862858122515,-0.027303117225281667,-0.020323999652265706,0.34202904135430556,1.4185013372133188,0.034267622354280144,0.013529832085093434,0.0,2.540630601654824,0.028690054160117672,0.7541060268786454,1.7715307651098025,0.2824373574019074,0.04343274858501717,0.48169469716302404,-0.027030009452558637,0.09993557417518682,0.05978510199687395,-0.10868920089906078,0.09023533743276535,0.02625712534005635,0.2132141974134877,0.04345562224205957,0.6538331577529004,-0.01144407413713358,-0.0015734988691011812,-0.006619634762948708,-0.0433667299889647,0.09380583367074868,0.0610907281617726,0.13072415935721104,-0.018831469783976474,-0.047892364582125146,0.012495881157827498,-0.016786551102995442,0.0028083476516013906,0.005976015544819469,0.095655419567361,0.02469171160596243,0.027713985108728877,-0.0031391024872510255,-0.1573983646201863,2.3302613254744297e-07,0.21276173674338114,-0.05080680895043354,0.528219053627328,-0.0018947014916760913,-0.014357328904925113,1.0170514536521826,0.11274484498954165,-0.39513116071221327,0.00673498380105381,-0.013913990062616212,-0.04570135670851201,-0.02874949779131069,-0.893481311216433,-0.09085589444671767,0.39045694588342483,0.2401031167435051,-0.011006310268280153,0.11280589289898277,0.32708454193454023,0.12645916463903673,0.2518771410092884,0.0,-0.06996608129954725,-0.0012309384330780326,-0.0056036629097458756,-0.009416701367259426,2.1655471735881435,0.004300331612750459,0.003124767501188775,6.05197055774504e-06,-0.008340912338912152,-0.015487062993031084,0.04862622209017354,0.002792114196103393,0.0592162265945252,-0.01040715394056067,0.563564680593551,0.5243749562931698,-0.04728237548906997,-0.002641036261958475,1.3146721571131315
-5.209702395512757,-0.03032060165956361,-0.0037269239712835124,0.3549786988322648,0.9233847969200235,0.03256772464221043,0.007455528724635057,0.0,-2.76719438821031,-0.04799882723855348,0.2989951236888774,-1.050262374831081,-0.40980367552187347,0.019052804898629587,-0.24959384324743597,-0.02657293272737263,-0.10703040359686818,0.05639271652139372,-0.18291583336224604,-0.1273387939100861,0.018793307681840003,0.11766312796706745,0.08210233256934915,0.2779584038828915,0.1451970245705347,0.03982450716996962,-0.12253137085962566,-0.1267351705487711,0.17223947939120324,-0.21265117128429814,0.10611716214512046,-0.04478813200808187,0.0105082571046463,0.018822359410992164,0.009590830736567088,-0.026902993675938208,0.18503611254787536,0.07813588367672092,-0.031237335749202715,-0.02263603811328988,-0.014558392291512491,-0.17997391367389956,7.036320924513071e-07,-0.3005321818711365,-0.07343856873246134,0.5528049920316781,0.0007840144103487276,-0.020611485428014036,0.1499864734428272,0.2188429839812899,0.7427029282891292,0.008127401301465678,-0.06612524976435666,-0.0820498507995854,-1.4554963532649448,0.05410214590330919,0.02898316563650152,0.2618616980498397,0.062492672135589435,-0.010446232522889301,-0.09271750502027208,0.29337499647999754,0.15755167264664127,0.16795272580094744,0.0,0.33844001328682843,-0.03382680715050976,-0.011694553970349892,-0.013908241365707445,-0.2432204360042463,0.008258591198378606,0.00041222798984209526,1.8557590721978703e-05,-0.00033971314946672107,-0.05381713749845581,0.013756611556725013,0.002880064158078846,0.028709008741057637,-0.5672953184516425,0.6611648629856515,0.12930731508197424,0.0664299812548348,0.005129413375502839,-0.5184063097395927
4.8086157336560005,-0.022696690486610528,-0.02071087724752278,0.3437422702156028,1.5925417383989986,0.01372938661568746,0.007645840089639615,0.0,1.6617688525750691,0.002895382407013246,-0.6252793168302351,2.323046857523845,-0.34963409253830835,0.04285080777243702,0.045733640586054176,-0.0008067824725249482,-0.08250190470384342,-0.009395798470038488,0.7060894675551206,0.05655672003048784,-0.008169644804954721,0.11548416780127499,0.03689388948125687,-0.7212331896957391,0.19093506828670892,-0.019765219891665485,0.04420242371531179,0.014429350269073183,0.15973223543674697,0.060056287385596784,0.134398701124085,0.03219924992235032,0.027403497215645636,0.00649756513379861,-0.006836506320727141,0.01646626172668512,0.15516883322110955,0.058228111656083,0.034532006991425786,0.0027967649970970392,-0.002522433653688467,-0.09097950934093549,-3.4371354550843925e-06,0.07106278416959996,-0.01672550076320383,0.5210403480676867,0.0029653646000063214,-0.014357328904925113,0.9873670174748125,0.19675978442144226,0.4292789379558669,0.006304542586391067,0.03428087356043462,-0.02583423767074815,0.8124286343205772,1.1771854743172037,-0.03409562268753502,0.35282897700591825,-0.06679187456045658,0.029099825844187778,0.5466603096343121,0.5429064030166808,0.06241277567174263,-0.2442362730474965,0.0,0.16752023118104103,-0.006699970164760239,0.002267579723501346,0.014961137009905291,1.6627358084764046,0.0030150433683428903,-0.0012095874198150072,-8.44611586688583e-05,0.004299344940212181,0.0662068527737043,-0.04779714130647985,-0.004864248478985809,-0.25493663602415356,0.1600584670276747,0.32402950028536187,0.38379248844064573,-0.03675039073400993,0.017880208519160487,0.9370293324477943
-0.06650590793720641,-0.02662644990284569,-0.03626785106051155,-0.1759255243389505,0.9658834496855648,0.09129827982075163,0.020535730390259938,0.0,-2.209280067026588,-0.010398858438726536,0.4051333609355857,-0.7043148848454837,0.3494974161304441,0.022722003448646416,1.1589166695943576,0.059882496302628825,0.04776352131950473,0.054098214255430925,-0.1677372908964648,-0.04112428861462839,-0.015897170360001375,0.3549754067459102,0.13583230020331374,-0.050181799813256385,-0.03165840750046872,0.010790424058111467,-0.09254945283059413,-0.035174065112595715,-0.43803956889263534,-0.09182590516751628,0.09642513726918178,-0.07866375567665178,0.1689647553902429,0.02489087880993771,0.009696673857622455,-0.010320310641943742,-0.05150720981679828,-0.050216992975674446,0.0004879008890920037,0.021840876842012757,-0.015662881637272218,-0.5016537473770023,3.626587607861629e-07,3.0594675680904486,-0.013266876623751405,-0.28041023842374313,-0.0018947014916760913,-0.018185683610130378,-0.24896475212165,0.1242551487335976,0.6377993846063381,-0.007155984824079233,-0.08523223773184094,-0.11627645208135105,-1.0329227065341204,0.24312337108323823,-0.013549500275092332,0.12660636421594101,0.2872521590280999,-0.015766650704165126,-0.7324731736291459,0.44985403785457984,0.04637413931012281,0.20447046377280564,0.0,-0.1019352601284863,0.039256839928332704,0.026751716878771717,-0.024181172745485015,-0.15232717130362616,0.007322295910811082,0.00041222798984209526,9.318702918478328e-06,0.027422303547609005,-0.046954485676004076,0.014072949891152771,0.013110882022770822,0.07407630863253065,-0.3151628196019374,0.48790757710374727,-0.2250560143686416,-0.1946555051541933,-0.06054264721231793,-0.5001833849615974
0.459090654922181,-0.025710066782626887,-0.01826621995994059,0.4500255732819027,1.9695515303051971,0.021496130614368326,0.021672098286857865,0.0,2.0132104529856516,0.0017008988847157286,-0.5991610340351083,2.668071411737657,-0.39687611713778437,0.02762205437539498,0.13263375127433732,0.029837969899170005,0.07933819081950066,-0.00868994520955627,0.7477523036177208,0.057111226990598576,0.01422073885832719,0.1370186040579316,0.007672392303507116,0.345558174182312,0.19529646484138743,0.04262742034397723,0.09067849578646295,0.01508100894325311,0.16352524290527098,0.10510237183677615,0.12791068596946814,0.05120658228452059,-0.03739528600615167,0.021172058406226674,-0.005549501134681068,0.09585671210367429,0.21200703450063121,0.07299750609457285,-0.062280964130407485,0.01749115654472389,-0.008914747812558644,0.039323708353403236,-2.7120482838784523e-06,0.3423014139701489,-0.01922908606203869,0.7275461010349242,0.0029653646000063214,-0.014357328904925113,0.9952339633899331,0.01910599724476142,0.5761948546285612,0.0063957381579085835,0.06173244010144302,-0.015947283278442363,0.8930828189434757,1.0591968061250217,0.035859763389268,0.4195148325352211,-0.034609478525422996,0.05039632569499788,0.7134924944973597,0.478195715749769,0.05317647697479412,-0.28479639496456044,0.0,0.19909589053536791,-0.005050357253251242,0.003636556028738671,0.014951038753062355,0.9164689641873133,0.004300331612750459,-0.0012095874198150072,-8.138814235097514e-05,0.004214414184508481,0.08303990238921903,-0.05154392750198478,-0.004015852679766199,-0.23928805569710426,0.07609824497600494,0.5085349064372104,0.611191568422125,-0.10362634462868506,0.01442211645829533,1.1053789578435627
-4.547141139913705,-0.023517566162055754,-0.0030630756527862337,0.3575926748409354,0.6822614167696001,0.03265365076134778,0.05898888672104428,0.0,-2.551207145479231,-0.04347636315225423,0.2537380779536798,-0.9597309576707231,-0.4054158833319311,0.018966576477242404,-1.220853095424508,-0.007093681278774857,-0.10276943441118375,0.028899938780816606,-0.18245874987304742,-0.14538486122198613,0.02136053979344186,0.09182906301526834,0.016822015927421524,0.004952460691125898,0.14081346826130767,-0.05904559288967913,-0.06676529902564556,-0.10510188455891495,-0.5740842653417154,-0.17161642659271253,0.06799422588609785,-0.07461487010023661,0.016046467633241263,0.012001326857462455,0.009590830736567088,-0.031877445966954965,0.12446413062345757,0.041454317441496254,-0.013336347880822762,-0.02088277510941657,-0.01547105180929137,-0.9715278240344197,3.3796696512721196e-07,-0.5967196250177452,-0.07803702557906898,0.38650237221749256,0.0007840144103487276,-0.01705269619067983,0.45424411517719443,0.25302226347553586,0.606468485655472,0.008149214211644783,-0.05999591266190702,-0.06251863659567493,-1.8642408486856146,0.05985868097599019,0.03764312732725605,0.30029812355808577,-0.0707403986511445,-0.010465584012424579,-0.051377443022228075,-0.016448909411726595,-0.41616970945881315,0.13198700045664313,0.0,0.17274616172076004,-0.05366286087633154,-0.007451417725679281,0.001076009885566687,1.608097524201539,0.0030150433683428903,0.0008292493284032835,1.4115215109637984e-05,-0.0063367814502847866,-0.05215488969546123,0.014860247791655337,0.0028774999920220083,-0.003116281136044362,-0.17049245805534427,0.43752717106787437,0.3920553140177123,-0.16820591022966017,-0.0027535695710809503,0.1227909668815883
1.502730055648977,-0.03007783066222138,-0.027377273081568385,0.2631827692378528,1.4835492392068905,0.03463254330896764,0.04127250593788093,0.0,3.4618155404357833,0.008428427141826048,0.9390553656151347,-0.6188530250493655,0.22694511987374844,-0.04906668703150663,0.4601597901307685,0.008896524780227432,-0.022897908345745222,0.07366166071927961,-0.10796706492179747,0.08418155452959795,0.01537260477719296,-0.43082207867365985,0.09245851835664706,0.6063669606257142,-0.05288059640240474,-0.01796107104338735,-0.08731351614648367,-0.12191496808566972,0.0968451138870833,0.08349835378667894,0.1210293065743595,0.046922672375680985,0.15614034214785077,0.016890620210385027,-0.017237006639770524,0.08752084291565414,-0.05907914411605527,-0.11880491111094169,-0.023995397624563403,-0.044183405422777114,-0.008383533087262945,0.27458287918204993,2.3302613254744297e-07,0.2622473587765187,-0.0387907436469534,0.10991458224336652,-0.0018947014916760913,-0.04382574348174891,0.9891141067373633,-0.21144531686774024,-0.5951404648349538,0.020172084424927125,0.07981946432152343,0.032113587926079226,0.324121415335232,-0.5446542629862319,0.116716539455261,0.38393963214491394,-0.10639913637887788,-0.010863794920375515,-0.01868078892683852,0.42155218253141985,0.06518805826154195,0.3339268330061387,0.0,-0.11865945245388577,-0.0023150614966121275,-0.0036352326003809684,0.02229260729223101,1.1699810847461432,-0.016750598614405282,0.003124767501188775,7.909275611162861e-06,-0.008319858031108704,-0.043510137227990055,0.04307325742860349,-0.004015070922937064,0.07990308488093507,0.0985952988280358,0.6404551135302294,0.2740824830995763,0.1160989908868775,-0.08340636991128517,1.5088501662717784
-5.420878125299595,-0.04530942304513,-0.041579824872474025,-0.15657154379030727,-0.9064514356797095,0.06664641508447285,-0.04235767558480736,0.0,-2.620302203679809,-0.03343645607344643,0.29877981838526496,-0.9972987433597771,-0.4728629867301181,0.01717373237191517,-0.43579587263180275,-0.04995420501257798,0.06098167600877972,0.061483585163733555,-0.20014705390253612,-0.06575945513227482,-0.050382083461585646,0.16396565001135513,0.18332101553068034,-0.04065186405123587,0.130849475778412,0.044014184843919155,-0.08303155508783897,-0.09532376357769919,0.16746454360271118,-0.20075742573398944,0.10562608728042676,-0.04546645938199998,0.02122965413073502,0.01663910588776424,0.009697507072111842,-0.012091670012456045,-0.011976212957916742,0.07665360043854329,-0.010940748762615896,-0.02099001244430138,-0.014761420203828665,-0.24982461067825887,1.7676948990351903e-06,-0.486247527085718,-0.08485764965742847,0.6583364013403429,0.0003915820146193533,-0.020611485428014036,-0.30375763858434307,0.05425618499392755,0.812023545073929,-0.08441037511354822,-0.05629503442460407,0.11083288725102698,-1.2849880298365428,0.5114326047624536,0.008827629718387174,0.22418545601586504,0.03516792884940467,-0.026477491068044496,-0.09958371639578391,0.058040351016304795,-0.2437237460546823,0.1434943082161615,0.0,-0.03823725177863031,0.005233275129013216,-0.012585599231808941,0.0028783180905089835,-0.7026668038797563,0.02194906025335865,0.00041222798984209526,4.5921262125655365e-05,-3.23047427233992e-05,-0.04865461228619102,0.013687317610128319,0.008512278198261803,0.05150158150004767,-0.5342085258156396,0.5116185372453279,-0.1725173269852395,-0.04026939452295039,0.03617083715779324,-0.6735072013002092
3.2016514070932027,-0.027780415521130662,-0.02180835554716738,0.37061988809987845,1.4167655684996487,0.02099087674061902,0.002429624963749915,0.0,1.8985985102344236,0.0029256921526862965,-0.6438970875936032,2.26563693905558,-0.32916686627616165,0.03318329693521701,0.21964842895094855,0.00356609351942625,0.09048184972962091,-0.020994932063760453,0.7975215025208008,-0.18263232722735756,-0.0073763044731251955,0.1143112191805439,-0.09483277618857627,-0.7248418417669351,0.19320737031085114,0.03274779073436439,0.041939846752693306,0.015045110271080514,0.13334308260702876,0.06195937336113758,0.14214650890356584,0.03949819511744247,-0.03271217394777957,0.01403976356447768,-0.005245969205996498,0.016465763319854113,0.15131219747069266,0.04033699990810582,-0.05005049100626295,0.006301056561809974,0.23237131279608528,0.18092215055632171,-2.7120482838784523e-06,0.36606021268356653,-0.016420187052695948,0.6327438348330672,0.0029653646000063214,-0.014357328904925113,0.8710092792014176,0.2547827854990258,0.23221633976360212,0.005030425218078363,0.05869778194741741,0.07124719633718551,0.8954268940302499,1.1823307662255653,0.09151702414585541,0.26053208619236984,-0.04940281507286351,0.05022811043716444,0.6650956176623762,-2.5231787591718837,0.059293600304977705,0.21029402712624573,0.0,0.19687125975258501,-0.014876495056826828,0.005434669286594159,-0.06904159420845907,1.6968027051041528,0.0030150433683428903,-0.0012095874198150072,-8.138814235097514e-05,0.0007565309952286284,0.05539606477882069,-0.04765954331274023,-0.0031984015653718544,-0.345042002856629,0.15977752889923894,0.34277574880826517,0.4642056441372498,-0.02760664448397142,-0.12113853785506544,0.822252282422982
-4.237311325025643,-0.029822002944928004,-0.03450954997496902,-0.11539769604160173,0.8422244487680967,0.026145578893455045,-0.0017472534832152305,0.0,-2.7238785063618893,-0.022854795295632356,0.3581187022950163,-1.021639971427501,0.2974856507884937,0.01782407737822906,0.2548506264752364,0.0030505712189336045,0.051558364466573026,0.030771052581837634,-0.21346517157611053,-0.10137930207036812,0.027415809901626724,0.30503801222934934,0.08258940616333528,-0.47499931893970815,-0.031175883081180272,-0.0019278142426179176,-0.07993473335838805,-0.12245593239074393,0.07820430983873457,0.06112768176863047,0.09672273935955696,-0.06594455311611748,-0.09017493175627557,-0.0683585940661177,0.0038049970362174206,-0.030558881584708538,-0.08408095425555026,-0.11178304856515556,-0.013010799817990313,0.009110606330180385,-0.017129942876951805,-0.05672564166325196,7.036320924513071e-07,-0.1896004511662855,-0.060751556473005,-0.3257144913614528,-0.0018947014916760913,-0.03625145748697267,0.2083784113290609,-0.335842972618756,-0.7228570158295082,-0.05836219249366369,-0.06163773746553045,0.03297096739999568,-1.4759637880399286,-0.03500710279465239,-0.07231335106570548,0.17916487317632857,-0.19077044667937398,-0.011358016204220646,-0.048859433991885026,-0.06854828619931169,-0.3745150317903657,0.2802455281171362,0.0,-0.13076357846281084,-0.04170832794190415,-0.006961165966988994,-0.01370415099470372,-0.09593738798966604,-0.016750598614405282,0.0008292493284032835,3.072731744551034e-05,-0.003595810974583006,-0.08276461761724507,0.03366914993260002,0.002880064158078846,0.10053684982233996,-0.5441161367173825,0.6035847834311976,0.10987359132657161,0.1660738665634738,-0.008848934604095063,1.1183333928971249
3.203414218689846,-0.017448776936950343,-0.015539514127082705,0.2889347524998301,1.04025558965548,0.036356095381129175,0.020937791198676958,0.0,1.9067724250611635,-0.010013572976280487,-0.7694016699751748,1.8382164971018689,-0.3629435309521233,0.03915945383683642,0.30593471946947953,0.07705991424854197,-0.1683037827163608,0.004582026746091083,-0.19223469518401629,-0.17572511295976379,-0.010355012972231304,0.11780643766088258,-0.03774925140915979,0.24752121737747723,0.20077510333970125,-0.08944648486438003,0.07492144542076734,0.032259275112001516,-0.5375684235004622,-0.3324256932742357,0.07651217266546013,-0.088138987702433,0.023444110161814385,-0.0296056913472904,0.012458244436472459,-0.018687451278071643,0.2100191757423246,0.02791719495714102,-0.019008165145026065,0.0017513092252576846,-0.006885325645166386,-0.6110640272667329,1.7007131883264165e-07,1.2600931896266465,-0.07313381361183481,0.45979434418970844,0.0007840144103487276,-0.007857957073403296,0.36497102864544706,0.26015850989551725,0.5579326727079587,0.01576233285685312,-0.05599051066678038,-0.03071031783886259,-1.5340652738053313,0.24749178807718558,-0.06647055439992532,0.26195600551010106,0.1760861865166506,-0.003528889748849456,-0.03292205137887793,0.28241284630373814,0.1023869925559052,0.2783560493338261,0.0,0.30367387165872467,-0.0189783959835768,-0.005905922983470512,0.014644102082724361,2.3586409329951588,0.0030150433683428903,-0.0012095874198150072,4.685598243974907e-06,0.0016315933121295943,-0.08287730582487143,0.02614416118794634,0.009179392709620019,0.12901081276104467,0.013309177016663482,0.3111856213201648,0.33913771966844997,-0.12839015059814526,0.04347970007712417,0.587932269683375
-5.633186012965684,-0.027418436922345406,-0.01709143059500008,0.2648262655031873,-0.45090529353582537,0.027437127027469997,-0.003224245166887331,0.0,-3.242536721936298,-0.02509885351559363,0.3274644859442216,-0.8821475702751981,-0.5720054127270476,0.014276961545339154,-0.1265197242068414,-0.019144315186278665,0.05307825624958321,0.029563654329860863,-0.18373367585003175,-0.10880923733961193,-0.013895691359172093,0.1718088981805168,0.0953523534964235,0.28737631123143675,-0.11007411436627287,0.04942088678330271,-0.08267501677789062,-0.13744259844264234,0.14891314782254406,-0.11183671878418663,0.0878651712854547,-0.05225702254585198,0.013975162307771816,-0.07753277602383606,0.009591609049003504,-0.03148710942835909,-0.049590583691615536,0.07148387013163324,-0.00026828802505142707,-0.018065347666928827,-0.011234686177262877,-0.055588306781053025,1.7676948990351903e-06,-0.4055035597187928,-0.06412725743791799,0.6592388339082998,0.0003915820146193533,-0.019409768791861872,0.13512609470888512,0.06324659378437114,0.6894877051227389,-0.04468596139863092,-0.05772720445289569,-0.0084447801970668,-1.6727594923722275,-0.0014547725336499207,0.03035346941599291,0.23213224780738395,-0.07583205426139064,0.01447003296165271,-1.2211045387061001,0.10954172065412783,-0.25213651448711305,0.15500834415489537,0.0,-0.10289996192034796,-0.02239882983155167,-0.008775447091538567,0.002815958741380284,-0.1847552377805841,0.02194906025335865,0.0008292493284032835,1.1460134797704495e-05,-0.00037193971939766183,-0.0419318825086093,0.018558161597595282,0.008512783491069018,0.1127346283701481,-0.5352880495669488,0.5311304485622583,0.12209506912227457,0.16665760111094904,0.007406872117780358,0.932249196556309
8.368545045971837,-0.03342350775725611,-0.04124871192763323,-0.15153108834593398,1.3181162712530372,0.020537654724666798,0.055517144708601154,0.0,3.856043504020568,-0.011474686377114534,0.8677416566557904,-0.506210184462525,0.2607081792520032,0.04253885588841092,0.3125031642006478,-0.03634991450554512,0.064869257770785,0.09240064228224185,-0.09170632376872098,0.0757184448916546,-0.10490929725355799,0.2413461467691092,0.07371375927641484,0.6354925781644554,-0.020281756834113308,0.005900978669919255,-0.010906267451887821,0.048527986676848975,0.09296618328302064,0.07073156208573259,0.12428748664544607,-0.02796040185408939,-0.0464575828236287,0.005233962782956087,0.0061494693273193846,-0.00042738146617202774,0.012016205896029924,0.088911851978609,0.019760057298685182,0.013242611770896607,-0.003730677312750603,-0.22702938934382172,3.4449958540895293e-07,0.10789847078997758,-0.04226619019422618,0.46858430273844554,-0.0018947014916760913,-0.015367748970092026,0.4226895401622697,0.012754894677314393,-0.37103931350679603,0.01724097134730992,-0.011285244408371543,-0.04944554560159092,0.1227479339154557,-0.903348294210981,-0.12555027773012975,0.5843744677134194,0.08449126287968643,-0.00806032782260651,0.07770680065644378,0.3396529997600971,-0.06419117411886847,0.07072456460785335,0.0,-0.07455265176579014,0.010953558797613346,-0.002875549615921848,-0.025108533314694002,0.662488433582906,0.02194906025335865,0.003124767501188775,8.612060430485667e-06,-0.007186872212998226,-0.0028387351649906503,0.04869435140656663,0.0027921967586694157,0.025523859720538437,-0.31740676906972826,0.3303949652894459,0.1765644863519666,0.03601566185370855,-0.015464503673918144,1.3853552407946503
-4.415357019843734,-0.02895521115328581,-0.02896495374082715,0.3899763087674271,0.7704521086374528,0.06744249332964034,0.020208150824125335,0.0,-1.8006774710490139,-0.04634138458867293,-0.5512598222490221,-1.06316188738921,-0.3902488986984234,0.018753351120448382,-0.09420026761095483,0.06365974008823255,-0.11114018956247788,0.02363702946959691,-0.21106302865988927,-0.11967338800657716,0.015287561635008627,0.09335891352192034,-0.09224353962632016,0.06976913267157822,0.14859456173951777,-0.0718367837971279,0.16670505929507462,0.1408859877038997,-0.6308607822057365,-0.224368998425955,0.07983380145852904,-0.012557210483000797,0.04033386125562149,0.009621600550469537,-0.03283858406448298,-0.0085027262662804,0.3094886754860808,0.03703074812654068,-0.009309032844418906,-0.0015190435323273542,-0.015548236951736656,-0.9851679679638604,5.930942657045215e-07,-0.6526412381984555,-0.09851397559242464,0.41810085384589685,0.0007840144103487276,-0.01705269619067983,-0.3553703482303853,0.2765784818143399,0.6402047834121087,0.026041143156918037,-0.04388396542638447,0.01031301318203361,-1.1120740058347083,0.4664407749704135,0.007140376359529091,0.2756377782669476,0.07115829492266743,-0.018108264815586663,-0.0727968271913225,0.4426980948819477,0.020965502655181382,0.18031389432412817,0.0,0.20737559848065898,-0.03382680715050976,-0.013266860192287533,0.018705064766570335,-0.8928601112290339,0.004341141232810192,-0.00015957212510016566,2.2682023068456864e-05,0.002444155773848107,-0.05470243852321977,0.0174363335266718,-0.004822676094489037,0.08181605234132573,0.11527042546209756,0.2926991414001356,-0.17779078659366468,-0.014122558201364127,-0.2335011478395959,-0.6669793344873325
-3.4886911648060845,-0.026577439007665113,-0.016513286611140286,0.47183990808474513,1.6313546435411612,0.026590287923321618,0.02522625815999002,0.0,-1.4250146335167582,0.0006235167616479558,-0.213698092195798,4.474620222195571,-0.35461442000355425,0.01893957651313973,0.08978263011331818,0.02143806027705534,0.060697543302639,0.01872989507539905,-0.15644053872533706,-0.1814931041724181,0.04792646391716964,0.08846429223865517,-0.03864441458349562,0.3290489904465473,0.14919471007306062,0.033532479670371505,0.157888484461836,0.1664699114263545,0.17148721813337092,-0.15431476721303589,0.1091736181123511,-0.022986949912999557,0.020536523681107068,0.020403862248330757,0.011767923904682162,-0.009305859972762566,0.2691280602771214,0.09509182088703219,0.008367033847734085,0.0046848337967066635,-0.0064962756435226875,-0.20797346949479995,3.8056541818576187e-07,-0.08644753272102504,-0.06506138388658951,0.6997816411803465,0.0007840144103487276,-0.01590581483880812,1.217625835795212,0.28003102168314564,0.8890241832141038,0.0313376578388283,-0.04413206176617842,-0.001348446153084148,-0.10022345205227612,-0.952317513203654,0.017388393086360705,0.3023273928099837,-0.03945473652520998,-0.009410851581976996,0.08581299341192572,0.08078192803779691,0.264246995820578,0.06243395050149919,0.0,0.19909267058236968,-0.030781621761264054,-0.006762920872525861,0.011428577848508249,3.9300570254334106,0.0030150433683428903,-0.0003209997400270776,9.153300855079482e-06,0.001507338360153115,-0.006240814630942002,0.0174363335266718,0.002879549759072832,0.1333851111574078,0.04030278488576197,0.6419425503683758,0.560451263332419,0.09501617729332462,0.01917178952704058,1.0450758669233238
3.6051068911958,-0.06952050792092665,-0.08579370660205156,-0.2396074448409791,0.7693556725937877,0.035410735798278276,0.021480151281826558,0.0,1.8250559966674158,-0.04331545154775594,-1.4336415958819293,0.29372284758246014,-0.34554282458896834,-0.5407811119910577,-0.1793483884147371,-0.011521908852732842,-0.1798390290493835,-0.16204364892280707,-0.3365902794766156,-0.12964012232058433,-0.05767586944804295,0.0979787363021007,-0.18842409572576463,-0.8574567818632965,0.0867718573638536,-0.11024835184581136,0.04853485366110124,-0.05684208264574727,-0.596604529131142,-0.36677115294106283,0.0750209120350209,0.08864353665458914,0.053281351708522086,0.0026331380914842964,-0.030022148528798386,0.026061736888726164,0.17173518866357562,0.013545146887346683,-0.01632931840662222,0.0037948681941206634,-0.012218287740720705,-0.5281536852656071,-4.538270174123636e-06,-0.09512193867018473,-0.09306287642145758,0.40200113315680924,0.0007840144103487276,-0.010798539667590904,-0.7755711521486399,0.14176135308667656,0.21500584693846322,0.010987697171544847,0.0673808435405044,-0.15192071810968855,-0.32224110321256694,-1.3258915542024894,-0.10181964094332678,0.2126004465624681,-0.1290558853588393,0.12054066424283776,-0.14425190726840673,-2.5257990305942855,-0.054027727150575584,0.14284632185667145,0.0,0.17273117940343113,-0.020385945788600465,-0.0045628951291499225,-0.06509693787616516,-1.776853979589395,0.0023992047228941294,-0.0003356517114175895,-0.00013261494110581554,-0.001344566440977306,-0.09049772571847717,0.024285232426599503,-0.0031988831803403213,-0.3526670180985033,-0.14820457255311015,0.1870908046423937,-0.3314376109622346,-0.1232749931024792,-0.20673017430739907,-0.9950526804394019
1.4733815549677114,-0.02996638311452603,-0.05278827670081991,-0.21970452563883278,1.5672947808969584,0.012876903879707927,-0.010855640306267822,0.0,3.4562697611521425,-0.0019899566574323444,0.8490283253713392,-0.5707476300221299,0.3153130186923065,0.02908923937880599,0.21751797205088075,-0.0008446701839049595,0.05635087803802835,-0.025663006571746864,-0.1554521607956399,0.05806069719684068,0.04729807867968411,0.40163403653480506,-0.09190617251177767,-0.5206706394846311,-0.023281128928672495,-0.005721369748743656,0.09409133359634672,0.037884698906521304,0.10151636819890811,0.06966423970339501,0.12376970041801925,-0.0030639202227951056,0.10723977415350028,0.014904690514157107,-0.006021464379263704,0.09666962416564491,-0.05592255620870566,-0.12660680841419036,-0.03160612468524773,-0.03741043234687423,-0.010944713273410643,0.303596657832127,3.4449958540895293e-07,0.23681482876142626,-0.029768891857855688,-0.4100917178654565,-0.007166297783348603,-0.04382574348174891,0.4761046343876779,0.01743158316345688,-0.5539283444458144,0.005303199024442444,0.0787667165740879,-0.022527797835584826,0.7450511046060053,1.1443064645166023,0.08613144733752903,0.274756124335753,-0.04969510016635019,-0.010863794920375515,-0.030182977331023774,0.44067499991509446,0.03638321890385108,-0.3898427162945864,0.0,-0.10142889545345267,0.005963985837199301,-0.0024490324394800932,0.062058446930680945,0.35075011777589343,-0.016750598614405282,-0.0012095874198150072,1.1757202171127322e-05,0.0003451287414653483,0.11057097001578721,-0.04734079115839544,-0.004014988360371042,0.12527994261004838,0.05963884077076175,0.7467675294838276,0.4096781265344425,0.14861421020262605,-0.0019060436527997375,1.5124365767004015
-4.098862634732077,-0.023978390544845817,-0.012349520807616535,0.3723925282532554,0.789134006929107,0.032770137050457004,0.03483242217252934,0.0,-2.401200994114001,-0.023396153285515964,0.24264092566042755,-0.8945479743964646,-0.4514864659634192,0.01529395515263257,0.994977103319954,-0.02024074928340507,0.0616205931365666,0.03180219346844442,-0.1903991014495416,-0.12612827311343286,0.022859907177609672,0.11244367403133756,0.06080495010505231,0.027445262968645707,0.13084250230394973,-0.03533751914745538,-0.09248811403782611,-0.10812189383874993,-0.49813805637734876,-0.17128626628450244,0.0751472691467012,-0.08037565792171963,0.1738033103990525,-0.05208962037489802,0.009590830736567088,-0.03187415265169782,-0.003530778416483391,0.02867853992740152,-0.005602548063521633,-0.020994965998308947,-0.016856729637209036,-0.8819233314737385,3.3796696512721196e-07,-1.281011506511303,-0.09805409731533858,0.5227944277119925,0.0007840144103487276,-0.01412933056400827,0.04411682132132555,0.05368358283438828,0.7366619846249051,-0.007881266210689786,-0.0792873951940068,-0.08213916076095275,-1.5868372271387194,0.03893672974639176,0.014936422956245518,0.2928802322051435,-0.29867635850482455,-0.0015719869300017128,-0.9452178350206419,-0.020218331649842436,-0.49642753783328214,0.13815664753684576,0.0,-0.057769727422692096,-0.05485890297559484,-0.010370524604490604,0.00408980654467395,1.5814002687542859,0.007322295910811082,0.00041222798984209526,1.0783391393322044e-05,2.0067460484471432e-05,-0.05474149758183177,0.011111231875111855,0.012983613024884334,0.018914024761173494,-0.5572978588274417,0.44309389530727006,0.13469493523229528,-0.2218404765290953,-0.005384501851368512,-0.4933665627265968
5.215816029860661,-0.029204410933777694,-0.023588501057958573,0.39467948839347716,2.025271741297296,0.03392951710960109,0.02549016734316841,0.0,2.0338052612081894,-0.011416952481245734,-0.7239396280831227,2.4403602509235474,-0.5759026293667764,0.036722939910162414,0.2796851787804351,-0.01792801762164897,0.09863604306447218,-0.05229795137528818,-0.1662784453840211,0.046983682360613774,-0.06926613366661036,0.13073275860699493,-0.04096523012590725,0.43470594780231386,-0.12261212705885724,0.05450983310327041,0.045049945160773125,0.017373762592722518,0.11562297951000663,0.06422787337448169,0.11631036751626393,-0.01854945515444428,-0.02419516108468254,0.012974586957686409,-0.00557100884248862,-0.0009410584903029253,0.022032169404445252,0.1019818975722426,0.03188935189092625,0.020593557949048786,-0.0034290619931822384,-0.14551230181524868,2.3302613254744297e-07,0.0896104090030058,-0.02698587511645592,0.7291748418207322,0.0029653646000063214,-0.014357328904925113,1.1008657529744146,0.0906926498269985,-0.36624167453274176,0.010780410179601211,-0.005793672676198635,-0.03903153710082142,0.9330496054126536,1.0765018352031661,-0.01225110146861183,0.47088899501610176,0.13267356902356553,-0.011006310268280153,0.10038959476494705,0.34118924910173887,0.05565744959092879,-0.2751545314065,0.0,0.014398072029786112,0.0068002687795288026,-0.002364967432510098,-0.027329096415914234,1.1658074975603836,0.004300331612750459,-0.0012095874198150072,5.928348119708991e-06,0.0006620863710643617,0.09354178163806644,-0.0530550075099365,0.002792114196103393,0.17903912891091772,0.17337574611413398,0.3610708246085823,0.6283420418425396,-0.040140495877081385,-0.012223132173986852,1.3528010310658292
-3.6424719617826233,-0.04790774247113788,-0.05512252050137793,-0.24632662195251512,-0.6664722580198686,-0.024439383958924726,-0.05213170496874337,0.0,-2.81980196395771,-0.02408263218487056,0.3247043032331963,-0.7892486621443621,0.1468286885135388,-0.023415359443828762,-1.7408785236688469,-0.02424880261075908,-0.05805297797851249,0.09427717241456304,-0.2459546511860576,0.0791858297562718,0.02113569752778746,-0.29053611256451906,0.14928714342195964,-0.07245616717368093,-0.012930471026534386,-0.036340354378746116,-0.03711529681579779,-0.0699009547252247,0.07096041960611794,0.018557340430198487,-0.43901594499176394,0.01530817257281362,0.09367208741879983,0.01271491586991116,-0.01979977052275215,0.0860726220041724,-0.12373650913531262,-0.08937850970482446,-0.03253842672987067,-0.0359011639381416,-0.016050607545153292,-0.03317203427493968,1.7676948990351903e-06,-0.15681315988044867,-0.07023153029611331,-0.33136634734709663,-0.0009463232019967687,-0.03625145748697267,-0.5419270150492005,0.0858082758565828,-0.3893790222599742,-0.050826896338750184,-0.021965903760975923,0.35657036175738055,-0.04960244910492534,0.05880941939802124,0.04976986320040689,0.22695050073026168,0.06187096046706025,-0.029615905255297684,-0.0655214849134134,-0.9176370163383449,0.1006177563559673,-0.0553907617163019,0.0,-0.11332807300331064,0.013677849912785972,-0.007871924699106431,0.012784008847678541,-0.10098690366601201,-0.016750598614405282,0.0008292493284032835,3.718810813478331e-05,-0.0017094917866761299,-0.060848484354354346,0.016624791494218652,-0.010442485557210971,0.06263941553588696,-0.5158604316844423,0.767752871931959,-0.1793255653717145,0.08744494924746135,-0.13581696241686744,0.22414362887307174
7.760192749836223,0.2786531629373072,0.09849813772293357,-0.11136798004732447,-0.4695352410033281,1.2617298913540761e-05,-0.014832672991882446,0.0,2.4906925139246043,-0.006622408848742805,0.7396013549712238,-0.22254555332015338,0.3029810604862571,0.03965601116388541,0.8718134750196567,-0.02005289820531923,0.050029310170995045,0.06699000600999326,-0.14883971528191903,-0.015227906620195714,-0.08370724428318478,0.3696289595924113,0.17422764287863593,-0.16000780581351623,-0.03634555831009199,0.1218978031118461,-0.027067618399938792,-0.04443572982691643,-0.29108642479038743,-0.11664286617183041,0.07288441673363798,-0.1247038205413864,0.1697129645347574,0.03112559606278047,0.012041315087539698,-0.007807520668237758,-0.03996251534101385,-0.051222072627046734,0.0028585126458818633,0.012255141595886164,-0.007259351738788465,-0.4135267166109107,3.047042566233578e-07,3.0334133648521635,0.7730655116918379,-0.29010463936330727,-0.0009463232019967687,-0.012941947152208364,-0.231894866234986,0.05830754070269267,0.5637634106080279,-0.0020227515519498592,-0.07270795939806415,0.05137875045107053,-0.888628631648574,0.6075310150613711,0.11699946628239907,-0.5885159189740049,0.14289305393360646,0.018930075665401665,-0.8028525298067969,0.34629591324245984,0.04666853935108053,0.1973409121620285,0.0,-0.07450222868253341,0.008257594082005425,0.02759396793448691,-0.021288674847874063,-1.3647218421301819,0.02194906025335865,0.0008671002544954403,7.290237820327579e-06,0.04289866539747031,-0.034588581684999016,0.033920108629240275,0.04027164855394719,0.1688638579570088,-0.3720172973773843,-0.24736727436621456,-0.12658427907065578,0.13878957208477286,-0.02790343029554863,-0.6421772881581322
-4.766454153439221,-0.04198672621589873,-0.024774515383704458,0.19271022166413615,0.7602896967219025,0.079225702876663,0.022319665520259373,0.0,-2.3994090084313915,-0.02116465406597062,-0.6420721031954428,-0.9038230718718527,-0.738514431634064,0.016350210436962546,-0.08051444558794509,-0.06451429620247728,-0.027568252578677774,0.017741585017393525,-0.2125945247646071,0.03895446982651752,0.0016694990772466278,0.15896162032427633,0.05300692795240472,0.007588881169066539,-0.09632557226447669,-0.05757098576778337,-0.0905643182893729,-0.11590074137461609,-0.38945923584095365,-0.21941286759569387,0.05071125356811572,-0.06495681146534354,0.012500434145928382,0.004217086766911477,0.009696728759675427,-0.031024661731336788,-0.028397773704294787,0.03273599133563681,-0.03030185269677074,-0.0209507099075046,-0.016877835512341354,-0.2421823090232546,5.930942657045215e-07,-0.6701231808044862,0.45161718118184935,-0.41561561569764616,0.0007840144103487276,-0.015850979554527665,-0.30359166689586337,0.2438861757891524,0.5534580529050461,0.0018373867391350855,-0.02787663688626208,-0.024183307251703756,-1.2883143686366398,0.6076633774805774,0.005879029386920523,-0.2868796210135252,-0.07231167633485097,-0.011372213629018049,-1.0858382476495003,-0.04176236313482298,-0.23472315741644767,0.1942907257722674,0.0,-0.05881351532788,-0.022398248268263074,0.014718369939772248,0.003630604548947895,-0.32915751829255624,0.008258591198378606,0.0008292493284032835,1.5584567144182656e-05,-0.010551498755075148,-0.04762555709890425,0.017367039580075107,0.015482088675941096,0.0036028693481209755,0.16287963487175677,0.5976032616609197,-0.21124684989434284,0.08234559789819801,-0.1769388457859583,0.09892947592647787
-2.964498264697972,-0.02314775750611515,-0.016827872778572773,0.3683292014325307,0.6380977989210995,0.02611365912282573,0.023008295594886808,0.0,-1.6071515805101877,-0.010561375639436514,0.3777536227154289,-0.2960422807207792,0.4653978118136169,-0.006616876034714036,1.9467458188903646,0.04764113279784088,0.0518338886642707,0.034381438074509614,-0.15871603911885218,-0.07283039257538744,0.0599202329576423,0.28465981615711533,0.07797488352917531,0.07535475066057128,-0.016948746911132673,0.13676359514933084,-0.07489739686384035,-0.07984946735035314,0.15194534716990762,-0.03090749187315971,0.12267622007984376,0.18557844479380342,0.16211465312801646,0.02179779965345605,0.11361675304618128,0.0579008894983997,-0.028543939402631304,-0.04706629034852061,0.007349929641522087,-0.005579919017439259,-0.010420538717958162,-0.1396033891755689,3.76450476048131e-07,3.5405652301240202,0.7309435170220271,-0.21451868904946003,-0.0018947014916760913,-0.004152426870052028,-0.19055293029384582,0.15692090221575328,1.046452975735069,-0.029487226754130885,-0.0534697354099513,0.05249493040359399,-1.0646517472664347,0.354761176901227,0.009519176775570303,0.2332976387977836,0.4064744100016664,0.05056140607238032,-0.569134534786989,0.5431227884223696,0.2985284316474478,0.16045987181395144,0.0,-0.12001171147724854,0.01366839577534041,0.02732035030339349,-0.02492198988549981,4.030070622827529,0.02194906025335865,0.00041222798984209526,8.286111291521607e-06,0.04767468645472478,-0.045618415849249895,0.014613814261795793,0.015254634251363823,0.06465185925397222,-0.31692390158982736,0.9503470091769045,0.1518953583297714,0.14534096318168815,0.26893418738498476,-0.2410981208718903
-4.110944019172092,-0.02455855447374854,-0.0034590183320782277,0.3947240662977915,1.357119776699085,0.03260628945245335,0.035148606270745085,0.0,-2.2334517226414463,-0.04796574552773078,0.3314172734304704,-1.0741419581503833,-0.4935193591535054,0.01444105184617747,-1.0155055519724518,-0.01916773184000361,0.059078935384976834,0.025306421311722643,-0.19626056827643737,-0.17949090817183386,0.05644754027933601,0.10822604051063495,0.061572864522593064,0.20512164224548174,0.13076936508205186,0.03877418781652234,-0.09821848852180573,-0.12168522774179297,0.1144031964450606,-0.10504261940211458,0.10864097523521152,0.04341557708396667,0.009426378811367911,0.012334998916351496,-0.03263234234664811,0.08419720481337967,0.14282321778306442,0.062237776687800554,-0.0084103187910429,-0.0262634147471708,-0.018073021625462486,-1.0210923792588436,3.8056541818576187e-07,-0.3042599815400699,-0.09404319201418757,0.44538091436351096,0.0007840144103487276,-0.020611485428014036,0.5482824259517051,0.03759912245035753,0.41801673608506884,-0.07296704381867787,-0.07514051396879828,0.0555339676945071,-2.1550739307102895,-0.15664491707592876,-0.04510990562483938,0.29857327179971244,0.061052432872176744,-0.010468007888221387,-0.07029001679323413,-1.3682295898671293,0.19456236945149402,-0.11464794497242335,0.0,-0.02641717163029495,-0.05811758782488878,-0.010365702452675313,0.00980613407558394,1.820541987910536,0.007322295910811082,0.00041222798984209526,1.7401083492392367e-05,-0.0018357714395555204,-0.08010383309565186,0.016507608586998512,-0.005661666859171251,-0.008199887275360125,-0.5737209117024701,0.6583579085516392,0.4406279465480693,-0.13769552262622572,-0.08082734690300465,-0.46434777968891405
1.9452541515090631,-0.03273396862750961,-0.028422071721454334,0.44523619383213725,1.6856591206800966,0.03620553617868073,0.0681999798350636,0.0,3.9344289088088824,0.007897826046934833,0.7509664081785935,-0.5859381346049485,-0.6079562412636986,0.02791207744942162,0.44246425671440764,-0.026495405639015458,0.07095152720304207,0.060172869398880224,-0.11540245575158739,0.08333398487989477,0.00941612022345207,0.18267303196062318,0.04695925920433112,0.6268991481010979,0.17556180282691453,0.046929105753017744,0.05049982357209776,0.026385899175549468,0.17995854139319808,0.11133916031774109,0.10115219915932307,-0.04069521931675869,0.014045821355742876,0.02080280773528938,0.011935303027669052,-0.019184981571887524,0.0701285494873368,0.09516065467945857,-0.000910156553214051,0.0025122618478850708,-0.008815824939600696,-0.23993408069984762,3.4449958540895293e-07,0.19316323795780643,-0.04299760528551739,0.058458798817345156,0.0007840144103487276,-0.015367748970092026,0.44013238081352707,0.25479882658531783,0.6281742138273237,0.030160127480132297,-0.05748043785089404,0.0015837720814528607,-0.05982067865745109,-0.5525406752934401,-0.04308133224091781,0.44731361798729485,0.1609119821326945,-0.010854884007735575,0.025936090817448017,0.06583788195090494,0.09479800793979408,0.2721888719829249,0.0,0.012416179249192753,0.017661852066172684,-0.00611988941020591,-0.010952386070123207,0.6098010680960116,0.008258591198378606,0.003124767501188775,8.247255401220535e-06,-0.013184705782184471,-0.08452220919793568,0.04862622209017354,0.002858764094792616,0.05850886287858646,0.07360326239503022,0.6127800687111697,0.28331563484690664,0.1354293625398308,0.024187283559158564,1.7638462164826392
-3.9240450774831377,-0.021561407098534845,-0.013558165825297815,0.37882720865289204,1.1985956273611307,0.032516079256781356,0.05077659207015525,0.0,-2.415396671263998,-0.023396153285515964,0.29303229406947856,-0.9033650456672093,-0.841086510759214,0.012943276203891286,-1.209951030805944,-0.01957580737636943,0.04212059418348143,0.0317799443884564,-0.20450087241463907,-0.12230106593390365,0.05921163047559015,0.13658119294667484,0.06077989489978873,0.032577672404155496,-0.11014985880261494,0.050230550584365194,-0.09248811403782611,-0.10944457731994134,0.15079511401575246,-0.16419541543080643,0.0872422842709716,-0.0803416640524199,0.004254956237551459,-0.05206501562953747,0.009590830736567088,-0.031873419742810834,-0.011900530919266065,0.034283213549120235,-0.013870376995997339,-0.020994965998308947,-0.01604043578228114,-0.8365672616310175,3.8056541818576187e-07,-1.2317016435628676,-0.09805409731533858,-0.014318629645002127,0.0007840144103487276,-0.01570757622578257,0.08590794437008095,0.06330369104230292,0.8316301558534106,-0.03763342320271406,-0.0712214844498048,-0.06439834667804711,-1.5453893299249435,0.053448416404617276,0.016287235299844542,0.26535169410361686,-0.014435074848158981,-0.0015719869300017128,-0.9912468653754224,-0.015526885811770362,0.11200947906906876,0.1686811744168919,0.0,-0.0314989301387263,-0.02908136082900703,-0.012253675927408657,-0.004567676821527296,1.2722156701097558,0.007322295910811082,0.00041222798984209526,1.1069710288138146e-05,-0.001195210037711989,-0.08772241556819056,0.011111231875111855,0.0003792015460114511,0.037696854859216235,-0.5572980255689642,0.6770717611662652,0.1152866176442475,-0.22184003333235533,-0.0031302450967361506,-0.5377698322440153
1.9341174155691092,-0.038269498718740344,-0.052256412815891676,-0.12804544556764863,1.2150888182594977,0.09260615317355465,0.023162558500073337,0.0,3.786218568714127,-0.022981793115241574,0.87600835619438,-0.519054160390686,-0.34330919186217557,0.030071016648939068,0.3234603790066971,0.015680290099231768,0.08671038641250334,0.07766738440392137,-0.11874572831779569,-0.07208558901814102,0.04221713957974946,0.1586050927587847,0.18781879125229248,0.422941985499366,0.21250211631412932,0.032101906953599275,-0.0931339563777575,-0.045533647421687036,0.1698328952614671,0.10681490917618996,0.10934877385368347,-0.06128308677871787,0.022694494316075408,0.012194837865842488,0.01204120105077739,-0.03287891246023913,0.34273710319698286,0.0820521205311281,-0.025826967846277197,0.006961847894361632,-0.009400957288014941,0.19022740783665468,3.4449958540895293e-07,0.05157308634803332,-0.04212335608708257,0.868948622686702,0.0007840144103487276,-0.015367748970092026,-0.45695400468206115,0.20305254528430045,0.6838230438295344,0.017045084708542022,-0.04279679673998008,-0.07649902176445915,-1.4705287589414693,0.3857204239060925,-0.06392506510068692,0.32931427986669726,0.29237337642130085,-0.0206044342982247,0.015113864737211918,0.10075870689002561,-0.02838546616743399,0.21198280088400884,0.0,0.3425213312672436,0.04168104928874666,-0.00605189739561235,0.009270587256649102,-0.4799541436517765,0.008258591198378606,0.003124767501188775,1.2472361710969145e-05,-0.00983625054403269,-0.07453695215463557,0.04346224603168484,0.0027921967586694157,0.0684859119911285,-0.14974361388957627,0.3980671205833489,-0.20017853123015603,0.20272091119751406,-0.1273756281894547,1.5213759021929842
-3.761391695339207,-0.023262963481320762,-0.008914249771754966,0.3876457690092246,1.1289369435283976,0.02631867746212633,0.03131483410897345,0.0,-2.3921936060183544,-0.010429695656083711,0.2717696287663507,-0.8664525564827096,0.15696834409463506,-0.03401084656849537,1.27172086718876,-0.054053171930332,-0.08394516386794756,0.03253425977491461,-0.2327366493562572,-0.1388614834639208,-0.06573583266171049,-0.22128191391959642,0.058485565620417145,0.023836240869688167,-0.03467842801359996,-0.033242851987089206,-0.08266907982569832,-0.085331555942792,0.04364438504022172,0.01920624075484941,-0.3736916954882989,-0.08151926904588125,-0.14263570259105054,-0.04756865773035018,0.0038049970362174206,-0.015292429059475397,-0.04407812042974423,-0.03708519178539227,-0.0034594885649959174,-0.015598237680378413,-0.017889841943534164,-0.633458207110676,3.8056541818576187e-07,-1.1590092138828025,-0.04415982716678257,-0.315864579866517,-0.0018947014916760913,0.0355117873451031,0.4540528339528394,-0.40467604910595834,-0.7546068037178688,-0.01888296227109584,-0.06657612010707749,0.03979652263610017,-1.964416249887559,-0.1051162811191666,-0.039720220148788656,0.2615814766339541,-0.3801385783514741,-0.0015719869300017128,-1.0817213635979936,-0.06780764912947893,-0.7817355372915081,-0.07228591996667597,0.0,-0.12879859604397217,-0.04332496885216747,0.01495981603533548,0.0016525497063623433,3.1253121652206124,-0.005588067931934772,0.0008292493284032835,9.780409277355853e-06,0.03557979114434417,-0.12297351132665527,0.01649119013558921,0.012983613024884334,0.05774169357567777,-0.5242932110805064,0.5477159231347427,0.33273857712817484,-0.06138158771137803,0.21394713736641086,0.4381946767475883
5.269831738003154,-0.026907467784348684,-0.027326717520238374,0.4096757303835374,1.0825971804276573,0.03430865232048287,0.008709069266244165,0.0,2.3719927198071717,-0.031495565887847875,-1.0103434904641055,2.4808175824750003,-0.31816413699869844,-0.4816661810211158,0.17796107228810662,-0.001381243142276165,-0.16894538159923808,-0.07620607282643316,-0.2474831933619931,-0.16010835335170306,-0.01788536841523653,0.10985772327257241,-0.06520685834243618,-1.003541487452783,0.086293933378772,-0.13828153293221876,0.04948187879906293,-0.030426103153200934,-0.5316142275860437,-0.05141172490033695,0.08096656796105071,-0.02616257518772684,0.02161115206179592,0.013150383676369188,0.012458254675598425,-0.0007633949204897809,0.19697602201792302,0.02985160182452233,-0.000927869827384476,0.010130992431317765,-0.0037878657795787658,-0.3618752920658771,3.0767933383892e-07,-0.043606938036308544,-0.049163221454997,0.532813770826889,0.0007840144103487276,-0.010798539667590904,0.458541450414301,0.15821383120011587,0.3674000704058994,0.010748715806687117,-0.002922700123050016,-0.03994295813154673,-0.1550202694994328,-0.9744005271660475,-0.06264485968679918,0.3508936348358623,0.18641444574272278,-0.009895769052427773,0.08373175989105816,0.3659441159289874,0.08734349747741514,0.08567902437248798,0.0,0.17089555519492708,0.006803599878238053,-0.006191759946129797,0.011421402573325714,0.5900249075597911,0.0023992047228941294,-0.0012095874198150072,6.438017066527765e-06,0.003732959721441476,-0.07726871908059023,0.03532719724794437,0.003676215209186961,0.10111368462718148,-0.059466294970096124,0.35801957088508446,0.3339757262403411,-0.03308449015168183,-0.19452532270457687,1.5280110160248184
-4.6506519628843845,-0.03146539115913254,-0.016077017552466037,0.30839733115787754,1.1775431235719205,0.025872830585464697,0.015414192649706976,0.0,-1.742325778144447,-0.0027212748571412274,0.21878489563945416,3.3958514894197864,-0.787877782323862,0.01520807427896199,-0.1562382155727686,-0.060149600949026154,0.031571229382327835,0.016454173773486677,-0.2668621047193914,-0.18692360535901095,-0.0860940821648691,0.13787422915537256,9.980757320633476e-05,-0.6513085896398607,-0.10855396624763111,0.03761035638696847,-0.10018899920098731,-0.1746673195997875,0.06385972295035634,0.03700738105891946,0.06486589181875403,-0.07605440234432727,-0.029216544155651298,-0.07765710991730103,0.005831996403831577,-0.01402230434621812,-0.021985218705023853,0.03645088726089634,-0.021579247154620698,-0.0012738571510385107,-0.016693070528951366,-0.23365070327699375,3.8056541818576187e-07,-1.4420393648733285,-0.06557237088426121,-0.5155027384921647,0.0007840144103487276,-0.011001905636576655,0.6187742277522866,-0.07430052135464099,-0.7636808012712585,0.002302123612924278,-0.05954904064676225,-0.023770407155128598,-2.3014038848108314,-1.167568824077603,-0.014739208850968199,0.22173097899912508,-0.07034979741128387,-0.0005583511573994046,-2.06874098679578,-0.05242249773408744,-0.7671564742153505,-0.004982479429140955,0.0,-0.12313431701190578,-0.028173057198682613,-0.0064094559948047886,0.00018340278180518227,3.1067713339253267,0.008149201564509262,0.0008292493284032835,7.300091414682154e-06,-0.006220745907091063,-0.12768100138212235,0.01794537526553222,0.012983781123731743,-0.01906746264195693,0.04256356382210784,0.6006255547940211,0.4287872787452233,-0.0023148291369036273,-0.018871463236710743,0.9743490089307926
-3.2301110599106932,-0.019657752827771525,-0.016201027095316928,0.4567304303097939,1.9204163185576186,0.025596317383062245,0.019425866014855027,0.0,-1.1134664506257956,0.01814303574640787,-0.3069204221256914,4.189878167084241,-0.3133827661968476,0.019690477922016482,-0.11915220246376836,0.055756283523760455,0.06246037122184071,-0.016292673885157417,0.8226372975691397,0.06016809620660102,0.04340550472840236,0.09119260748928866,0.11311965072536116,-0.46773265331878383,0.15390439377467321,0.028408340150532542,0.14381270055848133,0.10565047793093331,0.1527479607647568,0.040660042937979535,0.11981759734192671,0.03804649058940902,0.020766208605417807,0.014627915946196942,-0.007548344799450958,0.03492588532096912,0.23391898534619412,0.04160395643205838,0.035031206781830256,0.005195457741923312,-0.008526323130428332,-0.3353280676475793,3.8056541818576187e-07,-0.1835111953812455,-0.028838411602498195,0.5912684520442619,0.0029653646000063214,-0.01590581483880812,1.1173169633211946,0.23212703208461352,0.667093942122465,0.006690502788613585,0.027316470434033697,-0.0539323055705596,0.8877823391725174,1.460486519598114,-0.006824313320007342,0.3174360727174913,0.05869142799755575,-0.009413275457773802,0.09846310178934856,0.07345828647663219,0.19569743151489644,-0.11861561388980811,0.0,0.23300853454731757,-0.030776111879523546,-0.00281946788495207,0.012377449126183951,3.414763233148996,0.0030150433683428903,-0.0003209997400270776,9.575981739516344e-06,0.003235483370726733,0.08320412679652822,-0.02309365935031014,-0.004823190493495052,-0.09376914702131199,0.06289084206789523,0.2944927634671805,0.6904883398195822,0.04397960983220373,0.02916555119781284,0.7862686943117984
0.03268693535321185,-0.02607461758674463,-0.021299472763478194,0.3591903251878538,1.3008798430657311,0.032449425452098675,0.032358737205935684,0.0,1.4601475160241395,-0.02668097413927478,-0.9482527032505059,1.5140796703259238,-0.6231491724210311,-0.4977994872878953,-0.07336752957656945,-0.04622819405212708,-0.04858388592392792,0.005999724459882795,-0.2636837855697149,-0.1691767101396524,-0.025361619722982755,0.15095589488362346,0.005184678699267904,-1.0076309301586144,0.0650031494635273,-0.07972935285794698,-0.06760649746521558,-0.105787355614275,-0.5546494180198854,-0.403972411886994,0.0664663530577123,-0.14582596671388084,0.004433668671353656,-0.05254929283281354,0.012385758564444134,-0.022672640384299857,-0.004603320486779458,0.028338172679674204,-0.016824473518177757,-0.001153616680355304,-0.015003691515768098,-1.083136157798875,2.1406533469290516e-07,-1.64758110556508,-0.0925240636012267,-0.45744683720279955,0.0007840144103487276,-0.007875174040919346,0.46789628979256875,0.13783626844838542,0.4391852847327458,0.009414388269227325,-0.09529474955669011,-0.053782821678295234,-2.3351984377523713,-1.1920110783347238,-0.01422710738807502,0.18548676970179195,-0.160244254385193,0.0002492845206221797,-2.065768070808893,0.29829857848627495,-0.025705374795787557,-0.35398228729116865,0.0,-0.05798335557302996,-0.0075910163618263735,-0.009910543489955653,-0.01667403241116148,0.8196941540102438,0.003401857442909587,0.0008671002544954403,5.2506819727051336e-06,-0.011236451532419032,-0.09060304280301114,0.02037680629996913,0.01338648400356458,-0.017033887586628854,-0.38331997802064205,0.5428136516444183,0.1920386042671333,-0.030912988451720233,-0.19557567279464524,-0.9455193442301816
0.21227299296226165,-0.020237839805496864,-0.01694582725506413,0.46343564572048845,2.0354527779210305,0.031116127605448806,0.01947671161606822,0.0,-1.2676049128800722,0.011574725384007181,-0.43173180350643053,3.978060547670648,-0.32993675494892416,0.028033026012865926,0.012705064739794462,0.05389757423450187,-0.12567356897741921,-0.027688871997531773,0.7313149480118014,0.07543283416580884,-0.014196578334205404,0.11796010653999373,0.06957088261566774,-0.4782640505798614,0.18663252027373273,-0.08401680382941246,0.09111437943159723,0.011914787264143677,-0.5677725916378175,0.06183806512462552,0.08518763504414147,0.014655743924611223,0.022347037744424432,0.014787796618186144,-0.007548344799450958,-0.009881324074683026,0.1858239184128769,0.029976834440397285,0.0247308932558779,0.006272264563045999,-0.008242857928167507,-0.6262864647377029,3.3796696512721196e-07,-0.0750043181589183,-0.03214388479484613,0.6090843572570667,0.0029653646000063214,-0.012347025601473913,1.1015180838365244,0.21064234697794199,0.5226934222661628,0.00667034393700019,-0.0017175918251253076,-0.060738528424896576,0.8813798851354143,1.4366443741470407,-0.015403385875817143,0.33348300151760396,0.10220254095127287,-0.010077066417959565,0.12079459157422587,0.04331376567239535,0.06316371513355158,-0.24744938211868792,0.0,0.20689182477433118,-0.03194594849522815,-0.0022078292095134575,-0.00031565757395558055,2.630375193383443,0.0030150433683428903,-0.0003209997400270776,6.626580023770361e-06,0.004298903346842282,0.07819381220846358,-0.04765954331274023,-0.004832282892112461,-0.1624670295293161,0.0528837752740393,0.4197002335397235,0.7226847445320068,-0.10736318403036424,0.005738168692554692,0.9479946703371153
4.338892437137067,-0.03294395405472194,0.05348165664805271,-0.16145190045954955,-0.5603395904771759,-0.04097138161364187,-0.027219918739197515,0.0,2.677792394665074,-0.04069200783409848,0.7384508072749939,-0.42258480859319364,-0.9123160852629675,0.020012810251932814,-1.914707397597078,-0.0830510846646672,0.037874488477048655,0.07564497855814689,-0.1792983082042818,-0.029674372551185067,-0.04339197198372373,0.1637711970635776,0.18918871010843755,-0.26593213420952133,-0.12367752538731558,-0.013959093155643285,-0.03413025079108482,-0.04539137967696252,-0.5791185536328908,-0.17011677394125527,0.06243729992107115,-0.09255424304672237,0.021885279647229028,0.008467887540656704,-0.030311660481732644,-0.002209758945673451,-0.04622030640339847,0.041783651103819944,-0.008603104455246662,-0.02156352642272667,-0.014889001499302008,-0.23077824873801228,4.7243708530648413e-07,-0.29207504544903823,-0.10418386329715718,-0.5151461430038252,0.0003915820146193533,-0.011808959732757815,-0.3613110250593887,-0.0061208390036210005,0.27282817160768147,-0.0643766247183948,-0.08356335376910433,0.12041245695525413,-1.6938580638608114,0.012956039265543319,-0.09978478930884198,-0.48910658990498596,-0.13679884269178588,-0.04049577524584109,-0.18848251186451326,-2.4688778750517693,-0.03744402719106178,-0.0737842435004894,0.0,-0.06327121041317904,-0.018965594672261762,-0.009988355270441132,0.021073968016345045,-1.864549996114939,0.007322295910811082,0.0008671002544954403,1.4782814600935393e-05,-0.0030902058166663356,-0.03260042700696917,0.01791208207118645,-0.018157163559833198,-0.01729240529533605,-0.6290306272190601,0.325334549722735,-0.2763634477549014,-0.19667066573408473,-0.20062463894891988,-0.8618197994728433
6.766295202137863,0.32943421128467815,0.18767166887100514,-0.12315777970637144,-0.49984605811281657,0.031415044471466154,-0.01247526698487964,0.0,3.304355441101718,0.0017945495477608559,1.0020095273862013,-0.39336423783491725,-0.3611034159975022,0.02981147662095538,0.37346249727115743,-0.03453042069656205,0.06626986220226201,0.06025226499659253,-0.17866417377092988,-0.07370148079009436,0.06346278122676897,0.1737677990849173,0.07675643455991497,-0.5181599972323121,0.21037521947482943,0.04086679774424279,0.00031018123583798177,0.07821446078973639,0.12307611815363877,0.0780763492616235,0.12082893870593306,0.08288314208012577,-0.037040783430883226,0.0026754504575359907,-0.006138153414278986,0.023810725668215234,0.2307262685616871,0.07679962451545998,-0.0384736706814054,0.00911396556673836,0.25621813498588303,2.781586443112895,-5.097680176980191e-06,0.30360094616489397,-0.03677011577794068,0.7148596269729571,0.0002862826493435608,-0.015367748970092026,-0.5749933786932907,0.0013346806093268346,-0.1755953668896635,0.027742931721842373,0.15823514965156416,0.3864212898906148,0.7721600215377864,-0.470131367436185,0.1360514801786196,0.22027898811046395,-0.0323245687270038,0.0636056126953722,1.0910067341894274,-1.4942634883542802,-0.011121260777197788,0.09727219006388191,0.0,0.24250873802942358,0.009301083463323164,0.00559586477097343,-0.06839935353549476,-1.1016180094176093,0.02194906025335865,0.0008671002544954403,-0.000198540954414594,-0.004220498117143833,-0.019124413796443113,0.04403566089053848,-0.005007690940021664,0.10319177797430625,-0.003254149262674025,-0.1885573699079619,-0.1989507790330397,0.09950991019439734,-0.15698418944050968,-0.5679507478978555
