original_shape2D_Elongation,original_shape2D_MajorAxisLength,original_shape2D_MaximumDiameter,original_shape2D_MeshSurface,original_shape2D_MinorAxisLength,original_shape2D_Perimeter,original_shape2D_PerimeterSurfaceRatio,original_shape2D_PixelSurface,original_shape2D_Sphericity,original_firstorder_10Percentile,original_firstorder_90Percentile,original_firstorder_Energy,original_firstorder_Entropy,original_firstorder_InterquartileRange,original_firstorder_Kurtosis,original_firstorder_Maximum,original_firstorder_MeanAbsoluteDeviation,original_firstorder_Mean,original_firstorder_Median,original_firstorder_Minimum,original_firstorder_Range,original_firstorder_RobustMeanAbsoluteDeviation,original_firstorder_RootMeanSquared,original_firstorder_Skewness,original_firstorder_TotalEnergy,original_firstorder_Uniformity,original_firstorder_Variance,original_glcm_Autocorrelation,original_glcm_JointAverage,original_glcm_ClusterProminence,original_glcm_ClusterShade,original_glcm_ClusterTendency,original_glcm_Contrast,original_glcm_Correlation,original_glcm_DifferenceAverage,original_glcm_DifferenceEntropy,original_glcm_DifferenceVariance,original_glcm_JointEnergy,original_glcm_JointEntropy,original_glcm_Imc1,original_glcm_Imc2,original_glcm_Idm,original_glcm_Idmn,original_glcm_Id,original_glcm_Idn,original_glcm_InverseVariance,original_glcm_MaximumProbability,original_glcm_SumEntropy,original_glcm_SumSquares,original_glrlm_GrayLevelNonUniformity,original_glrlm_GrayLevelNonUniformityNormalized,original_glrlm_GrayLevelVariance,original_glrlm_HighGrayLevelRunEmphasis,original_glrlm_LongRunEmphasis,original_glrlm_LongRunHighGrayLevelEmphasis,original_glrlm_LongRunLowGrayLevelEmphasis,original_glrlm_LowGrayLevelRunEmphasis,original_glrlm_RunEntropy,original_glrlm_RunLengthNonUniformity,original_glrlm_RunLengthNonUniformityNormalized,original_glrlm_RunPercentage,original_glrlm_RunVariance,original_glrlm_ShortRunEmphasis,original_glrlm_ShortRunHighGrayLevelEmphasis,original_glrlm_ShortRunLowGrayLevelEmphasis,original_glszm_GrayLevelNonUniformity,original_glszm_GrayLevelNonUniformityNormalized,original_glszm_GrayLevelVariance,original_glszm_HighGrayLevelZoneEmphasis,original_glszm_LargeAreaEmphasis,original_glszm_LargeAreaHighGrayLevelEmphasis,original_glszm_LargeAreaLowGrayLevelEmphasis,original_glszm_LowGrayLevelZoneEmphasis,original_glszm_SizeZoneNonUniformity,original_glszm_SizeZoneNonUniformityNormalized,original_glszm_SmallAreaEmphasis,original_glszm_SmallAreaHighGrayLevelEmphasis,original_glszm_SmallAreaLowGrayLevelEmphasis,original_glszm_ZoneEntropy,original_glszm_ZonePercentage,original_glszm_ZoneVariance,original_gldm_DependenceEntropy,original_gldm_DependenceNonUniformity,original_gldm_DependenceNonUniformityNormalized,original_gldm_DependenceVariance,original_gldm_GrayLevelNonUniformity,original_gldm_GrayLevelVariance,original_gldm_HighGrayLevelEmphasis,original_gldm_LargeDependenceEmphasis,original_gldm_LargeDependenceHighGrayLevelEmphasis,original_gldm_LargeDependenceLowGrayLevelEmphasis,original_gldm_LowGrayLevelEmphasis,original_gldm_SmallDependenceEmphasis,original_gldm_SmallDependenceHighGrayLevelEmphasis,original_gldm_SmallDependenceLowGrayLevelEmphasis,original_ngtdm_Busyness,original_ngtdm_Coarseness,original_ngtdm_Complexity,original_ngtdm_Contrast,original_ngtdm_Strength,filename,image_path,mask_path
0.9996351320380592,462.1914051286168,564.978760662735,159783.0,462.022766292601,1683.1126983722081,0.010533740750719464,159783.0,0.8418932372334869,55.0,147.0,1613135560.0,2.4648760656321707,40.0,4.174203741134467,255.0,27.829728582918303,93.70971880613081,86.0,12.0,243.0,18.222860262846748,100.47780682684507,1.0460016563503196,1613135560.0,0.22467437899161505,1314.2782660086866,20.4273674830726,4.278848748407663,302.98638217178535,25.199858186319457,8.608161237758814,0.13287775246772968,0.969596805913736,0.10658458680823561,0.48571469035255144,0.12151747832264741,0.18618444006315765,3.0315232966203984,-0.7696215634725957,0.9886665620540118,0.9482691750639078,0.9989848727334887,0.948349898914198,0.9912386165331879,0.10211508122558918,0.3094310259354782,2.9231526747162553,2.185259747556636,3190.6044740599714,0.1898265393895747,2.5367091207446144,23.056401713469775,193.86440980485483,3334.8065801999046,16.38826796668324,0.07292155129951122,7.140851871730053,1014.2396477867682,0.060342673000164694,0.10519266755537197,103.49341497122018,0.12050176778907652,2.8321071412959067,0.009384981868888528,3190.6044740599714,0.1898265393895747,2.5367091207446144,23.056401713469775,193.86440980485483,3334.8065801999046,16.38826796668324,0.07292155129951122,1014.2396477867682,0.060342673000164694,0.12050176778907652,2.8321071412959067,0.009384981868888528,7.140851871730053,0.10519266755537197,103.49341497122018,3.2282300834391293,107600.22398502969,0.6734147186185621,0.18061800426151237,35899.146298417225,2.1877048315104406,20.488631456412758,7.962567982826709,160.47005626380778,0.6195774865193784,0.07723081446577522,0.1447602199371787,3.049843294412491,0.011081179941141514,63.34364151534448,0.0002944058697583702,6.013150647778166,0.0042242704492855545,0.01964576104051651,10_Benign_center1.png,/mnt/wangbd8/workspace/DataSets/ThyroidAgent/Classifaction_Data/Lymph_Node_Metastasis_fake/images/10_Benign_center1.png,/mnt/wangbd8/workspace/DataSets/ThyroidAgent/train_val_test/pred_masks/Lymph_Node_Metastasis_fake/Lymph_images/10_Benign_center1.png
0.9992713627775763,566.2653107461024,692.2578999188091,239705.0,565.8527087629254,2064.384776310849,0.008612189050336241,239705.0,0.8407228104119047,15.0,129.0,1511743394.0,2.6532018541450344,51.0,4.39224999350221,255.0,33.555323149965936,65.51189170021485,60.0,0.0,255.0,21.87286432953987,79.414625684282,1.1749662854972467,1511743394.0,0.19025957857615552,2014.8748184339436,13.159065442443097,3.148305403642567,741.7558054453426,54.13804867849271,13.101095164652989,0.1121410533005536,0.9830259519392863,0.08942936464134597,0.4327118437902419,0.10414344204039874,0.1631643280763536,3.1450346493623624,-0.8147600259377155,0.9933540701206718,0.9566724165698716,0.9991428275743096,0.9567975338329937,0.9926533451108245,0.08494922753008459,0.2656581874132424,3.049756578497214,3.303309054488386,3501.8929927838967,0.16625014208051161,3.6189386592092907,17.815277250284847,501.16041587542725,3000.50555450057,300.48941054133877,0.18036653445701506,7.431075053170518,1251.5225028484617,0.0594152346585863,0.08787467929329801,371.6596031654348,0.13078251858961043,2.1745085441433294,0.03515863892707363,3501.8929927838967,0.16625014208051161,3.6189386592092907,17.815277250284847,501.16041587542725,3000.50555450057,300.48941054133877,0.18036653445701506,1251.5225028484617,0.0594152346585863,0.13078251858961043,2.1745085441433294,0.03515863892707363,7.431075053170518,0.08787467929329801,371.6596031654348,3.323928736135203,171920.15008865064,0.7172155361325405,0.15891212541024963,45606.172282597356,3.304080561804525,13.201739638305417,8.135303810934273,103.36389729041947,2.410261713374407,0.28488432209792425,0.13981398431868802,1.9638615983998853,0.03752295589705917,114.3927781138334,0.00027459735475300764,5.477213032333078,0.005424233016675136,0.021802383041062755,10_Malignant_center1.png,/mnt/wangbd8/workspace/DataSets/ThyroidAgent/Classifaction_Data/Lymph_Node_Metastasis_fake/images/10_Malignant_center1.png,/mnt/wangbd8/workspace/DataSets/ThyroidAgent/train_val_test/pred_masks/Lymph_Node_Metastasis_fake/Lymph_images/10_Malignant_center1.png
0.9990948695722837,462.57678741957506,564.978760662735,159454.0,462.1580950941263,1853.5391052434013,0.011624287288142044,159453.0,0.7636966544887237,60.0,153.0,1806618933.0,2.5070285481726327,48.0,3.4533975371771684,255.0,28.70918303045726,100.08929904109675,93.0,15.0,240.0,19.98206313381325,106.44295712397289,0.830294904955226,1806618933.0,0.20803216295736765,1312.2353387578398,22.625581746371157,4.5297602576035825,248.35755696563885,19.67096275953647,8.582442566501971,0.15502754647681818,0.9645143171942784,0.1346884355110563,0.5677702514999609,0.13688657181640224,0.16155681992959695,3.183161930741961,-0.7298744227671652,0.9870289104564183,0.9338871904842573,0.9987838504839743,0.9339420132387605,0.988870415619654,0.13124099412621915,0.2717164348066715,3.0477598523825744,2.1843675282446973,4082.518040755281,0.19080753602333528,2.3209855851961225,24.946578799775658,113.26972331276875,2158.983174425126,8.794484772937457,0.061609345450849805,6.738711533072103,1638.2941671340438,0.07657011437343633,0.13418374066339298,57.7304477333496,0.14238827327207534,3.6649490897462202,0.009065583173854296,4082.518040755281,0.19080753602333528,2.3209855851961225,24.946578799775658,113.26972331276875,2158.983174425126,8.794484772937457,0.061609345450849805,1638.2941671340438,0.07657011437343633,0.14238827327207534,3.6649490897462202,0.009065583173854296,6.738711533072103,0.13418374066339298,57.7304477333496,3.384889780067004,97628.08916106941,0.6122687510493336,0.21814590342649043,33171.35248004114,2.1863060879364897,22.70595096987827,7.679962120499457,171.43094203307558,0.5172680973776644,0.0664977571684646,0.15504533903058862,3.621279206620969,0.010130523112232186,74.98735872976066,0.00024064472611759914,7.48493185948538,0.005309883450410097,0.014819479089795416,11_Benign_center1.png,/mnt/wangbd8/workspace/DataSets/ThyroidAgent/Classifaction_Data/Lymph_Node_Metastasis_fake/images/11_Benign_center1.png,/mnt/wangbd8/workspace/DataSets/ThyroidAgent/train_val_test/pred_masks/Lymph_Node_Metastasis_fake/Lymph_images/11_Benign_center1.png
0.9980926595878535,508.7957091312864,621.5472628851325,192835.0,507.82526251373355,2118.225396744415,0.0109846521468842,192834.0,0.7348956764447928,22.0,159.0,1790726240.0,2.9291720298564936,76.0,2.5310936320345645,255.0,42.69005685187883,81.72554632481824,70.0,5.0,250.0,32.57872614903986,96.36576951259416,0.6329142414233998,1790726240.0,0.14541451016432783,2607.296611664409,18.623703488039595,3.7955293408130264,725.1504912916367,40.899394240547856,17.00857791924146,0.1379358749733549,0.9839109131303537,0.09959811378630884,0.4594832877682893,0.12801609070356437,0.12192516311421399,3.4608017899335466,-0.8185463244118284,0.9958579618280734,0.9523469972389668,0.9989859633890904,0.9524258704831952,0.9918713031167422,0.09378992308968485,0.1873528020255481,3.359549254801192,4.286628448553704,2530.91979869365,0.13550271970733752,4.261244179899448,23.796337937680693,290.00631759289,3224.5965842167257,118.54333564749267,0.13606086645296678,7.549944922498201,1116.7903415783273,0.05979175187805587,0.09686051215034693,183.41876803928903,0.1255110963459586,3.1789300844080346,0.01620698195835364,2530.91979869365,0.13550271970733752,4.261244179899448,23.796337937680693,290.00631759289,3224.5965842167257,118.54333564749267,0.13606086645296678,1116.7903415783273,0.05979175187805587,0.1255110963459586,3.1789300844080346,0.01620698195835364,7.549944922498201,0.09686051215034693,183.41876803928903,3.6479301817697096,133809.60667724573,0.6939108594814489,0.17049564608016884,28040.861653027994,4.284567669076138,18.69344099069666,8.045697335532116,145.54588402460146,1.7778204478616688,0.21197422905953378,0.14238700413596955,2.825524659666979,0.02777622752258796,78.105722012691,0.000396776464986511,5.203491391537849,0.007732192190373565,0.022003005622488237,11_Malignant_center1.png,/mnt/wangbd8/workspace/DataSets/ThyroidAgent/Classifaction_Data/Lymph_Node_Metastasis_fake/images/11_Malignant_center1.png,/mnt/wangbd8/workspace/DataSets/ThyroidAgent/train_val_test/pred_masks/Lymph_Node_Metastasis_fake/Lymph_images/11_Malignant_center1.png
0.9993816864120539,531.8599527767707,649.8315166256558,210980.5,531.5310965410845,2075.355339059327,0.009836716374543274,210980.0,0.784573479800143,47.0,150.0,2072546059.0,2.6216175204871153,52.0,3.6043746733269675,255.0,31.333173310785337,90.83112617309698,83.0,0.0,255.0,21.748348822214105,99.11318933866269,0.8325425952232132,2072546059.0,0.1964016315718383,1573.1308190085374,19.888291352722646,4.1713421760240195,366.8503979237694,26.758174687976464,10.102093882171078,0.1493106691877203,0.9708702025288953,0.12423632027516224,0.5443590560813067,0.13387600591220764,0.157518694874269,3.2573207994956634,-0.7554550373231842,0.990369235343856,0.9396755929594198,0.9988283783147406,0.9398967165070948,0.9897730679305523,0.1178171990071536,0.26361321462844545,3.123416158846814,2.5628511378396994,4363.35440268771,0.17045684829626181,2.8622013411995444,22.234510508633488,151.31846237987344,2417.3478396749747,16.841670810093266,0.09815184777893114,7.025369786195719,1791.8174076099695,0.06999833610477262,0.12132903592757607,83.38707153713548,0.15180083051628634,3.1657189058516746,0.027454190781074635,4363.35440268771,0.17045684829626181,2.8622013411995444,22.234510508633488,151.31846237987344,2417.3478396749747,16.841670810093266,0.09815184777893114,1791.8174076099695,0.06999833610477262,0.15180083051628634,3.1657189058516746,0.027454190781074635,7.025369786195719,0.12132903592757607,83.38707153713548,3.4512576380416915,134942.6602237179,0.6395992995720822,0.20706643925160506,41436.816229026444,2.5714454539442757,19.94293297942933,7.810000947957152,152.95706702057066,0.7348896590373392,0.09426757762768961,0.15193040941216124,3.1020030861271737,0.015483518406765739,96.286996546639,0.00021703931778137612,7.010824571503612,0.0058607035497086546,0.01324973909492899,12_Benign_center1.png,/mnt/wangbd8/workspace/DataSets/ThyroidAgent/Classifaction_Data/Lymph_Node_Metastasis_fake/images/12_Benign_center1.png,/mnt/wangbd8/workspace/DataSets/ThyroidAgent/train_val_test/pred_masks/Lymph_Node_Metastasis_fake/Lymph_images/12_Benign_center1.png
0.9988871540886696,616.7180355472083,754.4832668787294,284234.0,616.0317234029058,2610.367532368142,0.009183867983310025,284232.0,0.7240045347547956,12.0,126.0,1563034260.0,2.6079688922572606,66.0,3.038891931400483,255.0,37.297855458531586,59.1038236370289,46.0,0.0,255.0,27.70564624100991,74.15625056320954,0.8874728370706035,1563034260.0,0.19018668147755496,2005.8875290764984,11.605789538635122,2.8971810376743115,500.6136905181218,40.122014906874554,12.98664310758769,0.13811681328561606,0.9789532434698542,0.10169419812069178,0.4713113173753894,0.12777510335420555,0.1626841586609373,3.1390957801675032,-0.7965605659640076,0.9921304984455056,0.9511870038009823,0.9989856347947929,0.9513393368634631,0.9916863212304624,0.09545146283359754,0.26441126174567636,3.0317664312355577,3.2811899802183264,4221.19657967082,0.15070857865938878,3.575036556119585,17.052840158520475,430.88150237423685,1846.1159984290764,320.8671690665648,0.2187276203621483,7.2738271604287235,1801.4021564497125,0.06431511858508739,0.09854273973373863,327.9020128080124,0.13968213104025773,2.6509294253840303,0.032315998566216884,4221.19657967082,0.15070857865938878,3.575036556119585,17.052840158520475,430.88150237423685,1846.1159984290764,320.8671690665648,0.2187276203621483,1801.4021564497125,0.06431511858508739,0.13968213104025773,2.6509294253840303,0.032315998566216884,7.2738271604287235,0.09854273973373863,327.9020128080124,3.3210800436714916,196359.3098947339,0.6908416712218677,0.17512336968107342,54057.14084972839,3.282312182326062,11.668091559008134,8.031453179093136,88.51081159053167,3.111934816790645,0.3692124050615788,0.143642048279809,1.8556183368203127,0.04840518832662131,207.52498434840112,0.00022553251810922704,5.071616648893597,0.007432680102701776,0.01369647738787125,12_Malignant_center1.png,/mnt/wangbd8/workspace/DataSets/ThyroidAgent/Classifaction_Data/Lymph_Node_Metastasis_fake/images/12_Malignant_center1.png,/mnt/wangbd8/workspace/DataSets/ThyroidAgent/train_val_test/pred_masks/Lymph_Node_Metastasis_fake/Lymph_images/12_Malignant_center1.png
0.9998419265660344,537.1169957559663,655.4883675550619,214156.5,537.0320918280058,2263.982756057291,0.01057162755301516,214156.0,0.7245985282403202,51.0,156.0,2442054484.0,2.666352160510593,57.0,2.8023864331475417,255.0,32.22220374793885,99.19584788658734,95.0,9.0,246.0,23.56812685402243,106.78556536201721,0.516964424621683,2442054484.0,0.17812895913856858,1563.3407317466738,22.724099678908097,4.497530962433184,287.79107755771867,16.196786228035542,10.137619194044044,0.15235951059228814,0.9703868171226361,0.14075152354829953,0.5861939167061927,0.13254851921112065,0.1347553558602262,3.3733837211901507,-0.7346806390070293,0.9900033236158464,0.9304000342437152,0.9987778508449653,0.9304501631463054,0.9883271424721465,0.13841324706781258,0.21333420705278824,3.231222359277436,2.5724946761590832,5239.401100540325,0.1736798853230459,2.595421015256045,23.951602744721054,95.53319852819305,1985.9694036529984,7.932447080306996,0.07430104928593168,6.80207865236057,2335.4237743229355,0.07741650725371882,0.14086460337324194,45.137177735929015,0.15058452903036754,3.589373663210075,0.012412223805192437,5239.401100540325,0.1736798853230459,2.595421015256045,23.951602744721054,95.53319852819305,1985.9694036529984,7.932447080306996,0.07430104928593168,2335.4237743229355,0.07741650725371882,0.15058452903036754,3.589373663210075,0.012412223805192437,6.80207865236057,0.14086460337324194,45.137177735929015,3.575537893891791,128523.93040587235,0.6001416276259939,0.22757312445207065,38147.38537327929,2.5736162329206853,22.79870281477054,7.616569229907171,172.03698705616466,0.5842496864770921,0.07629684672717243,0.15794483149355296,3.6500570197011117,0.012069795908668055,101.92088698614371,0.00019345379130506418,7.727398361874578,0.006500256917325681,0.010968334944614976,13_Benign_center1.png,/mnt/wangbd8/workspace/DataSets/ThyroidAgent/Classifaction_Data/Lymph_Node_Metastasis_fake/images/13_Benign_center1.png,/mnt/wangbd8/workspace/DataSets/ThyroidAgent/train_val_test/pred_masks/Lymph_Node_Metastasis_fake/Lymph_images/13_Benign_center1.png
0.9903945927598657,286.7812378434277,348.61009738675097,60716.0,284.02658726511174,1257.2548339959392,0.020707142005335317,60714.0,0.694757420509108,51.0,140.0,568060536.0,2.456939462833498,50.0,4.10554932190064,255.0,28.308439497400208,90.10689462068056,82.0,0.0,255.0,20.502835505256957,96.7281510781077,0.7629629081548417,568060536.0,0.21548628908417714,1237.0827528067957,19.09555004135649,4.14136476426799,244.34679183395355,16.431712671474248,7.982247636522607,0.2036559139784946,0.9502422884115151,0.1222332506203474,0.5213881447589249,0.18871494642127798,0.17581943638865116,3.055862196175176,-0.7558481789690982,0.9877225319189241,0.9440278660525049,0.9985374323103056,0.9443097010516366,0.990199078131368,0.10727363162524453,0.2880562448304384,2.9363583484099753,2.0464758876252755,1295.4193267556586,0.18795985588445427,2.556448820353761,21.989553105049332,170.4849100406268,2633.8228380731284,23.475099635325233,0.08051704070025117,6.961880241329801,444.5742890307603,0.06450584576766691,0.11351582830978028,92.88036538532145,0.13609376279916618,3.0397180187931827,0.011953072973727899,1295.4193267556586,0.18795985588445427,2.556448820353761,21.989553105049332,170.4849100406268,2633.8228380731284,23.475099635325233,0.08051704070025117,444.5742890307603,0.06450584576766691,0.13609376279916618,3.0397180187931827,0.011953072973727899,6.961880241329801,0.11351582830978028,92.88036538532145,3.256726244885859,39793.72213986889,0.6554290960877045,0.19396837047725363,13083.034555456732,2.04923396109363,19.186793820206212,7.883321803867313,148.08648746582338,0.6985972839776757,0.08758035292091772,0.14828997888094636,2.937373038618221,0.012811989567894679,31.61835286793026,0.0007184563136457875,5.564925789687557,0.00555749508065987,0.03622796008689657,13_Malignant_center1.png,/mnt/wangbd8/workspace/DataSets/ThyroidAgent/Classifaction_Data/Lymph_Node_Metastasis_fake/images/13_Malignant_center1.png,/mnt/wangbd8/workspace/DataSets/ThyroidAgent/train_val_test/pred_masks/Lymph_Node_Metastasis_fake/Lymph_images/13_Malignant_center1.png
0.9993354694130746,462.6934795914946,564.978760662735,159391.0,462.3860056219351,1875.154328932551,0.011764493157910741,159390.0,0.7547442496607866,29.0,125.0,1045201067.0,2.540465258833505,45.0,3.974431384261253,255.0,28.6758887888817,72.13113118765293,67.0,3.0,252.0,19.730866191292602,80.97843641869025,0.904406796850528,1045201067.0,0.2051649612718034,1354.607078405464,13.864962631168371,3.4137182616573134,311.91211674738463,22.21066196477717,8.968661666338612,0.12270062155565062,0.9730072088934273,0.10538765444525529,0.4833670569026865,0.11159406384617807,0.16975895738611624,3.1046907839215874,-0.777705870220425,0.9903338895821406,0.9484107777813028,0.9990372762360139,0.9484714847714671,0.9913000439583275,0.10217118872553843,0.28889126550743605,2.998683388067113,2.2728405719735654,2998.234781570781,0.1789349953193352,2.655689206022822,17.252685605156362,235.7504177608021,2177.380102649797,66.59076883505443,0.142551332222266,7.1375011794675105,1061.3021007400334,0.06333863098233668,0.10512579208231382,145.26440785387456,0.12639948423845332,2.3528176739723956,0.01920591429426962,2998.234781570781,0.1789349953193352,2.655689206022822,17.252685605156362,235.7504177608021,2177.380102649797,66.59076883505443,0.142551332222266,1061.3021007400334,0.06333863098233668,0.12639948423845332,2.3528176739723956,0.01920591429426962,7.1375011794675105,0.10512579208231382,145.26440785387456,3.2999041366931445,107415.71956835435,0.6739175579920594,0.18136676649397704,32701.24317711274,2.2748997385851206,13.925735617039965,7.964062990149946,107.4707886316582,1.4257590484002791,0.17478855551080022,0.1449941094868631,2.1355016695596407,0.024353760120767273,74.22772820972602,0.00032433034299902464,6.415255035880932,0.004330547352407017,0.025002787322496355,14_Benign_center1.png,/mnt/wangbd8/workspace/DataSets/ThyroidAgent/Classifaction_Data/Lymph_Node_Metastasis_fake/images/14_Benign_center1.png,/mnt/wangbd8/workspace/DataSets/ThyroidAgent/train_val_test/pred_masks/Lymph_Node_Metastasis_fake/Lymph_images/14_Benign_center1.png
0.9998178251872349,427.3967985349661,522.5523897180071,136798.0,427.3189376032166,1524.970562748477,0.01114760861086037,136798.0,0.8597720954335948,46.0,130.0,1094142372.0,2.4424313688097743,40.0,4.302582526407617,255.0,26.06722420343092,82.63939531279696,78.0,5.0,250.0,17.142834131596985,89.43284456857566,0.7589318353159898,1094142372.0,0.2282370418673888,1168.9640299622818,16.591505208447877,3.8349167601328316,244.11719015734133,14.482212556969563,7.692336008439411,0.15266140323869426,0.9610805726942772,0.10901453673770095,0.4902537046420307,0.14077723401855874,0.18948479029875662,3.0081704374950906,-0.7678410680878964,0.9881614817943547,0.9482276111253692,0.9988635073773737,0.9483912299937899,0.9911204455026317,0.10093534200059404,0.30586527676980935,2.9003048743219972,1.9612493529195263,2764.221625392396,0.19283024941697915,2.4460937439360544,19.324520404604115,197.1885594698291,2725.738890826648,29.627004715015353,0.10584460065150716,7.098190080883435,870.7982560167422,0.06074630317521745,0.10478954370677934,106.12091540689677,0.12540288632117463,2.614589933407598,0.013093894626178718,2764.221625392396,0.19283024941697915,2.4460937439360544,19.324520404604115,197.1885594698291,2725.738890826648,29.627004715015353,0.10584460065150716,870.7982560167422,0.06074630317521745,0.12540288632117463,2.614589933407598,0.013093894626178718,7.098190080883435,0.10478954370677934,106.12091540689677,3.2027449861047486,92302.43800347958,0.674735288553046,0.18099217505996634,31222.37085337505,1.9630249615483641,16.652575330048684,7.967441044459714,129.92879281860846,0.9732152508966324,0.12027950322209477,0.14490546482973274,2.5061940476712623,0.016938440069324393,68.04044987362761,0.0003389044829965573,5.091277261259708,0.00473623367485832,0.019291556571238988,14_Malignant_center1.png,/mnt/wangbd8/workspace/DataSets/ThyroidAgent/Classifaction_Data/Lymph_Node_Metastasis_fake/images/14_Malignant_center1.png,/mnt/wangbd8/workspace/DataSets/ThyroidAgent/train_val_test/pred_masks/Lymph_Node_Metastasis_fake/Lymph_images/14_Malignant_center1.png
0.9994364463830498,509.327139619941,621.5472628851325,192522.5,509.04010646819734,2160.669047558309,0.011222943019949923,192522.0,0.7198755573136918,26.0,143.0,1513396671.0,2.750909597318721,55.0,3.161802348828191,255.0,34.49112624760945,77.26457755477296,71.0,3.0,252.0,24.043288402541833,88.66173074926188,0.7158062792559765,1513396671.0,0.17096961275441191,1891.0875547370827,16.14625802521205,3.622204518591415,472.02597777038295,29.791422991671247,12.236097100268548,0.1325272974366184,0.9785704063483067,0.12015558367308685,0.5288053359064586,0.11808993314879825,0.13612833416433182,3.3746880332541744,-0.7731202969886953,0.9928647199522722,0.9407253297981956,0.9989433633205913,0.9407718502021578,0.990046434145908,0.11779146584339237,0.22470593748535544,3.253448905496149,3.0921560994262913,3795.181810333664,0.16381844046849675,3.0602896530568677,19.83890879267924,194.48439590797256,1808.528467216299,81.41390321634582,0.12921002051670952,7.039815372040753,1682.6593430310356,0.07263173233612619,0.12033429945668547,125.42526127369342,0.1466914927466179,3.046806423623134,0.019276956168446484,3795.181810333664,0.16381844046849675,3.0602896530568677,19.83890879267924,194.48439590797256,1808.528467216299,81.41390321634582,0.12921002051670952,1682.6593430310356,0.07263173233612619,0.1466914927466179,3.046806423623134,0.019276956168446484,7.039815372040753,0.12033429945668547,125.42526127369342,3.5707328169513604,123411.31587039403,0.6410244848401431,0.2038045581177625,32915.4117867049,3.0929484595597363,16.213123694954344,7.817714339140462,122.47206553017317,1.5350025100181715,0.1875061739691049,0.1509714907040927,2.595058688819402,0.02604857664817729,97.80568905463355,0.00027005789443437854,6.838473117970885,0.0066995758565927405,0.017981935155390285,15_Benign_center1.png,/mnt/wangbd8/workspace/DataSets/ThyroidAgent/Classifaction_Data/Lymph_Node_Metastasis_fake/images/15_Benign_center1.png,/mnt/wangbd8/workspace/DataSets/ThyroidAgent/train_val_test/pred_masks/Lymph_Node_Metastasis_fake/Lymph_images/15_Benign_center1.png
0.9998183001433847,427.53277414870405,522.5523897180071,136710.5,427.4550915049429,1585.698484809835,0.011598951688493824,136710.0,0.8265806924003313,24.0,108.0,674329769.0,2.3891811122416913,45.0,5.332514310028653,255.0,26.578639271829978,61.502706458927655,55.0,0.0,255.0,18.571886273919862,70.23215986794217,1.0613892827928044,674329769.0,0.22326077055771282,1149.9733779431658,10.777162391156038,2.994677924573977,279.598403413372,20.24086962978032,7.448642928257349,0.21237685135601053,0.9445565061922531,0.1520330988343518,0.6105847761810587,0.18926278821483475,0.17006056123970484,3.1079379877230826,-0.6987599797770847,0.9820837264211061,0.9274215397908468,0.9984436812189005,0.9275948586429884,0.9876007423662939,0.14225773545886033,0.2728673185689449,2.9570254091771364,1.91525494490334,3949.431823867901,0.197619806047931,2.340869126951543,13.142707030272705,103.99179384538404,847.5710783087316,31.563473197599006,0.20128450284565735,6.550142705731083,1691.033224918689,0.08461512258787536,0.14618535586277523,57.197568579236524,0.182018973849953,2.684001258040076,0.03747856317028146,3949.431823867901,0.197619806047931,2.340869126951543,13.142707030272705,103.99179384538404,847.5710783087316,31.563473197599006,0.20128450284565735,1691.033224918689,0.08461512258787536,0.182018973849953,2.684001258040076,0.03747856317028146,6.550142705731083,0.14618535586277523,57.197568579236524,3.317518184517237,80952.13813181187,0.5921449647561398,0.24094757261597358,30521.97994294492,1.9178444696488037,10.88758686270207,7.572203935337576,79.2727818008924,1.7744230126760867,0.22903264988572938,0.16212461089573224,1.8953445655442582,0.035875916713087964,123.26842606698804,0.00024774118001418243,8.038292694055357,0.006274663247077154,0.017830446186084526,15_Malignant_center1.png,/mnt/wangbd8/workspace/DataSets/ThyroidAgent/Classifaction_Data/Lymph_Node_Metastasis_fake/images/15_Malignant_center1.png,/mnt/wangbd8/workspace/DataSets/ThyroidAgent/train_val_test/pred_masks/Lymph_Node_Metastasis_fake/Lymph_images/15_Malignant_center1.png
0.9997440293530977,404.43272716032044,494.26814584797995,122323.0,404.32920425352074,1491.698484809835,0.012194750658582892,122322.0,0.8311471983154507,35.0,131.0,995768591.0,2.6159048313049675,52.0,3.827847636325723,255.0,30.54700588924584,81.63055705433202,78.0,9.0,246.0,21.77861557010064,90.2250071330906,0.7691530541124606,995768591.0,0.18980348563263977,1477.0040671656961,16.78014318165044,3.7962695685689214,350.6519582098109,21.77002626169512,9.614373044020303,0.14045086638839457,0.971203813071699,0.1102236290725995,0.4952018247659497,0.1283016179824606,0.15612571131016298,3.1935897331602483,-0.7788620215290939,0.9914576203444024,0.9467223412022213,0.9989299614051832,0.9468060734595101,0.9909551078880316,0.10506726849704864,0.23008290758797142,3.082718655033533,2.438705977602175,2253.2571708198448,0.16963465864788413,2.827967446416856,20.603176993149138,195.22141082586765,2424.0739290822858,29.60110049199051,0.11520496102641675,7.163100992994039,856.7562297673718,0.0645002055083469,0.10859044162129462,110.41732023066741,0.12766560058688783,2.803741933500513,0.015495413114211765,2253.2571708198448,0.16963465864788413,2.827967446416856,20.603176993149138,195.22141082586765,2424.0739290822858,29.60110049199051,0.11520496102641675,856.7562297673718,0.0645002055083469,0.12766560058688783,2.803741933500513,0.015495413114211765,7.163100992994039,0.10859044162129462,110.41732023066741,3.3865017802879462,81452.99825051911,0.6658900136567348,0.18590582769883895,23217.141969555763,2.4402947804465107,16.83301450270597,7.929988064289335,129.45883814849333,1.0438492487824853,0.12965256360823385,0.1461311583816121,2.5941059026358477,0.01851575292232881,51.117236675615665,0.00043679669532565457,6.231465120247819,0.004859580647951848,0.028420976539733966,16_Benign_center1.png,/mnt/wangbd8/workspace/DataSets/ThyroidAgent/Classifaction_Data/Lymph_Node_Metastasis_fake/images/16_Benign_center1.png,/mnt/wangbd8/workspace/DataSets/ThyroidAgent/train_val_test/pred_masks/Lymph_Node_Metastasis_fake/Lymph_images/16_Benign_center1.png
0.9999634058445397,427.7243495479045,522.5523897180071,136536.5,427.708697336563,1627.7401153701778,0.011921648170051069,136536.0,0.804718986600242,34.0,125.0,963345792.0,2.521588880635706,53.0,3.8239022368646935,255.0,29.554870112918117,75.79989160367961,71.0,3.0,252.0,21.84280551248141,83.997723227898,0.6857519063157242,963345792.0,0.19678390547277283,1309.993940340978,14.776932174628477,3.5657942099038413,257.70277792507477,15.19402995810642,8.487257356154714,0.23908204717584056,0.9452045041739743,0.13024410669291628,0.5392252767690816,0.2221185198476048,0.15711251433216705,3.147031452636817,-0.7520657863815434,0.9886731099872944,0.9403783675575955,0.9984282162296418,0.9405521733337628,0.989605508326911,0.11575315128627983,0.2320372587766016,3.0194930207332855,2.1815848508326385,3020.161545964399,0.18411128663523524,2.4970532036987785,18.14929285540112,172.60777859058766,1810.5930870519385,37.00375224323103,0.1207762110845118,6.873760457040729,1191.094245306023,0.07260998813131084,0.1201441378098084,103.32986022107835,0.1449150777043642,2.860197142075089,0.01756865587303685,3020.161545964399,0.18411128663523524,2.4970532036987785,18.14929285540112,172.60777859058766,1810.5930870519385,37.00375224323103,0.1207762110845118,1191.094245306023,0.07260998813131084,0.1449150777043642,2.860197142075089,0.01756865587303685,6.873760457040729,0.1201441378098084,103.32986022107835,3.344483358198118,87549.69805765513,0.6412206162305555,0.2029546951241549,26868.087317630514,2.1811181322313367,14.896723208531084,7.8189634968067026,112.652567820941,1.1961884999568357,0.14874345507862252,0.1507193056125206,2.379257729341224,0.02135310324717076,83.02573459617146,0.000328625832545823,6.184017641455517,0.0062457426642836,0.017686373157609066,16_Malignant_center1.png,/mnt/wangbd8/workspace/DataSets/ThyroidAgent/Classifaction_Data/Lymph_Node_Metastasis_fake/images/16_Malignant_center1.png,/mnt/wangbd8/workspace/DataSets/ThyroidAgent/train_val_test/pred_masks/Lymph_Node_Metastasis_fake/Lymph_images/16_Malignant_center1.png
0.9995035422883659,347.1966397116382,423.55755216971403,89536.0,347.02427126239996,1482.02438661764,0.016552273796212026,89534.0,0.7157286899867934,28.0,143.0,755327726.0,2.763360432658378,61.0,3.102054504004487,255.0,34.1684689425755,81.43998927781625,78.0,10.0,245.0,24.886396294659964,91.84884928691534,0.5835575503381052,755327726.0,0.16586522150017213,1803.7392617596631,17.21776860894036,3.778239956946329,432.4151703139452,21.573892574712712,11.895070494038249,0.12438474733997826,0.9793027645859073,0.09115269477862116,0.4327794077399422,0.11607593357457377,0.14084577869223192,3.2594971791581298,-0.8201199713869293,0.9946019452082928,0.95652136863855,0.9990640490443897,0.9566319907713658,0.9925613380234759,0.08509534642920638,0.21146752475025507,3.1678949778573893,3.0048638103445575,1280.247349382562,0.1596915740779047,3.1872456573003034,22.208681551702632,374.7499064487963,3973.8230011226146,116.5805816389906,0.11350277454198701,7.4348526787834475,466.57689908943496,0.05819844069969252,0.08954140326579847,250.02528125301404,0.1289815888723652,3.091325422397739,0.015592971421067576,1280.247349382562,0.1596915740779047,3.1872456573003034,22.208681551702632,374.7499064487963,3973.8230011226146,116.5805816389906,0.11350277454198701,466.57689908943496,0.05819844069969252,0.1289815888723652,3.091325422397739,0.015592971421067576,7.4348526787834475,0.08954140326579847,250.02528125301404,3.4487658388409104,63807.39091294927,0.7126610104870694,0.1608393043991375,14850.576741796413,3.008896685807011,17.294804208457123,8.118413116804788,136.09003283668773,1.4089540376442296,0.16764266377457773,0.14020868546523607,2.572653963857306,0.02200069667632685,30.353662549260328,0.0008054483080581503,4.916589782751443,0.004952941500161773,0.04868649583934749,17_Benign_center1.png,/mnt/wangbd8/workspace/DataSets/ThyroidAgent/Classifaction_Data/Lymph_Node_Metastasis_fake/images/17_Benign_center1.png,/mnt/wangbd8/workspace/DataSets/ThyroidAgent/train_val_test/pred_masks/Lymph_Node_Metastasis_fake/Lymph_images/17_Benign_center1.png
0.8873024812976177,612.9395875087566,707.7153382540187,248010.5,543.862816882058,2430.5685424949183,0.009800264676273457,248010.0,0.7263268403762021,26.0,128.0,1659681300.0,2.639587497672652,53.0,3.22399693971497,253.0,32.034080875836494,71.42672472884158,64.0,0.0,253.0,22.66416834735446,81.80460542050993,0.7417992743378993,1659681300.0,0.18497875606256595,1590.216462515613,14.026917171717171,3.390983838383838,337.0760482846267,23.489571626360796,10.280789178753189,0.16820606060606064,0.9678043569256376,0.12841616161616165,0.55093541632645,0.15171535004183248,0.14641551618814405,3.288374217147704,-0.7540294839703012,0.9906138773026929,0.9382327818761564,0.9987296452303683,0.9383978194644862,0.9894837834397381,0.12104134121257931,0.22741818181818182,3.151711133316831,2.6122488098398122,5214.549715770668,0.1693860554091495,2.885698718516717,17.161994477830113,151.1960370310216,1437.6956309891182,53.13817917964041,0.15843442198850238,6.986699630955746,2199.5607925937957,0.07144910809140152,0.12412805935244546,86.29373982702471,0.1446529954547305,2.7401900212032015,0.02557100277477145,5214.549715770668,0.1693860554091495,2.885698718516717,17.161994477830113,151.1960370310216,1437.6956309891182,53.13817917964041,0.15843442198850238,2199.5607925937957,0.07144910809140152,0.1446529954547305,2.7401900212032015,0.02557100277477145,6.986699630955746,0.12412805935244546,86.29373982702471,3.47955366875412,156973.10364904642,0.6329305417081827,0.20812415132994586,45876.581291076975,2.6138131801060966,14.108431111648724,7.780218539575017,106.07581952340631,1.6003327534761236,0.19920053947268396,0.15216030715607348,2.2824240958025888,0.02887633107387469,141.2929973713898,0.00018631762834741048,7.773025447359517,0.0060242706974986725,0.013592488397154209,17_Malignant_center1.png,/mnt/wangbd8/workspace/DataSets/ThyroidAgent/Classifaction_Data/Lymph_Node_Metastasis_fake/images/17_Malignant_center1.png,/mnt/wangbd8/workspace/DataSets/ThyroidAgent/train_val_test/pred_masks/Lymph_Node_Metastasis_fake/Lymph_images/17_Malignant_center1.png
0.999787775811572,405.0970042546114,494.26814584797995,121835.5,405.01103287164887,1727.7817459305206,0.014181266920811427,121834.0,0.716148316973616,24.0,121.0,681260507.0,2.5064511775802116,56.0,3.653795192201625,255.0,31.381766416620756,64.25374690152174,54.0,8.0,247.0,23.13562935778902,74.77774341290744,0.9735129914189051,681260507.0,0.21087722683841711,1463.1669190418058,11.99458159719363,3.105156540786245,328.102921347107,26.520610451712876,9.564375268833796,0.15403745120967077,0.968299874548036,0.12062122235214678,0.5261321439015094,0.13948797192794474,0.17288769251944713,3.117702398465352,-0.755935605042363,0.9886244163979705,0.9415735848023487,0.9988389835763541,0.941648204047947,0.9900976342247728,0.11546515429348694,0.3193234407681286,2.997424050367701,2.4296031800108664,2411.3894366682757,0.16626831942827522,2.9651530225952767,15.049920706060815,159.38343790939805,1400.44611459698,40.15443051219097,0.21667098685445965,7.004547255807425,1011.8043852995932,0.06976517860439863,0.11903902030631844,88.81324378821037,0.14722964034619168,2.5388256115491337,0.03160991862179695,2411.3894366682757,0.16626831942827522,2.9651530225952767,15.049920706060815,159.38343790939805,1400.44611459698,40.15443051219097,0.21667098685445965,1011.8043852995932,0.06976517860439863,0.14722964034619168,2.5388256115491337,0.03160991862179695,7.004547255807425,0.11903902030631844,88.81324378821037,3.322809395169069,78459.60257399413,0.6439877421244818,0.2027373996913001,25692.016054631713,2.430772009615963,12.070850501502044,7.830950309437431,91.09148513551226,1.8185732866997688,0.2302002812901677,0.15069821779360987,1.951635467566981,0.03417654643351388,87.55077648351477,0.00038767929527022953,6.23203670374724,0.0064764811374429625,0.02450324506065495,18_Benign_center1.png,/mnt/wangbd8/workspace/DataSets/ThyroidAgent/Classifaction_Data/Lymph_Node_Metastasis_fake/images/18_Benign_center1.png,/mnt/wangbd8/workspace/DataSets/ThyroidAgent/train_val_test/pred_masks/Lymph_Node_Metastasis_fake/Lymph_images/18_Benign_center1.png
0.9980448383991264,612.6621879335909,748.8264151323723,280256.0,611.4643343494358,2389.455844122716,0.00852597569408939,280256.0,0.7853864100934445,52.0,145.0,2987185182.0,2.5575754371002577,47.0,3.1736141755057936,255.0,28.18081864414598,96.92384105960265,95.0,7.0,248.0,19.770957920958352,103.24133543762204,0.401047675436959,2987185182.0,0.19738889443896232,1264.5423771964777,21.4514509826354,4.407519296978624,215.18082365387212,9.310279844383238,8.242682598785079,0.14178408119925495,0.966179344110764,0.14171972814409364,0.5890772458615093,0.12169959985401912,0.14873400238451379,3.270388385475384,-0.7211528450102012,0.9874148112185992,0.9291465712334693,0.998837860719241,0.9291508614371468,0.9881904351742432,0.14166341922082754,0.23552860672060405,3.128234889897514,2.096116669996084,7732.282229965157,0.19244107092994417,2.16465838705913,23.629591836734694,97.26943753111,1792.2783972125435,8.98119622629058,0.07286629023021035,6.6594159903826675,3238.6873568939773,0.08060446383509151,0.1433689198447134,48.61863893712738,0.15857722286992987,3.9279509262758943,0.01202636175328593,7732.282229965157,0.19244107092994417,2.16465838705913,23.629591836734694,97.26943753111,1792.2783972125435,8.98119622629058,0.07286629023021035,3238.6873568939773,0.08060446383509151,0.15857722286992987,3.9279509262758943,0.01202636175328593,6.6594159903826675,0.1433689198447134,48.61863893712738,3.472119179971618,166990.70212234528,0.5958505870430795,0.23161590546699323,55319.42199988582,2.097173430009132,21.512652717515415,7.593407456040191,160.404480189541,0.6062488787074723,0.07872854270798245,0.15921534438354773,3.5354766911522164,0.012309374092540612,134.24894390890313,0.00013270408347152763,7.8700313768193215,0.005305491985457848,0.00825785797776347,18_Malignant_center1.png,/mnt/wangbd8/workspace/DataSets/ThyroidAgent/Classifaction_Data/Lymph_Node_Metastasis_fake/images/18_Malignant_center1.png,/mnt/wangbd8/workspace/DataSets/ThyroidAgent/train_val_test/pred_masks/Lymph_Node_Metastasis_fake/Lymph_images/18_Malignant_center1.png
0.9991423194661266,405.18025249960425,494.26814584797995,121841.0,404.83273728432545,1765.2375900532336,0.014488042531276283,121839.0,0.7009684842435737,56.0,148.0,1291346677.0,2.499060567481163,40.0,4.264585779488097,255.0,27.611269099408407,96.29177028701811,91.0,22.0,233.0,17.897842689560022,102.95045295316264,0.9810458017385726,1291346677.0,0.21647161534375317,1326.690738253488,21.28265417050995,4.375304717354064,313.3503664796657,23.923772109826864,8.690406796859202,0.13295559362234816,0.9698628283100379,0.10582751350639082,0.4825084722492892,0.12175613100740279,0.17918128530718214,3.059236855433485,-0.7752788151711395,0.9895489540498071,0.9486943538043425,0.9989869263621455,0.948771064845317,0.991305339378737,0.10128430301876536,0.3093869416260377,2.9519307944463877,2.205840597620387,2458.813833528722,0.1921698971104902,2.4458328946819883,25.10254005470887,216.89323954669794,3544.7274716686206,20.250829244653588,0.062210074065651495,7.082724447596483,801.3899960922236,0.06263305948356573,0.10501563538768374,126.21729853992093,0.1346832295273463,3.4338632948623804,0.008844957137715622,2458.813833528722,0.1921698971104902,2.4458328946819883,25.10254005470887,216.89323954669794,3544.7274716686206,20.250829244653588,0.062210074065651495,801.3899960922236,0.06263305948356573,0.1346832295273463,3.4338632948623804,0.008844957137715622,7.082724447596483,0.10501563538768374,126.21729853992093,3.2593258409479646,82236.96715337454,0.6749642327446428,0.18310475119508818,26374.685141867547,2.2091774728402167,21.359022972939698,7.967030261246399,166.29012056894754,0.5945640237446541,0.07318768395794369,0.14553358667312324,3.2339790853321,0.010314942773579312,45.93738447098199,0.00039742644821784775,5.850521122555815,0.0042413905051787125,0.025387302727437663,19_Benign_center1.png,/mnt/wangbd8/workspace/DataSets/ThyroidAgent/Classifaction_Data/Lymph_Node_Metastasis_fake/images/19_Benign_center1.png,/mnt/wangbd8/workspace/DataSets/ThyroidAgent/train_val_test/pred_masks/Lymph_Node_Metastasis_fake/Lymph_images/19_Benign_center1.png
0.9987775830874815,462.30227437894337,564.978760662735,159695.5,461.73714826004675,1734.2842712474614,0.010859944527225008,159695.0,0.8168286947776409,29.0,132.0,1241867650.0,2.683242305723001,50.0,3.662940344832232,249.0,31.55511108898735,78.22254923447822,74.0,0.0,249.0,21.43041737679602,88.18444737847881,0.7615774797733352,1241867650.0,0.18394132771260704,1657.7295507073275,16.04347225535869,3.6651305297788723,411.093917533923,25.77303744596647,10.634740181982894,0.19357836181674348,0.9642459055792026,0.1441164282933812,0.6006181133441107,0.17280881691270214,0.14205133329699252,3.388696363822969,-0.7361838762298574,0.9903053221860566,0.9313785939981701,0.9982361870236595,0.9318069281029338,0.9871828025920171,0.13179593384685073,0.23926692366613508,3.2253093780755813,2.707079635949909,3648.335741723066,0.16683444950260956,3.076986303808183,18.710353027254435,115.57055972196817,1382.6238796414852,29.859986949010885,0.15133398405734805,6.886469863566495,1690.4034205231387,0.07730032104093373,0.13693603431541376,62.241428707184994,0.1696912943818265,3.173704835098285,0.0397264575831156,3648.335741723066,0.16683444950260956,3.076986303808183,18.710353027254435,115.57055972196817,1382.6238796414852,29.859986949010885,0.15133398405734805,1690.4034205231387,0.07730032104093373,0.1696912943818265,3.173704835098285,0.0397264575831156,6.886469863566495,0.13693603431541376,62.241428707184994,3.576253222040158,97250.18133942828,0.6089744909948858,0.22888588375567254,29374.51032906478,2.7146068130725425,16.117693102476597,7.660659381946836,119.95929114875231,1.29883897039583,0.16636724871243164,0.15832159220180134,2.661831755673141,0.026919697854137715,112.88587013064766,0.00025821040448990114,6.536218990021983,0.008684067340273603,0.012481138618793438,19_Malignant_center1.png,/mnt/wangbd8/workspace/DataSets/ThyroidAgent/Classifaction_Data/Lymph_Node_Metastasis_fake/images/19_Malignant_center1.png,/mnt/wangbd8/workspace/DataSets/ThyroidAgent/train_val_test/pred_masks/Lymph_Node_Metastasis_fake/Lymph_images/19_Malignant_center1.png
0.9980994692730554,463.0930623440875,564.978760662735,159128.5,462.2129397496677,1922.6690475583123,0.012082493378359704,159128.0,0.7354859515353523,34.0,146.0,1478020943.0,2.7703828588796244,55.0,3.422042046234985,255.0,33.72841021764282,86.3688037303303,82.0,0.0,255.0,23.633681539591606,96.37557712627199,0.6685778999878796,1478020943.0,0.17074706143315416,1828.6816086136828,18.82228733459357,3.987832388153749,475.8318033429252,26.5541474172888,11.816408427007561,0.13848771266540644,0.9768316326553725,0.12486452425960931,0.5438119320533777,0.12289656324682784,0.1351989392587616,3.413279801725466,-0.7670718161750779,0.9928219424151048,0.9385958752395314,0.9988895724584683,0.9386955246496833,0.9896648433677511,0.12142571113511566,0.21680529300567108,3.2865636128030715,2.988724034918241,3126.226288425622,0.15780254850465006,3.2705056015426752,22.452173035182476,145.27515016909797,2043.3576295997173,23.533482142342123,0.11433110025079816,7.103035029910504,1432.8011205895714,0.07232351322949732,0.12449726006736715,80.75722197857944,0.14535463560582393,3.484206584994808,0.015992676684335703,3126.226288425622,0.15780254850465006,3.2705056015426752,22.452173035182476,145.27515016909797,2043.3576295997173,23.533482142342123,0.11433110025079816,1432.8011205895714,0.07232351322949732,0.14535463560582393,3.484206584994808,0.015992676684335703,7.103035029910504,0.12449726006736715,80.75722197857944,3.6114993274519747,100587.7186290282,0.6321182860906202,0.2084255387060829,27170.638391734956,2.9960358698193574,18.88492282942034,7.776456688954804,142.50907445578403,1.0656953617351004,0.13395498098630365,0.15224152184963607,3.026673146425798,0.01958318977757438,72.8327632690573,0.00031912706466292,6.754593358984289,0.0067292397099389415,0.019083882525399953,1_Benign_center1.png,/mnt/wangbd8/workspace/DataSets/ThyroidAgent/Classifaction_Data/Lymph_Node_Metastasis_fake/images/1_Benign_center1.png,/mnt/wangbd8/workspace/DataSets/ThyroidAgent/train_val_test/pred_masks/Lymph_Node_Metastasis_fake/Lymph_images/1_Benign_center1.png
0.8749782761174387,517.6428465671875,594.6301371440906,175105.5,452.92624553388157,1991.0121933088164,0.01137035783175752,175104.0,0.7450422576207519,58.0,165.0,2252545429.0,2.7234425375301927,58.0,3.034941130983207,255.0,33.9257002801446,105.4360779879386,99.0,0.0,255.0,24.4318989159288,113.41976568739551,0.6377887704541977,2252545429.0,0.17690464364312697,1747.2767071050293,25.282621389235537,4.749267256677697,374.3191665439354,24.124225362387477,11.175040500300074,0.26671284476145773,0.9533790256234501,0.16766655599189403,0.6589049082372326,0.23860077076327477,0.13185745237219032,3.489186664440791,-0.7159891455698751,0.9897376968975162,0.9229736139979802,0.9980386768563424,0.9237169449982727,0.9865152425036356,0.14426316305498743,0.22685275293956011,3.290133630252986,2.860438336265384,4380.649805741014,0.16523895008641745,3.0658496015870034,26.087095922447286,81.96212892761496,1927.3234883633208,5.8727008459341254,0.08093666960786361,6.772325640093883,2192.2185130700464,0.08269090238278626,0.1514014528508772,38.336679443426505,0.17788951790114668,4.292256093978485,0.02850225983171428,4380.649805741014,0.16523895008641745,3.0658496015870034,26.087095922447286,81.96212892761496,1927.3234883633208,5.8727008459341254,0.08093666960786361,2192.2185130700464,0.08269090238278626,0.17788951790114668,4.292256093978485,0.02850225983171428,6.772325640093883,0.1514014528508772,38.336679443426505,3.663541977771881,102052.20994380483,0.5828091302529058,0.2460753856786914,30976.71072048611,2.872610313190097,25.390048199926902,7.5209475511695905,189.80244311951753,0.49984208070872616,0.06833695352165024,0.16384992791585445,4.159088947774529,0.013242328537340347,91.58634657290884,0.00021427032666434192,8.646561180152558,0.00879108143115486,0.010783901831773674,1_Malignant_center1.png,/mnt/wangbd8/workspace/DataSets/ThyroidAgent/Classifaction_Data/Lymph_Node_Metastasis_fake/images/1_Malignant_center1.png,/mnt/wangbd8/workspace/DataSets/ThyroidAgent/train_val_test/pred_masks/Lymph_Node_Metastasis_fake/Lymph_images/1_Malignant_center1.png
0.999878042501017,404.90429565368345,494.26814584797995,122001.5,404.85491453845805,1596.284271247462,0.013084136434777129,122001.0,0.7756705141594095,30.0,127.0,786557106.0,2.4907209680944704,56.0,3.1497069557950863,255.0,31.340540255229595,70.7312071212531,60.0,8.0,247.0,23.04499861134277,80.2940629689461,0.8452802578007305,786557106.0,0.21163647765975646,1444.2328872314758,13.643635825509316,3.36719996053735,274.6883428806587,23.121667909422747,9.345425817207682,0.12302481214134205,0.9740137395319975,0.10921288455530527,0.4956712396341156,0.11109735798845162,0.17701889165261323,3.0658415707224482,-0.7690454629780664,0.9890944284884766,0.9462590286110025,0.999027058993535,0.9463036194192779,0.990964021093264,0.10672434697964009,0.3035417728595623,2.9566421781003323,2.3671126573372563,2251.637849944009,0.16809539753221417,2.735504473222321,17.562747293766332,224.88786860768943,1976.4400895856663,46.4805892554296,0.14846175848161852,7.0576787389327365,916.6179171332586,0.06842985570237094,0.10979418201490151,141.93310214613513,0.14235487549981524,2.750579735527923,0.021912207245669134,2251.637849944009,0.16809539753221417,2.735504473222321,17.562747293766332,224.88786860768943,1976.4400895856663,46.4805892554296,0.14846175848161852,916.6179171332586,0.06842985570237094,0.14235487549981524,2.750579735527923,0.021912207245669134,7.0576787389327365,0.10979418201490151,141.93310214613513,3.2610568036284198,81037.220916222,0.6642340711651707,0.19023801221007675,25819.861910967942,2.3676304778148203,13.70330571060893,7.920926877648544,104.4080868189605,1.3634111657114982,0.16926392481269492,0.14737493044228236,2.1685947018649205,0.02426329015495691,72.18863755368405,0.0004359287851777867,5.321609872531473,0.0056870104181193475,0.025168107754011997,20_Benign_center1.png,/mnt/wangbd8/workspace/DataSets/ThyroidAgent/Classifaction_Data/Lymph_Node_Metastasis_fake/images/20_Benign_center1.png,/mnt/wangbd8/workspace/DataSets/ThyroidAgent/train_val_test/pred_masks/Lymph_Node_Metastasis_fake/Lymph_images/20_Benign_center1.png
0.9997236884635053,462.2025717150003,564.978760662735,159775.0,462.07485981223795,1687.7989898732233,0.010563598747446242,159775.0,0.8395346443378132,21.0,116.0,841302064.0,2.510914597526348,50.0,3.298194998534963,226.0,29.585315496451074,62.4932060710374,55.0,3.0,223.0,21.067177280525897,72.5640583845611,0.8444184187105785,841302064.0,0.20265038365027918,1360.1417642008457,11.400366456665244,3.0368433272257227,254.91424287380303,20.469474039252734,8.867182661183056,0.15538641098366007,0.9655560606428596,0.1181508998268116,0.5233361620036018,0.14142677585377478,0.16566790580800064,3.1141896462394785,-0.759645883859735,0.9889144711662112,0.9434181954308442,0.9985829692431175,0.9436534754418653,0.9894687457947964,0.10994031504131829,0.26313345548555506,2.985382477888942,2.255642268041679,3190.4385097263435,0.17531808493935286,2.623093064493186,15.25178591053962,226.73398175623694,1474.083965270909,99.25952690693482,0.18370298303305724,6.967346407810483,1289.8764699417518,0.07088012253773776,0.11389766859646377,149.64890111823996,0.1487318845219082,2.5986559594926693,0.02837104619566933,3190.4385097263435,0.17531808493935286,2.623093064493186,15.25178591053962,226.73398175623694,1474.083965270909,99.25952690693482,0.18370298303305724,1289.8764699417518,0.07088012253773776,0.1487318845219082,2.5986559594926693,0.02837104619566933,6.967346407810483,0.11389766859646377,149.64890111823996,3.300999924545483,104706.44364262244,0.6553368401979186,0.19647104307636493,32378.465047723363,2.256240503518666,11.47829134720701,7.8815897355656395,86.2900078235018,2.0448305817541357,0.24997340132486634,0.14903353674438014,1.8669319703054648,0.03490178475652491,109.60803296023364,0.0003030677923709386,5.778247761319494,0.0058495385671989706,0.01778243996732499,20_Malignant_center1.png,/mnt/wangbd8/workspace/DataSets/ThyroidAgent/Classifaction_Data/Lymph_Node_Metastasis_fake/images/20_Malignant_center1.png,/mnt/wangbd8/workspace/DataSets/ThyroidAgent/train_val_test/pred_masks/Lymph_Node_Metastasis_fake/Lymph_images/20_Malignant_center1.png
0.9994026780160719,404.98496531994664,494.26814584797995,121979.0,404.74305889700065,1670.1248916810282,0.013691905095803607,121977.0,0.7413077107666797,57.0,146.0,1190012693.0,2.3699463328906654,40.0,4.906123779882098,255.0,27.31791436766021,91.96693638964723,82.0,13.0,242.0,17.54064949163503,98.77267666411623,1.320859206542827,1190012693.0,0.24622633317173,1298.12426649663,19.764135423692565,4.2063270107095265,341.2597023580861,31.21914999275006,8.433332563323152,0.14953855265106028,0.965154188935042,0.11857798542451511,0.5210522580697188,0.13547781402372375,0.2013666552606343,2.9757045849115067,-0.7436148471175064,0.9851259054742009,0.9425153158810142,0.9988640490838423,0.942596820644347,0.9902591887021731,0.11353125054932137,0.2993403194762038,2.855517677354319,2.145717778993553,2814.364628515461,0.19689132702640696,2.602417160240988,23.013292290471526,153.0244158388135,2465.8439904855186,13.065175452761263,0.07152216749667879,6.937169354250373,955.4324891562893,0.06684150616736319,0.11718602687391885,80.20480728914741,0.13406988937692138,3.1761617576548606,0.010541576931140268,2814.364628515461,0.19689132702640696,2.602417160240988,23.013292290471526,153.0244158388135,2465.8439904855186,13.065175452761263,0.07152216749667879,955.4324891562893,0.06684150616736319,0.13406988937692138,3.1761617576548606,0.010541576931140268,6.937169354250373,0.11718602687391885,80.20480728914741,3.178182657297286,78922.5513088533,0.6470281389840159,0.197674739725168,30033.94944128811,2.148776977942569,19.846298892414143,7.846372676816121,152.05550226682078,0.6075864958294208,0.07664646248618268,0.14923396305132205,3.0786801336864054,0.011327926528274504,56.32007061805011,0.0003292927438719925,6.726210481574735,0.00459143459665745,0.023579505784280485,21_Benign_center1.png,/mnt/wangbd8/workspace/DataSets/ThyroidAgent/Classifaction_Data/Lymph_Node_Metastasis_fake/images/21_Benign_center1.png,/mnt/wangbd8/workspace/DataSets/ThyroidAgent/train_val_test/pred_masks/Lymph_Node_Metastasis_fake/Lymph_images/21_Benign_center1.png
0.9996332779085134,462.10068992526146,564.978760662735,159836.5,461.9312273937747,1678.0416305603426,0.010498488333768211,159836.0,0.8445788109322945,35.0,144.0,1413301545.0,2.672595897810582,51.0,3.053044015921585,249.0,31.556227006993964,85.12942641207238,82.0,5.0,244.0,21.99035023354628,94.03296182247391,0.5923285741262011,1413301545.0,0.18202586295000023,1595.178667858389,18.05304427465593,3.936793506216518,325.9477956784623,18.887313535979466,10.336247289915258,0.11744263364572749,0.9775308748385519,0.11741754174664709,0.5220389213715799,0.10365575453590185,0.14574585547952076,3.291609987085177,-0.7681217371740044,0.9917197325529767,0.9412937383165845,0.9988372159798399,0.9412954111098565,0.9893258681131766,0.11739558633495176,0.2363155055390367,3.1740094587938823,2.6134224808902458,3245.3392203992057,0.16957567250492245,2.7755080225893605,21.79208903751698,159.27589089769046,2075.060194377678,26.679274640071945,0.10589220853399824,7.030925643263726,1347.2700386665274,0.07039764022711502,0.11973522860932456,89.5239808578667,0.1400287664418387,3.2573787184402216,0.015700935018534007,3245.3392203992057,0.16957567250492245,2.7755080225893605,21.79208903751698,159.27589089769046,2075.060194377678,26.679274640071945,0.10589220853399824,1347.2700386665274,0.07039764022711502,0.1400287664418387,3.2573787184402216,0.015700935018534007,7.030925643263726,0.11973522860932456,89.5239808578667,3.488520391489114,102589.2550238995,0.6418407306482864,0.2017069294745801,29094.285830476238,2.614563290163028,18.108210916189094,7.822230286043195,137.32859931429715,1.0013051171201661,0.1250810424480365,0.15035446054428012,2.873562415364638,0.018142794204725175,84.54377947069332,0.00031576328689312557,5.026830555386671,0.006741225897666406,0.014354319540429991,21_Malignant_center1.png,/mnt/wangbd8/workspace/DataSets/ThyroidAgent/Classifaction_Data/Lymph_Node_Metastasis_fake/images/21_Malignant_center1.png,/mnt/wangbd8/workspace/DataSets/ThyroidAgent/train_val_test/pred_masks/Lymph_Node_Metastasis_fake/Lymph_images/21_Malignant_center1.png
0.9989895868153109,464.0990151647229,564.978760662735,158224.0,463.63008340079926,2377.0365799264446,0.015023236550248032,158222.0,0.593205606123046,60.0,155.0,1842304588.0,2.556051576178108,49.0,3.917667131944268,255.0,30.218570321534365,100.86661779019353,92.0,15.0,240.0,20.795541401107396,107.90641941439891,0.9694834991320066,1842304588.0,0.20695772512268343,1469.7207664031823,23.194134689142324,4.564469605238967,351.00085722420846,27.56798012213019,9.563959309235326,0.1249516612675208,0.9742072846684364,0.11025668659384687,0.4985844707293795,0.11279512432886703,0.16880113936472266,3.141934628395527,-0.7704334575369277,0.9902026449265848,0.9458287507868262,0.999010668649317,0.9458811022649847,0.990882629310486,0.10746752447944138,0.29395020952066997,3.030594595037155,2.4222277426257115,3241.719190995829,0.18520934645465517,2.5977413347924077,25.674284408387134,187.24138719076728,3557.5209392675542,15.484889496448067,0.06197642015070422,7.079374533404057,1126.3545106553163,0.06435208310891369,0.11062304862787728,105.52507588997834,0.13122815909465127,3.32072953146476,0.009123155071139182,3241.719190995829,0.18520934645465517,2.5977413347924077,25.674284408387134,187.24138719076728,3557.5209392675542,15.484889496448067,0.06197642015070422,1126.3545106553163,0.06435208310891369,0.13122815909465127,3.32072953146476,0.009123155071139182,7.079374533404057,0.11062304862787728,105.52507588997834,3.3461700516468422,104691.63713010833,0.6616756021925416,0.18960106129024443,32745.265184361215,2.4248669156382423,23.26129741755255,7.91107431330662,181.36977790699143,0.5347569555584553,0.06689041761596605,0.1471273133810581,3.501789328355798,0.009734980623327933,61.36730872755998,0.00030146994502202386,6.035123710955667,0.0048387494659469345,0.018351243919332013,22_Benign_center1.png,/mnt/wangbd8/workspace/DataSets/ThyroidAgent/Classifaction_Data/Lymph_Node_Metastasis_fake/images/22_Benign_center1.png,/mnt/wangbd8/workspace/DataSets/ThyroidAgent/train_val_test/pred_masks/Lymph_Node_Metastasis_fake/Lymph_images/22_Benign_center1.png
0.812422802090327,321.1084324451736,357.64367742209566,62769.5,260.8758124619404,1067.1126983722081,0.017000497030758698,62769.0,0.8322790805014489,40.0,131.0,553630654.0,2.5585555638974364,50.0,2.7809880157822717,226.0,28.516995088859005,87.00215074320126,87.0,3.0,223.0,20.349533193022534,93.91553987692807,0.21042526075760554,553630654.0,0.19425419399657812,1250.7543964321508,18.100028785261944,4.011250239877183,187.30611496887278,4.42852558846472,8.166720108504217,0.1271189151154609,0.9693461822074328,0.1271189151154609,0.5494835211240809,0.11095969653532914,0.15080372152087188,3.221478435448276,-0.741251461454074,0.9886847055350118,0.9364405424422696,0.998741396880045,0.9364405424422696,0.9884437349895037,0.1271189151154609,0.23872577240452889,3.094359520332817,2.0734597559049193,1524.2966039579771,0.18620774541387455,2.233532559537301,19.714634742242854,109.21707793794283,1784.3306865379916,13.089098985425128,0.10786776181728948,6.806010999606007,580.6349865624237,0.07093024512123426,0.1304146951520655,50.42119197089368,0.13149617451355558,2.690628185406277,0.014750290321661365,1524.2966039579771,0.18620774541387455,2.233532559537301,19.714634742242854,109.21707793794283,1784.3306865379916,13.089098985425128,0.10786776181728948,580.6349865624237,0.07093024512123426,0.13149617451355558,2.690628185406277,0.014750290321661365,6.806010999606007,0.1304146951520655,50.42119197089368,3.4264865056407565,38869.843792317864,0.6192522390402566,0.21242494259810998,12193.141502971212,2.071189390695009,18.164492026318726,7.715480571619748,138.16583026653285,0.8861632600382939,0.11383967795402741,0.1533347140573638,2.8535211118014736,0.017253650213475493,33.997627534278195,0.0006679719801243406,5.803728390535786,0.005818839593451207,0.03159570887449846,22_Malignant_center1.png,/mnt/wangbd8/workspace/DataSets/ThyroidAgent/Classifaction_Data/Lymph_Node_Metastasis_fake/images/22_Malignant_center1.png,/mnt/wangbd8/workspace/DataSets/ThyroidAgent/train_val_test/pred_masks/Lymph_Node_Metastasis_fake/Lymph_images/22_Malignant_center1.png
0.9998107622432664,462.26536799085665,564.978760662735,159724.5,462.17788992960243,1751.4558441227157,0.010965480212007023,159724.0,0.8088938022212673,53.0,147.0,1615731602.0,2.4952076469443134,48.0,3.108582492403787,245.0,28.621264142956587,94.00843955823797,87.0,16.0,229.0,20.075872070337777,100.57719532567397,0.7186451588253565,1615731602.0,0.20894345983968923,1278.185511403893,20.46549072533819,4.290775556322777,214.67953614151082,16.793192463539754,8.35133096086165,0.1323875584570478,0.9687902048717005,0.1323875584570478,0.5639499035079373,0.11486109282282955,0.16186197562493002,3.172243376869327,-0.7286894539084596,0.9867403084452292,0.933806220771476,0.9986892320944847,0.933806220771476,0.9879647674129955,0.1323875584570478,0.2643545400332695,3.039855818412282,2.120929629829675,4118.417174206146,0.19147413520880313,2.2471696037698283,22.439676414524154,106.6124877958064,1879.5324747779998,9.709766091399615,0.07321639632567341,6.730317562409016,1605.9636896182992,0.07466473056015153,0.13466354461445995,51.468278168562975,0.14219921207751557,3.2791602050832767,0.01158564084284939,4118.417174206146,0.19147413520880313,2.2471696037698283,22.439676414524154,106.6124877958064,1879.5324747779998,9.709766091399615,0.07321639632567341,1605.9636896182992,0.07466473056015153,0.14219921207751557,3.2791602050832767,0.01158564084284939,6.730317562409016,0.13466354461445995,51.468278168562975,3.376886339644514,97658.80990959406,0.611422265342679,0.218990804610142,33373.285179434526,2.1212352105696923,20.52265157396509,7.675565350229145,154.98365931231373,0.6008253909372637,0.07749315010483344,0.15530122795154977,3.2718088007368267,0.011954988186783257,93.15267285795231,0.00024118943429337857,5.896770806716466,0.006186707308881773,0.011292364889707607,23_Benign_center1.png,/mnt/wangbd8/workspace/DataSets/ThyroidAgent/Classifaction_Data/Lymph_Node_Metastasis_fake/images/23_Benign_center1.png,/mnt/wangbd8/workspace/DataSets/ThyroidAgent/train_val_test/pred_masks/Lymph_Node_Metastasis_fake/Lymph_images/23_Benign_center1.png
0.9977763155598731,404.6188961707011,494.26814584797995,122199.0,403.719151427105,1550.1837661840736,0.012685732012406596,122198.0,0.7993842245285976,42.0,162.0,1447586668.0,2.8177161729452513,69.0,2.403389115947162,255.0,37.97831508196022,98.96283081556163,92.0,0.0,255.0,28.909549494135348,108.84042736552504,0.4004987593364209,1447586668.0,0.15518973002585426,2052.5967460806582,23.381637594910732,4.485569464395649,414.33272334206276,19.58754123207865,13.200349061962898,0.15513236199466446,0.9767687353124714,0.10878719474656269,0.4926023948351096,0.14329770825383795,0.12793024958299518,3.3845621254669704,-0.7985520874801947,0.9944252576874266,0.9488098292898614,0.9988330333514822,0.9491178310027067,0.991162601724053,0.09815979214579934,0.18423968807715985,3.261923336428826,3.338870355989391,1938.424148606811,0.15387982445080664,3.1933010633703782,27.816861157418433,265.0605699769786,3994.2610939112487,44.03806212503298,0.07499597754221891,7.3079888284937855,796.5602127490672,0.06323412024681013,0.1030867935645428,170.9596353098558,0.1387916525459925,3.961742031143398,0.015443864817183687,1938.424148606811,0.15387982445080664,3.1933010633703782,27.816861157418433,265.0605699769786,3994.2610939112487,44.03806212503298,0.07499597754221891,796.5602127490672,0.06323412024681013,0.1387916525459925,3.961742031143398,0.015443864817183687,7.3079888284937855,0.1030867935645428,170.9596353098558,3.565723438555077,83081.67907821732,0.6798939350743656,0.1813750032395769,18963.87462969934,3.3405145686392603,23.483567652498404,7.986841028494738,183.17439728964467,0.7287465790186677,0.08929824744972728,0.14515740392186816,3.557932390237338,0.012794729002476364,42.34870511815177,0.0005321530745604625,5.536672866650425,0.0065722879173914376,0.02599861989685296,23_Malignant_center1.png,/mnt/wangbd8/workspace/DataSets/ThyroidAgent/Classifaction_Data/Lymph_Node_Metastasis_fake/images/23_Malignant_center1.png,/mnt/wangbd8/workspace/DataSets/ThyroidAgent/train_val_test/pred_masks/Lymph_Node_Metastasis_fake/Lymph_images/23_Malignant_center1.png
0.9996751325423566,463.2805102066992,564.978760662735,159019.5,463.1300054451726,1896.1837661840725,0.011924221659507623,159019.0,0.7455035222325624,27.0,119.0,915913449.0,2.472780080681467,44.0,4.587210228609958,255.0,28.682815930843297,66.32043340732868,58.0,3.0,252.0,19.36810530835832,75.89317274007807,1.1749778132992779,915913449.0,0.22089514618818815,1361.3737812194115,12.356373151738707,3.185488193196507,359.2310584738724,29.534399550630326,8.962770606302639,0.1266181153251994,0.9721393551969191,0.1099088874176361,0.497481078378774,0.11453815179181677,0.18156598056950213,3.0542783598641297,-0.764757055979924,0.9885446712933247,0.9461399078106006,0.9990018063398118,0.9462032770904425,0.9909214071865785,0.10668462680794123,0.28062044831173744,2.9438868430297953,2.27234718040696,3243.280369541516,0.18610663737542413,2.7212743519945275,15.06484191197567,177.04556148505193,1667.8438055890285,43.125371794696974,0.17603181323898506,7.089870965658715,1089.561312905262,0.06252145021548527,0.10959067784352813,93.78242362720655,0.12493969577080838,2.0356801924756267,0.0242614656137847,3243.280369541516,0.18610663737542413,2.7212743519945275,15.06484191197567,177.04556148505193,1667.8438055890285,43.125371794696974,0.17603181323898506,1089.561312905262,0.06252145021548527,0.12493969577080838,2.0356801924756267,0.0242614656137847,7.089870965658715,0.10959067784352813,93.78242362720655,3.2547530978776145,105522.73147862834,0.6635856814508225,0.18715155439842623,35126.52525169948,2.2730842538805676,12.418931071129865,7.9201038869569045,95.5098195813079,1.5876226968600908,0.1974596904806352,0.14644511382637015,1.9145975568258442,0.028337571055192922,89.05614724235826,0.0002935633637360057,7.070496253112823,0.004514697394554836,0.025577644995634245,24_Benign_center1.png,/mnt/wangbd8/workspace/DataSets/ThyroidAgent/Classifaction_Data/Lymph_Node_Metastasis_fake/images/24_Benign_center1.png,/mnt/wangbd8/workspace/DataSets/ThyroidAgent/train_val_test/pred_masks/Lymph_Node_Metastasis_fake/Lymph_images/24_Benign_center1.png
0.999162791191174,346.78192200567486,423.55755216971403,89791.0,346.49159312583015,1332.7695526217005,0.01484301937412102,89790.0,0.7970145935796165,88.0,174.0,1618366923.0,2.3913024089269985,52.0,2.1514248287030706,238.0,27.71982094265789,130.23921372090433,127.0,55.0,183.0,21.44627153916488,134.2531582166543,0.20563462011579642,1618366923.0,0.2074327575866873,1061.657700506612,15.695323153964813,3.7406999619950367,104.76671298246009,3.3350703807666733,6.9245774683499075,0.11462967516934564,0.9674310834069197,0.11462967516934565,0.513724427643705,0.10148971273991596,0.1651411406728941,3.001450517620384,-0.7447798266816295,0.9857039298095962,0.9426851624153272,0.9982364665358563,0.9426851624153272,0.9872633694256283,0.11462967516934565,0.23841407524982675,2.8868208424510406,1.7598017858798134,2142.6139090994993,0.20245808457899453,1.7963659053269239,16.445809316828875,150.7804970235283,2106.4566758008127,19.050992476756992,0.12111417149460811,6.802742748108235,696.4604554474157,0.06580935986463343,0.11786390466644392,78.79610336042387,0.13869021014303914,2.2484609330826313,0.019868488489520154,2142.6139090994993,0.20245808457899453,1.7963659053269239,16.445809316828875,150.7804970235283,2106.4566758008127,19.050992476756992,0.12111417149460811,696.4604554474157,0.06580935986463343,0.13869021014303914,2.2484609330826313,0.019868488489520154,6.802742748108235,0.11786390466644392,78.79610336042387,3.213596757257764,58013.79267178973,0.6461052753289869,0.2000733398781612,18625.387303708652,1.7604752290990544,15.750941084753313,7.841274083973716,122.69481011248469,0.9122332390783838,0.116881068929038,0.14993565232455977,2.3863217878754126,0.01788507725386418,73.01796458655664,0.0004826419585375242,3.089897503406116,0.0071676071329363445,0.011860090721866284,24_Malignant_center1.png,/mnt/wangbd8/workspace/DataSets/ThyroidAgent/Classifaction_Data/Lymph_Node_Metastasis_fake/images/24_Malignant_center1.png,/mnt/wangbd8/workspace/DataSets/ThyroidAgent/train_val_test/pred_masks/Lymph_Node_Metastasis_fake/Lymph_images/24_Malignant_center1.png
0.9992816967975994,405.75645397109366,494.26814584797995,121467.0,405.46499781081155,1854.1665222413665,0.015264775801175351,121466.0,0.6663238359434488,31.0,124.0,762386823.0,2.476657941999175,42.0,4.511572971423725,255.0,28.496804233926063,69.9737622050615,61.0,3.0,252.0,18.871517973352354,79.22464935933156,1.1433302977771955,762386823.0,0.22244617325513782,1380.217668978542,13.306452545579209,3.3336142020437327,350.0281518360357,29.221999858735224,8.936415964923258,0.16254037487711992,0.9642727432010766,0.13397437486059824,0.5649256152711315,0.14459124175783186,0.17469285661558737,3.1443713774946906,-0.7297214487149211,0.986417187442109,0.9346380818059036,0.9987531143650921,0.9347036795767929,0.9889638511336919,0.12951211760352915,0.2976382245793165,3.0099674714962847,2.274739084950095,3093.8769563872565,0.19139356364907248,2.609191169513204,15.578100835137644,115.52848747293535,1260.4528301886792,22.910227703720913,0.15644057898852295,6.772412631478314,1219.349644293226,0.0754314657774962,0.1330825086855581,59.06625549293556,0.1474246398235914,2.543473428648838,0.025206646743516324,3093.8769563872565,0.19139356364907248,2.609191169513204,15.578100835137644,115.52848747293535,1260.4528301886792,22.910227703720913,0.15644057898852295,1219.349644293226,0.0754314657774962,0.1474246398235914,2.543473428648838,0.025206646743516324,6.772412631478314,0.1330825086855581,59.06625549293556,3.3512209954569765,74674.01495068579,0.6147729813337542,0.21827412599733106,27019.646880608565,2.2795917283375835,13.390776019626891,7.692127838242801,100.17563762699027,1.3368792655765145,0.1711959702629724,0.15509186841493827,2.1830283554428584,0.026122091994470634,80.04391339603623,0.0003083982355967857,8.45798774283089,0.005485347464070128,0.02653691483944553,25_Benign_center1.png,/mnt/wangbd8/workspace/DataSets/ThyroidAgent/Classifaction_Data/Lymph_Node_Metastasis_fake/images/25_Benign_center1.png,/mnt/wangbd8/workspace/DataSets/ThyroidAgent/train_val_test/pred_masks/Lymph_Node_Metastasis_fake/Lymph_images/25_Benign_center1.png
0.9998666191622275,404.27502773854656,494.26814584797995,122402.5,404.22110519665625,1464.3847763108502,0.011963683554754603,122402.0,0.8469248399800248,43.0,146.0,1158546512.0,2.6582284512634864,46.0,3.9953887099625534,253.0,30.64602779955127,88.45286841718273,82.0,5.0,248.0,19.792111796237307,97.28871785894233,0.8921581905549227,1158546512.0,0.19707267680360294,1641.1846914094433,19.172962519870858,4.068490961831562,452.93914973643575,29.831008566301065,10.660180215851815,0.17880496238876414,0.9670070658002712,0.12947606483226534,0.5563744675004733,0.16204091102431517,0.15815918802920761,3.305729019092638,-0.7560852475927216,0.9909703919941372,0.9386049043680046,0.9986485428653672,0.9389373125258669,0.9894514846759089,0.11829884842381533,0.2632294858978351,3.160973931393476,2.709746294560144,2554.702107914623,0.16934257642281736,3.1269105078209165,23.596447036987936,148.31393344823016,2133.783507888108,21.771164975568215,0.09490596196919268,7.031853740287588,1102.7310088824074,0.07309631505252602,0.12324962010424666,82.48318065909062,0.15901856305626186,4.104225088055522,0.018410149232730707,2554.702107914623,0.16934257642281736,3.1269105078209165,23.596447036987936,148.31393344823016,2133.783507888108,21.771164975568215,0.09490596196919268,1102.7310088824074,0.07309631505252602,0.15901856305626186,4.104225088055522,0.018410149232730707,7.031853740287588,0.12324962010424666,82.48318065909062,3.491202869538864,77829.22813352723,0.6358493172785349,0.21036114544230766,24122.089786114608,2.7116582242197707,19.246237806571788,7.7921275796147125,144.75725886831916,0.9097329454879671,0.113709287913453,0.15287104967420648,3.1368786639288753,0.0168981916552592,57.255330165585946,0.00037220227887825444,6.875840952811792,0.006272319060079272,0.023241783139077512,25_Malignant_center1.png,/mnt/wangbd8/workspace/DataSets/ThyroidAgent/Classifaction_Data/Lymph_Node_Metastasis_fake/images/25_Malignant_center1.png,/mnt/wangbd8/workspace/DataSets/ThyroidAgent/train_val_test/pred_masks/Lymph_Node_Metastasis_fake/Lymph_images/25_Malignant_center1.png
0.999528175817244,462.9759915554317,564.978760662735,159215.0,462.7575482865804,1940.4264068711916,0.012187459767428896,159214.0,0.7289533671618823,49.0,129.0,1353523210.0,2.3979538791117534,40.0,3.513553549497893,221.0,24.989752303687865,86.39934930345322,82.0,3.0,218.0,16.774440700233413,92.2024002580086,0.6122389586078378,1353523210.0,0.22811499953708256,1036.435053277902,17.57601425818397,3.9878736160618695,160.25314881197698,10.365734729511505,6.810031127372115,0.11851800536571236,0.9657885069167778,0.11851800536571235,0.5250858609455586,0.10447148776984534,0.18235128143447232,3.0246958754406417,-0.7382754577895915,0.9853820390825198,0.940740997317144,0.99855465847115,0.940740997317144,0.9881481994634289,0.11851800536571235,0.2960399531444838,2.906177870074932,1.7321372831844566,3871.6530887930585,0.20115618479727015,1.9888208464385253,19.07486881072375,153.41331116537643,2292.6064841273965,15.92203432166882,0.09541853442575292,6.824962179222331,1336.172650283161,0.06942238532151301,0.12088761038602133,84.98490661588794,0.1426308679068637,2.644377519179589,0.01613666977294095,3871.6530887930585,0.20115618479727015,1.9888208464385253,19.07486881072375,153.41331116537643,2292.6064841273965,15.92203432166882,0.09541853442575292,1336.172650283161,0.06942238532151301,0.1426308679068637,2.644377519179589,0.01613666977294095,6.824962179222331,0.12088761038602133,84.98490661588794,3.231961715656048,101860.27772683307,0.6397696039722202,0.20426033295816315,36319.10153629706,1.7340755642962686,17.640402225934906,7.812064265705277,136.07645684424736,0.7403654395265605,0.09479155671511463,0.151089449141128,2.7142403027092814,0.01452811612355959,104.92780281355813,0.0002508225616609803,4.174190825926595,0.005686712248974268,0.009024977208356657,26_Benign_center1.png,/mnt/wangbd8/workspace/DataSets/ThyroidAgent/Classifaction_Data/Lymph_Node_Metastasis_fake/images/26_Benign_center1.png,/mnt/wangbd8/workspace/DataSets/ThyroidAgent/train_val_test/pred_masks/Lymph_Node_Metastasis_fake/Lymph_images/26_Benign_center1.png
0.9997233673083475,554.436586819914,678.1157718266107,230249.0,554.2832115345515,1973.556349186104,0.008571400306564215,230249.0,0.8618948335285931,15.0,104.0,964853826.0,2.3974602968010252,45.0,4.026378855772551,226.0,27.582873086143646,54.29832051387845,46.0,0.0,226.0,18.916280731288133,64.73391680342078,1.0497165587685713,964853826.0,0.22135469293495114,1242.172374084329,9.300763431874369,2.701086388801839,256.04272911975204,23.106465498515,8.143969303202672,0.12438629478742297,0.9699126886082019,0.08747693164803788,0.4217657437367966,0.11673408121686747,0.1906519815632753,2.8755218578122204,-0.8006739324347731,0.9891884686378587,0.9585311635947257,0.9989049045222596,0.958684205108393,0.9922465884335007,0.08062333601196404,0.3008156621052265,2.7816200341911004,2.0670888994975236,3755.8029439203897,0.19466170539651653,2.444147527660058,12.545039908779932,513.9700943298435,2301.340261221105,321.4968354215047,0.22940451534206624,7.296568584844856,1047.60661345496,0.054297015313307766,0.08379623798583273,371.55666088115197,0.11760729477345261,1.6717370121137654,0.03018913630333067,3755.8029439203897,0.19466170539651653,2.444147527660058,12.545039908779932,513.9700943298435,2301.340261221105,321.4968354215047,0.22940451534206624,1047.60661345496,0.054297015313307766,0.11760729477345261,1.6717370121137654,0.03018913630333067,7.296568584844856,0.08379623798583273,371.55666088115197,3.0553484045239863,167408.82592758274,0.7270773203253119,0.15132722199534143,50966.69669357956,2.066666768486413,9.359263232413605,8.173859604167662,73.89074871117789,2.704600369686588,0.3215100321952984,0.1380001167817836,1.3837635197836546,0.04205386809762598,141.67507999413027,0.0002553387093807794,4.643409183784939,0.003997617591197616,0.018115931154671215,26_Malignant_center1.png,/mnt/wangbd8/workspace/DataSets/ThyroidAgent/Classifaction_Data/Lymph_Node_Metastasis_fake/images/26_Malignant_center1.png,/mnt/wangbd8/workspace/DataSets/ThyroidAgent/train_val_test/pred_masks/Lymph_Node_Metastasis_fake/Lymph_images/26_Malignant_center1.png
0.9994705845059915,462.7264699625733,564.978760662735,159396.5,462.48149539988725,1794.8111831820434,0.011260041363405365,159396.0,0.7885433174220309,22.0,110.0,799920202.0,2.427934587059339,42.0,4.151582960672078,255.0,26.778282664981205,61.91998544505508,56.0,0.0,255.0,18.13864222766193,70.84099022286802,0.9318930084238003,799920202.0,0.21884432599282266,1184.3612982406476,10.971954326696233,3.010216728004781,243.98434093428827,18.976770022812342,7.7820366275668,0.1398383190211066,0.9646956509755715,0.12525557547733637,0.5428371321437727,0.1241493598329479,0.1732520886853213,3.067571281217804,-0.7365039754177418,0.9859102959444249,0.9382634002968059,0.9988922681058973,0.9383084610649015,0.9896301150078214,0.12270792128307395,0.273825925576421,2.9419763707869038,1.980468736646977,3937.453018792483,0.19679393336627765,2.289039512143963,13.57297081167533,147.39624150339864,1156.9648140743702,51.28814069302019,0.18717839990348736,6.775432625687022,1482.9655137944821,0.07411862823842874,0.12552385254335116,83.92931316078128,0.15554768994261867,2.337891393903748,0.03127609407200764,3937.453018792483,0.19679393336627765,2.289039512143963,13.57297081167533,147.39624150339864,1156.9648140743702,51.28814069302019,0.18717839990348736,1482.9655137944821,0.07411862823842874,0.15554768994261867,2.337891393903748,0.03127609407200764,6.775432625687022,0.12552385254335116,83.92931316078128,3.275165693266811,100534.8905116816,0.6307240489829206,0.21196312977270773,34882.910185951965,1.9813531773743025,11.03813144620944,7.768701849481793,82.6644583301965,1.8929697577036124,0.23585799127441553,0.15329396248616306,1.8092873514182704,0.03432223966457101,123.01015566759638,0.00025077498021250794,6.683566451780582,0.005423099458065447,0.018267986224592768,27_Benign_center1.png,/mnt/wangbd8/workspace/DataSets/ThyroidAgent/Classifaction_Data/Lymph_Node_Metastasis_fake/images/27_Benign_center1.png,/mnt/wangbd8/workspace/DataSets/ThyroidAgent/train_val_test/pred_masks/Lymph_Node_Metastasis_fake/Lymph_images/27_Benign_center1.png
0.9997631467387611,427.8623067591331,522.5523897180071,136458.0,427.76096617641605,1685.3553390593272,0.012350725784192405,136457.0,0.7769855672090993,43.0,126.0,1015646419.0,2.395986398924107,43.0,3.67528498341008,235.0,25.960352059366638,79.63000065954843,74.0,0.0,235.0,17.720579656142853,86.27269429284246,0.8005302496077714,1015646419.0,0.22822935573593664,1102.0407755065692,15.583527492154023,3.718742879822427,186.37711121233585,15.097016610906755,7.152506193203285,0.13459064950719185,0.963060556923481,0.13457594978575158,0.5699504483660934,0.11647996324645471,0.17720568905469358,3.078917495327434,-0.7148302827575499,0.9835920231252276,0.9327134950792682,0.9986674277084521,0.9327144750606975,0.987765934108276,0.13456308752949134,0.30279221208758095,2.944244004591357,1.8217742106776194,3778.5617082687477,0.20196492106840278,2.038507350243966,17.755839435565772,121.34368485755519,1437.5868833181892,21.721385521232683,0.10550012730617495,6.620061458773498,1474.2426105083116,0.07879857878605545,0.13710546179382516,68.14627488925622,0.15742442573288706,2.9349009299459614,0.01840604266764142,3778.5617082687477,0.20196492106840278,2.038507350243966,17.755839435565772,121.34368485755519,1437.5868833181892,21.721385521232683,0.10550012730617495,1474.2426105083116,0.07879857878605545,0.15742442573288706,2.9349009299459614,0.01840604266764142,6.620061458773498,0.13710546179382516,68.14627488925622,3.2862525790469514,82904.42120961181,0.6075497864500305,0.22487359139653737,31143.493195658706,1.8223753119572308,15.65504884322534,7.654799680485428,117.02890287782965,0.8689664911496239,0.11226085130264915,0.15709588612774233,2.561638871993049,0.01748910471468473,92.39411101876446,0.0002615002238926908,6.390013066470555,0.005362305964369602,0.014659231560478636,27_Malignant_center1.png,/mnt/wangbd8/workspace/DataSets/ThyroidAgent/Classifaction_Data/Lymph_Node_Metastasis_fake/images/27_Malignant_center1.png,/mnt/wangbd8/workspace/DataSets/ThyroidAgent/train_val_test/pred_masks/Lymph_Node_Metastasis_fake/Lymph_images/27_Malignant_center1.png
0.9994974399489045,463.21891025698363,564.978760662735,159070.0,462.9861149377765,1934.6690475583102,0.012162375353984473,159069.0,0.7307896518918924,73.0,167.0,2204014164.0,2.4887201917694486,47.0,3.268143936014893,255.0,29.0852064665576,111.97077997598527,103.0,30.0,225.0,20.475337149499726,117.71028606700553,0.8402013570297637,2204014164.0,0.21276397385057916,1318.2558775457715,18.139567429223426,4.002571974305472,240.35195789914073,20.237926771088407,8.627018353923418,0.15107827501213492,0.9655783522559706,0.14237895015539012,0.5923014569318149,0.13080650956478387,0.1621453411252527,3.196447685017983,-0.7153081042443454,0.9856711398999459,0.9294751118778981,0.9985259168429823,0.9295517686375832,0.9871089871722576,0.1400413006729991,0.2909987203167059,3.0519329378826026,2.194524157233888,4429.379783584059,0.194835039306064,2.303771035475795,19.013504002815168,89.94303686108911,1512.643353567344,8.822243246694997,0.09594107615171356,6.643825065032012,1781.7644937098619,0.07837443888932269,0.14291911057465628,40.98551907178627,0.14856556263659604,2.8493634443667557,0.016602169864115827,4429.379783584059,0.194835039306064,2.303771035475795,19.013504002815168,89.94303686108911,1512.643353567344,8.822243246694997,0.09594107615171356,1781.7644937098619,0.07837443888932269,0.14856556263659604,2.8493634443667557,0.016602169864115827,6.643825065032012,0.14291911057465628,40.98551907178627,3.401133699829747,94832.89521528393,0.5961745859676237,0.22887871150747824,33844.15255643777,2.1965135951542223,18.214221501361045,7.595552873281406,137.22598369261138,0.7152565691064919,0.09437434377584172,0.15837152430706172,2.92283188078409,0.015213255389106674,109.99003524586425,0.0002228621066714779,6.579411282997352,0.006883106136736519,0.011314591291922325,28_Benign_center1.png,/mnt/wangbd8/workspace/DataSets/ThyroidAgent/Classifaction_Data/Lymph_Node_Metastasis_fake/images/28_Benign_center1.png,/mnt/wangbd8/workspace/DataSets/ThyroidAgent/train_val_test/pred_masks/Lymph_Node_Metastasis_fake/Lymph_images/28_Benign_center1.png
0.9998706652681468,312.0446894641468,381.1312110021954,72759.5,312.00433124790874,1217.8406204335663,0.016737891552767215,72758.0,0.785162102616212,64.0,155.0,864309136.0,2.4786548139996185,46.0,3.4348218346403177,246.0,28.0877249669747,103.09799609664917,96.0,9.0,237.0,19.521601305617864,108.99188797626245,0.8099991807048845,864309136.0,0.21260858383844553,1250.034845485457,23.685020354653968,4.6578555164562205,223.44345402003296,17.607177647951428,8.103790284813762,0.14618091492444626,0.9645620787308722,0.14615331539363832,0.6002989364409627,0.12482012332389399,0.16083790560656724,3.2031610362609806,-0.706872067918085,0.9848152090085713,0.9269261022562616,0.9985526799738236,0.9269279422249822,0.9867135440515693,0.14612916580418134,0.28492375629614297,3.05681241997842,2.0624927999345517,2085.4699071947075,0.1916263812546823,2.245582998786834,25.516034181751355,81.9887898557383,1755.5813654323256,5.305586507669114,0.0596210672510264,6.562738639906129,904.6699439492787,0.08312689000728464,0.14957805327249238,37.29324388887918,0.15195062984581087,3.9797352916518616,0.00995052533286952,2085.4699071947075,0.1916263812546823,2.245582998786834,25.516034181751355,81.9887898557383,1755.5813654323256,5.305586507669114,0.0596210672510264,904.6699439492787,0.08312689000728464,0.15195062984581087,3.9797352916518616,0.00995052533286952,6.562738639906129,0.14957805327249238,37.29324388887918,3.4082658558168855,42515.570438989525,0.5843422089528234,0.23558327860773887,15468.975342917618,2.0665817026510096,23.765496577695924,7.530141015420985,176.39198438659668,0.4625917760571461,0.06110049185199978,0.1605810433980532,3.90517499412054,0.009836755319473676,42.775199382996895,0.0004765186071107916,6.31952562819653,0.006621170962737688,0.021020387237202575,28_Malignant_center1.png,/mnt/wangbd8/workspace/DataSets/ThyroidAgent/Classifaction_Data/Lymph_Node_Metastasis_fake/images/28_Malignant_center1.png,/mnt/wangbd8/workspace/DataSets/ThyroidAgent/train_val_test/pred_masks/Lymph_Node_Metastasis_fake/Lymph_images/28_Malignant_center1.png
0.998411174589202,440.30450321441424,536.6945127351313,143392.5,439.60493623121846,1978.6101730552593,0.013798561103650884,143392.0,0.6784344811216292,47.0,145.0,1322508967.0,2.507376492734751,48.0,3.5099551465356917,249.0,29.644955004264084,88.45989316000893,80.0,13.0,236.0,20.584831550315588,96.03661665308854,0.9395918005113585,1322508967.0,0.21161420600766376,1397.8790402920886,18.777152889989438,4.068166397358683,284.97929189328875,24.5311927687193,9.081630913975046,0.17293070041060726,0.9626280081939703,0.1283864604536965,0.5526538904935867,0.15644761718277866,0.16919397758648844,3.1503337736158152,-0.7432914506960556,0.987889219239917,0.9387066964097253,0.9984384092332671,0.9389681268366765,0.988576308394284,0.11897087220286363,0.2916920235871823,3.0092151261528746,2.313640403596413,3259.120835686053,0.184027150518693,2.5203337030730055,21.300395256916996,142.90434782608696,2182.5604743083004,15.468708500842354,0.085570133037321,6.903913913449418,1250.482665160926,0.07060884614121547,0.12350758759205535,77.34830623627225,0.14986143852523326,3.3385358520126736,0.016387046630480292,3259.120835686053,0.184027150518693,2.5203337030730055,21.300395256916996,142.90434782608696,2182.5604743083004,15.468708500842354,0.085570133037321,1250.482665160926,0.07060884614121547,0.14986143852523326,3.3385358520126736,0.016387046630480292,6.903913913449418,0.12350758759205535,77.34830623627225,3.346340186999044,91009.19280015622,0.6346880774391613,0.20880329791744864,30343.784227850927,2.3147687218171438,18.863242021870118,7.7877287435840215,143.9635405043517,0.7071255709749241,0.0899921841226536,0.1523868525130799,2.98006126174713,0.013815307589904563,84.23713449750296,0.00029221696561912685,5.61637147776285,0.0065343041403052495,0.013851710975606096,29_Benign_center1.png,/mnt/wangbd8/workspace/DataSets/ThyroidAgent/Classifaction_Data/Lymph_Node_Metastasis_fake/images/29_Benign_center1.png,/mnt/wangbd8/workspace/DataSets/ThyroidAgent/train_val_test/pred_masks/Lymph_Node_Metastasis_fake/Lymph_images/29_Benign_center1.png
0.9994634626761638,496.7469025361282,607.4051366262884,184715.5,496.4803792824175,1818.8700576850888,0.009846872935325345,184715.0,0.8376352170787782,47.0,158.0,1974280034.0,2.6880145492032543,59.0,2.833842682181161,250.0,33.865645676831306,94.6826733075278,86.0,9.0,241.0,24.887046976445568,103.38399126296092,0.6823383593293244,1974280034.0,0.1787569194045414,1723.4410247999392,21.439694142802097,4.322474208901117,352.3645399091107,24.25293326953836,11.159206107564007,0.13556268281696868,0.9759954921906114,0.1354867069338847,0.5724736413143722,0.1172060350611803,0.13711962407138495,3.3794004316301867,-0.7426433193943212,0.9907256944388846,0.9322642441213661,0.9988888840117965,0.9322665957558425,0.988709898295884,0.13544585482214708,0.23531359045742908,3.24371487055531,2.8236921975952436,4287.598968788129,0.16875660128264372,2.834903762340857,23.306726492698864,104.21541307513678,1889.9099854370843,10.600494297833652,0.08191397991098363,6.869335248003868,1955.3345534695163,0.0769604657562686,0.13754703191402973,51.359016366774405,0.1498327192813394,3.4716483459157192,0.013952977039511906,4287.598968788129,0.16875660128264372,2.834903762340857,23.306726492698864,104.21541307513678,1889.9099854370843,10.600494297833652,0.08191397991098363,1955.3345534695163,0.0769604657562686,0.1498327192813394,3.4716483459157192,0.013952977039511906,6.869335248003868,0.13754703191402973,51.359016366774405,3.582249759709642,111989.97935738841,0.6062852467714501,0.22367089971383478,33019.08436780987,2.823860267147421,21.508166635086486,7.648783260698915,162.0643531927564,0.6715094464310505,0.08685518213677287,0.15672943603810074,3.4479050308733874,0.013539016245296772,92.17903334959281,0.0002351917374457949,7.526234953343049,0.0068845895792132746,0.01388983995971278,29_Malignant_center1.png,/mnt/wangbd8/workspace/DataSets/ThyroidAgent/Classifaction_Data/Lymph_Node_Metastasis_fake/images/29_Malignant_center1.png,/mnt/wangbd8/workspace/DataSets/ThyroidAgent/train_val_test/pred_masks/Lymph_Node_Metastasis_fake/Lymph_images/29_Malignant_center1.png
0.9997490967498688,462.6053840808039,564.978760662735,159496.0,462.48931488640983,1800.6690475583123,0.011289744241600494,159495.0,0.7862233369864411,40.0,132.0,1291428378.0,2.519056500474193,45.0,4.105911910485327,255.0,28.338890147750643,82.25366312423587,77.0,7.0,248.0,19.22633897526904,89.98323992036711,0.8893798696746158,1291428378.0,0.20987173849219648,1331.3183692110704,16.74472699839688,3.8227862823374092,304.6530121863823,21.993817655311627,8.661449372763789,0.13732122088454407,0.968786270894783,0.11776946531292239,0.520871152794825,0.12345157392445241,0.17000165701485315,3.129918940709092,-0.7564267341307243,0.9888377089927128,0.9424848873315926,0.9989151097991911,0.9425796432425797,0.9902832110222309,0.11356708420016547,0.28245685725961084,3.011391050214724,2.1996926484120833,3364.3067211089024,0.1807503745290336,2.6130030238760047,19.68113683984312,163.582925911997,2146.038736367055,21.144453532554127,0.10812855256821072,7.0189358883658,1252.7886423467469,0.06730718542667742,0.11669958305903007,90.15497799875278,0.13280779219770986,2.750936804713829,0.01586164082894009,3364.3067211089024,0.1807503745290336,2.6130030238760047,19.68113683984312,163.582925911997,2146.038736367055,21.144453532554127,0.10812855256821072,1252.7886423467469,0.06730718542667742,0.13280779219770986,2.750936804713829,0.01586164082894009,7.0189358883658,0.11669958305903007,90.15497799875278,3.3285643640554987,103356.51834226778,0.6480235640130899,0.19689321070935822,33473.49293081288,2.2055790920888123,16.805649079908463,7.850973384745603,128.63661556788614,0.9103625029714253,0.11491336124908333,0.14901825553570122,2.613326784887022,0.016984584838920926,74.56158841772142,0.0002848645989373683,6.858005224043085,0.004690129628894004,0.019994600533252044,2_Benign_center1.png,/mnt/wangbd8/workspace/DataSets/ThyroidAgent/Classifaction_Data/Lymph_Node_Metastasis_fake/images/2_Benign_center1.png,/mnt/wangbd8/workspace/DataSets/ThyroidAgent/train_val_test/pred_masks/Lymph_Node_Metastasis_fake/Lymph_images/2_Benign_center1.png
0.9996727931250565,328.3176955005757,400.930168483241,80452.5,328.2102676934423,1280.9116882454316,0.0159213410179352,80451.0,0.784974439586093,67.0,152.0,975450583.0,2.419964304206817,44.0,3.073120740477,231.0,26.276889074201716,105.11209307528806,100.0,22.0,209.0,18.516920262739102,110.11257351797495,0.5662247318352743,975450583.0,0.22148986794816095,1076.2267360834178,24.094031173174596,4.731814608213845,147.81668593785253,9.969437761540703,7.009861696820018,0.1940149501453833,0.9461359599412045,0.13785831055869616,0.5796324297602073,0.17501003635528536,0.1744783247503478,3.0935502874026017,-0.7217617384669648,0.9846866330490317,0.9351354381008824,0.9982394823726111,0.9355765731930981,0.9877962856019141,0.12386099734325533,0.30410692224177305,2.9372112284182164,1.8009691617413501,2062.037474969009,0.1966279655734728,2.1171050329546124,25.979403070468198,118.87203203966816,2596.147611328311,7.16189022597727,0.06202861577194651,6.7456302658561444,765.3572041575284,0.07298152037356044,0.13035263700886254,60.02014978217888,0.15006742601136425,4.06836600956478,0.013849232265305345,2062.037474969009,0.1966279655734728,2.1171050329546124,25.979403070468198,118.87203203966816,2596.147611328311,7.16189022597727,0.06202861577194651,765.3572041575284,0.07298152037356044,0.15006742601136425,4.06836600956478,0.013849232265305345,6.7456302658561444,0.13035263700886254,60.02014978217888,3.2843575601478316,49932.512572870444,0.6206574507820964,0.216876950973291,17819.081366297498,1.8001740319772257,24.19927657828989,7.7206125467675975,184.58234204671166,0.447112632887664,0.05836170391978837,0.15469595709741887,3.8292369820691405,0.0095596757136205,40.11016333028754,0.00046753230587010555,5.7997434119164275,0.005444088227368944,0.01943429221685659,2_Malignant_center1.png,/mnt/wangbd8/workspace/DataSets/ThyroidAgent/Classifaction_Data/Lymph_Node_Metastasis_fake/images/2_Malignant_center1.png,/mnt/wangbd8/workspace/DataSets/ThyroidAgent/train_val_test/pred_masks/Lymph_Node_Metastasis_fake/Lymph_images/2_Malignant_center1.png
0.9998422636723009,404.2869448957046,494.26814584797995,122413.0,404.2231741576801,1438.970562748477,0.01175504695374247,122413.0,0.8619196723702486,70.0,171.0,1782193435.0,2.644399540124634,51.0,3.0651296271302324,255.0,31.0907456487563,114.22583385751513,108.0,23.0,232.0,21.905934173097194,120.66009115206182,0.6201587286952828,1782193435.0,0.18671540035049433,1511.3164763792156,28.401822218944854,5.097387115011185,296.1326801894091,18.427568927588982,9.832180738915588,0.15831346426435283,0.9683071805969395,0.14053372006325326,0.5858156831666756,0.13856373778953598,0.14193808623002477,3.3474732685778843,-0.7337232346842261,0.9896131722444906,0.9309864985221219,0.9987391572212639,0.9310843439539702,0.9883776255118492,0.13658314425738338,0.23117764176683137,3.2041655849852795,2.4976235507949847,3073.980028030834,0.17951296589761936,2.6040916815122817,29.764599392665264,93.87415323522542,2456.2164797944406,5.306250363746868,0.050769611225782045,6.801095356789978,1303.1827843961692,0.07610270873605286,0.13988710349390995,42.77135934798465,0.1445536621746515,4.282985321483367,0.00796056430971661,3073.980028030834,0.17951296589761936,2.6040916815122817,29.764599392665264,93.87415323522542,2456.2164797944406,5.306250363746868,0.050769611225782045,1303.1827843961692,0.07610270873605286,0.1445536621746515,4.282985321483367,0.00796056430971661,6.801095356789978,0.13988710349390995,42.77135934798465,3.548897570442082,73647.11500412539,0.6016282176249694,0.22510920375353227,22856.39230310506,2.499782692627282,28.480185927965167,7.624737568722276,215.36827787898343,0.3996025128375107,0.05213736165369655,0.15718237986706202,4.529872916547534,0.008189442980495312,52.058709084993176,0.0003247459595324481,7.3807523050011365,0.0063312191997849905,0.017178650150457334,30_Benign_center1.png,/mnt/wangbd8/workspace/DataSets/ThyroidAgent/Classifaction_Data/Lymph_Node_Metastasis_fake/images/30_Benign_center1.png,/mnt/wangbd8/workspace/DataSets/ThyroidAgent/train_val_test/pred_masks/Lymph_Node_Metastasis_fake/Lymph_images/30_Benign_center1.png
0.9992437554628908,485.90296036582095,593.2630108139223,175679.5,485.53549890647906,2059.840620433564,0.011724991364579041,175678.0,0.7213264494710538,51.0,136.0,1583486515.0,2.419901481543775,44.0,3.5471399612009287,234.0,26.495443370734183,88.76901490226437,83.0,8.0,226.0,18.204460438179083,94.9398399698086,0.8345123651904631,1583486515.0,0.22002405162492275,1133.635206774434,18.50286767601253,4.082383623715253,193.4456553921678,15.751279115534468,7.468334807778316,0.12028830844209577,0.9682977250023173,0.12028830844209577,0.5301890315928975,0.10581903129423498,0.17472976031697093,3.0514264897597037,-0.7389157414062891,0.9859053696841907,0.9398558457789522,0.9988090266490882,0.9398558457789522,0.9890646992325368,0.12028830844209577,0.26645132940323807,2.931138181317611,1.8971557790551028,4327.751056812375,0.20103828015108352,2.0466524100429058,20.599386816555953,148.5053189018442,2250.8433130487297,14.910360104605578,0.07843857850798747,6.8033874482716845,1525.4338737399544,0.07086142396710896,0.12253668643768713,81.9063147061606,0.14325452979615336,2.9884631054778708,0.012267541471935536,4327.751056812375,0.20103828015108352,2.0466524100429058,20.599386816555953,148.5053189018442,2250.8433130487297,14.910360104605578,0.07843857850798747,1525.4338737399544,0.07086142396710896,0.14325452979615336,2.9884631054778708,0.012267541471935536,6.8033874482716845,0.12253668643768713,81.9063147061606,3.2585808456908087,111759.52231924316,0.6361611716848049,0.20590290761634145,38653.38534136317,1.8973297290182793,18.561652568904474,7.795523628456608,142.2389257619053,0.6660060487254632,0.0844673864553312,0.15153228570958738,2.8936906031362932,0.012640478962049251,98.05363873497363,0.00022963208933752006,5.544243719812919,0.0050389394644498944,0.011581051537437805,30_Malignant_center1.png,/mnt/wangbd8/workspace/DataSets/ThyroidAgent/Classifaction_Data/Lymph_Node_Metastasis_fake/images/30_Malignant_center1.png,/mnt/wangbd8/workspace/DataSets/ThyroidAgent/train_val_test/pred_masks/Lymph_Node_Metastasis_fake/Lymph_images/30_Malignant_center1.png
0.9999520276764141,404.65219178793495,494.26814584797995,122070.0,404.6327796820508,1595.0121933088199,0.013066373337501597,122069.0,0.7765070388588209,60.0,163.0,1627612654.0,2.70439221503877,52.0,3.081536015335916,255.0,31.88708334536372,108.30684285117434,104.0,14.0,241.0,22.255549242822518,115.47097567725406,0.47632064211168884,1627612654.0,0.17824787094911226,1603.1740154680256,26.190827964764665,4.861310149881672,329.3177531234148,15.547164665974467,10.381152797452765,0.1471864317643965,0.972039952634516,0.13783526163555088,0.5798348357445392,0.12818787241425578,0.13576849737164645,3.400076390776975,-0.7427860657638732,0.9909616463143041,0.9318143717984788,0.9988090799994377,0.9318913326571754,0.9885628030642465,0.13532457699696146,0.23023764133578753,3.2598499234167315,2.63208480730429,2987.190453658248,0.1766836490009019,2.5792100644846108,29.097415271780918,107.72727272727273,2312.658011474537,9.049836537512759,0.05497387705055793,6.794712622848311,1336.4068728928846,0.07904458939450433,0.13850363319106407,55.59847984784317,0.15405012944750454,4.549321042747611,0.009178060282188058,2987.190453658248,0.1766836490009019,2.5792100644846108,29.097415271780918,107.72727272727273,2312.658011474537,9.049836537512759,0.05497387705055793,1336.4068728928846,0.07904458939450433,0.15405012944750454,4.549321042747611,0.009178060282188058,6.794712622848311,0.13850363319106407,55.59847984784317,3.5984310983556664,73812.44929507082,0.6046780861240022,0.22553864039645377,21758.53935888719,2.6320241898463173,26.273738623237676,7.640228067732184,196.88650681172123,0.4926733346909385,0.06302063609084835,0.15730402022171433,4.259948153184765,0.009614890478385145,51.509317156782245,0.00034747617400730855,7.139348383266597,0.006512439811124262,0.018443399428400554,31_Benign_center1.png,/mnt/wangbd8/workspace/DataSets/ThyroidAgent/Classifaction_Data/Lymph_Node_Metastasis_fake/images/31_Benign_center1.png,/mnt/wangbd8/workspace/DataSets/ThyroidAgent/train_val_test/pred_masks/Lymph_Node_Metastasis_fake/Lymph_images/31_Benign_center1.png
0.9976937217596251,486.3063743082421,593.2630108139223,175252.5,485.18481649901935,2286.9949493661084,0.013049713695188989,175250.0,0.6488911297887767,29.0,141.0,1404033801.0,2.705627696488096,61.0,2.4466350896535523,238.0,34.062377273404,79.46543223965763,74.0,5.0,233.0,25.24290808229067,89.50757030121429,0.4823101680527724,1404033801.0,0.16956460568863313,1696.8502201912008,16.523211434914714,3.7123761894680225,300.1851789221703,16.146353355281367,11.093350458387635,0.1274526072452407,0.97728280115073,0.1274526072452407,0.5504103305588394,0.11120844015163114,0.13235858636046247,3.365084111701395,-0.7561684772226209,0.9916077426818118,0.9362736963773796,0.9987380929975718,0.9362736963773796,0.9884133993413416,0.1274526072452407,0.21042211452080817,3.237631504456157,2.805200766408219,3679.7769430165636,0.1616702668167727,2.828852687238473,19.13716444795923,122.61798690742937,1568.130178814639,29.222704607973007,0.13807761735099852,6.9391129658322095,1667.8402091296516,0.07327622728042052,0.12987731811697575,63.334549706347474,0.1412301109078574,2.8592094378672055,0.01996366641382737,3679.7769430165636,0.1616702668167727,2.828852687238473,19.13716444795923,122.61798690742937,1568.130178814639,29.222704607973007,0.13807761735099852,1667.8402091296516,0.07327622728042052,0.1412301109078574,2.8592094378672055,0.01996366641382737,6.9391129658322095,0.12987731811697575,63.334549706347474,3.566835524356708,108808.92723537803,0.620878329445809,0.2137942907238691,29716.197146932955,2.806816892631476,16.58470185449358,7.722738944365193,124.83509843081312,1.304568492444476,0.1645138861213635,0.15376129339039465,2.663817720716437,0.02426145309397953,109.89231408871194,0.0002785883882967214,5.743435337694777,0.007886492580805142,0.012865736436464083,31_Malignant_center1.png,/mnt/wangbd8/workspace/DataSets/ThyroidAgent/Classifaction_Data/Lymph_Node_Metastasis_fake/images/31_Malignant_center1.png,/mnt/wangbd8/workspace/DataSets/ThyroidAgent/train_val_test/pred_masks/Lymph_Node_Metastasis_fake/Lymph_images/31_Malignant_center1.png
0.9996918066134114,404.4702038810499,494.26814584797995,122294.5,404.3455488391416,1483.2132034355964,0.01212820857385734,122294.0,0.8358047058425349,40.0,141.0,1050609833.0,2.608224077592043,55.0,3.2498096726183894,255.0,31.689449792288237,84.01714720264282,76.0,7.0,248.0,22.63486324121593,92.68685699545264,0.771880683403834,1050609833.0,0.1935444284917692,1531.9724356249376,17.630445302952005,3.8938212062304687,324.85336626163456,23.626056486122593,10.014682628826282,0.14027576137864287,0.9723729520124971,0.13384515695104046,0.5692873499409336,0.12236123533939419,0.15034509612061728,3.287941413805671,-0.7392879229894793,0.9893686510768785,0.933558262369908,0.9988623035544311,0.9336118698240059,0.9888792364197581,0.1321727699695029,0.27298079841203443,3.152966135544406,2.5387395975512312,2891.770924044509,0.1748772934231077,2.667531469215017,19.757075471698112,111.00133043057572,1635.8032776971456,15.72288732993841,0.1063603092069401,6.821892141562721,1257.3001935171746,0.07603411910481221,0.13521513729209936,56.306110486767786,0.14989478157462047,3.057971820818481,0.01784774053163453,2891.770924044509,0.1748772934231077,2.667531469215017,19.757075471698112,111.00133043057572,1635.8032776971456,15.72288732993841,0.1063603092069401,1257.3001935171746,0.07603411910481221,0.14989478157462047,3.057971820818481,0.01784774053163453,6.821892141562721,0.13521513729209936,56.306110486767786,3.4938355313343714,74710.18749897787,0.6109064017775023,0.2217143110778238,23669.322337972426,2.5391686682231485,17.69528349714622,7.672265196984316,133.02638723077175,0.9008935070740584,0.11572154112220559,0.15613149005220572,2.855916888808936,0.017835139684074904,65.64330964977675,0.00034276232376459297,7.8156058312489405,0.006109177519725967,0.02308111357075318,32_Benign_center1.png,/mnt/wangbd8/workspace/DataSets/ThyroidAgent/Classifaction_Data/Lymph_Node_Metastasis_fake/images/32_Benign_center1.png,/mnt/wangbd8/workspace/DataSets/ThyroidAgent/train_val_test/pred_masks/Lymph_Node_Metastasis_fake/Lymph_images/32_Benign_center1.png
0.9995974210166751,486.0717770335532,593.2630108139223,175414.0,485.8760947517321,2119.9238815542426,0.01208526047837825,175412.0,0.7003526731954767,53.0,142.0,1718669228.0,2.501553456782681,42.0,3.668499626082404,255.0,26.98479033129721,92.58327822497891,87.0,3.0,252.0,17.856922757335287,98.98434200030893,0.6956303068499684,1718669228.0,0.21496688365837593,1226.2365543502694,19.928563261759393,4.238583613454987,230.1075816685058,14.481132625710517,7.991492338983092,0.13960348494203198,0.965661827639207,0.1395806178683314,0.5832811408139243,0.12012073605752682,0.16400264163226644,3.2039787967718665,-0.7180515080631483,0.9860938993181414,0.9302119777732044,0.9988557181367009,0.9302135022447845,0.9883684284281116,0.1395606091788434,0.2833916443712698,3.06424833061785,2.0327739559812814,4913.179102080154,0.1973005823660812,2.2058405404087247,21.6044494418119,91.99253072042406,1644.3607742350011,8.530544798264872,0.08273478850481318,6.667913021989328,1939.1494659063528,0.07787123387303642,0.14196292157891136,42.37328672626074,0.1472432467685643,3.281463212537075,0.0127201669430859,4913.179102080154,0.1973005823660812,2.2058405404087247,21.6044494418119,91.99253072042406,1644.3607742350011,8.530544798264872,0.08273478850481318,1939.1494659063528,0.07787123387303642,0.1472432467685643,3.281463212537075,0.0127201669430859,6.667913021989328,0.14196292157891136,42.37328672626074,3.4108356564295765,104872.78307071351,0.5978654999128539,0.2276204439112934,37707.770996283034,2.0379149913601173,19.990342735958773,7.604679269377238,149.7781337650788,0.6645337061505112,0.08664076713458252,0.1579728486838605,3.2366834145389767,0.01356751569314104,91.10570572570464,0.00020097584466886634,8.006505576177332,0.005111971374241061,0.013768784911892557,32_Malignant_center1.png,/mnt/wangbd8/workspace/DataSets/ThyroidAgent/Classifaction_Data/Lymph_Node_Metastasis_fake/images/32_Malignant_center1.png,/mnt/wangbd8/workspace/DataSets/ThyroidAgent/train_val_test/pred_masks/Lymph_Node_Metastasis_fake/Lymph_images/32_Malignant_center1.png
0.999843641596692,347.33118453617675,423.55755216971403,89494.5,347.2768763867436,1513.7817459305206,0.016914801981468365,89493.0,0.7005511350456998,67.0,167.0,1285579140.0,2.6959584294738193,50.0,3.3027467656692355,255.0,31.018700775650643,113.22445330919737,108.0,5.0,250.0,21.68350405396073,119.85464641657012,0.4222977562068443,1285579140.0,0.18396315768201751,1545.3594404744297,28.10499927091629,5.060743889717677,336.3550283850545,13.22678107431184,10.106728498883216,0.13124628447724698,0.9743608892863148,0.12056801229347301,0.5342687417441035,0.11670963888884792,0.14570078533046665,3.328432607541051,-0.7646903307713928,0.9918508787054103,0.9405981019467022,0.9989397915386862,0.9407385804927111,0.9900104167927214,0.1170872918839897,0.22867430148172244,3.2045168269702544,2.5594936958401164,1910.2601528685882,0.1759149233694252,2.690713650120629,29.49295515240814,128.9274334653283,3396.4086011603276,7.831699695177389,0.059008621692717006,7.054670376303151,718.5086103692789,0.06616710658157095,0.12133909914741935,61.00730989221219,0.1259566797245693,3.7320032346364607,0.007751909218426345,1910.2601528685882,0.1759149233694252,2.690713650120629,29.49295515240814,128.9274334653283,3396.4086011603276,7.831699695177389,0.059008621692717006,718.5086103692789,0.06616710658157095,0.1259566797245693,3.7320032346364607,0.007751909218426345,7.054670376303151,0.12133909914741935,61.00730989221219,3.529970636261201,57057.194786184395,0.6375604213311029,0.2010158882754259,16463.414870436794,2.563983711613926,28.159263853038784,7.803839406434022,218.1442682667918,0.4694581736615158,0.05999141822897694,0.15008126023512702,4.274853278406629,0.009001709397191146,31.82129858595381,0.0005294223969585564,6.203245168785205,0.005584426081137294,0.02759953940491012,33_Benign_center1.png,/mnt/wangbd8/workspace/DataSets/ThyroidAgent/Classifaction_Data/Lymph_Node_Metastasis_fake/images/33_Benign_center1.png,/mnt/wangbd8/workspace/DataSets/ThyroidAgent/train_val_test/pred_masks/Lymph_Node_Metastasis_fake/Lymph_images/33_Benign_center1.png
0.9995424519634334,577.8934456275297,706.4000283125703,249467.5,577.629031616138,2199.497474683056,0.008816769618018605,249467.0,0.8049862305737622,51.0,159.0,3068060663.0,2.7650069489203286,62.0,2.44502320653897,252.0,34.84489774886266,102.7138699707777,98.0,8.0,244.0,26.180795900945284,110.8984354040346,0.2859129722801434,3068060663.0,0.1635412733772516,1748.3238906890058,24.368431624618356,4.643855455568054,316.61936403933055,9.860722829022935,11.316575637462497,0.10442310782580749,0.9817138395415919,0.10442310782580749,0.48286171979129444,0.09351892237780726,0.13286758077394753,3.338260672651372,-0.7922105851925489,0.9937128530736895,0.9477884460870966,0.999144072886674,0.9477884460870966,0.9912980743478497,0.10442310782580749,0.19353205849268842,3.2338375648255675,2.8552496863220775,4338.209193669933,0.163459276325167,2.8180487117879256,27.614996232102488,193.22889977392614,3708.218085908063,19.439223532859565,0.06992172387911828,7.278544899472675,1610.5350414468726,0.060683309775692265,0.10638681669318988,104.87527494152235,0.12473637249615462,3.4786654565714255,0.009163816617148648,4338.209193669933,0.163459276325167,2.8180487117879256,27.614996232102488,193.22889977392614,3708.218085908063,19.439223532859565,0.06992172387911828,1610.5350414468726,0.060683309775692265,0.12473637249615462,3.4786654565714255,0.009163816617148648,7.278544899472675,0.10638681669318988,104.87527494152235,3.5355618006516165,167422.4074085951,0.6711204584517997,0.18338287444772639,40798.150845602824,2.858855890645535,24.402858895164492,7.952013693193889,190.6815570796939,0.650925609081833,0.08045318429585914,0.14551579523098804,3.6602810525373433,0.011382754064930483,81.53395320832347,0.0002398751664122128,5.505901057098948,0.0054155112119962,0.012446355413512914,33_Malignant_center1.png,/mnt/wangbd8/workspace/DataSets/ThyroidAgent/Classifaction_Data/Lymph_Node_Metastasis_fake/images/33_Malignant_center1.png,/mnt/wangbd8/workspace/DataSets/ThyroidAgent/train_val_test/pred_masks/Lymph_Node_Metastasis_fake/Lymph_images/33_Malignant_center1.png
0.9997135009003895,404.6486717709177,494.26814584797995,122179.0,404.5327402907967,1582.1837661840736,0.012949719396820023,122178.0,0.7831524140247178,39.0,130.0,935872928.0,2.5026358126218944,46.0,4.057000928915638,255.0,28.25960617651032,79.70770515150026,73.0,3.0,252.0,19.308880956198507,87.52093254876705,0.8952708737648156,935872928.0,0.21272039800060114,1306.5953736873278,15.943933136837957,3.7222026091739804,289.313253687511,21.354265432894266,8.502194480636806,0.14563098825132798,0.966319628263716,0.1228397139596555,0.5347482896901267,0.130541392925638,0.17040629112552783,3.133679968813535,-0.7471069449363991,0.9880185934933019,0.939997294467986,0.9988654017220014,0.9400693891402095,0.9898704265641283,0.11877720765895212,0.2980599502467139,3.010254697884283,2.161956367222033,2755.8827077747987,0.18471063725032164,2.469405367500665,18.18170241286863,137.9348525469169,1849.779021447721,17.89181095418748,0.11898326501461748,6.930015243460582,1035.0679624664879,0.06937452831544826,0.12211691139157622,70.87719524685724,0.138824537542488,2.641386972237073,0.01730356899240203,2755.8827077747987,0.18471063725032164,2.469405367500665,18.18170241286863,137.9348525469169,1849.779021447721,17.89181095418748,0.11898326501461748,1035.0679624664879,0.06937452831544826,0.138824537542488,2.641386972237073,0.01730356899240203,6.930015243460582,0.12211691139157622,70.87719524685724,3.3371871830662463,77799.1763165218,0.6367691099585997,0.2045545247765615,25989.75278691745,2.16475433369408,16.002840118515607,7.798801748268919,122.19099183158997,0.9693506683317509,0.12356036343283398,0.15113468327631271,2.507397221903926,0.01856130792318023,74.46673613534753,0.00034788176449891705,5.907338931486955,0.0058615203984175674,0.020070280289242046,34_Benign_center1.png,/mnt/wangbd8/workspace/DataSets/ThyroidAgent/Classifaction_Data/Lymph_Node_Metastasis_fake/images/34_Benign_center1.png,/mnt/wangbd8/workspace/DataSets/ThyroidAgent/train_val_test/pred_masks/Lymph_Node_Metastasis_fake/Lymph_images/34_Benign_center1.png
0.6574634126261446,618.6305294377353,640.7003980020615,188413.5,406.72693903885204,1899.9411254969539,0.010083890620878833,188412.0,0.8098802293043302,51.0,172.0,2819939937.0,2.8134099159038595,83.0,1.8039690307347505,233.0,40.95925816897378,113.14877502494534,115.0,9.0,224.0,33.50807148567952,122.33920367569344,-0.050422317130896496,2819939937.0,0.1542111184587265,2164.2354663571095,29.044633074852943,5.057881524502451,363.59085539175965,-3.8964407492097552,13.941359529604828,0.09148929380604398,0.9869606955854304,0.09148929380604398,0.4414214465768852,0.08311900292491534,0.12858936058657702,3.3303112536478165,-0.8159965813351511,0.9949126428162425,0.954255353096978,0.9990941654078609,0.954255353096978,0.9916827914721777,0.09148929380604398,0.19606216293837955,3.2388219598417756,3.5082122058527183,2769.49761255116,0.15742937770299906,3.203208440377938,32.624829467939975,253.29786266484766,6105.703615279673,22.747328850769165,0.05986963786628373,7.480888073104472,949.4499772623919,0.05397055350513824,0.09336984905420037,138.59171708956137,0.10999993204302257,3.724482218392462,0.006285185906991389,2769.49761255116,0.15742937770299906,3.203208440377938,32.624829467939975,253.29786266484766,6105.703615279673,22.747328850769165,0.05986963786628373,949.4499772623919,0.05397055350513824,0.10999993204302257,3.724482218392462,0.006285185906991389,7.480888073104472,0.09336984905420037,138.59171708956137,3.5221196039701828,132219.06693841156,0.7017550205847375,0.1638629729622,29055.22525104558,3.5099338010640118,29.07569581555315,8.078296499161413,231.6270832006454,0.5945720220308568,0.07219767920088892,0.14071231603554388,4.201329474178338,0.009786527897653444,53.672717051084675,0.00038305620805598363,3.653639595533383,0.007131608695710551,0.013881510729828728,34_Malignant_center1.png,/mnt/wangbd8/workspace/DataSets/ThyroidAgent/Classifaction_Data/Lymph_Node_Metastasis_fake/images/34_Malignant_center1.png,/mnt/wangbd8/workspace/DataSets/ThyroidAgent/train_val_test/pred_masks/Lymph_Node_Metastasis_fake/Lymph_images/34_Malignant_center1.png
0.9998674696352154,346.50444281067473,423.55755216971403,89950.0,346.45852045046956,1228.727922061358,0.013660121423694918,89950.0,0.8652662981273428,42.0,157.0,955561249.0,2.7550657999901804,59.0,3.56571467444981,255.0,35.472769027323864,92.81713173985547,85.0,14.0,241.0,24.96060533801754,103.06914677108794,0.8684747300801006,955561249.0,0.17315919949351144,2008.22907170638,21.263844265952702,4.253430388219544,593.4126341497246,40.31859867700193,12.84636078338342,0.1576639892904953,0.9757515089294814,0.13245203034359654,0.5617789789259111,0.14012044894835424,0.135516933244406,3.421035283590221,-0.7582934208837431,0.9923086123918653,0.9354401858381305,0.9987662702482646,0.9355380383969741,0.9890843775159146,0.12752655290790268,0.21349843819723338,3.286778433946081,3.2510061931684793,1925.350600981886,0.16297194861874775,3.238020943895661,24.59988149652954,129.34569155239546,2019.7999830709327,16.919991843772692,0.08363454514385897,6.962429561765613,899.7093279160318,0.07615619840156017,0.1313396331295164,71.37501053588679,0.15065318790321097,3.7242425763636624,0.014184554412380772,1925.350600981886,0.16297194861874775,3.238020943895661,24.59988149652954,129.34569155239546,2019.7999830709327,16.919991843772692,0.08363454514385897,899.7093279160318,0.07615619840156017,0.15065318790321097,3.7242425763636624,0.014184554412380772,6.962429561765613,0.1313396331295164,71.37501053588679,3.6158325255479498,55622.45127292941,0.6183707756857076,0.21689176539001193,15575.669994441356,3.2508595849525443,21.33448582545859,7.709816564758199,160.25137298499166,0.7524319443377854,0.09554152329657713,0.15468717188561545,3.436157741955407,0.014401398102183964,44.407062147779385,0.000529855626859115,6.975983276141012,0.007723276190154072,0.030518800675152814,35_Benign_center1.png,/mnt/wangbd8/workspace/DataSets/ThyroidAgent/Classifaction_Data/Lymph_Node_Metastasis_fake/images/35_Benign_center1.png,/mnt/wangbd8/workspace/DataSets/ThyroidAgent/train_val_test/pred_masks/Lymph_Node_Metastasis_fake/Lymph_images/35_Benign_center1.png
0.997753917734774,612.6365925622563,748.8264151323723,280298.0,611.2605603766737,2317.355339059328,0.008267470117729445,280298.0,0.8098830293676247,38.0,146.0,2406367197.0,2.6461964857851217,52.0,3.503178612178643,250.0,32.86829282893917,82.76433295992123,74.0,3.0,247.0,22.63464646699079,92.65544578808807,0.9590190322165092,2406367197.0,0.1929177580697033,1735.0968238886244,17.615546578966182,3.8471920354615006,440.03120814080603,34.50033083893235,11.316046962806247,0.05740687781511404,0.989905110862616,0.05740687781511404,0.31706400469852397,0.054111328194634614,0.17417212391206663,3.0112227141273946,-0.8621549100399222,0.9947723220382906,0.971296561092443,0.9995294518211877,0.971296561092443,0.9952160935154072,0.05740687781511404,0.29193894330449704,2.9538158363122835,2.8433634601553406,2705.768851176506,0.16283136854886598,3.179915085391006,21.745501594752362,589.0000601793345,7740.701570680629,87.72667585006663,0.10242463229809401,8.07666371154893,565.778961304688,0.03404820131820954,0.0592833341657807,304.4656743243992,0.04420758594265191,1.0302304073652129,0.004913867152412416,2705.768851176506,0.16283136854886598,3.179915085391006,21.745501594752362,589.0000601793345,7740.701570680629,87.72667585006663,0.10242463229809401,565.778961304688,0.03404820131820954,0.04420758594265191,1.0302304073652129,0.004913867152412416,8.07666371154893,0.0592833341657807,304.4656743243992,3.168852536649471,222150.184682017,0.7925500170604749,0.1069274677117528,54074.4617514217,2.8430935974791938,17.63936239288186,8.40958551256163,145.91885065180628,1.0466780486064746,0.12301204829013788,0.1283177982797673,2.3351508434277486,0.01544341087523151,66.1695653696435,0.00036536510976295993,3.260172293831861,0.002967689723121638,0.023897944722646104,35_Malignant_center1.png,/mnt/wangbd8/workspace/DataSets/ThyroidAgent/Classifaction_Data/Lymph_Node_Metastasis_fake/images/35_Malignant_center1.png,/mnt/wangbd8/workspace/DataSets/ThyroidAgent/train_val_test/pred_masks/Lymph_Node_Metastasis_fake/Lymph_images/35_Malignant_center1.png
0.9995781220206867,462.4109935456123,564.978760662735,159615.5,462.21591253004306,1751.2132034355964,0.010971448283127868,159615.0,0.808729789072038,39.0,145.0,1415692590.0,2.6452868380438295,54.0,3.088608375527612,255.0,32.17830298032094,85.29497854211697,79.0,9.0,246.0,22.957853811975962,94.17760206723408,0.7082442900244775,1415692590.0,0.18522870884391415,1594.187366634098,18.109427704599845,3.943436284947959,328.74715290650187,22.1844413792659,10.36681035284845,0.1318584682257021,0.9748809167194566,0.11329074566114535,0.5077096501107491,0.11902367517324379,0.15099056317050452,3.2413624319419654,-0.774499920701275,0.9916539106911152,0.9445070410185986,0.9989679283054641,0.9445710663458983,0.9906461582705364,0.10993728957151545,0.24755497766973825,3.126935660600408,2.6246672052685374,2984.412365979668,0.1657914763612948,2.8641639112192347,22.104383089828342,185.25376367979555,2371.7929559468917,29.37425940952206,0.09703545140648653,7.124641402768715,1186.284039775568,0.06590100770932548,0.11277762115089433,106.62994365246473,0.13328617716271596,3.1974256581530427,0.012677550717707391,2984.412365979668,0.1657914763612948,2.8641639112192347,22.104383089828342,185.25376367979555,2371.7929559468917,29.37425940952206,0.09703545140648653,1186.284039775568,0.06590100770932548,0.13328617716271596,3.1974256581530427,0.012677550717707391,7.124641402768715,0.11277762115089433,106.62994365246473,3.4348397166089986,104835.40580145977,0.6568017153867729,0.19229746682110707,29565.280362121353,2.626069726057231,18.1793001910848,7.889841180340194,139.09670770291012,0.9361140663285477,0.11597918359408504,0.1478213200513736,2.8382176556784207,0.01645676592797644,67.81711159779422,0.00033221056437378863,6.329507074873276,0.005370702327661335,0.0206523549999103,36_Benign_center1.png,/mnt/wangbd8/workspace/DataSets/ThyroidAgent/Classifaction_Data/Lymph_Node_Metastasis_fake/images/36_Benign_center1.png,/mnt/wangbd8/workspace/DataSets/ThyroidAgent/train_val_test/pred_masks/Lymph_Node_Metastasis_fake/Lymph_images/36_Benign_center1.png
0.9989704229292427,619.4384159895711,757.3116927659311,286740.0,618.800656399722,2432.568542494917,0.008483534011630456,286739.0,0.780340210115442,17.0,111.0,1487336395.0,2.496196283489457,47.0,3.404703702278034,225.0,28.479069624470593,62.29757026424728,58.0,0.0,225.0,19.725805603761096,72.02134365455636,0.7454503759728202,1487336395.0,0.2023283647710823,1306.0866809788802,11.27062256469396,3.028460100295294,239.41632378842064,17.649785457253188,8.505952661224793,0.10974471877129527,0.9745244722670738,0.10973772955216579,0.4991710556286765,0.097702349484031,0.16360850691455053,3.082160656699998,-0.7653214217316906,0.9889862317010787,0.94513183414583,0.9989134226183455,0.945132300093772,0.9900238957166148,0.10973161398542748,0.2549737030630253,2.9723715820366703,2.1539243449990217,6228.3537595748,0.19472733342425513,2.2104481336498765,14.102110364233233,219.76216976707832,1458.5182116617164,113.43360549808047,0.17512110823376242,6.934348552981701,2111.7858683758013,0.06602425725733316,0.11154743512392803,139.39460247909608,0.1315498427440539,2.0686880774477676,0.02213490779516542,6228.3537595748,0.19472733342425513,2.2104481336498765,14.102110364233233,219.76216976707832,1458.5182116617164,113.43360549808047,0.17512110823376242,2111.7858683758013,0.06602425725733316,0.1315498427440539,2.0686880774477676,0.02213490779516542,6.934348552981701,0.11154743512392803,139.39460247909608,3.2793113349588445,189093.21390184105,0.6594610914519512,0.1904610853432726,58015.432986095366,2.1540826131961257,11.318163905154165,7.901663184987044,86.40197880302296,2.112571653151005,0.25609912454460476,0.14733297915913465,1.77674179887168,0.034805239112997856,192.18115845159954,0.00016538369121912538,5.596165745329634,0.0052160723204581275,0.010573664207185548,36_Malignant_center1.png,/mnt/wangbd8/workspace/DataSets/ThyroidAgent/Classifaction_Data/Lymph_Node_Metastasis_fake/images/36_Malignant_center1.png,/mnt/wangbd8/workspace/DataSets/ThyroidAgent/train_val_test/pred_masks/Lymph_Node_Metastasis_fake/Lymph_images/36_Malignant_center1.png
0.9999077748010038,462.3166427075263,564.978760662735,159696.5,462.2740054631533,1725.2132034355964,0.010803074603611202,159696.0,0.8211261020873313,47.0,163.0,1833630624.0,2.738861942176404,67.0,2.5291166857936402,255.0,36.634340011764756,97.87124286143673,90.0,12.0,243.0,27.94764592652317,107.15412830920721,0.5681799545971644,1833630624.0,0.1696046191864834,1903.2270344637116,22.81535380423523,4.448739036808699,380.35743665381943,23.502408541144824,12.26251274110967,0.16621359467111996,0.9732533181308192,0.14544552777132527,0.5966735108223646,0.14505919312244062,0.13038514360470993,3.4494984806121387,-0.7399844195476319,0.9912650810338485,0.9285404441934126,0.9986930993514611,0.9285994235676562,0.9879761520078855,0.1418815178080549,0.24348486655826423,3.302451308627359,3.107181583945198,3508.867076550052,0.15192531505672202,3.2747970879576864,26.557845514374783,108.13846553515761,1884.832178732248,10.857997000172432,0.07466088536914645,6.863384941788925,1974.2147558018705,0.08547864373925661,0.1446247870954814,60.32892888213218,0.18407654807369553,5.1435252009934525,0.013975019350232919,3508.867076550052,0.15192531505672202,3.2747970879576864,26.557845514374783,108.13846553515761,1884.832178732248,10.857997000172432,0.07466088536914645,1974.2147558018705,0.08547864373925661,0.18407654807369553,5.1435252009934525,0.013975019350232919,6.863384941788925,0.1446247870954814,60.32892888213218,3.657116197064707,95032.85476154694,0.5950860056704422,0.23968655238059217,27085.17926560465,3.1104561469554906,22.892608456066526,7.587854423404469,168.56759092275323,0.6484429285228254,0.08374891023971502,0.16170480858074784,3.8987896447695065,0.0131239860856363,78.48419544073982,0.00028353987708170986,7.660217783881384,0.00811373609983636,0.014902608433097717,37_Benign_center1.png,/mnt/wangbd8/workspace/DataSets/ThyroidAgent/Classifaction_Data/Lymph_Node_Metastasis_fake/images/37_Benign_center1.png,/mnt/wangbd8/workspace/DataSets/ThyroidAgent/train_val_test/pred_masks/Lymph_Node_Metastasis_fake/Lymph_images/37_Benign_center1.png
0.9998417430611616,462.18586403183093,564.978760662735,159778.0,462.1127199118149,1764.3259018078033,0.011042358158243334,159776.0,0.8031277134928825,30.0,105.0,826893029.0,2.2885065050718985,36.0,5.001929367651167,212.0,23.92524348860335,64.41751577208092,59.0,3.0,209.0,15.199823710112378,71.93974484868883,1.2418664248531124,826893029.0,0.25491326352349425,1025.7105506481585,11.351080121003678,3.1123206597461937,220.5765843202968,20.2347365959566,6.772806891507204,0.11464596382441913,0.9667087481446287,0.11464596382441915,0.5137724658956312,0.1015022668031891,0.20588463502150828,2.894166059902726,-0.7350515863912276,0.9825415931641778,0.9426770180877904,0.9986018784899461,0.9426770180877904,0.9885354036175581,0.11464596382441915,0.3319567700553554,2.7795200960783095,1.7218632138329062,4124.954246619274,0.22047967537651794,1.9613741330764438,13.05740552675183,161.73445935111442,1441.7548773317656,38.04927792875544,0.16865535688345057,6.78147523180822,1256.1971778288523,0.06714400437376944,0.11709518325655918,88.80181860765065,0.13865626582772242,1.8745712423238996,0.026924114268471796,4124.954246619274,0.22047967537651794,1.9613741330764438,13.05740552675183,161.73445935111442,1441.7548773317656,38.04927792875544,0.16865535688345057,1256.1971778288523,0.06714400437376944,0.13865626582772242,1.8745712423238996,0.026924114268471796,6.78147523180822,0.11709518325655918,88.80181860765065,3.1047986213757324,103483.81248748247,0.6476805808599694,0.19884754197008395,40729.02159272982,1.7227235166522838,11.402713799319047,7.848550470658923,87.59351842579612,1.4419549859114458,0.1817080806218117,0.14959658800097916,1.7707224141575983,0.026919021570276522,143.52318825062724,0.000234168298980971,4.558914356947664,0.005446017317481767,0.011836035899705515,37_Malignant_center1.png,/mnt/wangbd8/workspace/DataSets/ThyroidAgent/Classifaction_Data/Lymph_Node_Metastasis_fake/images/37_Malignant_center1.png,/mnt/wangbd8/workspace/DataSets/ThyroidAgent/train_val_test/pred_masks/Lymph_Node_Metastasis_fake/Lymph_images/37_Malignant_center1.png
0.9999346846391308,404.5213897446386,494.26814584797995,122266.5,404.49496828408815,1517.698484809835,0.012413036153074104,122266.0,0.8167199638717195,50.0,150.0,1236547312.0,2.5700532513334373,54.0,3.4100609063891305,255.0,31.096981447066668,92.76886460667724,87.0,20.0,235.0,22.160676705888356,100.56631035556616,0.8414366393247953,1236547312.0,0.19733887842816553,1507.520538120039,20.399650530357096,4.242979843969188,321.24922631452165,24.643328261331696,9.741086637346546,0.15399634123331613,0.9688741688035004,0.13017334022428406,0.5555490550244779,0.13705124272816893,0.15766443779024275,3.2198900808400452,-0.7471291574521851,0.9891976281724478,0.9364538984158505,0.9987948972955889,0.9365423619632021,0.9892664939880743,0.12564708279598932,0.2682056456574705,3.087480342891004,2.4737707446449657,2703.4516578964053,0.17139742965170895,2.744714748141576,25.12343878780194,161.7933176947949,2258.4165979838967,18.513504088733708,0.06846259074423612,6.836060929810338,1289.0603563050784,0.08172575643853917,0.12900561071761568,101.70600216058259,0.17988207805699424,4.727602633652891,0.01253878609087833,2703.4516578964053,0.17139742965170895,2.744714748141576,25.12343878780194,161.7933176947949,2258.4165979838967,18.513504088733708,0.06846259074423612,1289.0603563050784,0.08172575643853917,0.17988207805699424,4.727602633652891,0.01253878609087833,6.836060929810338,0.12900561071761568,101.70600216058259,3.4221081165234115,76431.21126069389,0.625122366485318,0.22104900797117916,24127.83530989809,2.473597919091971,20.48069782277984,7.739551469746291,152.67556802381694,0.6578095316554765,0.0826645632071942,0.15599276259230782,3.4081306332095593,0.012294953976645439,55.06562886183834,0.00037099859617482347,7.049460582849384,0.005749178568404204,0.021900722052405834,38_Benign_center1.png,/mnt/wangbd8/workspace/DataSets/ThyroidAgent/Classifaction_Data/Lymph_Node_Metastasis_fake/images/38_Benign_center1.png,/mnt/wangbd8/workspace/DataSets/ThyroidAgent/train_val_test/pred_masks/Lymph_Node_Metastasis_fake/Lymph_images/38_Benign_center1.png
0.7977138160617586,623.4502582447219,689.6673111000695,231353.0,497.334884629086,2385.941125496953,0.010312989783996548,231352.0,0.7146325224094539,30.0,119.0,1618965736.0,2.4913098255994113,43.0,3.151146844968166,255.0,26.711137923903784,76.41656869186347,77.0,0.0,255.0,18.31370279408528,83.65313081303934,0.23556840467248868,1618965736.0,0.20657358565082293,1158.3543241851826,14.779491734731458,3.5941828975020043,176.1619453623016,4.408057041282395,7.581616492231236,0.13625235608900058,0.9646917150921381,0.13548107545984356,0.572583447360347,0.11789723428124475,0.15709308005874345,3.1772385106362897,-0.7241952804638988,0.9863407311264855,0.9323026316778921,0.9988856259304889,0.9323079922871935,0.9887133504210545,0.13532861620711062,0.2474207595814286,3.041280339876307,1.9294672120800591,6548.01355047631,0.20586705915290063,1.9018427459546756,16.715157040902945,119.9447291476719,1291.4644575093532,39.600240291911916,0.12391253424155005,6.603121655431751,2476.286949413651,0.07785352121902886,0.1374831425706283,67.03919557692394,0.15240946990618026,2.7360271483343865,0.018738786073381683,6548.01355047631,0.20586705915290063,1.9018427459546756,16.715157040902945,119.9447291476719,1291.4644575093532,39.600240291911916,0.12391253424155005,2476.286949413651,0.07785352121902886,0.15240946990618026,2.7360271483343865,0.018738786073381683,6.603121655431751,0.1374831425706283,67.03919557692394,3.3834940732235492,140344.11103426813,0.6066258819213498,0.22448171935848452,47791.2121874892,1.9325148160685874,14.843476607074933,7.650290466475328,111.06737784847333,1.30066089835625,0.1630859619159933,0.15697700665844447,2.427143246846556,0.02384471259082369,130.2923220937071,0.00015822548285347564,8.346259692143533,0.0046741113878675895,0.012670790782817434,38_Malignant_center1.png,/mnt/wangbd8/workspace/DataSets/ThyroidAgent/Classifaction_Data/Lymph_Node_Metastasis_fake/images/38_Malignant_center1.png,/mnt/wangbd8/workspace/DataSets/ThyroidAgent/train_val_test/pred_masks/Lymph_Node_Metastasis_fake/Lymph_images/38_Malignant_center1.png
0.9997681273752438,405.07706993762923,494.26814584797995,121873.5,404.98314365419424,1745.4386001800117,0.014321723756025811,121871.0,0.7090143051682841,40.0,151.0,1145162653.0,2.623571022370483,57.0,3.1543686728610343,255.0,33.78226960247643,87.58102419771726,80.0,12.0,243.0,24.656856799695476,96.93562184266223,0.8132979931863267,1145162653.0,0.183560840727411,1726.078982502479,19.027118253367142,4.033490301972536,386.5351680983459,29.062906712514664,11.176022045364235,0.14372509632166497,0.9746063062146704,0.11128856982909079,0.4975647266754318,0.13133995054706055,0.15074688861393404,3.2000496912625427,-0.7800263979769709,0.9916127163038889,0.9461616956851032,0.9989209397854044,0.9462257320629484,0.99087048938607,0.10642633803067518,0.23675371291204267,3.087640062477599,2.829936785421475,2221.685761169538,0.16571087947859614,2.9977737400059126,23.307898858805103,242.0035056313866,2954.5448646229584,36.41769681233991,0.08238206288801747,7.121095217707195,939.7158946818826,0.07009143691220128,0.11000976442303748,159.3735478899087,0.16151744675859986,3.8313172887723055,0.014744243884110705,2221.685761169538,0.16571087947859614,2.9977737400059126,23.307898858805103,242.0035056313866,2954.5448646229584,36.41769681233991,0.08238206288801747,939.7158946818826,0.07009143691220128,0.16151744675859986,3.8313172887723055,0.014744243884110705,7.121095217707195,0.11000976442303748,159.3735478899087,3.4054566386515535,81078.2838000837,0.6652795480473919,0.19433988687646236,22370.743220290307,2.8314731433832665,19.096380599158127,7.922631306873662,146.7474050430373,0.8240848515699859,0.1013845325176591,0.14861433628818815,2.9932465019934558,0.01447062605032192,52.247013983670854,0.00044815079759707245,6.18927661518981,0.005696186892392429,0.027247158970410232,39_Benign_center1.png,/mnt/wangbd8/workspace/DataSets/ThyroidAgent/Classifaction_Data/Lymph_Node_Metastasis_fake/images/39_Benign_center1.png,/mnt/wangbd8/workspace/DataSets/ThyroidAgent/train_val_test/pred_masks/Lymph_Node_Metastasis_fake/Lymph_images/39_Benign_center1.png
0.9989151082794707,620.1666477533759,757.3116927659311,286116.0,619.4938340918799,2584.7695526216967,0.009033991641927388,286116.0,0.7335913050326509,26.0,157.0,3096923499.0,2.9296098349193556,75.0,2.2658425165892235,255.0,40.34774257288352,92.18227921542311,90.0,0.0,255.0,30.673737762652554,104.03852018969386,0.1484449893232897,3096923499.0,0.14042012714839622,2326.441081911106,21.541665061582695,4.224527317361872,504.4587055885091,8.021210348637753,14.905304559601067,0.12516853381707646,0.983344698062513,0.11172084846489769,0.509201275186402,0.11268698583535981,0.112600818917591,3.5226142334067645,-0.7970413146919355,0.9952931213494554,0.9452301453066291,0.9989947718891885,0.9454222838352118,0.9907621558347544,0.10724843835553606,0.15971577756687946,3.4016037724170376,3.7576182733545354,4759.297057331304,0.15091631967691857,3.3322030656708344,25.601946981227805,221.26262049720953,2935.0745814307456,80.80590132494004,0.11083211406882416,7.255128288337392,2080.689053779807,0.06597821707825366,0.11022102923289855,138.94911910487457,0.14397996984591038,3.4677381899630393,0.026132860198752172,4759.297057331304,0.15091631967691857,3.3322030656708344,25.601946981227805,221.26262049720953,2935.0745814307456,80.80590132494004,0.11083211406882416,2080.689053779807,0.06597821707825366,0.14397996984591038,3.4677381899630393,0.026132860198752172,7.255128288337392,0.11022102923289855,138.94911910487457,3.70994064272653,189892.17474730528,0.6636894642288628,0.19187419958494195,40176.44509919054,3.7707638887360715,21.573396804093445,7.917816549930797,166.3867102853388,1.3615764198990112,0.16432773189356162,0.14784737658851654,3.3168297318414752,0.023114712532434092,103.92605187993276,0.00022061159065104373,5.975432721766757,0.007769584473069584,0.011494861494180499,39_Malignant_center1.png,/mnt/wangbd8/workspace/DataSets/ThyroidAgent/Classifaction_Data/Lymph_Node_Metastasis_fake/images/39_Malignant_center1.png,/mnt/wangbd8/workspace/DataSets/ThyroidAgent/train_val_test/pred_masks/Lymph_Node_Metastasis_fake/Lymph_images/39_Malignant_center1.png
0.9996416197763404,462.63426274256676,564.978760662735,159431.5,462.4684637720125,1942.0243866176354,0.012180932793191029,159430.0,0.7288485915980216,58.0,150.0,1661797134.0,2.4332353898385795,44.0,3.789917758584087,250.0,27.908917209681423,95.62713416546447,87.0,9.0,241.0,18.82058458934321,102.09488393879278,1.0157077629975417,1661797134.0,0.22719317523831384,1278.8165377758276,20.982883778275422,4.350621493093124,260.8372395117128,23.704717565814562,8.355099227448417,0.13519361900208843,0.9681533672755216,0.13518103817024382,0.571560652457221,0.1169197059213035,0.1774966326236906,3.1164584964776645,-0.7188371444462522,0.9847422123787971,0.9324107389980626,0.9988918605317856,0.9324115777201856,0.988734994132171,0.13517002994237978,0.29220869083863826,2.9811898773671395,2.122573211612626,4174.777372761653,0.1902208672147288,2.454263330705598,23.41636670159931,104.33389529320637,1866.00305280904,8.144758600392308,0.06977920181358704,6.720837987152539,1692.3963639677404,0.07711287938979088,0.13765916076020823,51.56357077889684,0.14819940564771555,3.620831392187271,0.011185504415646483,4174.777372761653,0.1902208672147288,2.454263330705598,23.41636670159931,104.33389529320637,1866.00305280904,8.144758600392308,0.06977920181358704,1692.3963639677404,0.07711287938979088,0.14819940564771555,3.620831392187271,0.011185504415646483,6.720837987152539,0.13765916076020823,51.56357077889684,3.3211476491821004,96607.89289343286,0.6059580561590219,0.22332796584822706,36221.40792824437,2.12476846483247,21.051552405444397,7.647218214890548,157.8012356520103,0.5543690131940858,0.07205549467777979,0.15662499041725034,3.40926111773192,0.011263242054637109,79.82861036217476,0.00022944722786509255,7.648915784731714,0.0051423920855176875,0.015389886195327147,3_Benign_center1.png,/mnt/wangbd8/workspace/DataSets/ThyroidAgent/Classifaction_Data/Lymph_Node_Metastasis_fake/images/3_Benign_center1.png,/mnt/wangbd8/workspace/DataSets/ThyroidAgent/train_val_test/pred_masks/Lymph_Node_Metastasis_fake/Lymph_images/3_Benign_center1.png
0.9996756876566285,492.86471519682954,601.7482862460017,180748.0,492.7048730860789,2028.3259018078022,0.011221844235110775,180747.0,0.7430258883072186,17.0,110.0,884691733.0,2.47119653532898,46.0,3.656572952501864,218.0,28.00027639394781,60.129811283174824,55.0,0.0,218.0,19.401543036364803,69.96171317786947,0.882116494518719,884691733.0,0.20800640809528517,1279.0471058322564,10.683531173729753,2.934293876192589,254.7556370512974,20.185462545218957,8.414265101185697,0.12046261371200354,0.9717711876146365,0.12038495673396937,0.5308613156955716,0.10597007590416385,0.16558442771195991,3.096135729024793,-0.7468757064940232,0.9874434172244345,0.9398152873308186,0.9985310105848418,0.9398204644626876,0.9879622102991307,0.12031700687818948,0.25511426669625026,2.975260476444043,2.133681928724425,4228.431936109732,0.19078788684337555,2.375672344436329,13.671434372602986,187.5585886387222,1141.7873031629292,100.67907898019024,0.19470836739945968,6.805976978227627,1636.8981184857646,0.0738572448894899,0.1226189093041655,121.04887124375968,0.1478342619037107,2.278415542928182,0.02858153118421648,4228.431936109732,0.19078788684337555,2.375672344436329,13.671434372602986,187.5585886387222,1141.7873031629292,100.67907898019024,0.19470836739945968,1636.8981184857646,0.0738572448894899,0.1478342619037107,2.278415542928182,0.02858153118421648,6.805976978227627,0.1226189093041655,121.04887124375968,3.2991754063519534,114979.61934084659,0.6361356998503245,0.2064520487331304,37596.53424399852,2.1353085095752746,10.744388565232065,7.795166724758917,80.26122701898234,2.21590599813523,0.2722550505241857,0.1516973080235541,1.7589374466335082,0.03821465268999627,170.92079957048242,0.0002385559246809838,4.645855601957311,0.00703117865275155,0.01097996753220239,3_Malignant_center1.png,/mnt/wangbd8/workspace/DataSets/ThyroidAgent/Classifaction_Data/Lymph_Node_Metastasis_fake/images/3_Malignant_center1.png,/mnt/wangbd8/workspace/DataSets/ThyroidAgent/train_val_test/pred_masks/Lymph_Node_Metastasis_fake/Lymph_images/3_Malignant_center1.png
0.9995835171176174,405.2192514020496,494.26814584797995,121815.5,405.0504845202288,1738.9949493661159,0.014275645951181219,121814.0,0.7114721217702663,54.0,147.0,1209207113.0,2.452967458622441,47.0,3.35726734009185,255.0,28.633768252790794,92.98381959380696,85.0,15.0,240.0,20.0259025942298,99.63266438886114,0.8374474275731437,1209207113.0,0.21767695108817428,1280.6771069698016,20.11885306667106,4.252310505592989,228.00098651990862,19.396962235561,8.298412774194203,0.1515790514159569,0.9641232667334537,0.1384985420339039,0.5814225634298498,0.13239720527043985,0.16919330056917445,3.142769252839932,-0.7182189169103926,0.9851186605551542,0.9316629295378166,0.9987857588018727,0.9317427695942876,0.988523335360448,0.13554434025124304,0.2648967891797499,3.003457126614344,2.1124979564025397,3161.9096705632305,0.18667550304423372,2.437074675783731,22.340536072735862,99.62415869642224,1746.7551658991617,8.356574169532115,0.07528045418887637,6.700758999349502,1308.658401228008,0.07726168386043264,0.13904805687359417,47.90277302169633,0.149275935211229,3.4483365314851375,0.012865724021949791,3161.9096705632305,0.18667550304423372,2.437074675783731,22.340536072735862,99.62415869642224,1746.7551658991617,8.356574169532115,0.07528045418887637,1308.658401228008,0.07726168386043264,0.149275935211229,3.4483365314851375,0.012865724021949791,6.700758999349502,0.13904805687359417,47.90277302169633,3.347518795331918,73508.17566125405,0.6034460379041329,0.22527144704796037,26516.100119854862,2.1163462702912743,20.191513290754756,7.63403221304612,151.20390923867535,0.5954112138689146,0.07752563129458635,0.15722558800940595,3.272728184864721,0.01224168012875955,61.96574323118894,0.0003044366951078744,7.932402598308222,0.0052722522451213285,0.020000595464180638,40_Benign_center1.png,/mnt/wangbd8/workspace/DataSets/ThyroidAgent/Classifaction_Data/Lymph_Node_Metastasis_fake/images/40_Benign_center1.png,/mnt/wangbd8/workspace/DataSets/ThyroidAgent/train_val_test/pred_masks/Lymph_Node_Metastasis_fake/Lymph_images/40_Benign_center1.png
0.9995841040668553,462.6247241792475,564.978760662735,159478.0,462.43232043788913,1832.468037431535,0.011490412705398457,159477.0,0.7725363334392303,14.0,113.0,824888571.0,2.53823861707576,51.0,5.132120153128342,255.0,30.46519441936959,60.2338832558927,55.0,0.0,255.0,21.219917943095307,71.9198237679281,1.1144715457108982,824888571.0,0.19610973824578995,1544.3403587253238,11.148330503678551,2.9460416273659056,504.6394662983903,34.003518801847186,10.073218467067264,0.19654153304407976,0.9617242208110122,0.13479217757655784,0.5611766285308176,0.17837260190824938,0.15452874230538902,3.188982419768522,-0.7436191408729345,0.9884643622951554,0.9361441621020072,0.9985703084749811,0.936285898437851,0.9890462663091223,0.1250789040375746,0.23109476199459222,3.0557263511849966,2.567440000027837,3809.117761557178,0.18535852854292836,2.6394712060667413,14.38184914841849,184.7858394160584,1056.4469586374696,114.74055054890846,0.1937752390198649,6.733866426871039,1631.9050121654502,0.07941143611510706,0.12885870689817341,124.56144214396078,0.1557162491686494,2.5068406415674067,0.029589611611129656,3809.117761557178,0.18535852854292836,2.6394712060667413,14.38184914841849,184.7858394160584,1056.4469586374696,114.74055054890846,0.1937752390198649,1631.9050121654502,0.07941143611510706,0.1557162491686494,2.5068406415674067,0.029589611611129656,6.733866426871039,0.12885870689817341,124.56144214396078,3.3833474635943643,99449.67488101733,0.6235988567694233,0.2149263799354775,31274.992726223845,2.567662765869816,11.246643716648796,7.735040162531274,83.06587783818357,2.439728872234827,0.298293132374435,0.15412462821180067,1.880018922965555,0.041542367402496866,110.07920352115515,0.00026574628538406054,8.578444803950264,0.006182892748619365,0.022805702928531582,40_Malignant_center1.png,/mnt/wangbd8/workspace/DataSets/ThyroidAgent/Classifaction_Data/Lymph_Node_Metastasis_fake/images/40_Malignant_center1.png,/mnt/wangbd8/workspace/DataSets/ThyroidAgent/train_val_test/pred_masks/Lymph_Node_Metastasis_fake/Lymph_images/40_Malignant_center1.png
0.9996058623695245,462.9832741704566,564.978760662735,159152.0,462.8007950398253,2034.7523086789913,0.012784962229057702,159150.0,0.6950234092217396,43.0,141.0,1433547111.0,2.6286035969999313,46.0,3.77295504830691,255.0,29.810946891695785,86.57317624882187,80.0,0.0,255.0,19.73203861888361,94.90796543949448,0.6834283794995577,1433547111.0,0.19880922987726682,1512.6070580547046,18.381821733760177,3.9938620150739834,360.2121121873526,20.56504434515028,9.841068327057096,0.11751657381966676,0.9763989412171761,0.10892087419021451,0.49673820269756214,0.10565281698530621,0.16237393763034225,3.2120949037969897,-0.7770982052376182,0.9915296381496644,0.9461772063235275,0.9990529266548087,0.9462356528278424,0.9909671996191153,0.10682218599883131,0.2589296967558166,3.1020474083480507,2.4896462252191904,3095.774994280485,0.17706331470375686,2.7680135247752222,21.098890414092885,182.0978037062457,2768.744337680165,27.25819345329904,0.10243330830437695,7.167687176222282,1115.119652253489,0.0637794356127596,0.10985862393967954,99.2403295053016,0.12442645447983144,2.728032685829541,0.013387497323901765,3095.774994280485,0.17706331470375686,2.7680135247752222,21.098890414092885,182.0978037062457,2768.744337680165,27.25819345329904,0.10243330830437695,1115.119652253489,0.0637794356127596,0.12442645447983144,2.728032685829541,0.013387497323901765,7.167687176222282,0.10985862393967954,99.2403295053016,3.412162194094787,105476.44339302545,0.6627486232675177,0.18691126155296622,31640.488934967012,2.496596596847709,18.431215834118756,7.916883443292491,143.02833804586868,0.9990520677986529,0.12330602927723538,0.14635424302719308,2.791489510245401,0.01738560666546537,65.86254155985559,0.00031500966171151023,6.139646182509477,0.004917752665906743,0.021090739018032486,41_Benign_center1.png,/mnt/wangbd8/workspace/DataSets/ThyroidAgent/Classifaction_Data/Lymph_Node_Metastasis_fake/images/41_Benign_center1.png,/mnt/wangbd8/workspace/DataSets/ThyroidAgent/train_val_test/pred_masks/Lymph_Node_Metastasis_fake/Lymph_images/41_Benign_center1.png
0.9992793301657461,617.2020905261365,754.4832668787294,284360.5,616.7572915978559,2471.3969696196614,0.008691069855411217,284359.0,0.764886607358808,25.0,134.0,2300244336.0,2.7587676657875337,61.0,2.8438342321888284,249.0,34.43431719120306,79.1410013398556,80.0,0.0,249.0,24.85217644715076,89.94012687077182,0.4427151189443535,2300244336.0,0.1656025595473876,1825.9283284555036,16.648891708073442,3.703682559819572,394.04842378527127,16.751431787844417,11.84335696831925,0.11684815167212884,0.9804605104176987,0.11682700778799732,0.5202972909721721,0.10319960192343201,0.1316258700922476,3.3699751549573658,-0.7783986214341608,0.9931560058596632,0.9415886104944143,0.998843099684825,0.9415900200866898,0.9893795231093041,0.11680850688938224,0.20898615075589386,3.2529980807576937,2.990051279997845,5834.7670875570575,0.17294347879415073,2.7228963871398655,21.070069357993955,211.93215365463277,1908.0232971723278,89.9878291268397,0.11662634711353974,6.976833562183253,2486.557946529136,0.0737019961624618,0.11864579633491466,140.8934072855973,0.14507193299792692,3.242771757106769,0.0160049048373182,5834.7670875570575,0.17294347879415073,2.7228963871398655,21.070069357993955,211.93215365463277,1908.0232971723278,89.9878291268397,0.11662634711353974,2486.557946529136,0.0737019961624618,0.14507193299792692,3.242771757106769,0.0160049048373182,6.976833562183253,0.11864579633491466,140.8934072855973,3.562342846646922,183259.00791956647,0.6444635405229533,0.20118411055394972,47090.578230335595,2.991650528201024,16.696584247377434,7.833741854486758,125.71381950281159,1.5677672608448507,0.18931208848675454,0.15024044332066935,2.685042499094454,0.025590515618940296,155.58982322956456,0.00018835651856931846,4.945171742783349,0.00768652694820664,0.008805043890931216,41_Malignant_center1.png,/mnt/wangbd8/workspace/DataSets/ThyroidAgent/Classifaction_Data/Lymph_Node_Metastasis_fake/images/41_Malignant_center1.png,/mnt/wangbd8/workspace/DataSets/ThyroidAgent/train_val_test/pred_masks/Lymph_Node_Metastasis_fake/Lymph_images/41_Malignant_center1.png
0.9997222037679785,346.7721436645088,423.55755216971403,89795.5,346.6758116696288,1423.0121933088199,0.015847255077468467,89794.0,0.7464893173167104,60.0,154.0,1028713113.0,2.531527637974811,48.0,3.6922823511902014,255.0,29.168095467237773,100.47416308439317,93.0,10.0,245.0,20.225490428632384,107.03442461911392,0.8560001429193251,1028713113.0,0.2057417267124175,1361.310606035546,22.872469794006864,4.549156691144419,287.43181855065063,21.70225604846485,8.873724256327751,0.1631514826364439,0.9638920601877956,0.1309615621053102,0.5571300333856004,0.1460005518873809,0.1619759624177218,3.190076268047167,-0.739049477760502,0.9880448283905954,0.9365824618288271,0.9987426596084291,0.9367029716952595,0.9892398389695316,0.12488427220094653,0.2757714962724519,3.056721025164218,2.2592189347410483,2118.5163545352552,0.18283562220896307,2.5807688595280647,24.94019159402779,116.91464572365582,2364.8399067920946,8.280824292843594,0.0650663625881225,6.862596897048302,838.4229740226116,0.07235893449750683,0.1290398022139564,56.85916847512356,0.13461806457202738,3.357163702256085,0.009827229148737623,2118.5163545352552,0.18283562220896307,2.5807688595280647,24.94019159402779,116.91464572365582,2364.8399067920946,8.280824292843594,0.0650663625881225,838.4229740226116,0.07235893449750683,0.13461806457202738,3.357163702256085,0.009827229148737623,6.862596897048302,0.1290398022139564,56.85916847512356,3.3914290623897414,55852.57770006905,0.6220079036468923,0.21091902852069794,18474.372608414815,2.2637741640100084,22.948370715192553,7.729046484174889,174.8125264494287,0.5181273988483328,0.06672456582821211,0.15289687754440412,3.5843294404723904,0.010225158354162748,40.06352540834111,0.0004537936621282205,7.199173557112261,0.00534009541247271,0.027140228741016275,42_Benign_center1.png,/mnt/wangbd8/workspace/DataSets/ThyroidAgent/Classifaction_Data/Lymph_Node_Metastasis_fake/images/42_Benign_center1.png,/mnt/wangbd8/workspace/DataSets/ThyroidAgent/train_val_test/pred_masks/Lymph_Node_Metastasis_fake/Lymph_images/42_Benign_center1.png
0.9997532098271856,358.1535992132081,437.6996687227442,95967.5,358.0652104245642,1404.1837661840736,0.014631867727971174,95966.0,0.7820654045525642,66.0,157.0,1166832918.0,2.4325646820674,46.0,3.2522663604361153,253.0,27.45003439543116,104.7769835149949,98.0,27.0,226.0,19.32026987203067,110.26702049917716,0.7876402646606212,1166832918.0,0.2156520941380982,1180.599535264447,15.746235569683787,3.7249874518989454,187.50696591080015,15.491774969594397,7.631929479042257,0.1491132675255145,0.9616726774592544,0.14909235402375776,0.6076973574872216,0.12688473749716897,0.16060298005214776,3.1667636613445453,-0.6980713695008254,0.9831024924886529,0.9254559143382968,0.9985236429606204,0.9254573085717472,0.9864463080698231,0.14907405470972063,0.27227287937092187,3.017521471427963,1.9452606866419428,2988.800973202659,0.20483866583528607,2.031860763877017,17.09738880131588,81.7255842642725,1150.7747926804195,10.170739362812725,0.10841152205239983,6.472306003346646,1248.296963881845,0.08555252990760366,0.15204343204885062,38.467760055611045,0.16096838002246627,2.900467824708206,0.01879531037818088,2988.800973202659,0.20483866583528607,2.031860763877017,17.09738880131588,81.7255842642725,1150.7747926804195,10.170739362812725,0.10841152205239983,1248.296963881845,0.08555252990760366,0.16096838002246627,2.900467824708206,0.01879531037818088,6.472306003346646,0.15204343204885062,38.467760055611045,3.375653796520096,55706.43971823354,0.5804810007526993,0.24010729979264406,20695.26886605673,1.9455528547066432,15.826740720671905,7.5080549361232105,116.96641518871267,0.8515864690991485,0.11254382616263109,0.16205044842270525,2.6398799806412923,0.018160523917196313,73.4707477970983,0.0003414686436631057,7.154701767512091,0.006320106014920133,0.01902345641535013,42_Malignant_center1.png,/mnt/wangbd8/workspace/DataSets/ThyroidAgent/Classifaction_Data/Lymph_Node_Metastasis_fake/images/42_Malignant_center1.png,/mnt/wangbd8/workspace/DataSets/ThyroidAgent/train_val_test/pred_masks/Lymph_Node_Metastasis_fake/Lymph_images/42_Malignant_center1.png
0.9989928918978631,510.23964800802696,621.5472628851325,191918.0,509.7257815244866,2203.6984848098327,0.011482500259537056,191918.0,0.704710290858592,43.0,141.0,1747963460.0,2.60662301695167,45.0,3.42933511502921,255.0,29.266682866453007,87.7471315874488,83.0,5.0,250.0,19.866613336637954,95.43514117981366,0.572605483693178,1747963460.0,0.1956897341724134,1408.3070701859072,18.579479572543327,4.038243374526006,288.49267932443485,15.173637436395836,9.210280730222204,0.12200064766162814,0.9738540571760401,0.11053076915041418,0.5004982664655647,0.10978359673264598,0.15847909039098812,3.1967417927918276,-0.7734492070089237,0.9910878553682658,0.9455318678363264,0.9990242615841278,0.9455868538120258,0.990845989128449,0.1080878968878724,0.2612844592547713,3.0852868515048173,2.3330703444709577,3924.969863916749,0.18481752902560386,2.439308875095453,21.438103310260395,194.05198474360785,2723.345764467674,33.60973871818989,0.09216192244266523,7.069116584637531,1382.0476997692706,0.06507735083906722,0.11065663460436229,112.3852702088409,0.13322726806217927,2.903126088186783,0.012879906571085818,3924.969863916749,0.18481752902560386,2.439308875095453,21.438103310260395,194.05198474360785,2723.345764467674,33.60973871818989,0.09216192244266523,1382.0476997692706,0.06507735083906722,0.13322726806217927,2.903126088186783,0.012879906571085818,7.069116584637531,0.11065663460436229,112.3852702088409,3.3951559801383446,126997.62795568942,0.6617285921887963,0.18997665775815,37556.38240290124,2.33440106934567,18.63610500317844,7.911076605633656,144.37655665440448,0.9125400153244908,0.11252732646974214,0.14723996706926917,2.8440097680606646,0.01587898708568682,78.6932654491525,0.00025572022879321573,6.245405142194734,0.004665489234409417,0.016879246197783013,43_Benign_center1.png,/mnt/wangbd8/workspace/DataSets/ThyroidAgent/Classifaction_Data/Lymph_Node_Metastasis_fake/images/43_Benign_center1.png,/mnt/wangbd8/workspace/DataSets/ThyroidAgent/train_val_test/pred_masks/Lymph_Node_Metastasis_fake/Lymph_images/43_Benign_center1.png
0.9998773057332887,346.5602813560636,423.55755216971403,89921.0,346.5177603964714,1234.1421356237308,0.01372473766554788,89921.0,0.8613314716424442,47.0,159.0,1073974262.0,2.734630103217001,60.0,2.4339916799893366,240.0,34.028345797572264,101.16682421236419,96.0,11.0,229.0,25.481844850811502,109.28646357972444,0.23843845532563124,1073974262.0,0.16757568758488775,1708.8048005470396,23.705854126679462,4.582611703789671,295.76792605103964,8.089610969052794,10.949110635041963,0.12701423916439764,0.977065220804763,0.12701423916439764,0.5491924919314236,0.11088162221388685,0.13018240369061373,3.3922013186885667,-0.759541867694766,0.9921193110046135,0.9364928804178011,0.9987424332756,0.9364928804178011,0.9884532509850547,0.12701423916439764,0.22721287327590056,3.2651870795241718,2.7690312185515897,1988.6434864425626,0.17010037519823476,2.621677689864801,26.991874091181252,134.24711316397227,2385.889402104183,15.368445253514434,0.07038831998852885,6.876386894796209,886.3666923274313,0.07581615707188703,0.13001412350841293,75.08837052139523,0.14699106695368733,4.034159387043646,0.010879117324213138,1988.6434864425626,0.17010037519823476,2.621677689864801,26.991874091181252,134.24711316397227,2385.889402104183,15.368445253514434,0.07038831998852885,886.3666923274313,0.07581615707188703,0.14699106695368733,4.034159387043646,0.010879117324213138,6.876386894796209,0.13001412350841293,75.08837052139523,3.591936111804407,55818.36257381479,0.6207489081951356,0.21445512759258212,15068.573403320692,2.7692116663265622,23.77463551339509,7.721900334738271,179.4709022364075,0.6518791698369489,0.08240689900188668,0.15396106953140348,3.797459251268706,0.012227570845883275,42.97916956556599,0.000541122014490126,5.18005982036316,0.007725360383083768,0.021012169192720843,43_Malignant_center1.png,/mnt/wangbd8/workspace/DataSets/ThyroidAgent/Classifaction_Data/Lymph_Node_Metastasis_fake/images/43_Malignant_center1.png,/mnt/wangbd8/workspace/DataSets/ThyroidAgent/train_val_test/pred_masks/Lymph_Node_Metastasis_fake/Lymph_images/43_Malignant_center1.png
0.9996145522213785,520.6109015583166,635.6893895606564,201596.5,520.4102332427849,2132.183766184073,0.010576491983660794,201596.0,0.7464862172027809,32.0,130.0,1398725943.0,2.55531377242092,48.0,3.666938027463436,255.0,29.708720383482113,74.30256056667791,67.0,5.0,250.0,20.61434387281848,83.29623269511076,0.8765220991198133,1398725943.0,0.20158026387669223,1417.3918744332002,14.557587509944312,3.5032642203659505,312.1634211001431,23.12497269187386,9.282162033399556,0.143252784407319,0.9696028690139598,0.1274711614956245,0.549615264989948,0.12700388739427543,0.15912107557908411,3.20714330282705,-0.7446527172935541,0.9888061502496309,0.9372382195230204,0.9988680286095332,0.9372955713875315,0.9894510850347276,0.12460793141958823,0.2659307875894988,3.0789547920148084,2.356353704451719,4584.210331239515,0.17885413488508115,2.6474929183948195,17.069174047052396,131.18715617806564,1520.4512114236666,26.702671733693972,0.14214783499114592,6.905566878879612,1861.3242947992665,0.07262004193356741,0.1271404194527669,69.3239078600602,0.14698516413628065,2.7423774302315707,0.02119712585572669,4584.210331239515,0.17885413488508115,2.6474929183948195,17.069174047052396,131.18715617806564,1520.4512114236666,26.702671733693972,0.14214783499114592,1861.3242947992665,0.07262004193356741,0.14698516413628065,2.7423774302315707,0.02119712585572669,6.905566878879612,0.1271404194527669,69.3239078600602,3.4099504839063446,126359.16181868687,0.6267939930290625,0.2119340445049729,40637.774876485644,2.357919482675672,14.629213873291137,7.750907756106272,110.37262148058493,1.2673683112891954,0.16052078673422188,0.15324543476391728,2.3540375580644235,0.023897359117758508,114.1178237295852,0.00021119703716190148,7.8063566670913875,0.005404629663689291,0.016094747139999123,44_Benign_center1.png,/mnt/wangbd8/workspace/DataSets/ThyroidAgent/Classifaction_Data/Lymph_Node_Metastasis_fake/images/44_Benign_center1.png,/mnt/wangbd8/workspace/DataSets/ThyroidAgent/train_val_test/pred_masks/Lymph_Node_Metastasis_fake/Lymph_images/44_Benign_center1.png
0.9994892151572512,617.3029830307058,754.4832668787294,284434.0,616.9876740235901,2473.94112549695,0.008697768640517484,284433.0,0.7641987558264536,22.0,124.0,1792298267.0,2.600955155910521,48.0,3.2953559095076908,227.0,30.233749812890547,69.5408655113858,64.0,0.0,227.0,20.994744859262838,79.3807415175401,0.7157940409537318,1792298267.0,0.18987394272904434,1465.3701478018672,13.383854467569433,3.3146761875237787,300.0775728619206,19.586908200640448,9.67642464152574,0.08931968379669424,0.9817075522722648,0.089312638268491,0.4342161404158625,0.08134293644221591,0.16002318701926638,3.1083507320110884,-0.8048821351835687,0.9923734547385046,0.9553443854185749,0.9991156507195653,0.9553448551204552,0.9918807226235328,0.08930647343131315,0.26619766933927036,3.0189850847146418,2.441436081330609,4616.652120229965,0.17813219586487497,2.5523181422816656,16.465100127329553,293.3177065246749,2761.8428830497355,104.95611174204991,0.15321408275932863,7.362234837443498,1410.6256511170275,0.05442858552753125,0.09111811920557741,172.87222659648137,0.10900662399884814,1.9398662668410611,0.016523341170701113,4616.652120229965,0.17813219586487497,2.5523181422816656,16.465100127329553,293.3177065246749,2761.8428830497355,104.95611174204991,0.15321408275932863,1410.6256511170275,0.05442858552753125,0.10900662399884814,1.9398662668410611,0.016523341170701113,7.362234837443498,0.09111811920557741,172.87222659648137,3.2965143058460944,201160.6265834133,0.7072337829415479,0.1602696129429293,54006.415152250265,2.442045922842744,13.421916584925096,8.100062229066248,105.99323566534122,1.804687347195314,0.2158345787486452,0.13985718956661147,1.9687719857478643,0.02840403680132454,139.28689056555655,0.0002199297100060071,4.271274708194427,0.004822948568679154,0.012241580716230688,44_Malignant_center1.png,/mnt/wangbd8/workspace/DataSets/ThyroidAgent/Classifaction_Data/Lymph_Node_Metastasis_fake/images/44_Malignant_center1.png,/mnt/wangbd8/workspace/DataSets/ThyroidAgent/train_val_test/pred_masks/Lymph_Node_Metastasis_fake/Lymph_images/44_Malignant_center1.png
0.9989471514556029,405.632603020843,494.26814584797995,121529.5,405.2055333251925,1802.225396744415,0.01482953025186819,121528.0,0.6857039988213564,43.0,152.0,1270688383.0,2.749358236463284,63.0,2.6320889636244558,255.0,34.52320295191614,93.39040385754723,88.0,5.0,250.0,25.67754687771201,102.2542468729526,0.38504121164246335,1270688383.0,0.16722829619913476,1734.1634708789636,20.97966073713319,4.266548351149449,331.663062740916,13.517827583782259,11.258075436643134,0.15317181889471299,0.9731542371373332,0.12774774031119734,0.5475653470705837,0.13685233374009587,0.1311681348158784,3.3980493940780865,-0.7635431237125643,0.9924493840287325,0.9377151939319688,0.9988090311458976,0.9377915976329035,0.9894743106151895,0.12323299415656863,0.2188534400924512,3.269649004346415,2.852811813884462,2519.1696764973367,0.16364620478740657,2.8304070050593815,24.350266337534105,136.2753020657399,2224.649863583214,19.246323766971013,0.08527303606857883,6.9781786068516505,1130.6366116668833,0.07344657734616625,0.12667039694555987,73.95210309654466,0.15183132051487996,3.8729805970698212,0.013311329842900234,2519.1696764973367,0.16364620478740657,2.8304070050593815,24.350266337534105,136.2753020657399,2224.649863583214,19.246323766971013,0.08527303606857883,1130.6366116668833,0.07344657734616625,0.15183132051487996,3.8729805970698212,0.013311329842900234,6.9781786068516505,0.12667039694555987,73.95210309654466,3.601049079204821,76337.14513527746,0.6281445027917638,0.2126435359561599,20322.920380488446,2.8565387069797197,21.05736949509578,7.756780330458824,159.26375814627082,0.8593164981722177,0.10723575678105093,0.15347309079206256,3.3773940527651605,0.015590914027826294,65.15269328064895,0.00040621336106098503,5.501584841177705,0.008048176990239748,0.018010703514740278,45_Benign_center1.png,/mnt/wangbd8/workspace/DataSets/ThyroidAgent/Classifaction_Data/Lymph_Node_Metastasis_fake/images/45_Benign_center1.png,/mnt/wangbd8/workspace/DataSets/ThyroidAgent/train_val_test/pred_masks/Lymph_Node_Metastasis_fake/Lymph_images/45_Benign_center1.png
0.9996141766151838,445.9283670214998,545.1797868593442,148852.0,445.75631742955005,1614.7279220613577,0.010847875218749884,148852.0,0.8469990318895964,37.0,111.0,896076029.0,2.2684796035516674,38.0,4.02960255195064,215.0,23.32535043345079,71.61684760701905,69.0,3.0,212.0,16.239555375795916,77.58809567858987,0.8462052824319396,896076029.0,0.24389754655472223,890.9397298630258,13.03817889114166,3.403242646117783,135.80722739753904,11.253111993757255,5.92909500913138,0.10462147798382046,0.9653210494038836,0.10460800625088408,0.4835173448348471,0.09367864301203546,0.20037251336117645,2.835904268136186,-0.7493897404479347,0.9831489585291088,0.9476973440478517,0.9987241399141712,0.9476982421633808,0.9895393218452111,0.10459621848456477,0.30311399106824105,2.73121030484247,1.5084291217788002,3451.3684210526317,0.2167672667411526,1.7604331549982841,15.049805300841603,187.16015575932673,2001.3688606958924,28.344327198319558,0.12824896979033812,6.902533916393898,981.1542519783947,0.061622550683230415,0.10696530782253513,99.75961707306286,0.12753504888992986,2.001329716380236,0.019097968336464564,3451.3684210526317,0.2167672667411526,1.7604331549982841,15.049805300841603,187.16015575932673,2001.3688606958924,28.344327198319558,0.12824896979033812,981.1542519783947,0.061622550683230415,0.12753504888992986,2.001329716380236,0.019097968336464564,6.902533916393898,0.10696530782253513,99.75961707306286,3.0386181351308803,99698.42931233709,0.6697822623299458,0.1841533434243301,36304.637599763526,1.5101844278151726,13.076955633783893,7.9463359578641874,101.83885335769757,1.0688698866060222,0.1337138568172392,0.14570923542250766,1.9748180146125758,0.01947042274483624,104.19714318072877,0.0002848447247781518,3.996557192037886,0.0043646973216101845,0.012474963024520383,45_Malignant_center1.png,/mnt/wangbd8/workspace/DataSets/ThyroidAgent/Classifaction_Data/Lymph_Node_Metastasis_fake/images/45_Malignant_center1.png,/mnt/wangbd8/workspace/DataSets/ThyroidAgent/train_val_test/pred_masks/Lymph_Node_Metastasis_fake/Lymph_images/45_Malignant_center1.png
0.9992419415781123,462.837738592997,564.978760662735,159338.0,462.48688054728916,1891.8822509939075,0.011873390220750277,159337.0,0.7479464582519688,35.0,135.0,1247901204.0,2.603700635363603,47.0,3.6800112055602354,255.0,29.93455989518768,79.7748043455067,74.0,9.0,246.0,20.410133986412426,88.49765925807115,0.8162523699421261,1247901204.0,0.19748167556504825,1467.816285793792,16.20842065514963,3.720337329683124,335.71681086233144,22.4642981847618,9.62308769738831,0.15304446332483718,0.9686901811864065,0.12552943767897037,0.5411956188679631,0.13728682360083863,0.15721566487668712,3.243471730080011,-0.7539348599416966,0.9900791426153359,0.9387740593013926,0.9988294602901182,0.9388327846531376,0.9896619652664439,0.12134492144887693,0.27392303093237674,3.116982858005294,2.4440330401782875,3485.182818493842,0.17591272049736736,2.7245151746220646,19.57253179890975,144.5569856652534,1764.0133757318797,25.82149195154012,0.11609890719191153,6.953552138319405,1439.8058752271352,0.07267342394645342,0.12434023484815203,79.87599941315926,0.1475757675534819,3.120019786373148,0.016737310719818613,3485.182818493842,0.17591272049736736,2.7245151746220646,19.57253179890975,144.5569856652534,1764.0133757318797,25.82149195154012,0.11609890719191153,1439.8058752271352,0.07267342394645342,0.1475757675534819,3.120019786373148,0.016737310719818613,6.953552138319405,0.12434023484815203,79.87599941315926,3.4427641180557287,100792.29663543307,0.6325730786661797,0.20864133922914108,31466.137739508085,2.4468228684487747,16.286593823154696,7.778400497059691,122.69585218750196,1.1289247145621135,0.14118599519108674,0.1523120458176346,2.6240651365763545,0.02049428231479831,81.30895008409394,0.0002795972402955549,7.245964401378629,0.005510669262412195,0.019667447866155013,46_Benign_center1.png,/mnt/wangbd8/workspace/DataSets/ThyroidAgent/Classifaction_Data/Lymph_Node_Metastasis_fake/images/46_Benign_center1.png,/mnt/wangbd8/workspace/DataSets/ThyroidAgent/train_val_test/pred_masks/Lymph_Node_Metastasis_fake/Lymph_images/46_Benign_center1.png
0.9998783387883154,508.2559387543854,621.5472628851325,193447.0,508.1941037210307,1862.6274169979695,0.009628618779293396,193446.0,0.8370664590281564,17.0,119.0,1036943036.0,2.5586320924540327,52.0,3.2330416036495917,218.0,30.811452731098647,62.266069083878705,55.0,0.0,218.0,21.798224864096664,73.21457954210463,0.8263201252474277,1036943036.0,0.19287439357023412,1483.3112983688097,11.548898906679103,3.023286180631121,299.6899355058161,23.546562314385728,9.747123724633267,0.11256541789730037,0.9771665381595572,0.11252396497227835,0.5077076497249988,0.09990377520421784,0.15601928706397858,3.15546078316922,-0.7667773873394584,0.990068993278374,0.9437421628063631,0.9986272866852625,0.9437449263346979,0.9887479803475452,0.11248769366288407,0.24049432613088761,3.0426689867290015,2.4649222856326425,3952.473114399134,0.1782963332009714,2.602000222115401,14.808462648863227,248.91907253699026,1409.517412486467,149.17524808096948,0.1887229584233148,6.956093399760672,1551.800974377481,0.07000184835697768,0.1145952875737932,172.7696731260291,0.13475956020188828,2.1806424559339215,0.02585617497241481,3952.473114399134,0.1782963332009714,2.602000222115401,14.808462648863227,248.91907253699026,1409.517412486467,149.17524808096948,0.1887229584233148,1551.800974377481,0.07000184835697768,0.13475956020188828,2.1806424559339215,0.02585617497241481,6.956093399760672,0.1145952875737932,172.7696731260291,3.3526532716752584,126253.79393732618,0.6526565239773693,0.19431059138083295,37310.77993858751,2.464878659125245,11.602555751992805,7.871695460231796,87.7336724460573,2.2451056545928316,0.2730799059102282,0.14833568253902613,1.8462556877773528,0.03746618172569663,171.64419773439556,0.00025827153126826546,4.179410192944081,0.007624285502043193,0.01089695775001562,46_Malignant_center1.png,/mnt/wangbd8/workspace/DataSets/ThyroidAgent/Classifaction_Data/Lymph_Node_Metastasis_fake/images/46_Malignant_center1.png,/mnt/wangbd8/workspace/DataSets/ThyroidAgent/train_val_test/pred_masks/Lymph_Node_Metastasis_fake/Lymph_images/46_Malignant_center1.png
0.9996643631766952,462.4394719361511,564.978760662735,159570.5,462.2842602208197,1773.698484809835,0.011115453575753883,159570.0,0.798364909033364,13.0,99.0,603848186.0,2.3477530646825078,44.0,5.296720009667209,255.0,27.635011621620546,50.048405088675814,42.0,0.0,255.0,18.7411312528553,61.516024393067966,1.33854178808393,603848186.0,0.2307130271758073,1279.378405208342,8.468861729868987,2.5286845329730747,358.92353141815124,30.903810526047806,8.433480287963253,0.1350152376763329,0.9684856606921657,0.103697885576047,0.474488048794717,0.12426198620338998,0.19276560046145222,2.8899805592033307,-0.7688569981282839,0.9863761882438282,0.9498618451259546,0.9989921660128468,0.9499220811409382,0.9914965699759778,0.09910335006227097,0.2828364070501744,2.7865204852522525,2.142123881409896,3271.3193174145235,0.20080531074915742,2.4675397805747243,11.441409367135227,321.7937511509422,1380.2501994966547,207.72367632360033,0.2674718570113649,6.979287805817928,1077.8067030875943,0.06615964048171348,0.10209312527417434,225.85214101452914,0.13639886834189552,1.6955859767774266,0.03469189953394159,3271.3193174145235,0.20080531074915742,2.4675397805747243,11.441409367135227,321.7937511509422,1380.2501994966547,207.72367632360033,0.2674718570113649,1077.8067030875943,0.06615964048171348,0.13639886834189552,1.6955859767774266,0.03469189953394159,6.979287805817928,0.10209312527417434,225.85214101452914,3.0903893577884,108794.71025882057,0.6817992746682997,0.17896348677466756,36814.87774644357,2.142475529890133,8.539123895469073,7.995538008397569,65.37027010089616,3.15869471544185,0.3808252320603704,0.14450258681317152,1.3340808283372676,0.05122470446517879,132.10690843636237,0.00030042803991913906,5.943825236728661,0.004898156787538924,0.025355631457391465,47_Benign_center1.png,/mnt/wangbd8/workspace/DataSets/ThyroidAgent/Classifaction_Data/Lymph_Node_Metastasis_fake/images/47_Benign_center1.png,/mnt/wangbd8/workspace/DataSets/ThyroidAgent/train_val_test/pred_masks/Lymph_Node_Metastasis_fake/Lymph_images/47_Benign_center1.png
0.9994193426058327,543.3195504349285,663.9736440552441,220384.5,543.0040679205728,2119.1543289325477,0.009615714031306864,220383.0,0.7852950675490962,34.0,160.0,2429925354.0,2.9125756731070203,65.0,2.583027545890146,255.0,37.772932906422625,94.19393510388733,91.0,7.0,248.0,27.50514436586808,105.004381436588,0.3431635581221777,2429925354.0,0.14740084818143484,2153.4227105251302,21.909644554613056,4.294874127305391,508.2329864797705,15.569080854238285,13.98425985293654,0.12945671207331771,0.9816551917452753,0.12943851909126053,0.5560099180667122,0.11270238184877908,0.11331125485414703,3.581396650376596,-0.7702262203418675,0.9943521866053968,0.9352825597525755,0.9989388865671297,0.9352837726180458,0.9892135733640748,0.1294226002319605,0.17271962340527142,3.4518204104139305,3.5284291412524644,4437.176980155306,0.15313811838327201,3.248501780342311,25.45463330457291,125.73939603106126,2047.4282312338223,29.15944644024058,0.09630424862863823,7.041498347234727,2191.693908541846,0.07564085965631911,0.13147565828580243,67.88860628386765,0.1485470756953758,3.9724732588251026,0.013383666448747713,4437.176980155306,0.15313811838327201,3.248501780342311,25.45463330457291,125.73939603106126,2047.4282312338223,29.15944644024058,0.09630424862863823,2191.693908541846,0.07564085965631911,0.1485470756953758,3.9724732588251026,0.013383666448747713,7.041498347234727,0.13147565828580243,67.88860628386765,3.7784383307823615,136212.37404427747,0.6180711490644808,0.21694037745504646,32484.64112476915,3.530013343990564,21.981872467477075,7.708375872912158,164.98127804776232,1.098793944966034,0.1359150632738908,0.15470037767583403,3.5587759592265384,0.019283392269642256,95.24508019507903,0.00024141279112445982,6.676798220742043,0.008205103755618021,0.01283355699981743,47_Malignant_center1.png,/mnt/wangbd8/workspace/DataSets/ThyroidAgent/Classifaction_Data/Lymph_Node_Metastasis_fake/images/47_Malignant_center1.png,/mnt/wangbd8/workspace/DataSets/ThyroidAgent/train_val_test/pred_masks/Lymph_Node_Metastasis_fake/Lymph_images/47_Malignant_center1.png
0.9996146257798865,463.1013945262788,564.978760662735,159053.5,462.92292718752975,1975.3553390593268,0.012419439616602758,159053.0,0.7157004933724271,19.0,113.0,800445433.0,2.5168940607075276,51.0,3.5544167760000676,230.0,29.86845816398106,60.362225170226274,53.0,0.0,230.0,21.370348280215758,70.94061236552052,0.9095780390175993,800445433.0,0.19995287573927706,1388.9722552939445,10.9209044890343,2.9412819688459377,293.7977134824607,23.42516103329813,9.17753329169747,0.0984738165932258,0.9787680592643763,0.09847381659322578,0.4641389528108785,0.08877672403878951,0.1663829568272711,3.059362281485588,-0.7843639091707681,0.9903061952477495,0.9507630917033871,0.9990250117168988,0.9507630917033871,0.9910478348551613,0.09847381659322578,0.2609263006600223,2.960888464892365,2.3190017770726747,2866.2031415570655,0.1786575541704834,2.5865542842422307,13.918718444181263,277.68864925512685,1749.77996634046,138.0808392071371,0.21236544198377988,7.153253615308383,978.4070934363897,0.06098654200812751,0.10086574915279813,179.39791869190734,0.11805924504055881,1.7342800002478798,0.026197696710689604,2866.2031415570655,0.1786575541704834,2.5865542842422307,13.918718444181263,277.68864925512685,1749.77996634046,138.0808392071371,0.21236544198377988,978.4070934363897,0.06098654200812751,0.11805924504055881,1.7342800002478798,0.026197696710689604,7.153253615308383,0.10086574915279813,179.39791869190734,3.256912152933092,108725.03636523674,0.6835774010250466,0.1746414286141515,31803.104744959226,2.3201023469750632,10.970808472647482,8.004948036189194,84.89025670688387,2.3178364900949386,0.280982649411188,0.14328661934491435,1.6676848457921436,0.03814715624901536,100.64692714038654,0.00034789020599709623,5.094299977634991,0.005046769656802697,0.021989231718538744,48_Benign_center1.png,/mnt/wangbd8/workspace/DataSets/ThyroidAgent/Classifaction_Data/Lymph_Node_Metastasis_fake/images/48_Benign_center1.png,/mnt/wangbd8/workspace/DataSets/ThyroidAgent/train_val_test/pred_masks/Lymph_Node_Metastasis_fake/Lymph_images/48_Benign_center1.png
0.9998665392960691,626.3276750584904,765.7969704823857,293093.0,626.2440849260856,2464.6690475583055,0.008409170630340218,293092.0,0.7786621132235088,17.0,118.0,1699445484.0,2.5520633632279157,51.0,2.787923955694656,198.0,29.772668052651554,66.48413467443669,64.0,0.0,198.0,21.33196695307772,76.14679637391308,0.4418529321382413,1699445484.0,0.18931126401942533,1378.194434601545,12.458013544789768,3.202435122097973,218.1144949967844,11.634671172579818,8.929403071508826,0.11971173733637368,0.9735417795297813,0.11002321280225358,0.5056979479577071,0.10760662998104369,0.15390454473089,3.1372458500059297,-0.7705050626628139,0.9901505054183332,0.9458510529890852,0.9981933344915226,0.9460631761345238,0.987867286726475,0.10590681395077639,0.24520103517474556,3.0159428018152497,2.2622787022113,5818.257405899668,0.18219632385231002,2.3208327696008295,15.597858082294733,235.68779357424688,1692.50093943759,116.96987274876705,0.17076312990071502,6.991591705167979,2127.138535729943,0.06661046332216268,0.10895554979323899,151.45110480241493,0.13186330814080047,2.259724540267069,0.02229401636944823,5818.257405899668,0.18219632385231002,2.3208327696008295,15.597858082294733,235.68779357424688,1692.50093943759,116.96987274876705,0.17076312990071502,2127.138535729943,0.06661046332216268,0.13186330814080047,2.259724540267069,0.02229401636944823,6.991591705167979,0.10895554979323899,151.45110480241493,3.3259278421134395,194991.66211292017,0.6652916562475952,0.18698038121685623,55485.61699398141,2.2669045796249567,12.497137417602664,7.926999031020976,95.76994595553614,2.005820662808259,0.2432591190739007,0.1464348699005394,1.9493926442512548,0.032974496199996706,283.2046372347535,0.00017317133707345813,2.8267273887718005,0.008831495591764374,0.004609543257449213,48_Malignant_center1.png,/mnt/wangbd8/workspace/DataSets/ThyroidAgent/Classifaction_Data/Lymph_Node_Metastasis_fake/images/48_Malignant_center1.png,/mnt/wangbd8/workspace/DataSets/ThyroidAgent/train_val_test/pred_masks/Lymph_Node_Metastasis_fake/Lymph_images/48_Malignant_center1.png
0.999799560389415,405.70855393966264,494.26814584797995,121462.0,405.62723387509993,1855.1959594928896,0.015273879563097016,121461.0,0.6659403901698322,50.0,148.0,1236588581.0,2.60700088467898,49.0,3.165898562808328,255.0,29.876359415281275,93.64195091428525,88.0,1.0,254.0,20.893592478059013,100.90070244582529,0.5695058880085794,1236588581.0,0.19487032455540643,1412.1367830275672,20.51140718958568,4.271067369325316,266.27939537453034,15.078827733346426,9.2138791936343,0.1363163285534924,0.9708420367830778,0.12741194739972245,0.5521303648795916,0.12008252421330273,0.15368894024885774,3.2661204515761995,-0.746906371016004,0.9897610509433878,0.9370009905687972,0.998896967809737,0.9370878901517654,0.9894294573234869,0.12486746098800762,0.2678335425890438,3.1349501677235003,2.3375488805469486,2685.2517805582293,0.172297194774349,2.750371552650563,22.36984279756176,120.87308309271735,2215.6474173885144,12.03489305700676,0.08909806133150171,6.955742932527013,1105.9729868463266,0.07096393884159939,0.12831279176031812,60.13513843022353,0.14444427381981223,3.439666343266822,0.01446974055438127,2685.2517805582293,0.172297194774349,2.750371552650563,22.36984279756176,120.87308309271735,2215.6474173885144,12.03489305700676,0.08909806133150171,1105.9729868463266,0.07096393884159939,0.14444427381981223,3.439666343266822,0.01446974055438127,6.955742932527013,0.12831279176031812,60.13513843022353,3.4680269956064422,75833.9640625386,0.6243482604501741,0.2130970481196579,23669.144490824216,2.3401052922525034,20.582746725286306,7.739200237113147,157.08218275825163,0.7035413112553593,0.09060893581690897,0.15357604498563324,3.2495419197200017,0.01397211222188457,53.48616060913291,0.0003633762588074487,7.1323948606795256,0.00535393243125362,0.022064860497912314,49_Benign_center1.png,/mnt/wangbd8/workspace/DataSets/ThyroidAgent/Classifaction_Data/Lymph_Node_Metastasis_fake/images/49_Benign_center1.png,/mnt/wangbd8/workspace/DataSets/ThyroidAgent/train_val_test/pred_masks/Lymph_Node_Metastasis_fake/Lymph_images/49_Benign_center1.png
0.9996630491441977,288.95653467688714,352.8469923352047,62376.5,288.85917052523814,1059.6984848098352,0.01698874551810113,62376.0,0.8354743476290427,26.0,108.0,345278099.0,2.3834892650581767,40.0,3.33618361508754,193.0,24.843826090427306,67.46804860843915,65.0,7.0,186.0,17.67454043497122,74.40048306867106,0.5462114831785726,345278099.0,0.22264133050617543,983.4942978209027,12.052523951372677,3.230923436116255,142.19303657310832,7.672643866008315,6.591189858525963,0.1365590532163272,0.959404236095083,0.1364624426374688,0.5753935908965986,0.11793705496574272,0.16986176589025498,3.073222462182595,-0.7101854010059689,0.9829031119068421,0.9317784397391514,0.9978992226345618,0.9317848804444087,0.9848385798244909,0.13637790838096772,0.28643426455196846,2.9362012858077238,1.6819372279355722,1856.7634679171908,0.21237143633960778,1.785466019259093,13.504517900034314,100.86194670021732,1014.3805329978268,25.959054119550906,0.16458223900143762,6.510373384280064,691.2379046094018,0.07906186716337663,0.1401660895216109,49.9623799560882,0.149296815852841,2.1240732696970097,0.025368536435037833,1856.7634679171908,0.21237143633960778,1.785466019259093,13.504517900034314,100.86194670021732,1014.3805329978268,25.959054119550906,0.16458223900143762,691.2379046094018,0.07906186716337663,0.149296815852841,2.1240732696970097,0.025368536435037833,6.510373384280064,0.1401660895216109,49.9623799560882,3.286558934080441,37504.09401051686,0.6012584008355275,0.22605026800773093,13887.4756316532,1.6845413726124407,12.122466974477364,7.622643324355521,90.51781133769398,1.4888880110020368,0.19057998842947038,0.15747242529177888,1.9779616091659187,0.028914752269106593,72.53019113730606,0.0005508282858696366,3.806811960634278,0.008090780854449203,0.016299393130978116,49_Malignant_center1.png,/mnt/wangbd8/workspace/DataSets/ThyroidAgent/Classifaction_Data/Lymph_Node_Metastasis_fake/images/49_Malignant_center1.png,/mnt/wangbd8/workspace/DataSets/ThyroidAgent/train_val_test/pred_masks/Lymph_Node_Metastasis_fake/Lymph_images/49_Malignant_center1.png
0.9998306963296278,463.0376761024942,564.978760662735,159142.0,462.9592821244094,2002.911688245427,0.012585688807765562,159141.0,0.7060501293497321,73.0,167.0,2212354025.0,2.4837793519533022,47.0,3.4830325260866757,255.0,28.83900132148893,112.27048340779561,104.0,29.0,226.0,20.731437938238923,117.90609909497523,0.8555180298588838,2212354025.0,0.21212218216822265,1297.1867591740117,18.22376520846066,4.01729243719717,249.09640437376146,20.24686656732162,8.499544225822087,0.15903749582574617,0.9632647699268969,0.14090390710158715,0.5865825836056902,0.13918358478925347,0.163115932174079,3.1816201892009084,-0.7187266843743797,0.9858135869279883,0.9308877428576682,0.9984730640108387,0.930997228865524,0.9872981218195439,0.13661880074639296,0.2876045138648235,3.038461242342912,2.1646454304119587,4289.244031830239,0.1928356800714939,2.3029309352712457,19.866879467697704,100.5539270781819,1570.5369329676753,10.576173655827663,0.08972096999169722,6.672897144196876,1743.9818819403858,0.07840587519401096,0.13976913554646508,49.364833225447086,0.15002355196364997,2.995336603888996,0.015550785395465998,4289.244031830239,0.1928356800714939,2.3029309352712457,19.866879467697704,100.5539270781819,1570.5369329676753,10.576173655827663,0.08972096999169722,1743.9818819403858,0.07840587519401096,0.15002355196364997,2.995336603888996,0.015550785395465998,6.672897144196876,0.13976913554646508,49.364833225447086,3.383549482919576,95815.66493235559,0.6020803245697562,0.22597860056277078,33757.336192433126,2.1658169222038683,18.303196536404823,7.6268906190108146,137.4394593473712,0.7095502516026262,0.09246281570344018,0.15744702985263243,2.951210282425997,0.014608665714934794,106.05658917387257,0.0002287179265356413,6.4127392424254985,0.00672002982838698,0.011354368418914393,4_Benign_center1.png,/mnt/wangbd8/workspace/DataSets/ThyroidAgent/Classifaction_Data/Lymph_Node_Metastasis_fake/images/4_Benign_center1.png,/mnt/wangbd8/workspace/DataSets/ThyroidAgent/train_val_test/pred_masks/Lymph_Node_Metastasis_fake/Lymph_images/4_Benign_center1.png
0.8873176804386945,632.6446119269796,731.7984695255929,266034.5,561.3567495970856,2219.1126983722083,0.008341447061836748,266034.0,0.8239380394292292,29.0,137.0,2233442663.0,2.7192949195249945,59.0,2.4984686220525782,242.0,33.15216795576502,82.20808242555462,80.0,3.0,239.0,24.438234612397366,91.62602196808926,0.2854530376120013,2233442663.0,0.16738080751401255,1637.1590856099917,17.221102158132457,3.8199679048899835,286.4679720838005,9.108058196246187,10.658036338694568,0.14224688372303276,0.9736586752784818,0.13368818771872326,0.5670811588512008,0.12437435218751616,0.12836950062226163,3.3968390893533575,-0.7505527774916693,0.9915188866230681,0.9336666830583449,0.9986239669566795,0.9336927455280998,0.9878921409765254,0.1322288971130195,0.1972078761098617,3.261687882262481,2.7000708056044003,6038.428275591873,0.16898271325885356,2.6314142479398277,20.37292214697487,121.03929031174792,1526.9652152012088,30.558503408807933,0.12063511345176615,6.852990981088427,2752.2226450999046,0.07701971917781118,0.1343211769924145,65.61361125155248,0.14985765944225748,3.3473759070666156,0.01692115331464854,6038.428275591873,0.16898271325885356,2.6314142479398277,20.37292214697487,121.03929031174792,1526.9652152012088,30.558503408807933,0.12063511345176615,2752.2226450999046,0.07701971917781118,0.14985765944225748,3.3473759070666156,0.01692115331464854,6.852990981088427,0.1343211769924145,65.61361125155248,3.5941670712378073,162931.98525752348,0.6124479775424324,0.2199969486810417,44528.98574618282,2.7034370752163808,17.27829901441169,7.680311539126578,128.66518941187968,1.2898105664347963,0.1610010901302683,0.15561022693005822,2.8405684152318043,0.023257631096162013,156.3806891746554,0.00017428420036042874,5.785221328792715,0.007884920359953385,0.007895154291375083,4_Malignant_center1.png,/mnt/wangbd8/workspace/DataSets/ThyroidAgent/Classifaction_Data/Lymph_Node_Metastasis_fake/images/4_Malignant_center1.png,/mnt/wangbd8/workspace/DataSets/ThyroidAgent/train_val_test/pred_masks/Lymph_Node_Metastasis_fake/Lymph_images/4_Malignant_center1.png
0.9997630787220225,406.2536585063098,494.26814584797995,120988.5,406.1574083703535,1986.0243866176368,0.016414984784650085,120988.0,0.6208581711726625,29.0,117.0,732028829.0,2.4877553394690386,44.0,4.759634613810169,255.0,28.135780601278167,68.60428306939531,61.0,0.0,255.0,18.732474874516786,77.78447836949266,1.0792457682816299,732028829.0,0.21556363416108468,1343.8774197483503,12.891311198089426,3.280366856839591,352.3651142292898,26.9276898587724,8.668760666387602,0.14674273583653977,0.9667080303549048,0.12712286055459732,0.5477734056758585,0.13058251416095612,0.17054943351042862,3.132473790759512,-0.7399416539241538,0.987294590153063,0.9377139861595764,0.9988441232763026,0.9377879280996819,0.9895006827669405,0.12336694726650112,0.2778791296271726,3.0044484979397943,2.2038758505560354,2928.1847266566756,0.1907985095886281,2.5508509264296313,15.424578093438457,143.51729979800612,1393.0864664103733,33.692753782301615,0.1592879924724297,6.834372332531466,1126.0763015573077,0.0733743599112079,0.1268472906403941,81.36780408681751,0.15265572026966426,2.5263632807642606,0.02617105592719889,2928.1847266566756,0.1907985095886281,2.5508509264296313,15.424578093438457,143.51729979800612,1393.0864664103733,33.692753782301615,0.1592879924724297,1126.0763015573077,0.0733743599112079,0.15265572026966426,2.5263632807642606,0.02617105592719889,6.834372332531466,0.1268472906403941,81.36780408681751,3.3417485656100805,75956.65495751645,0.6278032115376438,0.21292275698554805,26080.61296988131,2.2092900681797842,12.964293979568222,7.755116209872053,97.49239594009323,1.4697070074586522,0.18526162136825244,0.15355425515110774,2.0998983370251594,0.027543141257283826,74.28839736893474,0.0003325433614446237,8.00415918416476,0.0050259278985001635,0.028499877803984257,50_Benign_center1.png,/mnt/wangbd8/workspace/DataSets/ThyroidAgent/Classifaction_Data/Lymph_Node_Metastasis_fake/images/50_Benign_center1.png,/mnt/wangbd8/workspace/DataSets/ThyroidAgent/train_val_test/pred_masks/Lymph_Node_Metastasis_fake/Lymph_images/50_Benign_center1.png
0.974788822383248,618.6304536538454,747.4871236349159,279528.5,603.0340514076464,2217.5563491861026,0.007933203051517476,279528.0,0.845168524341512,37.0,148.0,2552338334.0,2.705058241532477,58.0,2.6716378358304507,230.0,33.42490606342361,86.19992272688246,81.0,0.0,230.0,24.12113000424302,95.5556702407846,0.553039841409115,2552338334.0,0.17321362200695553,1700.459437045058,18.60679937053487,3.9868048909010745,318.24028147188807,18.92846636211374,10.97764866530316,0.12890413561460676,0.9767877328050957,0.10008352242379921,0.4695331816956862,0.1188874241538516,0.1448940971353783,3.2472089121254695,-0.7984365450434588,0.9932977921658923,0.9519443224955769,0.9988136982938445,0.9521846157942901,0.9910665335396154,0.09303626217478544,0.2134553549344546,3.1355368827550105,2.7766382002294425,4223.201965510847,0.1566179108292545,3.099673236374531,21.18038197663638,233.88014092341925,3603.4816243278324,31.910976458149584,0.12542589254558917,7.460046249155283,1474.7459669942518,0.05469111689205458,0.09646618585615752,126.41941126132389,0.13494080894004834,2.703605439497061,0.030635106193581698,4223.201965510847,0.1566179108292545,3.099673236374531,21.18038197663638,233.88014092341925,3603.4816243278324,31.910976458149584,0.12542589254558917,1474.7459669942518,0.05469111689205458,0.13494080894004834,2.703605439497061,0.030635106193581698,7.460046249155283,0.09646618585615752,126.41941126132389,3.4319598060274,194629.71555622335,0.6962798558864348,0.17293135998381143,48418.057332360266,2.7828955081136697,18.647183824160727,8.05256002976446,147.70827251652787,0.9808658923453744,0.12188289164818521,0.1431695175041101,2.7358726138347502,0.01840480568329977,124.744879616505,0.00022629315709871037,4.399466516836846,0.006280716110319219,0.00939390944986434,50_Malignant_center1.png,/mnt/wangbd8/workspace/DataSets/ThyroidAgent/Classifaction_Data/Lymph_Node_Metastasis_fake/images/50_Malignant_center1.png,/mnt/wangbd8/workspace/DataSets/ThyroidAgent/train_val_test/pred_masks/Lymph_Node_Metastasis_fake/Lymph_images/50_Malignant_center1.png
0.9997841959643798,462.4476686946645,564.978760662735,159591.0,462.3478706214971,1819.4974746830585,0.011401003030766512,159590.0,0.7783190725401363,42.0,139.0,1320928778.0,2.5361307658201184,47.0,3.9303016049412896,255.0,29.85201629554831,82.54879378407168,75.0,5.0,250.0,20.271497680469846,90.97810018186408,1.0057183510160115,1320928778.0,0.20943086696943958,1462.7113574961054,17.064539639854736,3.8382362180977396,349.0392700547607,28.371086111918505,9.472291174082217,0.14236167833222335,0.9703865172216856,0.12263285540155067,0.5345275212571559,0.12732286110828572,0.16741648320212438,3.169412342992886,-0.7500822674857234,0.9887960829033972,0.9398396153892119,0.998889489546655,0.9398912346660809,0.9898705915720634,0.11940398573890285,0.29269028261224694,3.0455989019921774,2.4036632131036093,3551.7634033828804,0.18204835486329474,2.6909469207264287,19.276422347514096,145.23680164018452,2000.37565351102,18.351224086280457,0.10791404940884879,6.961904648361518,1358.937262942081,0.06965337072998877,0.12225076759195438,78.32591101147777,0.1403265547727679,2.7375182855793763,0.017809673437390195,3551.7634033828804,0.18204835486329474,2.6909469207264287,19.276422347514096,145.23680164018452,2000.37565351102,18.351224086280457,0.10791404940884879,1358.937262942081,0.06965337072998877,0.1403265547727679,2.7375182855793763,0.017809673437390195,6.961904648361518,0.12225076759195438,78.32591101147777,3.37230039106842,101602.84322325961,0.6366491836785488,0.2052105401160717,33423.07205965286,2.4045481775525883,17.129625916410802,7.797982329719908,130.98481734444513,0.8724579870462343,0.11128007361732835,0.15133049272093074,2.6751505594196243,0.016903886354581354,82.29316730562661,0.0002694142992894498,7.23462350893976,0.005320033222413259,0.01935105399140395,51_Benign_center1.png,/mnt/wangbd8/workspace/DataSets/ThyroidAgent/Classifaction_Data/Lymph_Node_Metastasis_fake/images/51_Benign_center1.png,/mnt/wangbd8/workspace/DataSets/ThyroidAgent/train_val_test/pred_masks/Lymph_Node_Metastasis_fake/Lymph_images/51_Benign_center1.png
0.9996940461573182,577.7791620948797,706.4000283125703,249485.0,577.6023883400153,2228.4264068711905,0.008932105765361407,249484.0,0.7945639473718697,26.0,118.0,1476356278.0,2.5087084360877108,52.0,2.88495502216258,226.0,29.069257390569128,68.40983790543682,62.0,3.0,223.0,21.60580880478404,76.92619267285954,0.5905484976675129,1476356278.0,0.19821489431726322,1237.7331968937688,12.72805019622966,3.2694713247610894,191.03852975587108,12.117806621167848,8.256461199889964,0.1020313887114721,0.9755861747486351,0.06769421112463495,0.34947846234989743,0.09744888249168547,0.1757698668870689,2.905493280778711,-0.8416853395279157,0.9926422034566004,0.96829259672853,0.9991139963826554,0.968453580468379,0.9940326151430818,0.06106914100339541,0.24635759993251466,2.830199551896227,2.0896231471503586,2938.989156175994,0.18316023658082975,2.425988766187278,14.564564377414932,464.25937928455687,4965.782500311604,110.88734244387207,0.1839822811790755,7.826974269436958,547.9850430013711,0.034150881403550486,0.06431674977152843,222.5175404427838,0.06009549683171941,1.0199477914708175,0.01624931409618792,2938.989156175994,0.18316023658082975,2.425988766187278,14.564564377414932,464.25937928455687,4965.782500311604,110.88734244387207,0.1839822811790755,547.9850430013711,0.034150881403550486,0.06009549683171941,1.0199477914708175,0.01624931409618792,7.826974269436958,0.06431674977152843,222.5175404427838,3.068033886555811,194237.74237225633,0.7785579130215017,0.11648800617540292,49451.444693848105,2.0908159046258232,12.780290519632521,8.361233586121756,105.73110099244842,1.6688426457736607,0.19841822516130334,0.1303216505534089,1.7034434628629047,0.025764299836255607,90.5990298985572,0.00032550065599633884,3.383213577780138,0.003138054543951616,0.01817929060179617,51_Malignant_center1.png,/mnt/wangbd8/workspace/DataSets/ThyroidAgent/Classifaction_Data/Lymph_Node_Metastasis_fake/images/51_Malignant_center1.png,/mnt/wangbd8/workspace/DataSets/ThyroidAgent/train_val_test/pred_masks/Lymph_Node_Metastasis_fake/Lymph_images/51_Malignant_center1.png
0.9995855755705774,519.9939502257108,635.6893895606564,202204.0,519.7784520295853,1928.284271247462,0.00953633098874138,202204.0,0.826663465790005,25.0,137.0,1514094292.0,2.7377944796162765,56.0,3.6924530547492638,255.0,33.960067951610434,74.95597515380507,68.0,3.0,252.0,23.52003377804477,86.53296599946518,0.8905995215934525,1514094292.0,0.17522978975797412,1869.5559934067535,15.452279216401633,3.525937363683229,544.7593552718301,36.07161962992048,12.207440075039207,0.12726037990244676,0.979365468927709,0.10723420708252371,0.4883279320397807,0.1157612047338292,0.1434975266149158,3.3096806722386187,-0.7910021795370202,0.9933997174088094,0.9475058884593083,0.9990178782013742,0.9475500945444337,0.9911532343480943,0.10416664011301281,0.2310792322639489,3.20147390086225,3.0836751137354144,3545.8109060558286,0.16441671640804176,3.1602455061635113,19.181025688583883,245.72855420569414,2374.230084392099,95.32738219195299,0.13693815517894026,7.228271040801867,1435.4623017713068,0.0665613605569557,0.10665466558525054,157.81814869475085,0.14057883479744038,2.8043378810381627,0.0198719748757773,3545.8109060558286,0.16441671640804176,3.1602455061635113,19.181025688583883,245.72855420569414,2374.230084392099,95.32738219195299,0.13693815517894026,1435.4623017713068,0.0665613605569557,0.14057883479744038,2.8043378810381627,0.0198719748757773,7.228271040801867,0.10665466558525054,157.81814869475085,3.5039939430966403,135744.07148226543,0.6713223847315851,0.185740845522116,35432.1644082214,3.0849831596719275,15.513847401633994,7.951385729263516,119.51277917350794,1.632322262740281,0.19729462363723863,0.14621674700357615,2.3976270389199903,0.026810189505053903,96.45734691365372,0.0002835695357146062,6.172921338627425,0.005956387958880002,0.019680211967252784,52_Benign_center1.png,/mnt/wangbd8/workspace/DataSets/ThyroidAgent/Classifaction_Data/Lymph_Node_Metastasis_fake/images/52_Benign_center1.png,/mnt/wangbd8/workspace/DataSets/ThyroidAgent/train_val_test/pred_masks/Lymph_Node_Metastasis_fake/Lymph_images/52_Benign_center1.png
0.9997825009525295,577.5905358644022,706.4000283125703,249767.5,577.4649104730237,2099.7989898732235,0.008407014482962048,249767.0,0.8437138396081587,22.0,155.0,2330362504.0,2.8950853263259066,75.0,2.279209147109249,253.0,41.21333635966533,83.15646182241849,77.0,0.0,253.0,31.020992662402485,96.59267939033165,0.34609140331014876,2330362504.0,0.14485543717398305,2415.148568980055,18.807216879506036,3.8764267860653403,524.2565496933712,22.993647094882007,15.233756335619487,0.11162732849479838,0.9854513473317916,0.11155511155511158,0.5049514753050391,0.09918278558072502,0.11692913758419742,3.4870567774784322,-0.7957466042545988,0.9950034159020648,0.944229665916413,0.9990850503108059,0.9442344803790588,0.9907042036328414,0.11149192173288562,0.18485931738943787,3.375035440799269,3.8363459160285722,4168.199901108992,0.14721338917528404,3.4271246484687317,24.16701984883803,254.11298297661935,2302.6059546514093,133.67203203870946,0.10464541991920014,7.174807267147641,1990.846224482588,0.0703131392414561,0.11336165306065253,176.29720575972186,0.14066538786258007,3.7548923594531334,0.014087787310806316,4168.199901108992,0.14721338917528404,3.4271246484687317,24.16701984883803,254.11298297661935,2302.6059546514093,133.67203203870946,0.10464541991920014,1990.846224482588,0.0703131392414561,0.14066538786258007,3.7548923594531334,0.014087787310806316,7.174807267147641,0.11336165306065253,176.29720575972186,3.6740918618627036,163793.07441335326,0.6557834878641023,0.19380107308396521,36180.10797663422,3.8332237944025818,18.85238242041583,7.88486469389471,142.77193144010218,1.6320909154754286,0.1943002639189002,0.14824750000333642,3.007458729313498,0.025500231455727652,104.76941651979942,0.00026477960666063794,5.822830105447267,0.007644997785728642,0.014732440882187536,52_Malignant_center1.png,/mnt/wangbd8/workspace/DataSets/ThyroidAgent/Classifaction_Data/Lymph_Node_Metastasis_fake/images/52_Malignant_center1.png,/mnt/wangbd8/workspace/DataSets/ThyroidAgent/train_val_test/pred_masks/Lymph_Node_Metastasis_fake/Lymph_images/52_Malignant_center1.png
0.9997718222467898,462.6528497496619,564.978760662735,159452.5,462.5472826618898,1832.5269119345812,0.011492619506966534,159452.0,0.772449750304839,49.0,151.0,1584178090.0,2.604368775361859,51.0,3.475044007340851,255.0,31.4324196316115,91.48207611067907,82.0,11.0,244.0,21.687374506909467,99.67517705101668,0.86577249299685,1584178090.0,0.19819782566833435,1566.1706706314399,20.096917601489004,4.1930586297097445,358.52230289940235,27.433208703594353,10.184839967335796,0.12413225011318477,0.975917628354245,0.11150586045575733,0.503230770989303,0.11169869319720595,0.1612844169185631,3.1986023816094273,-0.7717826884671202,0.9909815229943217,0.9451255543482115,0.9990092349861529,0.9451854777954241,0.9907704752025899,0.10881972245150051,0.2701971930177574,3.085762497971619,2.5772430543622447,3154.959103421156,0.17723493643172608,2.7474606415026575,22.41098814673333,184.41581933599235,2958.5132857704625,19.971811864323737,0.08526059248744097,7.124965471097574,1153.3986292904892,0.06479403568847196,0.1116386122469458,104.1794735152234,0.13204522157634316,2.924713342393847,0.01287650795190296,3154.959103421156,0.17723493643172608,2.7474606415026575,22.41098814673333,184.41581933599235,2958.5132857704625,19.971811864323737,0.08526059248744097,1153.3986292904892,0.06479403568847196,0.13204522157634316,2.924713342393847,0.01287650795190296,7.124965471097574,0.1116386122469458,104.1794735152234,3.398506710640144,105147.5188018965,0.6594305421186093,0.1910348208462012,31603.03969846725,2.5769477892025656,20.156028146401425,7.901224192860547,156.76172766726037,0.7135145117191045,0.08965023910871246,0.147502766419431,3.0496701201615535,0.013169217237236143,66.98052439868074,0.00031097587712269117,6.247100707276158,0.0051951156475817575,0.01971430387198326,53_Benign_center1.png,/mnt/wangbd8/workspace/DataSets/ThyroidAgent/Classifaction_Data/Lymph_Node_Metastasis_fake/images/53_Benign_center1.png,/mnt/wangbd8/workspace/DataSets/ThyroidAgent/train_val_test/pred_masks/Lymph_Node_Metastasis_fake/Lymph_images/53_Benign_center1.png
0.9991966009654308,439.51022256727225,536.6945127351313,143915.5,439.1571204787784,1818.9116882454307,0.012638747655710682,143914.0,0.7393449379154726,50.0,149.0,1400702375.0,2.5423496724436676,49.0,2.9428053798496707,231.0,29.98822810159555,91.30780188167934,84.0,13.0,218.0,21.114450603500188,98.65552461998038,0.7222171687886505,1400702375.0,0.20022533652915536,1395.797853579549,19.750029615692828,4.185854151423295,238.43119946055418,18.40781266621135,9.044997287269133,0.13037873244834675,0.971580732567653,0.13035085885509215,0.5585654181555769,0.11338738604408657,0.15612085899619121,3.2122875662666557,-0.7362419987017385,0.9880856370062557,0.9348273579317793,0.9987091373826096,0.9348292161713296,0.9881501330858495,0.13032646946099438,0.2569805930106965,3.081737764836392,2.29384400492937,3480.6356406634227,0.18210828444846036,2.4334047092349387,21.980693768639146,112.98058912781876,1900.5703971119133,11.258799222256576,0.08057387892052592,6.804809819405551,1422.8261915973421,0.07444284997631676,0.13280848284392066,56.28511794151835,0.14472905109424927,3.3257143070688673,0.012525203133524359,3480.6356406634227,0.18210828444846036,2.4334047092349387,21.980693768639146,112.98058912781876,1900.5703971119133,11.258799222256576,0.08057387892052592,1422.8261915973421,0.07444284997631676,0.14472905109424927,3.3257143070688673,0.012525203133524359,6.804809819405551,0.13280848284392066,56.28511794151835,3.416647755367257,88535.48410856484,0.6151971601690234,0.2175502443793973,28815.22908125686,2.295462710222057,19.814917242241894,7.694400822713565,149.65382103200523,0.6696081073512248,0.08605923173900053,0.15487297197554714,3.1689334525403288,0.013171375544794469,84.09146946368024,0.00028659380156238724,5.779442131218711,0.006571675735180121,0.013239173714833873,53_Malignant_center1.png,/mnt/wangbd8/workspace/DataSets/ThyroidAgent/Classifaction_Data/Lymph_Node_Metastasis_fake/images/53_Malignant_center1.png,/mnt/wangbd8/workspace/DataSets/ThyroidAgent/train_val_test/pred_masks/Lymph_Node_Metastasis_fake/Lymph_images/53_Malignant_center1.png
0.9996342238018441,462.50389237634647,564.978760662735,159566.5,462.33471946096074,1763.1126983722081,0.01104939130940522,159566.0,0.8031482515540751,43.0,135.0,1346154195.0,2.4903426524597867,43.0,3.6769763706741796,245.0,27.512902668763395,84.70019302357645,80.0,9.0,236.0,18.79929990319466,91.84959069495426,0.8208416122420128,1346154195.0,0.21297452676748063,1262.2246125995193,17.37871056931004,3.919529973608144,245.89800715246815,18.621732400620882,8.203694881036217,0.13971345984667588,0.9665092599718327,0.13971345984667588,0.5834878966227691,0.12019360898434717,0.16236654673292727,3.1939969847499445,-0.7171600788385682,0.9858379772250871,0.930143270076662,0.9986166984173596,0.930143270076662,0.9872987763775749,0.13971345984667588,0.2558124921452809,3.0542835249032723,2.085852085220723,4435.1396293027365,0.19572549114310397,2.237378009782743,19.040864960282438,99.98490732568402,1496.548720211827,11.63982144143452,0.09959551415487905,6.657335212670582,1805.2836716681377,0.07966829972057095,0.14201020267475528,50.398698446430565,0.15969264641685255,3.151717150144167,0.017770892471388397,4435.1396293027365,0.19572549114310397,2.237378009782743,19.040864960282438,99.98490732568402,1496.548720211827,11.63982144143452,0.09959551415487905,1805.2836716681377,0.07966829972057095,0.15969264641685255,3.151717150144167,0.017770892471388397,6.657335212670582,0.14201020267475528,50.398698446430565,3.402238465949823,95500.68914430392,0.5985027458500177,0.2308774753366017,33983.49333817981,2.086810496188784,17.45052204103631,7.607422633894439,130.5533509644912,0.7856933230390253,0.10264816582510453,0.15896870260581827,2.8546366045676677,0.01634111939222357,107.41101427642826,0.00022353031570124813,6.445609848233359,0.006399375489463633,0.011657207723350754,54_Benign_center1.png,/mnt/wangbd8/workspace/DataSets/ThyroidAgent/Classifaction_Data/Lymph_Node_Metastasis_fake/images/54_Benign_center1.png,/mnt/wangbd8/workspace/DataSets/ThyroidAgent/train_val_test/pred_masks/Lymph_Node_Metastasis_fake/Lymph_images/54_Benign_center1.png
0.99978777565735,346.9078183858904,423.55755216971403,89712.0,346.8341961021733,1385.154328932551,0.01544001169222123,89709.0,0.7665350851105254,52.0,134.0,792403119.0,2.3534261745708136,40.0,3.7980025132581345,223.0,25.526903348107588,88.03617251334872,81.0,12.0,211.0,17.061322108013105,93.9842500649704,0.9696984395135625,792403119.0,0.23688560559395605,1082.6715894747929,18.203394761281373,4.057455831179439,185.5243571296761,17.115281282302593,7.092968315123967,0.13118055788661004,0.9636827645186824,0.13118055788661004,0.5606670031990891,0.11397221911916777,0.18468507913214566,3.0235644000575,-0.7151357579067821,0.982580034978923,0.9344097210566952,0.998400237098944,0.9344097210566952,0.9868819442113391,0.13118055788661004,0.2888008682711781,2.8923838421708923,1.8060372182526445,2541.1369817578775,0.21070787576765151,1.9723899779708423,19.485157545605308,105.53126036484245,1736.8498341625207,9.26881569893405,0.08254081150840657,6.624217815244622,891.066832504146,0.07388613868193582,0.1344346721064776,50.199126939927226,0.14443515292206405,2.8575450023759563,0.01345766311913368,2541.1369817578775,0.21070787576765151,1.9723899779708423,19.485157545605308,105.53126036484245,1736.8498341625207,9.26881569893405,0.08254081150840657,891.066832504146,0.07388613868193582,0.14443515292206405,2.8575450023759563,0.01345766311913368,6.624217815244622,0.1344346721064776,50.199126939927226,3.235993438845194,54907.55185098485,0.6120629128736788,0.21949716770428296,21250.770792228206,1.8063723275434145,18.270106678259708,7.678571826684056,138.68000980949515,0.6400029191503103,0.08318437493857164,0.15545696517505367,2.893268481670983,0.013029947865370317,68.69323269274388,0.00038770738657036615,4.642096838053051,0.006533823047668447,0.014424724950212079,54_Malignant_center1.png,/mnt/wangbd8/workspace/DataSets/ThyroidAgent/Classifaction_Data/Lymph_Node_Metastasis_fake/images/54_Malignant_center1.png,/mnt/wangbd8/workspace/DataSets/ThyroidAgent/train_val_test/pred_masks/Lymph_Node_Metastasis_fake/Lymph_images/54_Malignant_center1.png
0.998155916987926,463.16378450891233,564.978760662735,159022.0,462.3096720420916,2006.6690475583111,0.012618814048108508,159021.0,0.7044623477415944,54.0,153.0,1777844685.0,2.6686006938892386,49.0,3.5780687905247532,255.0,30.72778112213579,98.16470151740965,93.0,0.0,255.0,20.957309190021235,105.7352189093984,0.5995027052736087,1777844685.0,0.18943942664317429,1543.627893816273,22.361563538454746,4.460129643291779,352.9739957666361,18.844013952860813,10.009935108602335,0.13470669466356433,0.9734427893510843,0.1211244159430982,0.5321941510860108,0.12003557052600765,0.15071767741076086,3.298753737024221,-0.7625694591461624,0.9913876761947372,0.940361048000863,0.9989262477360399,0.9404280401561108,0.9899728714632444,0.11826960539221817,0.26125393312272605,3.175838179034883,2.536160450816474,3360.7080435910743,0.1744010401448404,2.7743462564184322,25.022677737415673,135.3390243902439,2601.062376751427,12.786632997572617,0.07916532797515295,7.056305937397284,1312.8414115204982,0.06812877070682398,0.12117896378465737,67.23927227832492,0.12990673782110415,3.3673870174841816,0.010850637855930892,3360.7080435910743,0.1744010401448404,2.7743462564184322,25.022677737415673,135.3390243902439,2601.062376751427,12.786632997572617,0.07916532797515295,1312.8414115204982,0.06812877070682398,0.12990673782110415,3.3673870174841816,0.010850637855930892,7.056305937397284,0.12117896378465737,67.23927227832492,3.499560867871374,101490.79875613912,0.6382226168627988,0.20181941675299875,30124.84706422422,2.5446929566166734,22.408499506354506,7.806409216392804,171.81221348123833,0.6772373986953868,0.08572546585102697,0.15033269540221453,3.472043175289917,0.012690911644607868,65.29749444424424,0.00029254277144529417,6.472659555625376,0.005562089312576892,0.017176851132491615,55_Benign_center1.png,/mnt/wangbd8/workspace/DataSets/ThyroidAgent/Classifaction_Data/Lymph_Node_Metastasis_fake/images/55_Benign_center1.png,/mnt/wangbd8/workspace/DataSets/ThyroidAgent/train_val_test/pred_masks/Lymph_Node_Metastasis_fake/Lymph_images/55_Benign_center1.png
0.9998803969278133,346.52366675733333,423.55755216971403,89940.0,346.48222146220377,1228.727922061358,0.01366164022750009,89940.0,0.8652181997200054,48.0,120.0,657575174.0,2.2224145515974265,35.0,4.762934318516297,231.0,23.174345375606567,79.88970424727596,74.0,13.0,218.0,15.20646549106408,85.50593545999101,1.1959612729983704,657575174.0,0.2668316903285758,928.9001541709246,15.45613075979025,3.7353508869798056,172.62819126404204,16.962743169591025,6.127686743929687,0.11454870021198259,0.9632988209954538,0.11454870021198257,0.5134855615523788,0.10142729549172791,0.21684374294714448,2.8262744921008287,-0.7276907036772073,0.9800810523310889,0.9427256498940088,0.9988658544533467,0.9427256498940088,0.9895864817989107,0.11454870021198257,0.3670311279705456,2.711725791888849,1.5605588610354177,2359.375153635246,0.22306657404133934,1.7924132834673527,16.880022690744067,142.63420629668147,1983.2819324950365,14.438949246232973,0.09728134798612857,6.738494239565542,686.1755696322209,0.06487430931570586,0.11760062263731376,70.32713726481586,0.13093537576096864,2.2669841921819254,0.014821957973533082,2359.375153635246,0.22306657404133934,1.7924132834673527,16.880022690744067,142.63420629668147,1983.2819324950365,14.438949246232973,0.09728134798612857,686.1755696322209,0.06487430931570586,0.13093537576096864,2.2669841921819254,0.014821957973533082,6.738494239565542,0.11760062263731376,70.32713726481586,3.0374687467640396,58111.9573938181,0.6461191615945975,0.19816047206427095,23998.8422281521,1.5611346782024376,15.508461196353124,7.842272626195241,120.03203246608851,0.7667462636042937,0.09764964272498958,0.14936315568403627,2.3683523583623654,0.014731513668698022,54.947536782550934,0.00040911176134792446,5.64531848186583,0.003937262428718253,0.025329864506508846,55_Malignant_center1.png,/mnt/wangbd8/workspace/DataSets/ThyroidAgent/Classifaction_Data/Lymph_Node_Metastasis_fake/images/55_Malignant_center1.png,/mnt/wangbd8/workspace/DataSets/ThyroidAgent/train_val_test/pred_masks/Lymph_Node_Metastasis_fake/Lymph_images/55_Malignant_center1.png
0.9996798381609275,462.7482205802334,564.978760662735,159370.5,462.6000662589049,1867.4558441227157,0.011717700855068633,159370.0,0.7578069044492678,43.0,128.0,1178666238.0,2.3784951409005384,42.0,4.339210768100858,255.0,26.564136721767316,78.83955575076865,71.0,3.0,252.0,17.746238709329212,85.99874935431544,1.0882354056903674,1178666238.0,0.23641351752373752,1180.1093395278108,15.477572409975087,3.686139560633131,253.3508007258959,22.288055047182432,7.6918267364550434,0.13203653841314578,0.966247738802575,0.12051133647046981,0.5302310727766683,0.11751355619524698,0.19106163351848693,3.0021907848042444,-0.7374640846247535,0.9848961566286457,0.9405710906812359,0.9989406429654385,0.9406322833871967,0.9900154066676287,0.11793231368979644,0.3364390145700697,2.881318325820926,1.9559658187170472,3715.121029373538,0.19314380189100794,2.408173748019262,17.72399272160125,146.27387574733558,1901.3195217052248,17.15362474629055,0.11306421583902239,6.8947488497163745,1322.3095918897843,0.06874497488379434,0.1206939825563155,77.6257374331637,0.14141537815747357,2.6759547603902893,0.018584255365655108,3715.121029373538,0.19314380189100794,2.408173748019262,17.72399272160125,146.27387574733558,1901.3195217052248,17.15362474629055,0.11306421583902239,1322.3095918897843,0.06874497488379434,0.14141537815747357,2.6759547603902893,0.018584255365655108,6.8947488497163745,0.1206939825563155,77.6257374331637,3.2062926720356213,102003.66690092238,0.6400430877889338,0.2036130073546909,37677.22228775805,1.9572347794552427,15.54064754972705,7.8135533663801215,118.85703080880968,0.8765124074996595,0.11223135901723606,0.15089902602608884,2.437981496587257,0.017144384310140093,83.29597069442214,0.0002527693060682067,7.394934132227992,0.004249586577284701,0.020014410213404464,56_Benign_center1.png,/mnt/wangbd8/workspace/DataSets/ThyroidAgent/Classifaction_Data/Lymph_Node_Metastasis_fake/images/56_Benign_center1.png,/mnt/wangbd8/workspace/DataSets/ThyroidAgent/train_val_test/pred_masks/Lymph_Node_Metastasis_fake/Lymph_images/56_Benign_center1.png
0.9996867172905176,302.86634014828894,369.8175225702536,68484.0,302.7714573606363,1203.8406204335663,0.017578421535447204,68482.0,0.7706026496246846,47.0,125.0,510114381.0,2.2519491979417947,34.0,4.875981339917217,221.0,24.158408012538704,79.89499430507287,74.0,9.0,212.0,14.953188795228284,86.30690957677668,1.3319352569178882,510114381.0,0.26784444554768405,1065.6725256862792,15.618870967741936,3.727697947214076,232.63231553791908,23.583848886805953,7.019388772886371,0.12683284457478006,0.9645035232982768,0.1267741935483871,0.5488393884139262,0.11076114842493615,0.213846304641343,2.8999810289186905,-0.7124300684528656,0.9795973784929219,0.9366187683284458,0.9984533084816789,0.936622678396872,0.9873231138363103,0.12672287390029324,0.374208211143695,2.7728134416444976,1.7865554043652876,1951.8391216670402,0.21866895828669505,2.0319150252713962,17.738404660542237,130.64485771902307,1682.308872955411,15.000204957740351,0.09587797430280734,6.604124092946378,679.3824781537082,0.07611275802752725,0.13034081948541223,71.78230320966541,0.15790854653849554,3.0049849477661352,0.0168720061778413,1951.8391216670402,0.21866895828669505,2.0319150252713962,17.738404660542237,130.64485771902307,1682.308872955411,15.000204957740351,0.09587797430280734,679.3824781537082,0.07611275802752725,0.15790854653849554,3.0049849477661352,0.0168720061778413,6.604124092946378,0.13034081948541223,71.78230320966541,3.1149804296598833,42531.52276510616,0.6210613411568903,0.21816406327345642,18342.523319996497,1.7852650353564532,15.678470254957507,7.722029146345025,118.47418299699191,0.7803480887462918,0.10026853160832276,0.15508941522346503,2.533497853450542,0.015498225621279237,57.12902139379008,0.0004971941874585731,4.575336165758339,0.006180552341721315,0.02124052045233597,56_Malignant_center1.png,/mnt/wangbd8/workspace/DataSets/ThyroidAgent/Classifaction_Data/Lymph_Node_Metastasis_fake/images/56_Malignant_center1.png,/mnt/wangbd8/workspace/DataSets/ThyroidAgent/train_val_test/pred_masks/Lymph_Node_Metastasis_fake/Lymph_images/56_Malignant_center1.png
0.9997582852807733,462.6954688163139,564.978760662735,159414.0,462.5836285109815,1864.8111831820427,0.011697913503092844,159413.0,0.7589851812776285,29.0,116.0,924656943.0,2.4101607871197928,40.0,4.416586298812761,226.0,26.542034692432605,67.74592410907518,61.0,5.0,221.0,17.554719650768234,76.16026562524596,1.1120029262922735,924656943.0,0.23189392556720723,1210.8758267154496,12.47932693819783,3.244205063689259,272.4578103516192,23.41331078301538,7.919033783045729,0.10119201132253498,0.9747657948997916,0.1011794307281019,0.4728003393650072,0.09095473412007224,0.19299622872496025,2.9662675912545717,-0.769071764249177,0.9876430762900271,0.9494115426953923,0.9989981060839701,0.9494123814016878,0.9908019652413425,0.10116842270797295,0.3164271111810033,2.8650305714608986,2.0050564485920663,3186.9852318121293,0.1928934288713309,2.431735757135768,14.74536980995037,206.4364483718678,2057.957269095751,40.96502544264869,0.1693843867204981,7.130441700643692,988.5142234596295,0.0598301793644613,0.10364273929980616,113.34233199735988,0.12977398287285585,2.038347269574578,0.025069910779938535,3186.9852318121293,0.1928934288713309,2.431735757135768,14.74536980995037,206.4364483718678,2057.957269095751,40.96502544264869,0.1693843867204981,988.5142234596295,0.0598301793644613,0.12977398287285585,2.038347269574578,0.025069910779938535,7.130441700643692,0.10364273929980616,113.34233199735988,3.1692488967840213,108072.57278264634,0.6779407751102252,0.18065313773126665,36966.90635644521,2.006367437714006,12.529831318650299,7.979907535771863,97.74014666307013,1.4159259096882395,0.17645643269915565,0.14489198915186757,1.8943805642506502,0.025513314451957276,95.3486278791069,0.0002997613431449581,5.127200221761838,0.004483822186216806,0.019144750762238767,57_Benign_center1.png,/mnt/wangbd8/workspace/DataSets/ThyroidAgent/Classifaction_Data/Lymph_Node_Metastasis_fake/images/57_Benign_center1.png,/mnt/wangbd8/workspace/DataSets/ThyroidAgent/train_val_test/pred_masks/Lymph_Node_Metastasis_fake/Lymph_images/57_Benign_center1.png
0.9995292541416197,455.31076635100743,556.493486035551,154984.5,455.09643069347175,1688.6274169979695,0.010895459978242789,154984.0,0.826447421417426,44.0,127.0,1246028418.0,2.425757053662903,41.0,3.3951590625658463,225.0,25.4319548244474,83.53997832034274,81.0,3.0,222.0,17.464657771427472,89.66450204087204,0.5589155472893564,1246028418.0,0.22063264222366175,1060.794948474211,16.743309073265404,3.879019893255701,159.950844768157,9.561529913531597,6.942192761153567,0.15613779718583212,0.9560071777715691,0.156086042374252,0.6251626487734212,0.13177494456177533,0.1626432438058484,3.1856629745733223,-0.6861309266055695,0.9818900827213627,0.9219621542940319,0.9984541107788978,0.921965604614804,0.9858107518660647,0.15604075691411937,0.25293223354358724,3.0291947878549186,1.7745826395848503,5002.513044187184,0.20391786418503113,1.9556218083262185,18.123022990379912,72.82594162726235,1091.6349258111854,8.218397621796996,0.10484598087125739,6.427934444974728,2137.4789662481658,0.08713023668058723,0.15828730707685953,32.91354388291986,0.16651407824382594,3.1027106202136476,0.019838290607860836,5002.513044187184,0.20391786418503113,1.9556218083262185,18.123022990379912,72.82594162726235,1091.6349258111854,8.218397621796996,0.10484598087125739,2137.4789662481658,0.08713023668058723,0.16651407824382594,3.1027106202136476,0.019838290607860836,6.427934444974728,0.15828730707685953,32.91354388291986,3.3901259532918253,88392.62205130853,0.5703338541482251,0.24766158526791104,34194.52942239199,1.7772764523713211,16.818665152531874,7.448433386672173,123.25447788158777,0.7926814679901385,0.10605894330396959,0.16464566951714013,2.8406502176568766,0.0176497525113223,114.01813381851285,0.00019931723994173653,7.314769216024352,0.006050753925151363,0.0106613148520122,57_Malignant_center1.png,/mnt/wangbd8/workspace/DataSets/ThyroidAgent/Classifaction_Data/Lymph_Node_Metastasis_fake/images/57_Malignant_center1.png,/mnt/wangbd8/workspace/DataSets/ThyroidAgent/train_val_test/pred_masks/Lymph_Node_Metastasis_fake/Lymph_images/57_Malignant_center1.png
0.9997276963948827,405.28479426549836,494.26814584797995,121807.0,405.17443375492064,1645.0121933088199,0.013505071082194125,121807.0,0.7520936711443,36.0,130.0,911234005.0,2.5137125580077817,49.0,3.6042248591717843,255.0,29.08434590247506,78.44402210053609,73.0,9.0,246.0,20.616475194705664,86.49257674038834,0.7907301549166766,911234005.0,0.20380051299331986,1327.501227882573,15.614172190884013,3.6723349940297276,268.64177252346633,19.406785959518217,8.64766202206754,0.13515049203277474,0.969223869502896,0.11535389302919256,0.5141074868801032,0.12184397139578432,0.1654534065956433,3.1161839952860424,-0.7602268378888256,0.9889939109455693,0.9436007201376911,0.9989411450671483,0.9436818965793315,0.9904817038076112,0.11152750173030054,0.27114093959731544,3.0004883855067352,2.1957031285250785,2559.45290838931,0.18289644907741245,2.4355712463715586,18.83592968415035,171.22002286694297,2001.8315706731457,27.808576185780577,0.11197384520163428,6.971844226819954,933.9262541089038,0.06673761998777361,0.11488666496999352,95.45639628135203,0.1344399118032477,2.7138836675013662,0.017119967094846856,2559.45290838931,0.18289644907741245,2.4355712463715586,18.83592968415035,171.22002286694297,2001.8315706731457,27.808576185780577,0.11197384520163428,933.9262541089038,0.06673761998777361,0.1344399118032477,2.7138836675013662,0.017119967094846856,6.971844226819954,0.11488666496999352,95.45639628135203,3.312708157488654,79443.92339520717,0.652211477133557,0.1952195197454961,24824.329086177313,2.196575459372041,15.684000098516506,7.869375323257284,119.87195317182099,1.032046235670851,0.1286761330892859,0.1485980097841485,2.4525314637089823,0.018666448488529136,57.81524295494842,0.00038862460770333206,6.850731405417685,0.004572083332009345,0.027788873735583232,58_Benign_center1.png,/mnt/wangbd8/workspace/DataSets/ThyroidAgent/Classifaction_Data/Lymph_Node_Metastasis_fake/images/58_Benign_center1.png,/mnt/wangbd8/workspace/DataSets/ThyroidAgent/train_val_test/pred_masks/Lymph_Node_Metastasis_fake/Lymph_images/58_Benign_center1.png
0.9995760044797029,462.2124762403479,564.978760662735,159765.5,462.01650022099653,1690.6274169979695,0.010581930498123622,159765.0,0.8381051817779867,34.0,141.0,1277268398.0,2.657968879599025,54.0,2.7266448027582633,225.0,32.5397758266815,79.94315400744844,74.0,7.0,218.0,23.50182513907605,89.41291662036873,0.6322586999954268,1277268398.0,0.18095406976005676,1603.7617859023921,16.50730550046444,3.7299914643637186,297.78916402587805,19.675354981057023,10.498455119835098,0.12057841488213289,0.9772901338925204,0.1205784148821329,0.531021218780949,0.10603926074664513,0.14397411342897604,3.291244972265029,-0.7616823323533785,0.9912404510007548,0.9397107925589335,0.9988061543080976,0.9397107925589335,0.989038325919806,0.1205784148821329,0.23748525092260186,3.170666557382899,2.654758383679308,3277.594960549758,0.16684117895391998,2.73372249513362,19.528073301094427,144.04494782387377,1781.9702214303893,28.54221614209346,0.12201579454118876,6.989152928826486,1393.2148129294985,0.07091956288773217,0.12296185021750697,77.9057046230557,0.1441001235892077,2.964817687905226,0.018469155791567264,3277.594960549758,0.16684117895391998,2.73372249513362,19.528073301094427,144.04494782387377,1781.9702214303893,28.54221614209346,0.12201579454118876,1393.2148129294985,0.07091956288773217,0.1441001235892077,2.964817687905226,0.018469155791567264,6.989152928826486,0.12296185021750697,77.9057046230557,3.4933773006310314,101514.36390323288,0.6353980152300747,0.20681411955001597,28910.126955215474,2.6551596531533312,16.561969142177574,7.791750383375583,125.47603667887209,1.1681739131770108,0.14614029824818994,0.15179656231200686,2.638730496527886,0.02130497926873114,95.72127884696391,0.0003097145320070646,5.409607324144679,0.007051877722785383,0.014706801195575228,58_Malignant_center1.png,/mnt/wangbd8/workspace/DataSets/ThyroidAgent/Classifaction_Data/Lymph_Node_Metastasis_fake/images/58_Malignant_center1.png,/mnt/wangbd8/workspace/DataSets/ThyroidAgent/train_val_test/pred_masks/Lymph_Node_Metastasis_fake/Lymph_images/58_Malignant_center1.png
0.9997655409351318,404.7696809302372,494.26814584797995,122069.0,404.67477900935927,1599.840620433566,0.013106035278683089,122068.0,0.7741603171436358,24.0,122.0,676597395.0,2.487891832849573,53.0,3.616971895324437,255.0,30.50084238841683,64.33783628797065,55.0,7.0,248.0,22.406550594452163,74.4499218432773,0.9553503706971843,676597395.0,0.21224172989866716,1403.433684252387,11.907265122318003,3.1044161030807533,298.928751890891,24.539119283679234,9.230115186372185,0.1506520613685482,0.9678806525330148,0.12157842404121914,0.5293648031302848,0.13587074817620173,0.17298597164367696,3.105134835927775,-0.7516930985873491,0.9880472225566789,0.9409618226156836,0.9988438236637562,0.9410393850779747,0.9900031353250698,0.11668224866581989,0.31142812533383735,2.9846169471147834,2.3451918119351833,2520.934797435548,0.17193662511496027,2.775969892467676,14.99829491201746,153.91706452052927,1319.1151957441004,40.372404128533525,0.1996421742125133,6.9597147002698785,1022.9870413313326,0.0697713164187241,0.12011337942785988,84.60366052037381,0.14985377384246235,2.497858124328491,0.03042162773598976,2520.934797435548,0.17193662511496027,2.775969892467676,14.99829491201746,153.91706452052927,1319.1151957441004,40.372404128533525,0.1996421742125133,1022.9870413313326,0.0697713164187241,0.14985377384246235,2.497858124328491,0.03042162773598976,6.9597147002698785,0.12011337942785988,84.60366052037381,3.3097213409650066,78353.94632499918,0.6418876882147588,0.20466945082507187,25907.923485270505,2.346744352147493,11.987965724022676,7.821017793361078,90.24020218239015,1.795115951388175,0.22558347414167576,0.1512444793976399,1.9434718535752382,0.033150249120266324,87.92891636758469,0.0003779725793663264,6.268917476716518,0.006282268116191864,0.024225245237360634,59_Benign_center1.png,/mnt/wangbd8/workspace/DataSets/ThyroidAgent/Classifaction_Data/Lymph_Node_Metastasis_fake/images/59_Benign_center1.png,/mnt/wangbd8/workspace/DataSets/ThyroidAgent/train_val_test/pred_masks/Lymph_Node_Metastasis_fake/Lymph_images/59_Benign_center1.png
0.9996081240150754,462.1428573888902,564.978760662735,159817.0,461.96175470147506,1663.4558441227157,0.010408503751933246,159817.0,0.8519324129317506,32.0,129.0,1095236927.0,2.4994956293136403,50.0,3.8979402255947404,255.0,30.193925508649038,73.8810201668158,65.0,7.0,248.0,21.910289595526226,82.78326516518254,0.9137843971428351,1095236927.0,0.2058159381158638,1394.6638505194815,14.461655729682933,3.496398951053339,322.86867705292804,23.963888813615057,9.08707594820273,0.13967552917853424,0.9697237907575726,0.11599894603445464,0.5144028280600993,0.12621977369742993,0.16792847962351343,3.1014919684843085,-0.758746677266151,0.9886573632325814,0.9433556064472837,0.9989257794607642,0.9434132754847254,0.990440005565013,0.11224767586566597,0.24975846622918732,2.985536347629801,2.3066878693453154,3236.4044033704813,0.17593935326830556,2.566717769085443,17.42995379179125,166.95988040228323,1815.047295460723,29.245739764535152,0.1371175251060544,7.0117468887878305,1234.1673824408806,0.06709254593318188,0.11510039607801423,91.47736508814418,0.14016297747673553,2.6175028316352664,0.021035607428593107,3236.4044033704813,0.17593935326830556,2.566717769085443,17.42995379179125,166.95988040228323,1815.047295460723,29.245739764535152,0.1371175251060544,1234.1673824408806,0.06709254593318188,0.14016297747673553,2.6175028316352664,0.021035607428593107,7.0117468887878305,0.11510039607801423,91.47736508814418,3.300800797460107,104228.91625421576,0.6521766536364452,0.1966806588571911,32892.885781863006,2.307385866887486,14.528297990827008,7.868468310630283,111.0521346289819,1.1918179451646316,0.14961527194716873,0.14903330406374513,2.281347833250948,0.02195612043619961,98.39936831076152,0.0002982380662088302,5.7029817146125295,0.005911425720584854,0.017340424698265605,59_Malignant_center1.png,/mnt/wangbd8/workspace/DataSets/ThyroidAgent/Classifaction_Data/Lymph_Node_Metastasis_fake/images/59_Malignant_center1.png,/mnt/wangbd8/workspace/DataSets/ThyroidAgent/train_val_test/pred_masks/Lymph_Node_Metastasis_fake/Lymph_images/59_Malignant_center1.png
0.9995524206825874,462.3301498526941,564.978760662735,159682.5,462.1232204398038,1735.2132034355964,0.010866646022172726,159682.0,0.8163581824038961,53.0,163.0,1961868562.0,2.7325634225267548,56.0,2.9002565366054154,255.0,33.61553832085285,102.77249783945592,97.0,9.0,246.0,24.25161803146539,110.84266836623414,0.5144486416042255,1961868562.0,0.1713976169958154,1723.9108183859912,24.277869516352833,4.638705586146707,364.58179659770377,18.757451308840974,11.188317514234159,0.1471975086174962,0.9740289685434218,0.11540224400228544,0.5119558936710962,0.13387983069673315,0.13837899904753476,3.3330143474881204,-0.7798968150967922,0.9929205864869171,0.9443107526107067,0.9988745119954364,0.9444279803351563,0.9905335505122679,0.1094858850270115,0.22370957311215617,3.2147662079585166,2.833878755712913,2972.633970228838,0.16510964064812475,2.8703609910231997,28.094701177516107,176.25294379026883,3347.7588313708065,16.374489830910015,0.06414607144616487,7.158406642996834,1193.828815818707,0.06630908774820635,0.11274908881401786,97.58932556694184,0.13545353989045383,3.901774248119404,0.009035991561052694,2972.633970228838,0.16510964064812475,2.8703609910231997,28.094701177516107,176.25294379026883,3347.7588313708065,16.374489830910015,0.06414607144616487,1193.828815818707,0.06630908774820635,0.13545353989045383,3.901774248119404,0.009035991561052694,7.158406642996834,0.11274908881401786,97.58932556694184,3.5265144929886034,104916.59796345237,0.6570345935262106,0.19270964554533193,27369.114277125787,2.836187972712134,24.347515687428764,7.890570007890683,187.957690910685,0.6019463222220502,0.07477871273543572,0.14794890956887927,3.7399679084402475,0.010703365760073217,58.29366209269223,0.0003387041714449153,5.972843089222641,0.005923452166803378,0.017620568105496483,5_Benign_center1.png,/mnt/wangbd8/workspace/DataSets/ThyroidAgent/Classifaction_Data/Lymph_Node_Metastasis_fake/images/5_Benign_center1.png,/mnt/wangbd8/workspace/DataSets/ThyroidAgent/train_val_test/pred_masks/Lymph_Node_Metastasis_fake/Lymph_images/5_Benign_center1.png
0.9998329827742425,561.5585233989516,686.6010486446987,235606.0,561.464733452273,2258.911688245427,0.009587666223463862,235603.0,0.7617261277817418,24.0,132.0,1829488076.0,2.7271200188671054,58.0,2.801222962772397,241.0,33.13520550913024,77.99643468037334,76.0,3.0,238.0,24.01488929998006,88.11997870938336,0.4191567869171866,1829488076.0,0.16829644190671386,1681.6868248924313,16.025091039036177,3.645120052411258,342.991826577785,13.823671514544312,11.063316240889645,0.11055287070755199,0.9802122488453331,0.11054436238641392,0.5016114672618777,0.09833281465213317,0.13522739920218324,3.318923494961048,-0.7830389026617537,0.9929918346096823,0.9447286696389068,0.9989054219817538,0.9447292368603161,0.9899505769673043,0.1105369176054181,0.20555253037470647,3.208318139097436,2.7934672778992997,4545.034234438035,0.17136199654782774,2.6401461519451255,19.915431889303623,225.18708290917317,2074.8928854202013,97.42000514003131,0.12372224499822536,7.0699215859471725,1807.0610790634544,0.06813185081112447,0.11257496721179272,146.27993580372976,0.13710670280011725,2.9703020371713156,0.015042716049521943,4545.034234438035,0.17136199654782774,2.6401461519451255,19.915431889303623,225.18708290917317,2074.8928854202013,97.42000514003131,0.12372224499822536,1807.0610790634544,0.06813185081112447,0.13710670280011725,2.9703020371713156,0.015042716049521943,7.0699215859471725,0.11257496721179272,146.27993580372976,3.5140083674076945,154919.23965738976,0.6575435782116092,0.19280185981743223,39651.14660254751,2.793263323815546,16.076722282823223,7.892594746246864,122.66863325169884,1.6123455204879278,0.19440357077936854,0.1479871742814065,2.530662220392402,0.02607846728368184,122.7834273503644,0.00023551513801606635,4.837020506741923,0.006800489987566362,0.011223922525133304,5_Malignant_center1.png,/mnt/wangbd8/workspace/DataSets/ThyroidAgent/Classifaction_Data/Lymph_Node_Metastasis_fake/images/5_Malignant_center1.png,/mnt/wangbd8/workspace/DataSets/ThyroidAgent/train_val_test/pred_masks/Lymph_Node_Metastasis_fake/Lymph_images/5_Malignant_center1.png
0.9996539144553555,404.9839352362308,494.26814584797995,121983.0,404.8437761504323,1660.1837661840736,0.01360996012710028,121982.0,0.7457588641861618,50.0,146.0,1189382560.0,2.536911016111793,47.0,3.682823411826399,255.0,29.410533395166542,91.43724483940254,84.0,16.0,239.0,20.333274515006824,98.74449843846847,0.8964557790579863,1189382560.0,0.2039931436302772,1389.7062280438558,19.765893410741157,4.1845987484273115,302.28081137459355,23.555921798767997,9.142854769739554,0.12274786813259106,0.9735046120732886,0.10697574975124786,0.4887767163136685,0.11130405709774943,0.1676991812292119,3.1084095055177308,-0.7741961471645913,0.9900940073692454,0.9475889510131446,0.9990284539172973,0.9476594914583684,0.9911628939606643,0.10371573306698707,0.25792100783671995,2.9999710855339825,2.3164006594680364,2403.6579350490197,0.18410370213304378,2.5162571691082607,22.87048100490196,211.7783394607843,3198.7182904411766,22.284500603249185,0.07459076488167996,7.096004941021363,828.3005514705883,0.06344213782709775,0.1070321850764867,124.48698815415796,0.13066403293117645,3.046664658005269,0.010531413215213083,2403.6579350490197,0.18410370213304378,2.5162571691082607,22.87048100490196,211.7783394607843,3198.7182904411766,22.284500603249185,0.07459076488167996,828.3005514705883,0.06344213782709775,0.13066403293117645,3.046664658005269,0.010531413215213083,7.096004941021363,0.1070321850764867,124.48698815415796,3.3080826916302652,81706.17020544015,0.6698215327297482,0.1847186565769176,24883.49164630847,2.3191271434437524,19.83138495843649,7.946155990228067,154.3753668574052,0.6798432782082736,0.08425142399587066,0.1458771694913093,2.997021418460647,0.012011785747244992,48.68512874829542,0.0004110589004250234,6.048073716197422,0.004500669310023037,0.026383449941658692,60_Benign_center1.png,/mnt/wangbd8/workspace/DataSets/ThyroidAgent/Classifaction_Data/Lymph_Node_Metastasis_fake/images/60_Benign_center1.png,/mnt/wangbd8/workspace/DataSets/ThyroidAgent/train_val_test/pred_masks/Lymph_Node_Metastasis_fake/Lymph_images/60_Benign_center1.png
0.9991225139489635,547.9417879582389,669.63049512399,224168.5,547.4609766825256,2076.911688245428,0.009264957780622292,224168.0,0.8081169098734595,9.0,90.0,788509779.0,2.2392346712836444,48.0,2.718866683535672,174.0,25.522578606634486,50.58395043003462,51.0,0.0,174.0,19.79096890371966,59.30847174602166,0.3786713873070656,788509779.0,0.23261565175068719,958.7587797404499,8.13690734372834,2.574197457441433,102.15255836678566,6.625460920485947,6.1369805277159335,0.09532135239432463,0.9694105471050647,0.09531240917038183,0.4540138917811215,0.08623689705246235,0.1948214870516545,2.7570937953346597,-0.7687240153089095,0.9838806394547158,0.9523446897372034,0.9980935932009225,0.952345285952133,0.988086073065146,0.0953045838494319,0.27077399131612956,2.661720831035818,1.558075470027564,5037.881047187514,0.23057719104707375,1.4939581282328456,10.763696279005904,442.428577966955,1489.307290951531,336.59837957397554,0.21090583155318057,6.766962429279644,1370.158954643233,0.0627103736849848,0.09746707826273153,337.16355128639236,0.12271226488605698,1.41773911281066,0.027413478173020284,5037.881047187514,0.23057719104707375,1.4939581282328456,10.763696279005904,442.428577966955,1489.307290951531,336.59837957397554,0.21090583155318057,1370.158954643233,0.0627103736849848,0.12271226488605698,1.41773911281066,0.027413478173020284,6.766962429279644,0.09746707826273153,337.16355128639236,2.947740241457724,155164.4498501124,0.6921793023540934,0.17080835457402627,52144.98542164805,1.5587624982425765,8.179521608793404,8.039202740801542,63.280767103243996,2.9919595389858236,0.3549031045138158,0.14242443167624283,1.2479613504157594,0.046181250634411086,287.14904324840177,0.0002180935923821292,2.0005294153025592,0.007032187287346293,0.005006612903771259,60_Malignant_center1.png,/mnt/wangbd8/workspace/DataSets/ThyroidAgent/Classifaction_Data/Lymph_Node_Metastasis_fake/images/60_Malignant_center1.png,/mnt/wangbd8/workspace/DataSets/ThyroidAgent/train_val_test/pred_masks/Lymph_Node_Metastasis_fake/Lymph_images/60_Malignant_center1.png
0.9992218991004234,463.08359364541013,564.978760662735,159108.0,462.72326788461544,1856.0416305603426,0.011665294206201715,159108.0,0.7618390455514128,16.0,143.0,1289628225.0,2.834923108285793,64.0,3.0125611671000794,255.0,37.398546271911464,77.0972609799633,73.0,0.0,255.0,26.910412427161074,90.029794010027,0.5768512590181001,1289628225.0,0.15660907121435103,2161.3761588753246,16.576049353153575,3.6274662398467474,574.7918283995076,30.326902068079757,13.791688679409429,0.12153655170675456,0.9825293489197682,0.10609793752717513,0.48614108806986434,0.11027977935923422,0.12809859226312478,3.4013345499026157,-0.8000804436187141,0.9946267900222456,0.9479403227659664,0.9990423115414186,0.9479980638467465,0.9912319763723869,0.10318412059906083,0.20309654490116136,3.2940365547964734,3.478306307779045,2631.711532760154,0.15604574756953182,3.268291267506943,20.646783278980138,242.9664986658761,2434.021464571598,105.31183121646735,0.1318488244313038,7.256496022965563,1111.6439371479396,0.06591425657562641,0.10599718430248636,153.96212624819492,0.1317476284583851,2.739784490033304,0.018116196378468563,2631.711532760154,0.15604574756953182,3.268291267506943,20.646783278980138,242.9664986658761,2434.021464571598,105.31183121646735,0.1318488244313038,1111.6439371479396,0.06591425657562641,0.1317476284583851,2.739784490033304,0.018116196378468563,7.256496022965563,0.10599718430248636,153.96212624819492,3.592063866761675,106960.96663901249,0.6722538567451825,0.18341899808277567,24917.75610277296,3.481656424260301,16.629823767503833,7.956394398773161,128.10708449606557,1.8576604748203855,0.2216531321590266,0.14555556952230908,2.5545771844700877,0.029285837919834468,69.19212696961021,0.00040134149481817633,5.857941650276575,0.00666874463260393,0.025092116872418066,61_Benign_center1.png,/mnt/wangbd8/workspace/DataSets/ThyroidAgent/Classifaction_Data/Lymph_Node_Metastasis_fake/images/61_Benign_center1.png,/mnt/wangbd8/workspace/DataSets/ThyroidAgent/train_val_test/pred_masks/Lymph_Node_Metastasis_fake/Lymph_images/61_Benign_center1.png
0.9999564912218076,612.2525907406363,748.8264151323723,280659.0,612.225952378468,2189.798989873222,0.007802347296445944,280659.0,0.8576106541447366,47.0,157.0,3177435111.0,2.74350803652471,57.0,2.7299286581544138,252.0,33.14747986020014,98.1686067434146,96.0,10.0,242.0,23.98159952592976,106.4017714329693,0.414768939232179,3177435111.0,0.16941496721679764,1684.2616141306535,22.601782896474905,4.46123253339807,326.4444742274082,13.607199513548126,10.908642072360745,0.11189335465859354,0.9796936627263569,0.11189335465859353,0.5056006054263983,0.09937323184183973,0.13568410832631514,3.346984371126935,-0.779879786229476,0.9930452685272732,0.9440533226707032,0.9990828413552574,0.9440533226707032,0.9906755537784504,0.11189335465859353,0.20249476983713308,3.2350910164683446,2.7551338567548345,5359.959084496002,0.1680501358989184,2.7474524077316027,25.649506192193133,157.57156294089984,2904.2264931807495,17.459988306875065,0.07661633306685192,7.152724043515929,2060.7062235460103,0.06460906799015552,0.11364324678702625,80.14094343749862,0.11715007183706035,3.0408010013829583,0.009599836044748579,5359.959084496002,0.1680501358989184,2.7474524077316027,25.649506192193133,157.57156294089984,2904.2264931807495,17.459988306875065,0.07661633306685192,2060.7062235460103,0.06460906799015552,0.11715007183706035,3.0408010013829583,0.009599836044748579,7.152724043515929,0.11364324678702625,80.14094343749862,3.5389479013318375,183463.19191973176,0.6536871859435535,0.19016455761230244,47547.83528409921,2.7565861958072655,22.639950972532503,7.878104746329175,174.96842075258587,0.7112573250930875,0.08855656637710844,0.14712060622400214,3.4345684818785625,0.012660784216518114,103.58335960839926,0.0001932821607130089,5.989504324809083,0.005583980673842464,0.010645773120123788,61_Malignant_center1.png,/mnt/wangbd8/workspace/DataSets/ThyroidAgent/Classifaction_Data/Lymph_Node_Metastasis_fake/images/61_Malignant_center1.png,/mnt/wangbd8/workspace/DataSets/ThyroidAgent/train_val_test/pred_masks/Lymph_Node_Metastasis_fake/Lymph_images/61_Malignant_center1.png
0.9989818201882125,462.912551704045,564.978760662735,159146.0,462.4412234892769,1983.3969696196687,0.012462750993551007,159145.0,0.7130059440272816,42.0,151.0,1573397123.0,2.6760680270551647,56.0,2.9890219918198206,255.0,32.65557236757731,90.76995821420716,84.0,10.0,245.0,23.194450589227348,99.4311990353466,0.6279741679831378,1573397123.0,0.17893072051969613,1647.3780273977952,19.960682015802803,4.161840132068101,336.614222675353,21.187831464892405,10.674609307974011,0.11553438433329553,0.9785852000440616,0.10525121923556767,0.48410386264454774,0.104456565182722,0.14731379836324124,3.2440941395254477,-0.7877309554524786,0.9925939211196014,0.9480419193270704,0.999077682170217,0.9480789926226771,0.991278412090574,0.10330099707246874,0.22709286353382985,3.137992689394384,2.6975359230768263,2801.196292128176,0.16591815981331376,2.871958907573851,24.141740212047623,225.60854113605401,3195.56447313866,29.50473472031915,0.08526538849933123,7.210328502614284,1091.1949890422318,0.06463276603934323,0.10608564516635773,136.75254168610442,0.13376653168104446,3.3422759875207966,0.013221222554407755,2801.196292128176,0.16591815981331376,2.871958907573851,24.141740212047623,225.60854113605401,3195.56447313866,29.50473472031915,0.08526538849933123,1091.1949890422318,0.06463276603934323,0.13376653168104446,3.3422759875207966,0.013221222554407755,7.210328502614284,0.10608564516635773,136.75254168610442,3.4361544275356963,106982.36318451726,0.6722320097050944,0.1839820554250874,28475.92951710704,2.6983715603848184,20.023205253071097,7.955970969870244,155.00404662414778,0.798175397263091,0.0985330839189915,0.1457210580148781,3.0603073367753373,0.014020512430755862,59.25633555211004,0.0003645080934991604,5.7191369938561065,0.005131483159541241,0.021246606301001676,62_Benign_center1.png,/mnt/wangbd8/workspace/DataSets/ThyroidAgent/Classifaction_Data/Lymph_Node_Metastasis_fake/images/62_Benign_center1.png,/mnt/wangbd8/workspace/DataSets/ThyroidAgent/train_val_test/pred_masks/Lymph_Node_Metastasis_fake/Lymph_images/62_Benign_center1.png
0.9984565474530506,462.96812886777144,564.978760662735,159119.0,462.25355953011405,2002.308657865097,0.01258371821005095,159118.0,0.7062117305700553,36.0,126.0,1122616712.0,2.467193528575919,45.0,3.505286193942344,241.0,27.444481849693712,76.41381867544841,71.0,11.0,230.0,18.937614750888624,83.99551473924613,0.8170532829813558,1122616712.0,0.21417343411681905,1216.1748117466057,14.876853252647503,3.5951651538073626,216.03437544095846,16.98574108306458,7.936215120347206,0.1296520423600605,0.9678516792442332,0.12963943519919313,0.55653059900835,0.11284565920129469,0.16792106155044176,3.1335227365949705,-0.7297960606616943,0.9862536668797293,0.93518154311649,0.9987163236136251,0.9351823835938812,0.9882146923088676,0.12962840393343417,0.28360438729198184,3.0037925114103965,2.016466790676817,3991.3462434063586,0.1896757232051684,2.280895115750308,17.15629900679561,116.92933517084066,1395.6000570260894,17.52382408486345,0.12719549035229033,6.762550651034329,1565.086299482013,0.07437562607432462,0.13224776580902223,59.752078757754795,0.1432251652111494,2.637953344392537,0.020242464034078367,3991.3462434063586,0.1896757232051684,2.280895115750308,17.15629900679561,116.92933517084066,1395.6000570260894,17.52382408486345,0.12719549035229033,1565.086299482013,0.07437562607432462,0.1432251652111494,2.637953344392537,0.020242464034078367,6.762550651034329,0.13224776580902223,59.752078757754795,3.33590456024928,98049.57576138464,0.616206687875568,0.2165841768770534,34078.848489800024,2.016989865895544,14.945298457748338,7.699568873414698,112.21761208662754,1.0274543912449954,0.13247127127810035,0.15458304179567645,2.4126734736345212,0.020438496185673012,106.37030147252754,0.00024719839347982865,6.199798355525044,0.00575479196645299,0.013601650086581736,62_Malignant_center1.png,/mnt/wangbd8/workspace/DataSets/ThyroidAgent/Classifaction_Data/Lymph_Node_Metastasis_fake/images/62_Malignant_center1.png,/mnt/wangbd8/workspace/DataSets/ThyroidAgent/train_val_test/pred_masks/Lymph_Node_Metastasis_fake/Lymph_images/62_Malignant_center1.png
0.9992855646209104,463.24358268410447,564.978760662735,159056.0,462.91262507949875,1884.2842712474614,0.011846672060453308,159056.0,0.7502975655153232,80.0,167.0,2429783407.0,2.4800743502668383,46.0,3.1060829437500335,255.0,27.77300082533017,118.7300636253898,113.0,27.0,228.0,19.85485358930146,123.59723428969585,0.592556057793768,2429783407.0,0.20829610362604511,1179.4483155728553,20.175292174636592,4.273396033737188,185.32561870239314,12.087736084553512,7.7828021185538,0.129288064650336,0.967318859705419,0.12448467580277109,0.544140207489795,0.11379163014061497,0.16357307193064874,3.1260437960004164,-0.7391231574583127,0.9871143778516311,0.938168244283536,0.9987289208462212,0.9382352693974122,0.9887140547228295,0.12284695869421787,0.2510054337548381,3.0001182705913463,1.9780225458010339,3965.918093521578,0.19855402490845991,2.0640360755755287,21.952938820466606,126.93651747271453,2173.9251026334236,11.814132952920366,0.07500728658896778,6.788883571815514,1397.6620606788827,0.06997406932406541,0.1255784126345438,63.52472614117989,0.13074280210256267,2.846417561831552,0.011062330843423465,3965.918093521578,0.19855402490845991,2.0640360755755287,21.952938820466606,126.93651747271453,2173.9251026334236,11.814132952920366,0.07500728658896778,1397.6620606788827,0.06997406932406541,0.13074280210256267,2.846417561831552,0.011062330843423465,6.788883571815514,0.1255784126345438,63.52472614117989,3.3275637780907825,100050.2838622875,0.6290255247352348,0.2069257817633443,33130.74505834423,1.9805148306238574,20.23322603359823,7.763064581028066,154.92667991147772,0.6212339733271335,0.0792981198146841,0.15175333076261052,3.134856416747701,0.01196021784743066,86.65733173063587,0.00025458855429396634,5.574801218167344,0.005453698635027345,0.011910718200471649,63_Benign_center1.png,/mnt/wangbd8/workspace/DataSets/ThyroidAgent/Classifaction_Data/Lymph_Node_Metastasis_fake/images/63_Benign_center1.png,/mnt/wangbd8/workspace/DataSets/ThyroidAgent/train_val_test/pred_masks/Lymph_Node_Metastasis_fake/Lymph_images/63_Benign_center1.png
0.9996230341151132,462.26326628352587,564.978760662735,159633.0,462.08900880230067,1789.254833995936,0.011208552329380115,159631.0,0.791578647040937,27.0,128.0,1107434874.0,2.5967547592755476,44.0,3.5529839245891663,233.0,29.5968292899486,74.02270235731154,68.0,5.0,228.0,19.79439040670434,83.29146112846598,0.7719258916482429,1107434874.0,0.19890476031354506,1458.1070326356232,14.54384642444344,3.487873134328358,321.2910270258767,20.643347438436823,9.642276975873683,0.12792728277802906,0.9738127720994683,0.12782677521483493,0.5519495632386188,0.11158759831620513,0.1561512321313227,3.2525598522460726,-0.7473400916205178,0.9896308486937583,0.936096663148902,0.998733450650844,0.936103363653115,0.988380145492312,0.12773883109704007,0.29385898788883863,3.124141568495099,2.4425510646629287,3790.416554379211,0.18240695641863383,2.5640216609959414,17.700914340712224,147.44720885466796,1402.497593840231,55.54150205130576,0.1281612765186815,6.805246135618274,1605.613666987488,0.0772672602015153,0.13017521659326822,88.43479464271654,0.15268904980261636,2.9299474478601386,0.019640802474838945,3790.416554379211,0.18240695641863383,2.5640216609959414,17.700914340712224,147.44720885466796,1402.497593840231,55.54150205130576,0.1281612765186815,1605.613666987488,0.0772672602015153,0.15268904980261636,2.9299474478601386,0.019640802474838945,6.805246135618274,0.13017521659326822,88.43479464271654,3.4522760753742316,99098.7416040744,0.6207988523787635,0.21593447386013706,31751.365793611516,2.443427528713074,14.606035168607601,7.721614222801335,108.85579868571894,1.4944461094918249,0.18422313389167694,0.15441062338907996,2.3985246530366218,0.02610333656287377,107.0308028779112,0.0002670510524880202,5.8978495472829,0.0068400643671817024,0.014663694693701764,63_Malignant_center1.png,/mnt/wangbd8/workspace/DataSets/ThyroidAgent/Classifaction_Data/Lymph_Node_Metastasis_fake/images/63_Malignant_center1.png,/mnt/wangbd8/workspace/DataSets/ThyroidAgent/train_val_test/pred_masks/Lymph_Node_Metastasis_fake/Lymph_images/63_Malignant_center1.png
0.9998364595491255,462.9739955194495,564.978760662735,159235.0,462.8982805434791,1844.6274169979695,0.011584308832844347,159235.0,0.7668590351049194,31.0,129.0,1182886613.0,2.5961341463643457,50.0,3.4174055744960032,255.0,29.87634125647552,77.52556284736396,73.0,3.0,252.0,21.018467715717964,86.18908938832307,0.6909523202252995,1182886613.0,0.19235898749414496,1418.3462347877655,15.479404616488898,3.6313420055156085,295.5757195451287,18.4721729401792,9.29769693782837,0.12665751596126482,0.9731212325295475,0.11526110992179925,0.5144471714774743,0.1133723925008597,0.1542388654259863,3.2062816837492982,-0.7649040877751863,0.990531168091149,0.9431814171608554,0.998984597182832,0.9432377201551181,0.990452132337406,0.11276492178768222,0.25241465288184256,3.0909126016260617,2.356088613447409,3299.167781221117,0.17937083571038528,2.5259201951564942,17.057630620344696,160.8626651443484,2014.93454031425,30.313699450878858,0.14534683808915067,7.041220847666982,1195.523242537922,0.06499881707921068,0.11550852513580558,85.91261586167235,0.12612154964410813,2.1490949796407843,0.021152926763777447,3299.167781221117,0.17937083571038528,2.5259201951564942,17.057630620344696,160.8626651443484,2014.93454031425,30.313699450878858,0.14534683808915067,1195.523242537922,0.06499881707921068,0.12612154964410813,2.1490949796407843,0.021152926763777447,7.041220847666982,0.11550852513580558,85.91261586167235,3.4076204881341337,103555.389286275,0.6503305761062267,0.19457912386540968,30630.28337363017,2.3569176716750646,15.539743146921218,7.861845699751939,120.434646905517,1.205466413695904,0.15225709935853132,0.14837015871022213,2.359492434312669,0.022510054991503683,91.69105596086139,0.00030098630396353077,5.64001410246995,0.006009082166306508,0.016940831950662184,64_Benign_center1.png,/mnt/wangbd8/workspace/DataSets/ThyroidAgent/Classifaction_Data/Lymph_Node_Metastasis_fake/images/64_Benign_center1.png,/mnt/wangbd8/workspace/DataSets/ThyroidAgent/train_val_test/pred_masks/Lymph_Node_Metastasis_fake/Lymph_images/64_Benign_center1.png
0.9995856940112036,346.729388972076,423.55755216971403,89829.5,346.58573690973316,1275.1126983722081,0.014194810150030983,89829.0,0.8332318309999811,44.0,130.0,712846045.0,2.4524444248785695,44.0,3.045742098458985,221.0,26.59606998127671,82.57677364770842,79.0,12.0,209.0,18.812039288740625,89.08192426440588,0.5656067566426258,712846045.0,0.21267878531749518,1116.6656845844723,16.570802887086323,3.84410962883511,161.7635067387745,10.09186981089518,7.313252870162539,0.1387566758284731,0.9627599307348925,0.13868963822037497,0.5811595150942807,0.11952186007877463,0.16287151279260126,3.1529410337904205,-0.7144151284770569,0.9848506695281255,0.9306618846506224,0.9983079031248535,0.9306663538244956,0.9861316456107634,0.1386309803132891,0.25939085160108155,3.0137970708952357,1.863002386497753,2472.115647326686,0.1940893183109591,2.0640640517112963,18.613252728271963,105.13127109994504,1438.7051896050875,13.486978743628018,0.10137560043732584,6.595395565742785,1031.151055978645,0.08095713715778008,0.14179162631221542,55.392066909164654,0.15654628216488956,3.0538570675889383,0.01732985169094827,2472.115647326686,0.1940893183109591,2.0640640517112963,18.613252728271963,105.13127109994504,1438.7051896050875,13.486978743628018,0.10137560043732584,1031.151055978645,0.08095713715778008,0.15654628216488956,3.0538570675889383,0.01732985169094827,6.595395565742785,0.14179162631221542,55.392066909164654,3.3606581738424333,53772.86570038629,0.5986136514976933,0.22936913716778823,19104.722606285275,1.8630282016344029,16.635540860969176,7.608289082590255,123.83477496131539,0.8393811055193301,0.10888918406809113,0.15850486294329597,2.7364041060731443,0.017045139576951817,70.71235838663007,0.00040590625984233665,4.855579130811424,0.007073972426582368,0.01446447248061079,64_Malignant_center1.png,/mnt/wangbd8/workspace/DataSets/ThyroidAgent/Classifaction_Data/Lymph_Node_Metastasis_fake/images/64_Malignant_center1.png,/mnt/wangbd8/workspace/DataSets/ThyroidAgent/train_val_test/pred_masks/Lymph_Node_Metastasis_fake/Lymph_images/64_Malignant_center1.png
0.9997126905854034,405.0212030589511,494.26814584797995,121944.0,404.904836654201,1640.3259018078047,0.013451468721772327,121943.0,0.7546663882643165,28.0,126.0,807096483.0,2.5809177039308797,54.0,3.4096269534751653,255.0,31.394446131432446,71.72817627908121,65.0,7.0,248.0,22.983378555055094,81.35500757022339,0.7767013250644674,807096483.0,0.19235683437820328,1473.7059844281566,13.94265477698623,3.400791365722841,313.558911214932,21.541779929634895,9.665702896320148,0.15661144107533603,0.9681110916031089,0.12072851713528898,0.5254962297713988,0.14203606622565026,0.15558348964974872,3.19755209367517,-0.7611383605262614,0.9901201000393332,0.9415647117218734,0.9988318363746107,0.9416289009749551,0.9900962954568735,0.11559173080689437,0.25231569075862526,3.076683885576338,2.455578584348871,2474.842739990352,0.1705494273303254,2.69196249339902,17.333884639239198,171.1090207428847,1618.2777892633176,45.61950912446108,0.15220873391247186,6.981478991306111,1026.9071049548618,0.07076749396698104,0.11899822048006035,100.49042681808982,0.14527199118987633,2.74221257577655,0.022366781921755927,2474.842739990352,0.1705494273303254,2.69196249339902,17.333884639239198,171.1090207428847,1618.2777892633176,45.61950912446108,0.15220873391247186,1026.9071049548618,0.07076749396698104,0.14527199118987633,2.74221257577655,0.022366781921755927,6.981478991306111,0.11899822048006035,100.49042681808982,3.3959421394941813,78506.56254971585,0.6437972048392762,0.20188831905443838,23456.56945458124,2.4549434729716975,14.02134603872301,7.830551979203398,105.94511370066343,1.4732322252901242,0.18344668741185283,0.1504405063567951,2.247015226604051,0.02643409420328358,77.15781496930626,0.00039988020809760395,5.847502663295957,0.006513785943062271,0.022707145736347904,65_Benign_center1.png,/mnt/wangbd8/workspace/DataSets/ThyroidAgent/Classifaction_Data/Lymph_Node_Metastasis_fake/images/65_Benign_center1.png,/mnt/wangbd8/workspace/DataSets/ThyroidAgent/train_val_test/pred_masks/Lymph_Node_Metastasis_fake/Lymph_images/65_Benign_center1.png
0.9546422314040934,644.1629965482016,770.275924588066,296196.5,614.9452004127224,2464.2842712474617,0.008319761615169192,296196.0,0.7828960251739356,22.0,121.0,1727501926.0,2.5349164849046804,45.0,3.3394129324336195,226.0,29.163803756093508,66.58499777174573,61.0,3.0,223.0,19.56340355784856,76.36945221427783,0.7528060940753313,1727501926.0,0.20296005569649295,1398.7313032454813,12.504343472613119,3.202598979757523,269.8962485176524,19.769097371868543,9.08913310786767,0.09832011799090712,0.9785968721529532,0.09831335245724182,0.46367035222915937,0.08865460271952526,0.16978440161296052,3.0718550055534237,-0.7881019004703756,0.9907561081840435,0.9508440003247457,0.9990265373497855,0.9508444513603234,0.99106247375793,0.09830743261528468,0.29407406906256767,2.973491328013216,2.2968633064646444,5359.863369543215,0.18081989641533014,2.494929222887444,16.810437892180015,334.57330814384994,2064.5892652317657,175.21071644936774,0.14087824739421292,7.108153798679876,1874.7502192834493,0.06324641452275316,0.10007562559926535,234.7243879382874,0.12876293203084377,2.411174307718735,0.01753269246781531,5359.863369543215,0.18081989641533014,2.494929222887444,16.810437892180015,334.57330814384994,2064.5892652317657,175.21071644936774,0.14087824739421292,1874.7502192834493,0.06324641452275316,0.12876293203084377,2.411174307718735,0.01753269246781531,7.108153798679876,0.10007562559926535,234.7243879382874,3.2599496981714666,203243.13459330983,0.6861778504547996,0.1751550771244254,60115.95665707842,2.2976512157433087,12.549058731380573,8.014308093289578,96.3974091479966,1.8717340347721096,0.2233981496077196,0.14351289161381128,1.946909216269707,0.029390767186564335,163.32410576338407,0.00018863259603770752,4.668735117361144,0.004982103938068428,0.010954073332782715,65_Malignant_center1.png,/mnt/wangbd8/workspace/DataSets/ThyroidAgent/Classifaction_Data/Lymph_Node_Metastasis_fake/images/65_Malignant_center1.png,/mnt/wangbd8/workspace/DataSets/ThyroidAgent/train_val_test/pred_masks/Lymph_Node_Metastasis_fake/Lymph_images/65_Malignant_center1.png
0.9998385140760396,346.60390705894815,423.55755216971403,89897.5,346.5479354067685,1253.7989898732233,0.013946983952537314,89897.0,0.8477168654673986,39.0,135.0,700890075.0,2.484434963626533,46.0,4.2270379730922185,255.0,29.07318709967729,80.03598562799648,73.0,11.0,244.0,19.86614441553802,88.29830272668733,1.0602726270916665,700890075.0,0.21526172044264372,1390.8312689688582,16.15938065149925,3.7344548884770816,336.7088368762477,27.687587400256586,9.03737428530239,0.18446493558686283,0.959993894673632,0.14255732434303064,0.5875802088627976,0.1641423448630188,0.16652964762566388,3.1791680832712435,-0.7207387345356007,0.9859961335948413,0.9312222171532517,0.9986075433213949,0.9313577428485664,0.9883122537736369,0.13533143143522475,0.2934537498046395,3.0360073401587924,2.3054598052223128,2372.004384915889,0.18910981303642585,2.583067445786065,18.493263174679104,105.40293390735869,1377.0481543490394,14.347406417713895,0.11043578720494847,6.702472126261748,994.8576098222115,0.07931576256256172,0.13952634681913745,54.03553755786464,0.161333480748246,3.13903184539905,0.01997775256013771,2372.004384915889,0.18910981303642585,2.583067445786065,18.493263174679104,105.40293390735869,1377.0481543490394,14.347406417713895,0.11043578720494847,994.8576098222115,0.07931576256256172,0.161333480748246,3.13903184539905,0.01997775256013771,6.702472126261748,0.13952634681913745,54.03553755786464,3.3842758678316516,54227.68836557394,0.603220222761315,0.22856918615070843,19351.382882632344,2.3031411734977705,16.247027153297662,7.632123430147836,120.93953079635583,0.8936811741255106,0.11601226437084752,0.15823664860896358,2.680637593888314,0.018288112049065396,54.859227011216845,0.0004077033007336683,8.46827265688785,0.0058860275180217,0.030359184271748402,66_Benign_center1.png,/mnt/wangbd8/workspace/DataSets/ThyroidAgent/Classifaction_Data/Lymph_Node_Metastasis_fake/images/66_Benign_center1.png,/mnt/wangbd8/workspace/DataSets/ThyroidAgent/train_val_test/pred_masks/Lymph_Node_Metastasis_fake/Lymph_images/66_Benign_center1.png
0.9996660363318729,404.38868160557035,494.26814584797995,122334.0,404.2536304781123,1503.1126983722081,0.012286957823435906,122333.0,0.8248727872841909,26.0,137.0,972955896.0,2.728223426843005,69.0,2.255918488905853,223.0,35.69852499284757,78.65388734029248,76.0,7.0,216.0,27.935101355819672,89.18149820550677,0.3662227268027581,972955896.0,0.1646377261463546,1766.9056284393855,16.407986224991802,3.678804526074123,304.81965072165866,12.340281996897765,11.606668078055154,0.10913414234175141,0.9813697533828708,0.1091341423417514,0.49729873337195185,0.09722388131708175,0.13352373945573132,3.3163298932266256,-0.7845608682367086,0.993063980667342,0.9454329288291243,0.9986690958251007,0.9454329288291243,0.9890865857658249,0.1091341423417514,0.2112987864873729,3.207195750884877,2.928950555099226,2171.324636410144,0.15868776119346226,2.9367970340674825,19.690930351531097,195.58174376964115,2181.011547175327,52.67396277722546,0.14779805824536124,7.152964917771847,904.9923993276328,0.06613991078912759,0.11185044100937605,115.64902252717592,0.13682529476301292,2.722454152473431,0.021190544340805872,2171.324636410144,0.15868776119346226,2.9367970340674825,19.690930351531097,195.58174376964115,2181.011547175327,52.67396277722546,0.14779805824536124,904.9923993276328,0.06613991078912759,0.13682529476301292,2.722454152473431,0.021190544340805872,7.152964917771847,0.11185044100937605,115.64902252717592,3.518575954695364,80644.38613456712,0.6592202115092994,0.19200217163541178,20140.626952661998,2.9267658557210408,16.45566609173322,7.899838964138866,126.42607473044886,1.484648950774624,0.18299597591382835,0.14778559796257393,2.546979237908914,0.025840947392109598,78.36233190763875,0.0004828638132413673,3.586974946981776,0.008834816372332422,0.015355215077714115,66_Malignant_center1.png,/mnt/wangbd8/workspace/DataSets/ThyroidAgent/Classifaction_Data/Lymph_Node_Metastasis_fake/images/66_Malignant_center1.png,/mnt/wangbd8/workspace/DataSets/ThyroidAgent/train_val_test/pred_masks/Lymph_Node_Metastasis_fake/Lymph_images/66_Malignant_center1.png
0.9994981347766305,405.2444847811033,494.26814584797995,121801.0,405.0411066672294,1806.5096679918765,0.014831648902651673,121800.0,0.6848414984168318,25.0,128.0,807627777.0,2.6393842399190053,57.0,3.5197847592743448,255.0,32.594832928082056,70.79926929392447,63.0,3.0,252.0,23.66245786762662,81.42953964077394,0.8474289423462915,807627777.0,0.18550693982706043,1618.2333935547383,13.92125640476465,3.361994826762443,389.9629936674808,27.285866898115547,10.617839409946168,0.14485065159727828,0.9730828165135315,0.11860553239863585,0.5219593951925401,0.13078337928171443,0.14844802406420748,3.25440473696385,-0.7668594312222299,0.9912300061334907,0.9423173822579551,0.9988818839268825,0.9424012973889822,0.9902389933072191,0.11394974442676993,0.2371616389607394,3.1354649925520497,2.6906725153858613,2491.813625575876,0.17393645299287142,2.7966990513806773,15.992670668714226,186.08139047884964,1845.5743403601844,57.40204036628501,0.17257036822762709,7.003677131156785,1015.7322350970264,0.0709013147491991,0.11761904761904762,113.796973425628,0.14356304479358145,2.3501630122102886,0.027550393170009003,2491.813625575876,0.17393645299287142,2.7966990513806773,15.992670668714226,186.08139047884964,1845.5743403601844,57.40204036628501,0.17257036822762709,1015.7322350970264,0.0709013147491991,0.14356304479358145,2.3501630122102886,0.027550393170009003,7.003677131156785,0.11761904761904762,113.796973425628,3.460754505202584,78775.97346469622,0.6467649709745175,0.20013101884431933,22594.74527093596,2.691839504045772,13.992807881773398,7.844039408866995,107.45172413793104,1.6366741502955344,0.20394892410024934,0.14996442255062942,2.177148330596607,0.029554870741983725,67.49007137522341,0.0004011571856588407,7.342986194342919,0.005749542550177479,0.030216673371489713,67_Benign_center1.png,/mnt/wangbd8/workspace/DataSets/ThyroidAgent/Classifaction_Data/Lymph_Node_Metastasis_fake/images/67_Benign_center1.png,/mnt/wangbd8/workspace/DataSets/ThyroidAgent/train_val_test/pred_masks/Lymph_Node_Metastasis_fake/Lymph_images/67_Benign_center1.png
0.9995039325512028,485.41555058952844,593.2630108139223,176078.5,485.174751735741,1841.4558441227157,0.010458152722352336,176078.0,0.8077868657685192,31.0,141.0,1444048140.0,2.7147346630661513,53.0,2.979912722418252,249.0,32.56183677231935,80.82851917900021,76.0,7.0,242.0,22.927846173876045,90.56039068751947,0.6157171231192929,1444048140.0,0.1744358027934878,1667.9348488061582,16.888391027100887,3.7653381917558644,354.87476085497383,19.98700006239997,10.963452036242536,0.12097472102026874,0.9781721285783223,0.12097472102026874,0.5321561959227255,0.10633983789433689,0.1377680153723266,3.349892097000674,-0.7660295665278646,0.9921586176410297,0.9395126394898657,0.998802230484948,0.9395126394898657,0.9890022980890666,0.12097472102026874,0.21915850603507173,3.228917375980407,2.7711066893157006,3645.3887300562574,0.16809871484166086,2.7793764666553815,20.163423406806235,150.90380890897353,1779.4014110486028,41.693429853732525,0.11820156726771648,6.999028452966384,1549.9143226044453,0.07147073331201906,0.12316132623042061,84.97863466756912,0.14073559422599888,2.9895677166411776,0.016681748631647404,3645.3887300562574,0.16809871484166086,2.7793764666553815,20.163423406806235,150.90380890897353,1779.4014110486028,41.693429853732525,0.11820156726771648,1549.9143226044453,0.07147073331201906,0.14073559422599888,2.9895677166411776,0.016681748631647404,6.999028452966384,0.12316132623042061,84.97863466756912,3.547965386031341,111729.89392201183,0.6345477227252231,0.20571845385265844,30714.307284271745,2.7715970363627727,16.944655209623008,7.788457388202955,128.08505889435364,1.2646881313124974,0.15641696569729394,0.15145528938563843,2.699885530528768,0.022191697712758123,102.58711224165239,0.0002828619900586327,5.30033805688359,0.007385377695900606,0.013292746992912897,67_Malignant_center1.png,/mnt/wangbd8/workspace/DataSets/ThyroidAgent/Classifaction_Data/Lymph_Node_Metastasis_fake/images/67_Malignant_center1.png,/mnt/wangbd8/workspace/DataSets/ThyroidAgent/train_val_test/pred_masks/Lymph_Node_Metastasis_fake/Lymph_images/67_Malignant_center1.png
0.9987526996798001,405.8843233852384,494.26814584797995,121381.5,405.3780637387159,1850.0243866176368,0.015241403233751739,121380.0,0.6675806327623395,57.0,170.0,1716009577.0,2.826415773741708,65.0,2.658392387353538,255.0,35.84349342478018,110.60505025539628,107.0,5.0,250.0,26.289493884858047,118.90121351241125,0.35873012075006516,1716009577.0,0.1590448488235785,1904.0214327252716,27.55346145897913,4.952787766067369,400.64093932880746,15.109807614949096,12.264090839459184,0.17067162636908453,0.9725492743688344,0.15670179789212646,0.6279710115354136,0.14611617290645965,0.11669676784440809,3.5901554899811106,-0.7290889908215896,0.9918376041833247,0.9226030004314415,0.9986331827123531,0.9226865874819999,0.9870098858690315,0.1536168477364693,0.18705517668939864,3.4306875507447736,3.108690616457068,2949.4591333543176,0.1547297835145482,3.2089884869061094,29.270275941664043,73.0940090231875,1862.0833595635295,5.196437038071329,0.06604861353497198,6.789950255846257,1649.960339943343,0.08655756688402805,0.1570439940682155,32.54713890729213,0.1600612135304953,4.82875630188545,0.011405547901585442,2949.4591333543176,0.1547297835145482,3.2089884869061094,29.270275941664043,73.0940090231875,1862.0833595635295,5.196437038071329,0.06604861353497198,1649.960339943343,0.08655756688402805,0.1600612135304953,4.82875630188545,0.011405547901585442,6.789950255846257,0.1570439940682155,32.54713890729213,3.78554041717745,69439.83054869006,0.5720862625530571,0.24460133086411848,19304.863750205965,3.1146232911374736,27.645188663700775,7.458724666337123,203.71686439281595,0.5059053574132022,0.06748917618482078,0.1636458504970616,4.616641950898006,0.011060882295868083,56.23719555437575,0.0003459891763423227,7.90147677472066,0.008718603147610292,0.016730218319867787,68_Benign_center1.png,/mnt/wangbd8/workspace/DataSets/ThyroidAgent/Classifaction_Data/Lymph_Node_Metastasis_fake/images/68_Benign_center1.png,/mnt/wangbd8/workspace/DataSets/ThyroidAgent/train_val_test/pred_masks/Lymph_Node_Metastasis_fake/Lymph_images/68_Benign_center1.png
0.9993096312369046,473.78859048517404,579.1208854807431,167840.5,473.46150164199213,1746.8700576850888,0.010407917383975196,167840.0,0.8313668692600586,17.0,133.0,1175144571.0,2.741546138177416,64.0,2.6957477990114933,250.0,35.28677890946119,71.57517278360343,69.0,3.0,247.0,26.495350089332987,83.67542248860373,0.543494414549662,1175144571.0,0.16364112804105047,1878.5709696436447,14.535974768381628,3.3879540526494987,404.614407745893,21.55688183434108,12.351798246033919,0.12082982396406408,0.9806248012390085,0.12075814323005335,0.5319052148526795,0.10624729480769399,0.1300460003175318,3.3659588973530767,-0.7721711698004959,0.9927238153144146,0.9396280964583744,0.999009619809108,0.9396328751739751,0.9899372808893803,0.12069542258779398,0.17723658823599686,3.244836653408885,3.1181570174994953,3317.007945351485,0.16069996343934329,2.9777301786638013,18.707959885664454,173.62046412480015,1441.8125090838623,87.35842901332254,0.15782181644894747,6.992367596676505,1528.8944818564992,0.07407075635175132,0.1229802192564347,107.50097733045175,0.14914917693783034,3.090265297551589,0.020565298532035838,3317.007945351485,0.16069996343934329,2.9777301786638013,18.707959885664454,173.62046412480015,1441.8125090838623,87.35842901332254,0.15782181644894747,1528.8944818564992,0.07407075635175132,0.14914917693783034,3.090265297551589,0.020565298532035838,6.992367596676505,0.1229802192564347,107.50097733045175,3.564555129324308,106659.92988560534,0.6354857595662854,0.20722271912125673,27465.526930409913,3.1188461410885675,14.598927550047664,7.791956625357483,108.83023117254528,2.115626493889335,0.25629167675967524,0.15192081082512446,2.3977640742506092,0.03481270920706611,85.81836655136095,0.00032264894196959535,7.078116101589654,0.006766982554799258,0.021902466875842228,68_Malignant_center1.png,/mnt/wangbd8/workspace/DataSets/ThyroidAgent/Classifaction_Data/Lymph_Node_Metastasis_fake/images/68_Malignant_center1.png,/mnt/wangbd8/workspace/DataSets/ThyroidAgent/train_val_test/pred_masks/Lymph_Node_Metastasis_fake/Lymph_images/68_Malignant_center1.png
0.999479445160555,521.3711067372866,635.6893895606564,200898.5,521.0997044845277,2499.8406204335615,0.012443301569865188,200898.0,0.6355957116172737,71.0,207.0,4317680844.0,3.07823478510745,74.0,2.494377821529959,255.0,42.55319719705959,137.15506376370098,136.0,0.0,255.0,31.226028937535908,146.6011785901381,0.022691749319055602,4317680844.0,0.13185369116969678,2680.394047992678,40.490105679130615,6.017675558083606,736.9493095505243,2.7950338677668496,17.235241032950906,0.12449480585576146,0.9856570621797756,0.12243910227624262,0.537647898406017,0.10950347208954922,0.10242668855681425,3.72708825014009,-0.7887415296750256,0.9960937104727378,0.9389518553282462,0.9989823987754738,0.9389822770409842,0.9898079568189663,0.12173269256143547,0.1570018660998513,3.6029299990397083,4.339933959701669,3373.16447262803,0.13538146061278014,4.102986643566758,39.72399261518703,118.42237919409214,4893.848129715845,6.963079166843272,0.04950839601257581,7.335050600516702,1682.6593353668325,0.0675332852531238,0.12402313611882647,53.410221207279584,0.12134042384404313,4.596047818751953,0.0065719146262887395,3373.16447262803,0.13538146061278014,4.102986643566758,39.72399261518703,118.42237919409214,4893.848129715845,6.963079166843272,0.04950839601257581,1682.6593353668325,0.0675332852531238,0.12134042384404313,4.596047818751953,0.0065719146262887395,7.335050600516702,0.12402313611882647,53.410221207279584,3.922825368343399,126912.75080886818,0.6317272984741917,0.2034632408578148,26489.142848609743,4.346530124797351,40.521876773287936,7.776712560602893,316.05944310047886,0.42431287335955536,0.05385648121869287,0.15073929169141664,6.063302162180698,0.007997174325066123,59.35995049797221,0.00030645865201543184,5.6358109792450515,0.009637635023972824,0.01288278974343971,69_Benign_center1.png,/mnt/wangbd8/workspace/DataSets/ThyroidAgent/Classifaction_Data/Lymph_Node_Metastasis_fake/images/69_Benign_center1.png,/mnt/wangbd8/workspace/DataSets/ThyroidAgent/train_val_test/pred_masks/Lymph_Node_Metastasis_fake/Lymph_images/69_Benign_center1.png
0.9995211283407242,473.7230717618474,579.1208854807431,167888.0,473.49621920843555,1748.627416997969,0.010415440156520829,167888.0,0.830648865590184,23.0,132.0,1216327520.0,2.70101757614054,54.0,2.9976820513985163,223.0,32.53049462184966,74.71382111884114,71.0,0.0,223.0,23.12248337653839,85.1168295835612,0.6174923943889846,1216327520.0,0.1733742742304757,1662.719612178809,15.096879945063149,3.5178485056578985,355.27301688036624,19.76544656508447,11.00969517968742,0.12320783447287494,0.9778660005721482,0.11250709103394738,0.5130395329496437,0.11054998893995402,0.1403131014562183,3.302350310957516,-0.7771754210337058,0.9924562484515371,0.9446367102216314,0.9985289388967753,0.9448400684530622,0.9888302468210827,0.10841583834690337,0.2234675902427373,3.177805558518514,2.783225753540074,3040.285318854466,0.16183782172120015,3.0025262599821962,18.34259554987757,185.1446822101565,1947.725912913872,64.69522007150822,0.1577628932712902,7.175567540173227,1205.6420738848078,0.06417768944345831,0.11189602592204327,105.27707469956772,0.14385893802721678,2.684362305837144,0.03201937525079126,3040.285318854466,0.16183782172120015,3.0025262599821962,18.34259554987757,185.1446822101565,1947.725912913872,64.69522007150822,0.1577628932712902,1205.6420738848078,0.06417768944345831,0.14385893802721678,2.684362305837144,0.03201937525079126,7.175567540173227,0.11189602592204327,105.27707469956772,3.4935789146691376,110796.04344563042,0.6599402187507768,0.19418710704823441,29107.4601520061,2.787034928034498,15.137264128466597,7.901517678452302,116.0669672638902,1.676946203440388,0.20530808552388416,0.14845048815612524,2.360893704268454,0.029458472457715802,122.61351731560241,0.00032007600134950946,3.8736065483700455,0.008804983486569537,0.01099262523003849,69_Malignant_center1.png,/mnt/wangbd8/workspace/DataSets/ThyroidAgent/Classifaction_Data/Lymph_Node_Metastasis_fake/images/69_Malignant_center1.png,/mnt/wangbd8/workspace/DataSets/ThyroidAgent/train_val_test/pred_masks/Lymph_Node_Metastasis_fake/Lymph_images/69_Malignant_center1.png
0.9981538553694337,463.1163376683242,564.978760662735,159087.0,462.2613579282103,2079.597979746445,0.013072079929513066,159086.0,0.6798966342132062,29.0,122.0,1039807720.0,2.507253033381398,47.0,4.19000991567192,255.0,28.11053412109275,72.55129929723546,68.0,5.0,250.0,19.845735896181992,80.84637237674933,0.7904283228796873,1039807720.0,0.20473053230550575,1272.4448967629785,13.837584535582153,3.4338369227472407,288.3545321720795,17.91824654242518,8.327987422152619,0.14259332791297166,0.9663321011580301,0.11004594701911624,0.4939337363386227,0.13048321745763758,0.1676370589061252,3.084845594985018,-0.7693894280843624,0.9893816692380167,0.9469823241007752,0.9989161133055015,0.9470759885081929,0.9909819234672435,0.10438131524262265,0.2775162138143589,2.9762236753329074,2.117645187516398,3176.5831532215666,0.18555892010173297,2.408936266161404,16.306209474852505,203.98305975816345,2061.796074537064,49.45752482431945,0.14950599189282823,7.074231026846086,1069.5264326187278,0.06247598765224182,0.107608463346869,117.62415205252,0.13189717421000874,2.2095801036250164,0.021648495063343234,3176.5831532215666,0.18555892010173297,2.408936266161404,16.306209474852505,203.98305975816345,2061.796074537064,49.45752482431945,0.14950599189282823,1069.5264326187278,0.06247598765224182,0.13189717421000874,2.2095801036250164,0.021648495063343234,7.074231026846086,0.107608463346869,117.62415205252,3.284268064642099,106377.53811146172,0.6686794445234762,0.18594598433463533,32569.761462353694,2.118832177197706,13.908584036307406,7.9409627497077055,107.90321587066116,1.3620443405713591,0.1688855281487275,0.14621127356691768,2.116173013338697,0.02413710494456229,89.98175252666096,0.0003054732277402637,5.48106225698042,0.005163396841582902,0.018402488867565688,6_Benign_center1.png,/mnt/wangbd8/workspace/DataSets/ThyroidAgent/Classifaction_Data/Lymph_Node_Metastasis_fake/images/6_Benign_center1.png,/mnt/wangbd8/workspace/DataSets/ThyroidAgent/train_val_test/pred_masks/Lymph_Node_Metastasis_fake/Lymph_images/6_Benign_center1.png
0.9997479945941211,462.5912164576622,564.978760662735,159488.0,462.4746409704028,1832.8111831820434,0.011491843795031874,159487.0,0.7724159121698724,21.0,135.0,1116931538.0,2.727687754642117,63.0,3.045213003081983,255.0,34.98038487539994,71.85261494667277,67.0,3.0,252.0,25.91372556031271,83.68558040279595,0.6733447849068959,1116931538.0,0.1664483019615952,1840.4780926780024,14.5605485205538,3.4004784779246258,446.76846436332124,26.504382835906867,12.127585065649683,0.13840649874878966,0.9774324810151493,0.11999673050563986,0.5283399567310988,0.12400728341674648,0.13361363563591094,3.343477721885049,-0.7742844657882256,0.9926541300468631,0.9412457751429235,0.9989074107071589,0.9413340784506986,0.9900901743115096,0.11616921168116823,0.20224337613017618,3.22328929308036,3.066497891099618,3007.5194996320824,0.15807418793398942,3.080390329668765,18.90218648165668,200.49590034689373,1578.6976768632398,95.83442250569745,0.15300165278392114,7.026938346017305,1375.3280773678125,0.072286769545244,0.11929498956027763,130.22822388234044,0.1406804011579589,2.92491349542829,0.020353124289181897,3007.5194996320824,0.15807418793398942,3.080390329668765,18.90218648165668,200.49590034689373,1578.6976768632398,95.83442250569745,0.15300165278392114,1375.3280773678125,0.072286769545244,0.1406804011579589,2.92491349542829,0.020353124289181897,7.026938346017305,0.11929498956027763,130.22822388234044,3.5356065719195815,102516.26036604865,0.6427875649178217,0.20117736313620943,26546.34033494893,3.066954081986724,14.624916137365428,7.826562666549624,109.46898493294124,1.9412474888114897,0.2356348835180011,0.15021077997997745,2.37178160811435,0.032185780869551636,100.28824538264318,0.00034611917281981806,5.524647694414677,0.008093743664628682,0.018107996726489523,6_Malignant_center1.png,/mnt/wangbd8/workspace/DataSets/ThyroidAgent/Classifaction_Data/Lymph_Node_Metastasis_fake/images/6_Malignant_center1.png,/mnt/wangbd8/workspace/DataSets/ThyroidAgent/train_val_test/pred_masks/Lymph_Node_Metastasis_fake/Lymph_images/6_Malignant_center1.png
0.9998004820172548,404.62484198010367,494.26814584797995,122190.0,404.54411204786317,1551.9411254969543,0.012701048575963289,122189.0,0.7984496274545266,37.0,159.0,1326265248.0,2.880199981691734,64.0,2.728083678055865,255.0,37.47595508081843,93.42525104551146,87.0,0.0,255.0,27.095379706857404,104.18354712733117,0.5208141533791733,1326265248.0,0.15385520079940251,2125.9339591159937,21.600873448479675,4.267066723583109,516.4297376129488,25.689348535416585,13.742021352914911,0.16996125303736784,0.9755662067943286,0.1697149799697905,0.6582318386490617,0.14115807861122145,0.10988915375839473,3.6914832535896256,-0.7184653908585142,0.9919994386594462,0.9151671373218626,0.9986069718694254,0.9151835555263678,0.9858586636760277,0.16949949103566037,0.17804721875615684,3.520341375759663,3.4779956514880697,3098.565614302016,0.14732624640081857,3.5540106335637227,24.156856219094713,63.12148155192088,1157.485165462153,9.378002469024153,0.1074123909892105,6.699525560637385,2021.6391213389122,0.09612205788032104,0.17212678719033628,29.369204684441076,0.18685767568015157,4.872794204140827,0.019199684554760094,3098.565614302016,0.14732624640081857,3.5540106335637227,24.156856219094713,63.12148155192088,1157.485165462153,9.378002469024153,0.1074123909892105,2021.6391213389122,0.09612205788032104,0.18685767568015157,4.872794204140827,0.019199684554760094,6.699525560637385,0.17212678719033628,29.369204684441076,3.8862973914937857,67146.08772475428,0.5495264526655778,0.2648464071827365,18799.413130478195,3.476825308411747,21.672769234546482,7.31783548437257,154.49382513974254,0.9024691961254548,0.12035931194911427,0.17087235530385078,3.874556811351449,0.019768124835076426,71.74237830169731,0.00033801162232281105,8.715641070021789,0.010256549167015166,0.0182932629837284,70_Benign_center1.png,/mnt/wangbd8/workspace/DataSets/ThyroidAgent/Classifaction_Data/Lymph_Node_Metastasis_fake/images/70_Benign_center1.png,/mnt/wangbd8/workspace/DataSets/ThyroidAgent/train_val_test/pred_masks/Lymph_Node_Metastasis_fake/Lymph_images/70_Benign_center1.png
0.997136507018399,474.1251781660464,579.1208854807431,167497.5,472.7675240459676,1983.154328932551,0.011839904051896602,167497.0,0.7315644354859407,47.0,153.0,1822815186.0,2.702109120032205,51.0,2.795331308368613,236.0,31.243211680269095,96.57628494838714,96.0,5.0,231.0,21.659947607974438,104.32005385325354,0.23105630811519842,1822815186.0,0.17762898878271563,1555.694821513651,21.86380805861683,4.401574968123507,286.1148678528255,5.771886202640546,10.089294781255706,0.12951134683420037,0.9746523526895781,0.12210043639367618,0.5436653350141347,0.11460283026667414,0.13912228615656863,3.340921415844349,-0.7630357329414746,0.9918589856761076,0.9396629842172187,0.9987260141362222,0.9399161533503742,0.9889519892004164,0.1179581967316701,0.21253988302973342,3.2046818015926832,2.5547015320224764,3802.649164092759,0.18643178722815898,2.3356962375004904,25.110261312938178,157.88395352257686,2500.2744521253126,28.050275856626595,0.07387040376209243,6.895349906328433,1452.6577928126685,0.07121918874406376,0.1217753153787829,90.44955720337293,0.13769664818476765,3.519596938424987,0.010419188812001884,3802.649164092759,0.18643178722815898,2.3356962375004904,25.110261312938178,157.88395352257686,2500.2744521253126,28.050275856626595,0.07387040376209243,1452.6577928126685,0.07121918874406376,0.13769664818476765,3.519596938424987,0.010419188812001884,6.895349906328433,0.1217753153787829,90.44955720337293,3.5289583549240446,106738.00097315176,0.6372532103449718,0.20342212438954646,29752.32273413852,2.5592062237548503,21.927676316590745,7.80143524958656,167.2547687421267,0.8217754501523524,0.10112971604322141,0.1508007108585029,3.4336223600688043,0.014213275927896136,81.55071539975143,0.00027567719014584226,5.06184264539616,0.006896653779790219,0.011832502814420855,70_Malignant_center1.png,/mnt/wangbd8/workspace/DataSets/ThyroidAgent/Classifaction_Data/Lymph_Node_Metastasis_fake/images/70_Malignant_center1.png,/mnt/wangbd8/workspace/DataSets/ThyroidAgent/train_val_test/pred_masks/Lymph_Node_Metastasis_fake/Lymph_images/70_Malignant_center1.png
0.9994313924833604,659.6837313166138,805.3949341782577,323184.0,659.3086301883824,2803.8406204335615,0.008675678933466885,323183.0,0.7187478104151288,61.0,143.0,3227217783.0,2.3820256743046575,38.0,4.032492998361991,255.0,25.691514752694154,94.28318630621041,87.0,0.0,255.0,17.27502386444431,99.9286184031214,0.8187883865480784,3227217783.0,0.2352889219644825,1096.4095559050734,20.237628458498023,4.292767573432535,202.63931683536916,16.04091861833834,7.294501145455389,0.05540106951871658,0.9849246784791649,0.05154460203053554,0.2921179913686893,0.05274422352023029,0.2140564716266321,2.7121354358339427,-0.8610598141408924,0.9916861338396362,0.9745237438915789,0.9995525877364823,0.9745534187324467,0.9957246680905474,0.05054427996934391,0.3353917693559637,2.660130088119926,1.8374755537435266,3541.783981154299,0.20858562904324496,2.089786432038801,23.28339222614841,827.1952296819788,12977.313074204947,120.80612483086651,0.06398244651354436,7.9948891026400855,501.4652532391048,0.02953270042633126,0.05253989225918442,464.9341774324675,0.0482839646783241,1.162798011874592,0.0033669825479105374,3541.783981154299,0.20858562904324496,2.089786432038801,23.28339222614841,827.1952296819788,12977.313074204947,120.80612483086651,0.06398244651354436,501.4652532391048,0.02953270042633126,0.0482839646783241,1.162798011874592,0.0033669825479105374,7.9948891026400855,0.05253989225918442,464.9341774324675,2.8679851929155795,262963.2588007414,0.8136667423742628,0.0965690971299734,76041.37966724735,1.8395284274975376,20.268776513616125,8.477132151134187,170.24583595052957,0.6470228921957715,0.07560604042749818,0.1264789092660608,2.610201581697607,0.009390935419367676,63.06018879550907,0.00027823884519729305,2.9564604975678668,0.0017238724460945842,0.019485490631082836,71_Benign_center1.png,/mnt/wangbd8/workspace/DataSets/ThyroidAgent/Classifaction_Data/Lymph_Node_Metastasis_fake/images/71_Benign_center1.png,/mnt/wangbd8/workspace/DataSets/ThyroidAgent/train_val_test/pred_masks/Lymph_Node_Metastasis_fake/Lymph_images/71_Benign_center1.png
0.9458059688163747,647.0882413054354,770.3512186009704,296352.5,612.0199209775714,2369.698484809832,0.007996215604085782,296352.0,0.814359446992255,35.0,138.0,2418268171.0,2.6591783635319453,53.0,3.114478653147018,255.0,31.570528252646422,81.20438869992441,75.0,3.0,252.0,22.18473068902696,90.33338792706613,0.6569182123716479,2418268171.0,0.18392533525672397,1565.9682302534045,16.838366011083046,3.7849100812463865,319.90755753845434,19.94029792187108,10.170857224553258,0.11957047270317514,0.9767608351720785,0.11956371062356516,0.5281516893235738,0.10527499180509949,0.14586704095353797,3.2906882571081364,-0.7624451977686824,0.9912919222685683,0.9402188208961784,0.9990199168186611,0.9402192717014858,0.9900364007947005,0.11955779380390644,0.24701876815195745,3.171083428165271,2.572606924314108,6223.2017414526945,0.1731215884900741,2.664337007637725,19.506356580521324,154.11733941636297,1930.049489526247,34.02778743855007,0.11742126124047784,7.014003615621002,2508.6198291929786,0.06978662556522042,0.12129832091566785,86.15154121109745,0.14101135390642483,2.866519339450137,0.01734210656513249,6223.2017414526945,0.1731215884900741,2.664337007637725,19.506356580521324,154.11733941636297,1930.049489526247,34.02778743855007,0.11742126124047784,2508.6198291929786,0.06978662556522042,0.14101135390642483,2.866519339450137,0.01734210656513249,7.014003615621002,0.12129832091566785,86.15154121109745,3.4909795501397047,189263.29400172769,0.6386435522680045,0.20400320238155284,54506.64095400065,2.5734182379028887,16.8880149281935,7.80727648202138,128.73453528236692,1.12044835970013,0.14003088565928307,0.15099555033653672,2.656918499322127,0.020309945512831662,142.91126647307834,0.00016223725889508712,6.990372582014903,0.005547986557189273,0.010947849066857822,71_Malignant_center1.png,/mnt/wangbd8/workspace/DataSets/ThyroidAgent/Classifaction_Data/Lymph_Node_Metastasis_fake/images/71_Malignant_center1.png,/mnt/wangbd8/workspace/DataSets/ThyroidAgent/train_val_test/pred_masks/Lymph_Node_Metastasis_fake/Lymph_images/71_Malignant_center1.png
0.9990131335416113,463.22297949530747,564.978760662735,159036.5,462.76584027408865,2031.6396103067875,0.012774675060799172,159034.0,0.695835633676288,43.0,145.0,1471147604.0,2.6166034684251893,49.0,3.452871302502638,255.0,30.784362655600827,87.94052844045927,82.0,8.0,247.0,21.53671156752177,96.17963690368852,0.7816539692645909,1471147604.0,0.19321362236304196,1516.9860125381356,18.813014281660838,4.047873514297424,332.95896075790745,23.283209620558626,9.847769988781405,0.13683281314038903,0.9725912355543971,0.12433557173933604,0.541527778454966,0.12137347874064143,0.1532023721168404,3.261626011787253,-0.753295300977866,0.9902432486709708,0.9386424283408055,0.9989090894439927,0.9386989096215427,0.9896985389373055,0.12186087057593825,0.24796494214823922,3.136160022526682,2.4961507004804493,3419.401512477943,0.17239231219954337,2.7999585336271533,21.35613813965213,143.3458028737081,2129.0241996470886,17.40171276298176,0.09849125122344907,6.984861946441064,1438.1781194857574,0.07250708946235228,0.12472175761157991,79.05992851409813,0.14090405268348544,3.062270036106879,0.015813658906010025,3419.401512477943,0.17239231219954337,2.7999585336271533,21.35613813965213,143.3458028737081,2129.0241996470886,17.40171276298176,0.09849125122344907,1438.1781194857574,0.07250708946235228,0.14090405268348544,3.062270036106879,0.015813658906010025,6.984861946441064,0.12472175761157991,79.05992851409813,3.462028544274417,100412.42407283977,0.6313896655610736,0.20785854440621032,30727.53521888401,2.4977694220397715,18.884244878453664,7.773419520354138,143.75661179370448,0.805545311318966,0.10287536893801667,0.1520618232579197,2.9707910118451264,0.01560885030086973,74.45846416828255,0.00028539283007033477,7.05279221595012,0.005596006168949851,0.018308156883657153,72_Benign_center1.png,/mnt/wangbd8/workspace/DataSets/ThyroidAgent/Classifaction_Data/Lymph_Node_Metastasis_fake/images/72_Benign_center1.png,/mnt/wangbd8/workspace/DataSets/ThyroidAgent/train_val_test/pred_masks/Lymph_Node_Metastasis_fake/Lymph_images/72_Benign_center1.png
0.93790329656501,657.8422803742848,780.3774727655841,303972.0,616.9924433828853,2414.727922061358,0.007943915630588863,303972.0,0.8093819565699399,34.0,141.0,2437552316.0,2.627986817572797,47.0,3.0404962269869977,236.0,30.82725743150477,80.43447422788941,74.0,0.0,236.0,21.026207608145604,89.54888491617655,0.6359451425675909,2437552316.0,0.1930686228452813,1549.2981454136277,16.563175693492244,3.752178699504271,302.73536421551665,19.204016034416963,10.055381287306558,0.1180584853918363,0.9767908420299177,0.11804530112857294,0.5237994386935525,0.10412379227330085,0.15389072258280792,3.2500769595411922,-0.7630480882651305,0.9908899945626447,0.9409786678620399,0.9988311116360271,0.9409795468129241,0.9892687088690938,0.11803376489821749,0.2802150353338255,3.131932629437103,2.543359943174598,6508.19482303803,0.17883586565833234,2.62867458326449,19.372224664761486,155.94361398109476,1894.149538360079,42.38257133883598,0.11362252237086957,6.99605818301305,2491.0367663222687,0.06845011998027777,0.11972155330096193,86.17576807456638,0.13698351970251052,2.80924619525243,0.016083403167083836,6508.19482303803,0.17883586565833234,2.62867458326449,19.372224664761486,155.94361398109476,1894.149538360079,42.38257133883598,0.11362252237086957,2491.0367663222687,0.06845011998027777,0.13698351970251052,2.80924619525243,0.016083403167083836,6.99605818301305,0.11972155330096193,86.17576807456638,3.4512152926089144,195085.41143921152,0.6417874391036394,0.20144741268631838,58687.45542352585,2.545112972514235,16.613214375008223,7.822121774373955,126.71689497716895,1.1920819454432507,0.1473017938622022,0.15027571983969285,2.6095338459536475,0.02087774353200575,178.0196677704071,0.00015349044550405386,5.303511399227341,0.006613251687075964,0.007796190418711645,72_Malignant_center1.png,/mnt/wangbd8/workspace/DataSets/ThyroidAgent/Classifaction_Data/Lymph_Node_Metastasis_fake/images/72_Malignant_center1.png,/mnt/wangbd8/workspace/DataSets/ThyroidAgent/train_val_test/pred_masks/Lymph_Node_Metastasis_fake/Lymph_images/72_Malignant_center1.png
0.9995954722778453,520.3509193286592,635.6893895606564,201881.0,520.140422956542,2063.597979746445,0.010221853367807992,201880.0,0.7718404973527141,31.0,123.0,1319446252.0,2.489204978058559,46.0,3.7545725211259673,255.0,28.040772437521998,72.6554586883297,67.0,5.0,250.0,19.5230491117779,80.84426256070095,0.8254479126914653,1319446252.0,0.21174333898563724,1256.9791117719708,13.859415497363482,3.441085490710122,253.19313641059688,18.32529933349563,8.215125964787259,0.14174139283621812,0.9660778646422057,0.12683588047785027,0.5472646420003404,0.12565405225962661,0.16766740943890007,3.1400750808003437,-0.7384195660748184,0.9872549007760524,0.9374604055520954,0.9988805102926926,0.9375005063709743,0.9894984980688343,0.12437299795190565,0.2925591602863924,3.0129798931770146,2.0892168394058697,4723.489706629165,0.18451852442006192,2.417054310247239,15.938669479276534,132.71573108324543,1484.6833860697684,23.993153419468392,0.1526888047703999,6.859609879659481,1863.605492402047,0.07279993329434926,0.12680305131761443,70.52286210634917,0.14361913226448597,2.4262112172030386,0.02369777683875778,4723.489706629165,0.18451852442006192,2.417054310247239,15.938669479276534,132.71573108324543,1484.6833860697684,23.993153419468392,0.1526888047703999,1863.605492402047,0.07279993329434926,0.14361913226448597,2.4262112172030386,0.02369777683875778,6.859609879659481,0.12680305131761443,70.52286210634917,3.3429046990848215,126626.60744997028,0.62723700936185,0.21072852564534156,42746.74527442045,2.0896912694144434,13.92890826233406,7.753407965127798,105.50609272835348,1.2505382608554005,0.16004069823610467,0.15288482706998657,2.2180379433326727,0.024317313850294682,113.7378842063147,0.0002036036847700282,8.00075251219059,0.0047762113438406025,0.016158108265713123,73_Benign_center1.png,/mnt/wangbd8/workspace/DataSets/ThyroidAgent/Classifaction_Data/Lymph_Node_Metastasis_fake/images/73_Benign_center1.png,/mnt/wangbd8/workspace/DataSets/ThyroidAgent/train_val_test/pred_masks/Lymph_Node_Metastasis_fake/Lymph_images/73_Benign_center1.png
0.9996713708679265,438.9796684351799,536.6945127351313,144269.0,438.83540692774415,1595.4558441227157,0.011058895841259839,144268.0,0.8439304433651368,27.0,106.0,704755274.0,2.3081834363011473,42.0,4.308877173396095,255.0,25.187553806718633,62.013253112263286,55.0,5.0,250.0,17.414967844468407,69.89307720246381,1.1008681464937078,704755274.0,0.24599718627856712,1039.398679263935,10.801226175084455,3.020036562817144,193.62575804999096,18.072631531447,6.829767266065524,0.1073459287372621,0.9690517004053832,0.10663691593332499,0.4897807586544443,0.09597449689749107,0.2038305681593163,2.881814720782182,-0.7511570715113378,0.9842666276458207,0.9467227995204806,0.9991221563361102,0.9467260484198592,0.9911168274654774,0.1065085709441219,0.3209742670058806,2.774925823411758,1.7342782987006964,3159.1359013475717,0.20080955386140173,2.1193806769038654,13.256356470887363,197.85252987541318,1566.582443427409,48.15920442169833,0.18580526586977736,6.938530961811842,1015.5245359776252,0.06455152148344935,0.1090470513211523,113.7571480317179,0.13522661692709778,1.9096745055000346,0.028621973891952868,3159.1359013475717,0.20080955386140173,2.1193806769038654,13.256356470887363,197.85252987541318,1566.582443427409,48.15920442169833,0.18580526586977736,1015.5245359776252,0.06455152148344935,0.13522661692709778,1.9096745055000346,0.028621973891952868,6.938530961811842,0.1090470513211523,113.7571480317179,3.084323540224875,96015.00949621538,0.6655322697771882,0.1882322285916664,35489.52207003632,1.7357269692203827,10.857619153242576,7.927232650345191,83.50520558959714,1.5978080136276178,0.19960098683052693,0.14681125867598266,1.681984223805695,0.029032676793576986,82.33074517186931,0.0003040547619765071,7.259827184604698,0.003343489372184714,0.029672047024792217,73_Malignant_center1.png,/mnt/wangbd8/workspace/DataSets/ThyroidAgent/Classifaction_Data/Lymph_Node_Metastasis_fake/images/73_Malignant_center1.png,/mnt/wangbd8/workspace/DataSets/ThyroidAgent/train_val_test/pred_masks/Lymph_Node_Metastasis_fake/Lymph_images/73_Malignant_center1.png
0.9999384075355947,520.6214598529316,635.6893895606564,201646.0,520.589393494197,2160.9533188057685,0.010716569229271935,201644.0,0.7366383968081415,30.0,128.0,1388771222.0,2.5966031871006954,50.0,3.6084365146011974,255.0,30.680971940906993,73.3277856023487,67.0,0.0,255.0,21.223960649718588,82.98941482360193,0.8442982627765806,1388771222.0,0.19464272780716074,1510.278831419865,14.440879033460947,3.4669194053597177,344.07889279314696,25.070597882727885,9.808574519237524,0.12317903843285438,0.9751949063742683,0.11246954705911598,0.5068071796455356,0.11052963941717169,0.1584581408533557,3.1921737842849036,-0.7701888781137178,0.990784130530149,0.9444080673800462,0.9990200682306646,0.9444479129426675,0.9906769673631318,0.11056544707493364,0.24644757122259237,3.07874741954639,2.482938389417595,3925.7938288920054,0.17206319376279827,2.825933322962135,18.049132187938287,197.5085904628331,1891.7691532258063,54.79712491310622,0.1383021781288076,7.076418200037205,1559.2954067321177,0.06834218998650586,0.11314990775822738,119.40129656681465,0.1347223181541793,2.623201480140626,0.020588248933933177,3925.7938288920054,0.17206319376279827,2.825933322962135,18.049132187938287,197.5085904628331,1891.7691532258063,54.79712491310622,0.1383021781288076,1559.2954067321177,0.06834218998650586,0.1347223181541793,2.623201480140626,0.020588248933933177,7.076418200037205,0.11314990775822738,119.40129656681465,3.388347701283065,132270.42137628692,0.6559601147382859,0.1927430859254584,39248.538205947116,2.4869150700511398,14.502920989466585,7.8861557993295115,110.43708218444387,1.398779608971721,0.17247567827822347,0.14793618676699752,2.28059241920304,0.024423658500613447,100.2475194314515,0.00024982813412961844,6.757452713344897,0.005047528837439532,0.018478052874110237,74_Benign_center1.png,/mnt/wangbd8/workspace/DataSets/ThyroidAgent/Classifaction_Data/Lymph_Node_Metastasis_fake/images/74_Benign_center1.png,/mnt/wangbd8/workspace/DataSets/ThyroidAgent/train_val_test/pred_masks/Lymph_Node_Metastasis_fake/Lymph_images/74_Benign_center1.png
0.9994847861992157,305.2176819046539,372.6459445640057,69522.5,305.0604295426932,1160.1837661840739,0.016687889045763227,69522.0,0.805639661041629,8.0,103.0,277756080.0,2.3941168684315928,54.0,3.4968688841872324,209.0,30.03419513415027,50.68269037139323,46.0,0.0,209.0,21.887715533074577,63.207797651525226,0.9213540524909265,277756080.0,0.22024169479847336,1426.490580673642,8.868213919498563,2.577966811571179,285.41940413696943,25.756466777980833,9.007284479873658,0.11808032812928757,0.9741204147749287,0.11805144350890368,0.5239003749681126,0.10414418481475166,0.1815654165877262,2.991536286798257,-0.7504230955405052,0.9861473901211262,0.9409771667075865,0.9985600208632327,0.9409790923489454,0.9881951182365675,0.11802616946606778,0.2934677431001863,2.87332033530772,2.281341202000737,1627.4764608469363,0.19250963577560165,2.3634953803628918,12.859593092027442,241.6486870120653,879.906789685356,184.53029753472438,0.21743746998488342,6.619963258537941,688.7918145256683,0.08147525603568351,0.12160179511521532,174.02170171376244,0.1573980506033188,2.323045424541042,0.03306594952392435,1627.4764608469363,0.19250963577560165,2.3634953803628918,12.859593092027442,241.6486870120653,879.906789685356,184.53029753472438,0.21743746998488342,688.7918145256683,0.08147525603568351,0.1573980506033188,2.323045424541042,0.03306594952392435,6.619963258537941,0.12160179511521532,174.02170171376244,3.1850830509134123,44400.43755933374,0.6386530531246761,0.20632193688881043,15311.643105779465,2.2837465807406963,8.926440551192428,7.8062483818071975,65.03092546244355,3.3421146396289663,0.40015455447972487,0.15169298926958372,1.5271744515724839,0.05337424337226313,74.78888677644858,0.0006797336951957253,4.629307080285556,0.0073500229774852675,0.0331166100068159,74_Malignant_center1.png,/mnt/wangbd8/workspace/DataSets/ThyroidAgent/Classifaction_Data/Lymph_Node_Metastasis_fake/images/74_Malignant_center1.png,/mnt/wangbd8/workspace/DataSets/ThyroidAgent/train_val_test/pred_masks/Lymph_Node_Metastasis_fake/Lymph_images/74_Malignant_center1.png
0.9997265460633421,462.92373995735886,564.978760662735,159236.0,462.79715163829513,1922.225396744416,0.012071550382730136,159235.0,0.7359041480161036,46.0,136.0,1368936648.0,2.447173521845118,44.0,3.4839025307944116,232.0,27.60271198108794,85.83067792884731,80.0,11.0,221.0,19.070016431289236,92.71978352360773,0.8446468228576042,1368936648.0,0.2198230633182846,1230.0529829391633,17.688298193909166,3.9643473387238974,220.44270372763913,18.7023223612057,8.00375078612019,0.11475729867251065,0.9717294612571807,0.1147447038968236,0.5141432383985729,0.10159095160014094,0.1777337795648495,3.056896068229549,-0.7504419200011558,0.9872019493375644,0.942628907529157,0.9988637963163284,0.9426297471808694,0.9895687586970743,0.11473368346809744,0.2926333157006474,2.9420642750278905,2.0296270211981753,3554.2682351680155,0.19048546198445873,2.2828777064188226,20.089929792593388,166.95487432338282,2324.4859853153976,19.059539149447662,0.08945478129271887,6.922447760955395,1279.9645747360523,0.06859770484677916,0.11717901215185104,94.12654706897523,0.13710442331275022,2.7897990424384305,0.013941677232283336,3554.2682351680155,0.19048546198445873,2.2828777064188226,20.089929792593388,166.95487432338282,2324.4859853153976,19.059539149447662,0.08945478129271887,1279.9645747360523,0.06859770484677916,0.13710442331275022,2.7897990424384305,0.013941677232283336,6.922447760955395,0.11717901215185104,94.12654706897523,3.261235413496234,103066.8105692844,0.6472622888767192,0.198286979929252,35003.525487487044,2.032108517120475,17.744829968285867,7.847062517662574,136.53494520676986,0.7459887612448608,0.09430472596786872,0.14942136534751221,2.7394368211902047,0.014022059867856157,86.1584891516254,0.00027445618412116527,5.2678837248748875,0.005135589696086452,0.013961706504869458,75_Benign_center1.png,/mnt/wangbd8/workspace/DataSets/ThyroidAgent/Classifaction_Data/Lymph_Node_Metastasis_fake/images/75_Benign_center1.png,/mnt/wangbd8/workspace/DataSets/ThyroidAgent/train_val_test/pred_masks/Lymph_Node_Metastasis_fake/Lymph_images/75_Benign_center1.png
0.9460342270700454,647.163578844726,770.3512186009704,295872.0,612.2388961002548,2510.426406871187,0.008484839413230002,295871.0,0.7680851544780846,16.0,143.0,2578136935.0,2.8283807048643967,66.0,2.344124602046959,236.0,37.65693016419153,81.39574003535324,81.0,0.0,236.0,28.113682230387987,93.347306393444,0.187677455763605,2578136935.0,0.15088929841572998,2088.453115008705,17.727074132278428,3.8006069309345105,406.4064493232733,9.03145291294466,13.269533303140008,0.1396889478960631,0.9791652423562046,0.10149158696182296,0.46973163410550944,0.12938840567203383,0.12520093254788456,3.364736347785443,-0.8104061457309475,0.9948821038002563,0.9517882995671302,0.9987437293882494,0.9520000695656737,0.9909873011401945,0.0934079755253689,0.17671444441433876,3.253003536797539,3.352305562759017,4644.652532021079,0.16210004299797856,2.927379587063668,23.354448050814923,366.20008376086275,2997.1032701636827,207.24797913489724,0.1092480998385412,7.299189509627162,1749.9614351027815,0.06107428315020352,0.09684288085010022,259.57371982785327,0.12411730095451186,3.1402502698697847,0.01566226199638052,4644.652532021079,0.16210004299797856,2.927379587063668,23.354448050814923,366.20008376086275,2997.1032701636827,207.24797913489724,0.1092480998385412,1749.9614351027815,0.06107428315020352,0.12411730095451186,3.1402502698697847,0.01566226199638052,7.299189509627162,0.09684288085010022,259.57371982785327,3.5360437012786092,205277.1857093125,0.6938063740931436,0.1701506526155261,44643.76761156044,3.352967790534726,17.78840102612287,8.04555025669971,137.82466007145007,1.7949175673068938,0.2109631474123471,0.1422832923808011,2.7105168581352452,0.027005064502624902,126.67983656937838,0.0002331338743082053,4.078219988141316,0.007511328608630414,0.009719552303757593,75_Malignant_center1.png,/mnt/wangbd8/workspace/DataSets/ThyroidAgent/Classifaction_Data/Lymph_Node_Metastasis_fake/images/75_Malignant_center1.png,/mnt/wangbd8/workspace/DataSets/ThyroidAgent/train_val_test/pred_masks/Lymph_Node_Metastasis_fake/Lymph_images/75_Malignant_center1.png
0.9992968954369945,462.2513478749664,564.978760662735,159720.5,461.9263368430201,1722.526911934581,0.010784632604672419,159720.0,0.822468448783143,40.0,132.0,1173325128.0,2.410473635106772,42.0,4.681301876196332,255.0,28.418485949209014,77.23226897069873,67.0,12.0,243.0,18.640493814050874,85.70961317807055,1.300433096700422,1173325128.0,0.23354224764361928,1381.3144207721323,15.325310432282446,3.619480331964795,368.4704633919932,33.44409688836518,9.03047799871634,0.1317877635064723,0.971232494903204,0.10508242620563235,0.4800238800623805,0.12074544720921014,0.194974452205319,2.9652540910209813,-0.7693333747060265,0.9876527947469542,0.9490692355937109,0.9989925587313462,0.949143096392993,0.991366714008345,0.10055370862613887,0.33585069117480887,2.859059041423537,2.2905664405557022,3168.402985074627,0.191455857458132,2.675666654705978,18.389328660342013,205.1065321167442,2392.383406852378,29.363263954485635,0.10907187416767633,7.122250349628269,982.8844643180856,0.05939237804810476,0.10361257200100175,111.95819825085168,0.11459133704268434,2.2571226494341,0.014410563991417963,3168.402985074627,0.191455857458132,2.675666654705978,18.389328660342013,205.1065321167442,2392.383406852378,29.363263954485635,0.10907187416767633,982.8844643180856,0.05939237804810476,0.11459133704268434,2.2571226494341,0.014410563991417963,7.122250349628269,0.10361257200100175,111.95819825085168,3.160444953638508,108084.06015527173,0.6767096178016011,0.17753106801791688,37301.36779363887,2.2922848471159996,15.391816929626847,7.977122464312547,119.72262083646382,0.9636379909731888,0.11941785118490401,0.14394043743217294,2.315836046414559,0.01698522577769732,77.37588122876961,0.0002950114282296181,6.348955859026717,0.004350190183533777,0.023700887356064283,76_Benign_center1.png,/mnt/wangbd8/workspace/DataSets/ThyroidAgent/Classifaction_Data/Lymph_Node_Metastasis_fake/images/76_Benign_center1.png,/mnt/wangbd8/workspace/DataSets/ThyroidAgent/train_val_test/pred_masks/Lymph_Node_Metastasis_fake/Lymph_images/76_Benign_center1.png
0.9998681158652853,346.64479532627763,423.55755216971403,89872.0,346.5990783773927,1283.01219330882,0.014275994673633836,89871.0,0.8282975017930599,23.0,113.0,504659076.0,2.490909699764375,46.0,3.3791397467941455,225.0,27.521932273198605,66.44432575580554,62.0,0.0,225.0,19.4880235005974,74.9357842835999,0.6657902183825264,504659076.0,0.20448668679065732,1200.5233410546134,12.12859168928049,3.1890236412163446,209.50349075763424,13.330814379703002,7.9688092883938735,0.13392966821892413,0.966942124401127,0.13390733357901438,0.5681948502655348,0.11599849423268271,0.15711204934531892,3.171450289982805,-0.7265761619097523,0.9865050435065853,0.9330485666744839,0.9986739764387921,0.9330500556504778,0.987826775240089,0.13388779076909332,0.2678481691178934,3.0373755295783895,2.0256847391531996,2400.5265551404905,0.19494287438204405,2.101218148132897,13.985626116615235,117.91497482540198,1064.8765632613286,42.67322851917612,0.17557944817779975,6.63542754788115,970.3652752964106,0.07880179269907508,0.13701861557120762,64.65010747943035,0.15418694943763891,2.240423466795349,0.028590065024907678,2400.5265551404905,0.19494287438204405,2.101218148132897,13.985626116615235,117.91497482540198,1064.8765632613286,42.67322851917612,0.17557944817779975,970.3652752964106,0.07880179269907508,0.15418694943763891,2.240423466795349,0.028590065024907678,6.63542754788115,0.13701861557120762,64.65010747943035,3.3812539011142517,54593.17413848739,0.6074615186043039,0.2237764247802361,18377.423028563164,2.027198536222252,12.198862814478531,7.654649441977946,90.97713389191173,1.7146065336281855,0.21668230857176746,0.15676049250839785,1.9947622456385017,0.032299191806710516,67.92564807110561,0.0004266978275268684,6.828353807791408,0.005948718750855876,0.02631811492594245,76_Malignant_center1.png,/mnt/wangbd8/workspace/DataSets/ThyroidAgent/Classifaction_Data/Lymph_Node_Metastasis_fake/images/76_Malignant_center1.png,/mnt/wangbd8/workspace/DataSets/ThyroidAgent/train_val_test/pred_masks/Lymph_Node_Metastasis_fake/Lymph_images/76_Malignant_center1.png
0.9997839618114184,520.5955450858823,635.6893895606564,201669.5,520.4830765673383,2196.46803743153,0.01089142402510806,201668.0,0.7247699105054766,45.0,121.0,1397221931.0,2.2601845481121154,38.0,5.208146806156675,255.0,24.313436792565838,76.92929468234921,70.0,3.0,252.0,16.1875860453671,83.23657492020507,1.2803687558524186,1397221931.0,0.25704853954499235,1010.2110241231908,14.657483720236614,3.607548342198141,224.20146850322942,20.70167941458512,6.684493470047662,0.11217875428741861,0.9669900943918499,0.09450216235025104,0.4475434597291235,0.10324809559854542,0.21763113967166411,2.7780118600830663,-0.7708723755102025,0.9845471834047903,0.9537738568253057,0.9991311635357192,0.9538144020180357,0.9922052215202071,0.09169243165153917,0.3664114927673112,2.6834071082616977,1.6991680560837705,4027.139845433994,0.21172072159371189,2.156760962936267,16.723778981126124,234.79722412070868,2946.8397560590925,27.009104642557457,0.10724791124879836,7.156224445616255,1010.548288733505,0.053128031582645764,0.09431838467183688,122.3866175089461,0.10274107647752707,1.775499025385953,0.013221404087432994,4027.139845433994,0.21172072159371189,2.156760962936267,16.723778981126124,234.79722412070868,2946.8397560590925,27.009104642557457,0.10724791124879836,1010.548288733505,0.053128031582645764,0.10274107647752707,1.775499025385953,0.013221404087432994,7.156224445616255,0.09431838467183688,122.3866175089461,2.973480151661827,140909.5087470496,0.6987202171244303,0.16377352887234445,51838.46487295952,1.6992036113116153,14.71017216415098,8.06753674355872,116.7936757442926,0.8800945454154018,0.10885574298417931,0.14058639832684303,2.1263126634975413,0.01537773294117239,88.35042319833758,0.00023142456753843586,5.998310471419348,0.0029100999302612072,0.020180920957078564,77_Benign_center1.png,/mnt/wangbd8/workspace/DataSets/ThyroidAgent/Classifaction_Data/Lymph_Node_Metastasis_fake/images/77_Benign_center1.png,/mnt/wangbd8/workspace/DataSets/ThyroidAgent/train_val_test/pred_masks/Lymph_Node_Metastasis_fake/Lymph_images/77_Benign_center1.png
0.9989104329965044,439.18363183531017,536.6945127351313,144134.0,438.70511184158704,1650.9705627484757,0.011454414383479787,144134.0,0.8151711892682388,22.0,100.0,644085410.0,2.2987129224208593,41.0,3.178645140047343,191.0,23.849564119537305,59.77576421940694,58.0,0.0,191.0,17.062629149441168,66.84801428324054,0.4847261867693344,644085410.0,0.2316669289191636,895.5150255982019,10.01762135989871,2.9270797100441057,109.50067580537117,6.692116903526486,5.922075035706936,0.12277211191963602,0.9593795810146031,0.12232688213932906,0.5376625534818381,0.1078082458257067,0.18174058514704305,2.9335806628667553,-0.7234737404030311,0.9818531343770616,0.9388810819083662,0.9981118515617213,0.9389090247148907,0.9864130290423891,0.12195373165939301,0.28827236931810274,2.8089179035924965,1.5112117869066428,4055.1412407335156,0.22602648908831813,1.5771629444127258,11.781450309347305,149.62610779778163,1046.554818571986,61.579512982826294,0.18651188265934915,6.5813416515354275,1283.012262415696,0.0715128622939466,0.12447444738923502,85.08452878361638,0.14067146913185957,1.7253241830279735,0.028780350198757017,4055.1412407335156,0.22602648908831813,1.5771629444127258,11.781450309347305,149.62610779778163,1046.554818571986,61.579512982826294,0.18651188265934915,1283.012262415696,0.0715128622939466,0.14067146913185957,1.7253241830279735,0.028780350198757017,6.5813416515354275,0.12447444738923502,85.08452878361638,3.1407944454083285,91077.97306672957,0.6318979079657094,0.20755141574894845,33391.081132834726,1.5129663601179768,10.074763761499716,7.77583359928955,76.2521403693785,1.9112461866334731,0.23763965565655126,0.1519750910803681,1.60138135346275,0.03427378857393429,166.11403117101938,0.00025206433725792106,3.6487773984858367,0.006559652051504723,0.008449453438686947,77_Malignant_center1.png,/mnt/wangbd8/workspace/DataSets/ThyroidAgent/Classifaction_Data/Lymph_Node_Metastasis_fake/images/77_Malignant_center1.png,/mnt/wangbd8/workspace/DataSets/ThyroidAgent/train_val_test/pred_masks/Lymph_Node_Metastasis_fake/Lymph_images/77_Malignant_center1.png
0.9997365588254581,520.3215222979086,635.6893895606564,201941.0,520.184448184935,2064.0832611206833,0.010221219371602018,201940.0,0.7717736937542808,33.0,125.0,1386072580.0,2.540302806569453,46.0,3.931503886225647,255.0,28.683408827803994,74.32441319203724,68.0,5.0,250.0,19.744075860656622,82.84795829303671,0.8615944554201765,1386072580.0,0.20421630129312474,1339.6657969840708,14.443705321683876,3.502050238284353,301.1356091006362,21.0761170451254,8.82847802326427,0.11108022239872914,0.9751486104019467,0.09686258935663226,0.45687981844844033,0.1016978611818576,0.171120225246474,3.07210184972867,-0.7902661854332517,0.9909259751994143,0.9524313482488271,0.9991279530904378,0.9524776076534666,0.9919941330800617,0.09437356320068074,0.28037132644956314,2.974841228682453,2.23488956141575,3551.424932359998,0.18129689786921221,2.5752316073147896,17.769666649650315,262.87947317371993,2716.214865485732,58.43892833203025,0.1287022120511713,7.267042116588867,1138.455612843943,0.058117086775432286,0.09700406061206299,156.6071507912222,0.12034828508411535,2.2690224899400615,0.01576362371587153,3551.424932359998,0.18129689786921221,2.5752316073147896,17.769666649650315,262.87947317371993,2716.214865485732,58.43892833203025,0.1287022120511713,1138.455612843943,0.058117086775432286,0.12034828508411535,2.2690224899400615,0.01576362371587153,7.267042116588867,0.09700406061206299,156.6071507912222,3.2654673138454777,139998.65038130138,0.693268547000601,0.170066107886903,41239.43988313361,2.2369365831978483,14.48946716846588,8.043656531643062,113.41498960087155,1.3093557347704383,0.15914209967671972,0.14224192004225678,2.164252308166342,0.021738057628684925,85.30011227837994,0.00027425558554080876,5.856045941716655,0.003925771640513606,0.020863577027438813,78_Benign_center1.png,/mnt/wangbd8/workspace/DataSets/ThyroidAgent/Classifaction_Data/Lymph_Node_Metastasis_fake/images/78_Benign_center1.png,/mnt/wangbd8/workspace/DataSets/ThyroidAgent/train_val_test/pred_masks/Lymph_Node_Metastasis_fake/Lymph_images/78_Benign_center1.png
0.9987057882818171,464.62073754122156,567.8071855832752,161295.5,464.0194199381849,1778.2842712474614,0.011025008578958877,161295.0,0.8005986811902895,20.0,102.0,767611914.0,2.39260473207325,44.0,4.17645945048013,255.0,25.73733394033876,60.77683747171332,59.0,3.0,252.0,18.28912668902459,68.9859105483158,0.7499718753569302,767611914.0,0.21739622578627416,1065.2318811171724,10.519124018623618,2.9666471893629054,195.6534582983721,12.708008337872226,7.033182997420955,0.16066910754579755,0.9553315511074048,0.13488447265200065,0.574546349710717,0.14247528658318923,0.16807541756690988,3.06951195522444,-0.7170240931292695,0.9836889036845032,0.9340100245438349,0.998765207693736,0.9342042362947311,0.9888747394433055,0.12962476473499449,0.2666857295597093,2.9242056166525283,1.7984630262416883,4446.983240223463,0.20702901490798248,1.9703536007684601,12.644506517690875,128.60451582867785,942.7967411545624,54.35889321300161,0.1945997379907047,6.607386611700712,1660.2682495344507,0.07729368014592415,0.13317213800799776,72.2182602303819,0.15120297537404878,2.0697306179152677,0.030397233778702633,4446.983240223463,0.20702901490798248,1.9703536007684601,12.644506517690875,128.60451582867785,942.7967411545624,54.35889321300161,0.1945997379907047,1660.2682495344507,0.07729368014592415,0.15120297537404878,2.0697306179152677,0.030397233778702633,6.607386611700712,0.13317213800799776,72.2182602303819,3.266128325655797,99149.12257044546,0.6147067334414921,0.21877832482316767,35064.92423819709,1.7988900479125947,10.596819492234726,7.691651942093679,78.8487553860938,1.9760446119929835,0.24779845747094,0.155245220110839,1.74183259796577,0.03626302366293658,112.06661054643597,0.00022380883864833235,9.196711347810092,0.004354253893777595,0.02151872621074699,78_Malignant_center1.png,/mnt/wangbd8/workspace/DataSets/ThyroidAgent/Classifaction_Data/Lymph_Node_Metastasis_fake/images/78_Malignant_center1.png,/mnt/wangbd8/workspace/DataSets/ThyroidAgent/train_val_test/pred_masks/Lymph_Node_Metastasis_fake/Lymph_images/78_Malignant_center1.png
0.9997936841901973,519.9338787843595,635.6893895606564,202244.5,519.8266082051142,1906.0416305603426,0.009424442348545165,202244.0,0.8363940024746364,28.0,118.0,1184791446.0,2.474896073795598,44.0,3.9623485141184203,255.0,27.996405878543687,67.81202903423588,60.0,0.0,255.0,19.323002483915936,76.53906135312988,0.9024276988131211,1184791446.0,0.21310290889026687,1259.7566310781308,12.55593386660323,3.244749075698554,263.9786560414193,20.07065728327415,8.249067008548232,0.13891779912178973,0.9668769550000227,0.11713104760771952,0.5183841971765942,0.12519811680810786,0.1724494419375298,3.083986482406473,-0.7539775254808054,0.9879584827639858,0.9426942302631834,0.9989253413301276,0.9427511150696497,0.9903376764761905,0.11360956236268199,0.2765024235035237,2.9662815702247642,2.0969962019175052,4333.670156622404,0.18444289056104884,2.5377296669510403,15.661389172625128,168.93105209397345,1546.597505958461,44.70427232549319,0.15902408763087061,6.972361123928461,1607.1270003404834,0.06840002555075261,0.11617649967366152,94.84039859753727,0.13651268477000386,2.391818712772297,0.022247373777926863,4333.670156622404,0.18444289056104884,2.5377296669510403,15.661389172625128,168.93105209397345,1546.597505958461,44.70427232549319,0.15902408763087061,1607.1270003404834,0.06840002555075261,0.13651268477000386,2.391818712772297,0.022247373777926863,6.972361123928461,0.11617649967366152,94.84039859753727,3.2820097586359,131339.22595478728,0.649409752352541,0.1969268203490368,43098.78470560313,2.0960057431884507,12.625684816360437,7.856796740570796,95.75416328790965,1.5325110787737226,0.1904488172588252,0.14905400297550372,2.0053884306964744,0.027276879185911353,111.38520057335289,0.00022176349242837554,7.416300946328085,0.004411187786493868,0.018500603916073617,79_Benign_center1.png,/mnt/wangbd8/workspace/DataSets/ThyroidAgent/Classifaction_Data/Lymph_Node_Metastasis_fake/images/79_Benign_center1.png,/mnt/wangbd8/workspace/DataSets/ThyroidAgent/train_val_test/pred_masks/Lymph_Node_Metastasis_fake/Lymph_images/79_Benign_center1.png
0.9995646103399053,428.2803851801736,522.5523897180071,136133.5,428.0939163288448,1803.3969696196689,0.013247268083312842,136133.0,0.7252639678825913,26.0,102.0,676833905.0,2.30204422883211,39.0,3.0554276358911165,205.0,23.546403034574936,64.0802083256815,62.0,0.0,205.0,16.73936624608351,70.51140124357397,0.39898117091632546,676833905.0,0.23247079947999783,865.5846062695442,11.003322822114818,3.0966749675822234,101.2405876330038,5.0734672273515,5.792076193942882,0.13636832488506426,0.9539952429504982,0.13623570670753274,0.5749435152977604,0.1178081571029634,0.17740829161286978,2.990393755136684,-0.7007383406515943,0.9799337558129394,0.9318954084639869,0.9983370858097325,0.9319042496758223,0.9863776349490426,0.13611966580219265,0.29206943298361426,2.8532997385708287,1.4821111297069864,4174.89198919892,0.22104579812563774,1.627446135305541,12.349976174087997,108.3033303330333,971.6732143802616,31.857668675105803,0.17723714996883178,6.473872991577643,1483.8442844284427,0.07856431854865478,0.13873932110509576,56.351497966735806,0.1540337655609794,2.0304519830154857,0.02960995067234978,4174.89198919892,0.22104579812563774,1.627446135305541,12.349976174087997,108.3033303330333,971.6732143802616,31.857668675105803,0.17723714996883178,1483.8442844284427,0.07856431854865478,0.1540337655609794,2.0304519830154857,0.02960995067234978,6.473872991577643,0.13873932110509576,56.351497966735806,3.2029593228007243,82263.54268986947,0.6042880322175334,0.2260180982506242,31646.947345610544,1.4830764730412807,11.071305267642673,7.638140641872287,82.84631940822578,1.5736460776650207,0.2015859968443281,0.15745182203351787,1.8096330630910786,0.03083912715159405,130.51075696296041,0.00024200847016490337,5.51949025585778,0.00552296634158423,0.011611513134442248,79_Malignant_center1.png,/mnt/wangbd8/workspace/DataSets/ThyroidAgent/Classifaction_Data/Lymph_Node_Metastasis_fake/images/79_Malignant_center1.png,/mnt/wangbd8/workspace/DataSets/ThyroidAgent/train_val_test/pred_masks/Lymph_Node_Metastasis_fake/Lymph_images/79_Malignant_center1.png
0.9973887007253678,463.40226428669536,564.978760662735,158860.0,462.19218229010056,2059.5391052433974,0.012964491409060792,158859.0,0.6860285165164961,26.0,119.0,940833569.0,2.494027152824667,45.0,4.401285435253134,255.0,28.177557378969976,68.08729124569587,61.0,5.0,250.0,19.54673914258324,76.95741833451184,0.9390695548767016,940833569.0,0.2087210094553051,1286.565007536847,12.691227250632847,3.2545435607375754,312.5932849800218,21.28831788093432,8.532599813703825,0.13590596612608974,0.9686437387070056,0.10648881706447154,0.4837241240478262,0.12456609796629926,0.1724570205849278,3.0568257319817986,-0.7741627043620484,0.9894205941211631,0.9485875376431179,0.9989615477421897,0.9486772278019414,0.9912643768188475,0.10127008348006768,0.29128027725347355,2.9520583165056826,2.1671264449574785,3066.7697261510684,0.18457837653632672,2.498320511913746,15.422810713210954,212.3171230815528,1959.8549503460729,60.663046220901165,0.1639975041951746,7.109668486986605,1016.4106530243756,0.061174279447750564,0.10458960461793163,120.90096664933641,0.12425128185864887,2.0464947256019093,0.02046468230912493,3066.7697261510684,0.18457837653632672,2.498320511913746,15.422810713210954,212.3171230815528,1959.8549503460729,60.663046220901165,0.1639975041951746,1016.4106530243756,0.061174279447750564,0.12425128185864887,2.0464947256019093,0.02046468230912493,7.109668486986605,0.10458960461793163,120.90096664933641,3.2549045046557206,107266.07432377139,0.6752281855215719,0.1807828003266561,33157.21084106031,2.168028523728169,12.75551275030058,7.969463486488018,98.91249472802926,1.6190499722976837,0.19866269297300224,0.1448569695977775,1.9397669911332975,0.0276357210414282,114.83889347819554,0.0003149743066905135,4.283588138811553,0.006393854697352037,0.015882665457737175,7_Benign_center1.png,/mnt/wangbd8/workspace/DataSets/ThyroidAgent/Classifaction_Data/Lymph_Node_Metastasis_fake/images/7_Benign_center1.png,/mnt/wangbd8/workspace/DataSets/ThyroidAgent/train_val_test/pred_masks/Lymph_Node_Metastasis_fake/Lymph_images/7_Benign_center1.png
0.9989378406918453,486.2808212576533,593.2630108139223,175424.5,485.76431355697736,2095.8822509939046,0.011947488811391252,175423.0,0.7084075413859462,45.0,153.0,1741591397.0,2.660876683576928,61.0,2.92810972596285,255.0,34.15294519528188,90.50248257070054,82.0,13.0,242.0,25.06486457887829,99.63911660573524,0.7535482001658715,1741591397.0,0.179745343128013,1737.2542065113498,20.033202254255308,4.153356805633352,369.6434348420356,26.965138687678728,11.268825284880979,0.1375072874632769,0.9758893076997112,0.12103476262874517,0.5305053982193851,0.12285787369868022,0.14452580237882295,3.284239112456766,-0.7657474734118396,0.9914689942078715,0.9405762659930014,0.9989108648104312,0.9406406244981789,0.9899936801825903,0.1177993447938357,0.24436150390379405,3.1622073809151194,2.8515831430860636,3402.9928193499622,0.16076118761101485,3.0066686012136863,24.01837679516251,163.29322562358277,2412.3337585034014,20.073028181488727,0.08063938317350912,7.045290142254968,1527.76171579743,0.07217317251499575,0.12066832741430714,94.61589381687314,0.1489199679256797,3.8643445856362524,0.01175340266544754,3402.9928193499622,0.16076118761101485,3.0066686012136863,24.01837679516251,163.29322562358277,2412.3337585034014,20.073028181488727,0.08063938317350912,1527.76171579743,0.07217317251499575,0.1489199679256797,3.8643445856362524,0.01175340266544754,7.045290142254968,0.12066832741430714,94.61589381687314,3.4837569487585696,112346.78987932028,0.6404336368624426,0.20457278339314566,31531.46732754542,2.850757101258492,20.100973076506502,7.814796235385326,152.48104866522633,0.7601142112202873,0.0950748457357512,0.15119327441542887,3.2080548794121126,0.013800564374418013,77.72191456993032,0.0002936315110166531,6.635261889493958,0.006214438423096716,0.017008923984463103,7_Malignant_center1.png,/mnt/wangbd8/workspace/DataSets/ThyroidAgent/Classifaction_Data/Lymph_Node_Metastasis_fake/images/7_Malignant_center1.png,/mnt/wangbd8/workspace/DataSets/ThyroidAgent/train_val_test/pred_masks/Lymph_Node_Metastasis_fake/Lymph_images/7_Malignant_center1.png
0.9996526457543775,578.1313951275715,706.4000283125703,249258.0,577.9305787329463,2284.9116882454286,0.00916685397558124,249257.0,0.774568918306659,30.0,132.0,1956946555.0,2.6531353046841524,56.0,2.908489477029741,255.0,31.89003430117344,79.48512178193592,78.0,0.0,255.0,23.454895601714636,88.6065446109413,0.3924732366029182,1956946555.0,0.17702134683023898,1533.2351632015477,16.269749750715686,3.7200074785293835,282.18380888706275,12.23298922854337,9.862865817268002,0.13768937566341793,0.9724636536658005,0.10868393965711345,0.49667546043136307,0.12587717692402683,0.1457003121256046,3.2238198937301856,-0.7838083711844804,0.9921289506156359,0.9476894087948544,0.9989342180426934,0.9479219334838482,0.9910873466555575,0.10159108100215758,0.21340345459808935,3.106422567542697,2.500138798232855,4426.29779439823,0.16890398360674003,2.733849944873163,20.09093337403648,245.96401587422727,2679.1898420209113,51.49735880895,0.13518602102288801,7.151517332780796,1734.210867740212,0.06617609966191758,0.10513646557569095,155.49637738197293,0.13664446030707403,2.936348378427558,0.017833510578451083,4426.29779439823,0.16890398360674003,2.733849944873163,20.09093337403648,245.96401587422727,2679.1898420209113,51.49735880895,0.13518602102288801,1734.210867740212,0.06617609966191758,0.13664446030707403,2.936348378427558,0.017833510578451083,7.151517332780796,0.10513646557569095,155.49637738197293,3.4099674801440303,168163.3006455185,0.6746582870110708,0.18321321019066172,44123.80984686488,2.5091875064027986,16.31855875662469,7.965790328857364,126.11062076491332,1.2776465711717047,0.15751956226899916,0.14555748573649774,2.511903153951321,0.02209198668900911,119.41422012001614,0.00022705423992320627,4.978249360164085,0.006011814227178181,0.011385190809561274,80_Benign_center1.png,/mnt/wangbd8/workspace/DataSets/ThyroidAgent/Classifaction_Data/Lymph_Node_Metastasis_fake/images/80_Benign_center1.png,/mnt/wangbd8/workspace/DataSets/ThyroidAgent/train_val_test/pred_masks/Lymph_Node_Metastasis_fake/Lymph_images/80_Benign_center1.png
0.9987043740053096,462.56728147827613,564.978760662735,159503.5,461.9679672840996,1888.2253967444144,0.011838143970159993,159502.0,0.7497840646596817,28.0,130.0,1064025641.0,2.5816913018086387,53.0,2.813884633775924,212.0,31.29332155791208,72.05381123747665,64.0,5.0,207.0,22.7579431238663,81.67572164150967,0.7086781321930674,1064025641.0,0.19282951755570338,1479.1717918154552,14.090187227300733,3.4215349117931826,261.80420823595796,19.680945984508067,9.660512931550375,0.12736863282576166,0.9739742186318783,0.12472808660991588,0.5485163764424458,0.111811537236391,0.15360035565557897,3.2311600997996703,-0.7482840289876729,0.9894441252614943,0.9378991237380667,0.9984498145576688,0.9380332960303789,0.9875504049321148,0.1228151313776526,0.24208779187466206,3.097828014228055,2.446970391094034,3400.174328358209,0.1691629019083686,2.6618473082349445,16.89726368159204,139.47512437810946,1474.1549253731343,32.2382537940494,0.158564949181718,6.925028339244824,1466.072736318408,0.07293894210539344,0.12601722862409248,76.5041880052474,0.15256783640881447,2.764275446369148,0.024837127272218772,3400.174328358209,0.1691629019083686,2.6618473082349445,16.89726368159204,139.47512437810946,1474.1549253731343,32.2382537940494,0.158564949181718,1466.072736318408,0.07293894210539344,0.15256783640881447,2.764275446369148,0.024837127272218772,6.925028339244824,0.12601722862409248,76.5041880052474,3.42939853140049,100413.05917167183,0.6295410663920943,0.21203630561762837,30756.69370916979,2.4479593559080235,14.152386803927223,7.763350929768905,106.50045767451192,1.4259208454181018,0.18019052629880358,0.15330354617636283,2.2930513584643313,0.026801643209688888,136.13494440345906,0.000288892495421451,4.403800286743476,0.00842365419893492,0.01057400425487623,80_Malignant_center1.png,/mnt/wangbd8/workspace/DataSets/ThyroidAgent/Classifaction_Data/Lymph_Node_Metastasis_fake/images/80_Malignant_center1.png,/mnt/wangbd8/workspace/DataSets/ThyroidAgent/train_val_test/pred_masks/Lymph_Node_Metastasis_fake/Lymph_images/80_Malignant_center1.png
0.9993590285685713,405.3212301010859,494.26814584797995,121742.5,405.0614307720396,1670.9116882454316,0.01372496612313228,121742.0,0.7402399893947343,54.0,157.0,1463032465.0,2.7229917140465063,49.0,3.325485989021803,255.0,31.538270280925953,101.75570468696095,97.0,0.0,255.0,21.094991697993123,109.62428292825439,0.3373507202655292,1463032465.0,0.18452420553059293,1663.2599711939586,23.83624063743707,4.603047931378285,378.66701651684986,11.823050173747434,10.74242244444865,0.14966092896399996,0.9725193199807269,0.1298687387216651,0.5579744494179596,0.13279503966684383,0.14446905376500416,3.3831478272036355,-0.7564099492647322,0.991808203698166,0.9363601292917183,0.9988213261761512,0.9364742641755026,0.9892728807897035,0.12568893192310693,0.2688672637832582,3.2501227723592083,2.723020843353163,2701.1119796631715,0.17166266156105314,2.860616068344379,26.715475055608515,127.21334604385129,2536.8608833809976,18.068235804279826,0.07418964964175326,6.974802999101894,1166.1126787416588,0.07410948069537075,0.1292487391368632,67.35187710257946,0.14714098216902782,4.1153493948240305,0.010594596004942695,2701.1119796631715,0.17166266156105314,2.860616068344379,26.715475055608515,127.21334604385129,2536.8608833809976,18.068235804279826,0.07418964964175326,1166.1126787416588,0.07410948069537075,0.14714098216902782,4.1153493948240305,0.010594596004942695,6.974802999101894,0.1292487391368632,67.35187710257946,3.585565663611887,75774.8149036487,0.6224213082062781,0.21405171887044597,22464.345829705442,2.7318014386276213,23.90198945310575,7.729887795501964,181.2042351858849,0.7363896609532272,0.09229047113166802,0.15385040130403274,3.8030712490348444,0.013426715382258498,49.97035901886859,0.00036710821152455394,6.686162734737624,0.006362552616546433,0.020721478129533403,81_Benign_center1.png,/mnt/wangbd8/workspace/DataSets/ThyroidAgent/Classifaction_Data/Lymph_Node_Metastasis_fake/images/81_Benign_center1.png,/mnt/wangbd8/workspace/DataSets/ThyroidAgent/train_val_test/pred_masks/Lymph_Node_Metastasis_fake/Lymph_images/81_Benign_center1.png
0.9994076342946502,462.6224770842007,564.978760662735,159439.0,462.348435394252,1792.1837661840707,0.011240560754796949,159438.0,0.7898046272154882,17.0,109.0,791732481.0,2.4448666984736978,46.0,3.838599895560725,255.0,27.554766397393326,61.50005017624406,57.0,0.0,255.0,19.674723635192734,70.46822173390368,0.6635368549344013,791732481.0,0.2048891494385356,1183.514102658078,10.911595087008749,2.99888684145981,222.59452675107178,13.93551167707686,7.775803655711719,0.10271245919990944,0.9739259379045994,0.07865062544416282,0.3913224804808299,0.09652653831715144,0.17699696853665545,2.892413868966068,-0.8164870181251564,0.9907150054787199,0.9620938113056292,0.999225920009375,0.9621559887400385,0.9935559603846325,0.0746961779139574,0.25747923047413007,2.8150704148057377,1.9696290287279075,2438.7980319406356,0.19670898789648616,2.2058131406641808,13.583239232134215,388.271818035167,2731.2677851266335,182.7777838791164,0.18581448413019616,7.40655756396959,546.4655589611227,0.04407691232143271,0.07776063422772489,222.8927989025388,0.0677891111610957,1.1185430493184807,0.013235746345327969,2438.7980319406356,0.19670898789648616,2.2058131406641808,13.583239232134215,388.271818035167,2731.2677851266335,182.7777838791164,0.18581448413019616,546.4655589611227,0.04407691232143271,0.0677891111610957,1.1185430493184807,0.013235746345327969,7.40655756396959,0.07776063422772489,222.8927989025388,3.0713927792288054,118017.73000163073,0.7402108029555735,0.1366530853835263,32667.116208181236,1.972352556564519,10.968890728684505,8.22771233959282,88.24567543496532,2.1346878139187355,0.25311187702627086,0.13433644007911122,1.5390768407364201,0.032495108104715155,90.88968208340162,0.000412985172536401,3.344819201954166,0.004305847154454972,0.02262866718454753,81_Malignant_center1.png,/mnt/wangbd8/workspace/DataSets/ThyroidAgent/Classifaction_Data/Lymph_Node_Metastasis_fake/images/81_Malignant_center1.png,/mnt/wangbd8/workspace/DataSets/ThyroidAgent/train_val_test/pred_masks/Lymph_Node_Metastasis_fake/Lymph_images/81_Malignant_center1.png
0.9998325984111607,462.2377754441058,564.978760662735,159749.5,462.1603961060749,1702.284271247462,0.01065595993256606,159749.0,0.83232434830695,34.0,154.0,1473691308.0,2.736438917993099,69.0,2.7445506688194157,255.0,37.49564572215733,84.70630802070748,76.0,9.0,246.0,28.164546000061943,96.04708460104185,0.7112353962061847,1473691308.0,0.17251219030017223,2049.883841860716,18.67448895695125,3.9217007362032494,485.0921338862673,33.26054946381813,13.312649202841977,0.1336400323854115,0.9801223921265514,0.11237612266288417,0.5053438633635976,0.12101163944066788,0.14289498402177495,3.322190294895084,-0.7858973926381232,0.9931990740077097,0.9453538050666781,0.9989467762202907,0.9454830405466189,0.9907427398890509,0.1074215290717191,0.234844443328668,3.208659133915205,3.3615723088068465,2594.4467940744094,0.14669494481931522,3.580225804156796,23.476082777338007,215.09968336537375,2621.6717177428472,36.5368049034922,0.11174927777537294,7.251566252403369,1202.7486147235102,0.06800568894738834,0.11071117816073966,133.51341772221664,0.1418856790649276,3.6218065246395925,0.015935828208735823,2594.4467940744094,0.14669494481931522,3.580225804156796,23.476082777338007,215.09968336537375,2621.6717177428472,36.5368049034922,0.11174927777537294,1202.7486147235102,0.06800568894738834,0.1418856790649276,3.6218065246395925,0.015935828208735823,7.251566252403369,0.11071117816073966,133.51341772221664,3.512514698583445,105766.50037871911,0.6620792642127282,0.19126159420213354,27558.64988826221,3.362093065930872,18.740073490287887,7.911755316152214,143.14489605568735,1.0615454007077678,0.13144837452305985,0.14762916269341975,2.949295805016342,0.01872308700637649,70.33157341818558,0.00038480493709149634,6.033637795102034,0.006816639725898702,0.021837416479323787,82_Benign_center1.png,/mnt/wangbd8/workspace/DataSets/ThyroidAgent/Classifaction_Data/Lymph_Node_Metastasis_fake/images/82_Benign_center1.png,/mnt/wangbd8/workspace/DataSets/ThyroidAgent/train_val_test/pred_masks/Lymph_Node_Metastasis_fake/Lymph_images/82_Benign_center1.png
0.9996619972962727,520.9724675709296,635.6893895606564,201440.5,520.796377468323,2147.497474683055,0.010660703655337705,201440.0,0.7408762373632869,50.0,148.0,2054673960.0,2.605701916939538,50.0,4.089139041507209,255.0,30.80099581839194,92.89195790309769,85.0,10.0,245.0,20.828381063986747,100.99470432565684,1.003313610250975,2054673960.0,0.19966452300978627,1571.0144587559726,20.545079968550017,4.245979179314668,419.89548937494544,31.68524561013489,10.194459949578237,0.1274968400728525,0.9752959942245288,0.11576281138967127,0.5162588804300348,0.11409581157201189,0.16102769724617877,3.2181729250601827,-0.7642025957026167,0.9906146386728628,0.9428434386680588,0.9989858977033781,0.9428846070908433,0.990408023702171,0.11364566766398304,0.25143565194024503,3.1010439783485233,2.5804891974127724,4108.178095075239,0.17562320857879785,2.9389882827778178,22.6687329001368,153.6267954856361,2664.498375512996,14.43311466247638,0.08500688632736508,7.118985294854509,1524.7102428180574,0.06518084143374049,0.11612390786338364,79.46901638124788,0.1270323953567204,2.868608052067995,0.013090613967831077,4108.178095075239,0.17562320857879785,2.9389882827778178,22.6687329001368,153.6267954856361,2664.498375512996,14.43311466247638,0.08500688632736508,1524.7102428180574,0.06518084143374049,0.1270323953567204,2.868608052067995,0.013090613967831077,7.118985294854509,0.11612390786338364,79.46901638124788,3.417969056962528,130745.63494837172,0.6490549788938231,0.19554466932604705,40220.421515091344,2.585736047459877,20.608846306592532,7.855996822875298,159.52898133439237,0.6723592914023914,0.08545246160073411,0.14863427764539758,3.135117156473392,0.012848004823122523,87.88010627107253,0.000233826746790486,6.47983656401055,0.005406515669672159,0.014876375880712894,83_Benign_center1.png,/mnt/wangbd8/workspace/DataSets/ThyroidAgent/Classifaction_Data/Lymph_Node_Metastasis_fake/images/83_Benign_center1.png,/mnt/wangbd8/workspace/DataSets/ThyroidAgent/train_val_test/pred_masks/Lymph_Node_Metastasis_fake/Lymph_images/83_Benign_center1.png
0.9996364134882327,463.0894939908729,564.978760662735,159137.0,462.9211208971167,2039.8233764908557,0.012818033370560308,159136.0,0.6932628860749754,23.0,110.0,824016695.0,2.456917661141642,43.0,5.372350526526405,255.0,28.078237780759135,61.35063719083048,53.0,3.0,252.0,17.967531601351293,71.95877916979889,1.399273894588049,824016695.0,0.22378793711143236,1414.1652158869704,11.202693759729742,2.9849303240200933,445.9584685338313,36.91424573147332,9.291692919073308,0.12015403717312796,0.9744674902318966,0.10996892785337477,0.49932343093842746,0.10806087207990724,0.18373588742179683,3.039941661843033,-0.7624926830439016,0.9881250560408931,0.9456452862083686,0.9990428217197769,0.9456898063570698,0.9908834115243929,0.10804772713720096,0.2866452796178063,2.9291026876120903,2.3529617390616084,3288.691114883984,0.18611721080271557,2.940782086475659,14.255800792303338,174.5468024900962,1441.5152235427279,56.503322583327446,0.20910318727293978,7.0657530627700655,1131.131182795699,0.0640142152119807,0.11103710034184597,93.43878687719169,0.12236294216184072,2.0462423563892376,0.026908682020947334,3288.691114883984,0.18611721080271557,2.940782086475659,14.255800792303338,174.5468024900962,1441.5152235427279,56.503322583327446,0.20910318727293978,1131.131182795699,0.0640142152119807,0.12236294216184072,2.0462423563892376,0.026908682020947334,7.0657530627700655,0.11103710034184597,93.43878687719169,3.2393702636771278,105015.90648250552,0.6599129454209326,0.18797693638044397,35612.71716016489,2.3538149995939768,11.264679268047455,7.904848682887593,85.80144027749849,1.97755417445253,0.24511498218754754,0.1466052097995844,1.7672790708715953,0.03481550004455097,97.5788214663469,0.0002882632160524535,7.274714945584201,0.0046478035631595735,0.027296668609653126,84_Benign_center1.png,/mnt/wangbd8/workspace/DataSets/ThyroidAgent/Classifaction_Data/Lymph_Node_Metastasis_fake/images/84_Benign_center1.png,/mnt/wangbd8/workspace/DataSets/ThyroidAgent/train_val_test/pred_masks/Lymph_Node_Metastasis_fake/Lymph_images/84_Benign_center1.png
0.999509372946087,520.6059656426808,635.6893895606564,201701.0,520.350542271508,2169.7401153701726,0.010757210501535306,201700.0,0.7337552796132246,53.0,157.0,2332281579.0,2.656123697558145,50.0,3.296361642286152,255.0,31.2552788638172,99.97416460089241,95.0,12.0,243.0,21.742050653487738,107.53195508038996,0.6893907112722198,2332281579.0,0.18657232482746436,1568.2877757646766,23.02287139932012,4.528810408921933,337.8585348351661,21.656833801449913,10.18850736654831,0.13751664910641515,0.9733650340347971,0.11888952945152374,0.5248981846934111,0.12338192889321038,0.14794479864975726,3.277050159284109,-0.7658625299746578,0.9914007786627577,0.9418384776343898,0.998913045186888,0.9419308040891248,0.9901845331592424,0.11492496480399074,0.2562222929049957,3.156020197616593,2.581506003913681,4351.618622663748,0.18317977027545665,2.599325221471332,24.99696918673177,168.47785822529045,3048.5199528540156,17.829492010503316,0.06688097966150597,7.021675722991584,1604.783717797609,0.06755277478521675,0.11777887952404562,96.38949528433841,0.13265209936041975,3.252916129167117,0.00984447379517678,4351.618622663748,0.18317977027545665,2.599325221471332,24.99696918673177,168.47785822529045,3048.5199528540156,17.829492010503316,0.06688097966150597,1604.783717797609,0.06755277478521675,0.13265209936041975,3.252916129167117,0.00984447379517678,7.021675722991584,0.11777887952404562,96.38949528433841,3.476608117267073,130240.4909370352,0.6457138866486624,0.19832513511208275,37631.637917699554,2.5836923080931564,23.091343579573625,7.840466038671294,178.81238472979672,0.5855880801145831,0.07365566935642054,0.14940533245193632,3.5153442957086978,0.010817786497799483,83.22272264710216,0.0002313227851531011,6.448696066435366,0.005555864245690022,0.013601998606063509,85_Benign_center1.png,/mnt/wangbd8/workspace/DataSets/ThyroidAgent/Classifaction_Data/Lymph_Node_Metastasis_fake/images/85_Benign_center1.png,/mnt/wangbd8/workspace/DataSets/ThyroidAgent/train_val_test/pred_masks/Lymph_Node_Metastasis_fake/Lymph_images/85_Benign_center1.png
0.9998670446204833,520.5005191434649,635.6893895606564,201752.0,520.4313157994035,2086.325901807804,0.01034104198128298,201752.0,0.7631883046269337,17.0,137.0,1390395685.0,2.755486656218541,67.0,2.9526204078671068,255.0,36.985383854182665,69.64413240017447,63.0,0.0,255.0,27.39471074011809,83.01570899203604,0.7243542600771734,1390395685.0,0.16505806061853084,2041.3027616773823,14.284951953175462,3.321287674772187,506.50037947925216,33.33681863510085,13.159803143886199,0.1438026055589232,0.9783814090304169,0.11784638928362036,0.5199460507588362,0.12991483409173663,0.13422249072592582,3.35860439712377,-0.7810465168518769,0.9932202462713219,0.9426099801119033,0.998894965745764,0.9426826273472684,0.9902982243504642,0.11352061314189602,0.21082469616718505,3.2393507979813134,3.3259014373612805,3538.537628909912,0.15079423970467537,3.4227128192469674,19.338276655586807,289.3770561663684,1669.7821955169181,183.1480119189257,0.16265494119624513,7.082364964371024,1741.4137901644933,0.07421008225366459,0.11631111463579047,215.45780398287593,0.14607563721975786,3.096667253677011,0.02257794710989589,3538.537628909912,0.15079423970467537,3.4227128192469674,19.338276655586807,289.3770561663684,1669.7821955169181,183.1480119189257,0.16265494119624513,1741.4137901644933,0.07421008225366459,0.14607563721975786,3.096667253677011,0.02257794710989589,7.082364964371024,0.11631111463579047,215.45780398287593,3.5483146425450536,131051.7906736984,0.6495687312824577,0.19835527546604823,33300.79384590983,3.327586174225761,14.356581347396803,7.856735001387842,107.12234327292914,2.16961156990435,0.26173038907252333,0.1494838547655868,2.343925820919853,0.03532137801235122,106.81628677035626,0.0002902861150506799,6.73248584944027,0.007037604433952232,0.01922203047241058,86_Benign_center1.png,/mnt/wangbd8/workspace/DataSets/ThyroidAgent/Classifaction_Data/Lymph_Node_Metastasis_fake/images/86_Benign_center1.png,/mnt/wangbd8/workspace/DataSets/ThyroidAgent/train_val_test/pred_masks/Lymph_Node_Metastasis_fake/Lymph_images/86_Benign_center1.png
0.9990195000893919,578.9241280538283,706.4000283125703,248423.5,578.3564929980228,2539.882250993901,0.010224001557799085,248422.0,0.6956450303902437,14.0,113.0,1256660725.0,2.5273377916914237,49.0,4.051386300459548,255.0,30.186782427996047,59.7316219980517,53.0,0.0,255.0,20.919099008696815,71.12364311757601,0.9693653884896559,1256660725.0,0.19936297644572545,1490.705943798182,10.924817945252457,2.925784197042745,363.8956824769916,28.053428423641922,9.608286981973249,0.1498678716236661,0.9692835635686958,0.11796340750005044,0.518519353268428,0.13595250611464318,0.16075263811184864,3.1304523898861434,-0.7614044116484128,0.9892897766657558,0.942794294419313,0.9988699503138153,0.9428611423810421,0.9903115830778215,0.11314338389122525,0.23202146329655257,3.012205393071093,2.439538713399229,5324.975243393602,0.18515212946431162,2.667554359758279,14.092941585535465,263.9585535465925,1333.444123783032,172.7647441947794,0.20172867806064015,6.907052577895863,2048.8018080667593,0.0712378931873004,0.11577074494207437,189.34764227378855,0.13787485992173756,2.1226031524843143,0.028726138970493368,5324.975243393602,0.18515212946431162,2.667554359758279,14.092941585535465,263.9585535465925,1333.444123783032,172.7647441947794,0.20172867806064015,2048.8018080667593,0.0712378931873004,0.13787485992173756,2.1226031524843143,0.028726138970493368,6.907052577895863,0.11577074494207437,189.34764227378855,3.325861481344273,161550.3050695993,0.6503059514439112,0.19643885606694966,49526.14933459999,2.44008949745076,10.994505317564467,7.860801378299828,82.90734717537094,2.4149291326126674,0.29381571589804795,0.14892512650963996,1.7580237570657098,0.040395582462666633,190.18723052907865,0.00018761123234146856,6.178151953797021,0.00633083630847347,0.012989119025259026,87_Benign_center1.png,/mnt/wangbd8/workspace/DataSets/ThyroidAgent/Classifaction_Data/Lymph_Node_Metastasis_fake/images/87_Benign_center1.png,/mnt/wangbd8/workspace/DataSets/ThyroidAgent/train_val_test/pred_masks/Lymph_Node_Metastasis_fake/Lymph_images/87_Benign_center1.png
0.9997084844098704,462.43350112880336,564.978760662735,159588.5,462.29869455382607,1861.4974746830562,0.011664358488757375,159587.0,0.7607523051619949,42.0,143.0,1391465327.0,2.608731673594277,51.0,3.6775608113179463,255.0,30.938331165178962,84.7277347152337,77.0,3.0,252.0,21.456978480910035,93.37646725739023,0.8816524125550183,1391465327.0,0.19795763400289643,1540.3756074954536,17.82552170060888,3.9213883111415524,360.83584326354145,26.493962222497135,9.974143467611807,0.18120181220663178,0.9643140026825616,0.14688047856330472,0.5994585548875853,0.15962793722364638,0.1509147451376128,3.32632653993183,-0.7245678309342776,0.9885152294087804,0.9285103281360921,0.9986178665654499,0.9286008495504043,0.9879141181383408,0.14141657135681998,0.2703669027227085,3.1775643143067627,2.5388363199546093,4070.8294331773272,0.17640966515762382,2.8391957344382646,19.949514647252556,96.66540994973133,1453.2469665453284,12.168661888759605,0.10773683679765686,6.765819160711731,1881.583550008667,0.08153854870899059,0.14459824421788742,48.83831956834638,0.16052671874643198,3.336881763576563,0.01869949420279238,4070.8294331773272,0.17640966515762382,2.8391957344382646,19.949514647252556,96.66540994973133,1453.2469665453284,12.168661888759605,0.10773683679765686,1881.583550008667,0.08153854870899059,0.16052671874643198,3.336881763576563,0.01869949420279238,6.765819160711731,0.14459824421788742,48.83831956834638,3.5289369460859814,94745.87497101894,0.5936941917011971,0.2332583710810537,31591.464937620232,2.5416358235217125,17.907542594321594,7.581714049389988,132.88101787739603,0.8721167137188581,0.11382142102916008,0.1597401069287877,2.96206736416152,0.018046548493357364,93.32731467807191,0.00023689727776538485,8.410611402788668,0.006670817281935096,0.016108978857782043,88_Benign_center1.png,/mnt/wangbd8/workspace/DataSets/ThyroidAgent/Classifaction_Data/Lymph_Node_Metastasis_fake/images/88_Benign_center1.png,/mnt/wangbd8/workspace/DataSets/ThyroidAgent/train_val_test/pred_masks/Lymph_Node_Metastasis_fake/Lymph_images/88_Benign_center1.png
0.999572748250252,464.0218177869008,564.978760662735,158452.5,463.8235636533301,2224.8944443027176,0.014041396912656585,158452.0,0.6342274989193788,38.0,139.0,1278293384.0,2.553608480581089,48.0,3.67106104234237,255.0,30.241473466266278,81.235869537778,74.0,5.0,250.0,21.076836121471075,89.8186261625922,0.9085672852383152,1278293384.0,0.20234622774614838,1468.1191061766026,16.64889381231207,3.7815983541699634,328.3842731903157,25.755873230536046,9.535564650497156,0.14193385029276784,0.9706672441682768,0.12375375850609274,0.5395878983664731,0.12661885754838353,0.16175079729628236,3.1891046367483744,-0.750612180458848,0.9891067460709977,0.9394715521864012,0.9988704075644548,0.9395877361547565,0.9897801927057116,0.11938362154378025,0.27288495015034026,3.0644323828608013,2.419374625197481,3396.2062448644206,0.17441486467052283,2.8844125816164663,19.238444946589976,138.60558751027116,1937.0249589153657,17.31592485267978,0.1187878691807699,7.002573589231562,1365.7624281018898,0.07013981245387685,0.12288895059702623,72.3878513968438,0.13751288479439228,2.8385260808417496,0.01813193364728686,3396.2062448644206,0.17441486467052283,2.8844125816164663,19.238444946589976,138.60558751027116,1937.0249589153657,17.31592485267978,0.1187878691807699,1365.7624281018898,0.07013981245387685,0.13751288479439228,2.8385260808417496,0.01813193364728686,7.002573589231562,0.12288895059702623,72.3878513968438,3.3894506891252205,100611.74592936662,0.634966715026422,0.2049227868117715,32062.164478832707,2.4224979705115572,16.72776613737914,7.79066215636281,127.29693534950647,0.9327194967507317,0.119547543078933,0.15122104976761278,2.6342106407268098,0.018183996173144742,80.38894721284123,0.00028311499613359044,7.26019803395095,0.005393653985356164,0.019661503423232057,89_Benign_center1.png,/mnt/wangbd8/workspace/DataSets/ThyroidAgent/Classifaction_Data/Lymph_Node_Metastasis_fake/images/89_Benign_center1.png,/mnt/wangbd8/workspace/DataSets/ThyroidAgent/train_val_test/pred_masks/Lymph_Node_Metastasis_fake/Lymph_images/89_Benign_center1.png
0.9994606254709526,462.65785862829995,564.978760662735,159439.0,462.4083127636922,1806.0832611206854,0.011327738264293463,159438.0,0.7837263440857919,16.0,132.0,1050306118.0,2.7185277199355107,61.0,3.2318187280582302,255.0,35.45559853446778,68.38654524015605,60.0,0.0,255.0,25.9267514982446,81.16373583041256,0.7684676776559741,1050306118.0,0.1701761088402701,1910.832444065086,13.749238993710692,3.26887106918239,490.0033113685058,32.55240070170677,12.392600688224356,0.13771698113207545,0.9780185970114914,0.11697484276729558,0.5190150726283248,0.12403386729164192,0.13882873234840393,3.317251511867982,-0.7796415904729737,0.9927594456835674,0.9429070255041176,0.9989182976008647,0.9430032993910353,0.9903532886484022,0.11271251477844807,0.21129559748427673,3.199225314208974,3.1325794173391084,2869.7216840738133,0.15529637340082328,3.2684358312950024,19.15736782293414,243.9607121597489,1592.6789869581687,131.26725529270223,0.153832095772789,7.059285105178754,1378.7329942096433,0.07461080113694699,0.11590085174174287,169.517218781299,0.15512509187117954,3.3126660298033923,0.02162762317876872,2869.7216840738133,0.15529637340082328,3.2684358312950024,19.15736782293414,243.9607121597489,1592.6789869581687,131.26725529270223,0.153832095772789,1378.7329942096433,0.07461080113694699,0.15512509187117954,3.3126660298033923,0.02162762317876872,7.059285105178754,0.11590085174174287,169.517218781299,3.506773685278545,103820.16454044833,0.6511632392556876,0.19973326711735806,27132.538441274977,3.1354776218248044,13.816925701526612,7.862655075954289,102.59744226595919,2.174259139192421,0.26103726020797213,0.14992522345850912,2.2890709171520522,0.03493953673314743,83.0077479272105,0.0003649584869964454,6.647485049290552,0.006533876413905611,0.024798466009510745,8_Benign_center1.png,/mnt/wangbd8/workspace/DataSets/ThyroidAgent/Classifaction_Data/Lymph_Node_Metastasis_fake/images/8_Benign_center1.png,/mnt/wangbd8/workspace/DataSets/ThyroidAgent/train_val_test/pred_masks/Lymph_Node_Metastasis_fake/Lymph_images/8_Benign_center1.png
0.9996488316330481,485.5250346317651,593.2630108139223,175981.5,485.3545335982392,1863.2548339959392,0.010587788114068462,175981.0,0.7981163044449661,50.0,159.0,2004704089.0,2.675939876433983,62.0,2.6045508238965738,255.0,34.34777847497717,98.38474039811116,90.0,15.0,240.0,25.82389696823613,106.73141016771352,0.5849183971656164,2004704089.0,0.17668752167357818,1712.0367731849751,22.66836063238855,4.463107819398946,322.35966237467034,20.883933531155083,11.136564128973486,0.14044722973935336,0.9750914093686993,0.12367469021506908,0.537775792523676,0.12515180073956006,0.1409531951888855,3.311828961923725,-0.7623630214557043,0.9915107319213428,0.9391996133962237,0.998892298278939,0.9392489990346422,0.9897724578130189,0.12073555265528327,0.23669562740350378,3.1868398231658683,2.81925283967821,3532.1704487917145,0.16258552123322045,2.8509916163573066,26.67976985040276,159.04796317606443,2616.921749136939,16.627167821452343,0.06603996160216138,6.983346311139149,1610.9400690448792,0.07415144161311296,0.12345082707792318,93.43162470307657,0.1460620238845579,4.032949040850707,0.009925969363450247,3532.1704487917145,0.16258552123322045,2.8509916163573066,26.67976985040276,159.04796317606443,2616.921749136939,16.627167821452343,0.06603996160216138,1610.9400690448792,0.07415144161311296,0.1460620238845579,4.032949040850707,0.009925969363450247,6.983346311139149,0.12345082707792318,93.43162470307657,3.508016161436824,111627.03490149505,0.6343129934566518,0.20721625133922683,31093.64675163796,2.818689752050449,22.743642779618256,7.786766753229042,172.32837067637985,0.6232249406969209,0.07813381929009329,0.15190370930195116,3.6167436636152015,0.011419001686250027,73.75939193510382,0.00028681534855371285,6.6063417825646376,0.006283328116541557,0.015477077522759924,8_Malignant_center1.png,/mnt/wangbd8/workspace/DataSets/ThyroidAgent/Classifaction_Data/Lymph_Node_Metastasis_fake/images/8_Malignant_center1.png,/mnt/wangbd8/workspace/DataSets/ThyroidAgent/train_val_test/pred_masks/Lymph_Node_Metastasis_fake/Lymph_images/8_Malignant_center1.png
0.9989680544834352,578.7700093798375,706.4000283125703,248721.5,578.1727502635357,2358.0416305603408,0.00948065056925252,248721.0,0.7497390437303669,10.0,126.0,1433724955.0,2.6527828980868158,62.0,3.4796679171535336,255.0,35.59167037176144,61.645623007305375,54.0,0.0,255.0,25.839745363141564,75.92358290741228,0.8774446069023207,1433724955.0,0.18141634061658005,1964.2076055398895,12.176570602052367,3.0084890874734596,539.1791986308334,38.53202377986603,12.625688268664403,0.12343221824247283,0.9806367477083244,0.08309394402117638,0.40244341728686867,0.11652761470947842,0.15998772807131245,3.099116596298919,-0.8318414787881278,0.9939266530649743,0.9610071125013592,0.9990896392114267,0.961143063261004,0.9932667053515922,0.07570381238905366,0.24155019520469298,3.0163153311075557,3.187280121726719,3062.6773996019797,0.1562829718631413,3.4799057621784684,18.606317293463285,1038.9336633158136,3643.6942389141195,824.9722402353323,0.1662038810248747,7.505688722280902,1129.0369444302698,0.05761274401338317,0.07879109524326454,877.8521410899701,0.12235650989066785,2.517315355497462,0.01889218584632188,3062.6773996019797,0.1562829718631413,3.4799057621784684,18.606317293463285,1038.9336633158136,3643.6942389141195,824.9722402353323,0.1662038810248747,1129.0369444302698,0.05761274401338317,0.12235650989066785,2.517315355497462,0.01889218584632188,7.505688722280902,0.07879109524326454,877.8521410899701,3.2655042018599203,184194.56163733662,0.7405669872561489,0.14390310277809668,45122.053654496405,3.187464464253333,12.235122888698582,8.223242106617455,95.6715918639761,2.895188078432418,0.33603761098150353,0.1364054056106597,1.832563617690326,0.04152616994081916,98.14417021651944,0.0003418002720966314,4.74306273327131,0.004794365707064732,0.023672166680319722,90_Benign_center1.png,/mnt/wangbd8/workspace/DataSets/ThyroidAgent/Classifaction_Data/Lymph_Node_Metastasis_fake/images/90_Benign_center1.png,/mnt/wangbd8/workspace/DataSets/ThyroidAgent/train_val_test/pred_masks/Lymph_Node_Metastasis_fake/Lymph_images/90_Benign_center1.png
0.9990906606101064,462.95921623262865,564.978760662735,159226.5,462.53822918139406,1924.568542494924,0.01208698641554593,159225.0,0.7349862654301741,12.0,119.0,733910652.0,2.4820896719814787,57.0,3.707621200723914,255.0,33.390833869691036,53.77174438687392,43.0,0.0,255.0,23.953508937043956,67.8915879582805,1.0692200188927943,733910652.0,0.20993466491763504,1717.8672210896314,9.939334970716041,2.675898986082247,445.1616366149646,38.33245546189791,11.252609494797827,0.13701114679765727,0.9759410517506989,0.08773852257698851,0.41618175429582566,0.1293130984536646,0.18597821218982155,2.9397322929648007,-0.8154669734479629,0.9912293694478205,0.9589498428562719,0.9990223398918415,0.9590629332741559,0.9929107456906704,0.08000341237623261,0.2998992379872788,2.853419608524241,2.8474051603988713,2146.2942060569626,0.16129061441774722,3.3003459882414834,16.204027955211544,628.8681896746074,2243.3612384459307,470.1331607577975,0.20622557380667433,7.317242230900891,822.8669872999174,0.06183715242353027,0.08357355942848171,485.69483487308344,0.12831693081734102,2.379208152898797,0.02327190683154073,2146.2942060569626,0.16129061441774722,3.3003459882414834,16.204027955211544,628.8681896746074,2243.3612384459307,470.1331607577975,0.20622557380667433,822.8669872999174,0.06183715242353027,0.12831693081734102,2.379208152898797,0.02327190683154073,7.317242230900891,0.08357355942848171,485.69483487308344,3.112991746568999,115919.05736536348,0.7280204576251436,0.1516567535169777,33426.84702151044,2.848771097225455,10.011895116972838,8.17671219971738,76.78395980530695,3.4504146625054006,0.40227598272274023,0.13812948134191655,1.5555810261509744,0.05018176551899075,129.72271035171568,0.000473693025347911,3.400084002005914,0.006894432589497762,0.023575466870030516,91_Benign_center1.png,/mnt/wangbd8/workspace/DataSets/ThyroidAgent/Classifaction_Data/Lymph_Node_Metastasis_fake/images/91_Benign_center1.png,/mnt/wangbd8/workspace/DataSets/ThyroidAgent/train_val_test/pred_masks/Lymph_Node_Metastasis_fake/Lymph_images/91_Benign_center1.png
0.9997216879551079,462.33695022538365,564.978760662735,159662.0,462.2082762833372,1783.2548339959392,0.011168937092081643,159661.0,0.79431415992551,35.0,130.0,1181083165.0,2.5366151681580424,47.0,4.2897134072809315,255.0,29.403039789752214,77.32160640356756,71.0,7.0,248.0,20.292012538018884,86.00838978755192,0.9856098890860823,1181083165.0,0.205159279159912,1418.8122970192444,15.413963536792922,3.6291944306627557,342.11278383989924,25.511389516900568,9.167627172678875,0.19598188772145778,0.958139668912431,0.11972693416400279,0.5162981744497799,0.1816473489571463,0.16745433114689456,3.13318174686632,-0.7645129432223754,0.9895955785055839,0.9445921725488204,0.9986140587541138,0.944809736441286,0.9903697655270065,0.10710976027740794,0.2716339360292409,3.0133428714042902,2.3409022651000835,3183.3210209703716,0.17896896727780803,2.941344012504257,18.659245516388374,189.53139933659415,2208.7105751391464,29.762289564259714,0.12668040388421517,7.098828751383666,1180.4854669140384,0.0663678791765918,0.1114047888964744,108.95788991784681,0.13245297899585926,2.6606994163176316,0.01811046655374007,3183.3210209703716,0.17896896727780803,2.941344012504257,18.659245516388374,189.53139933659415,2208.7105751391464,29.762289564259714,0.12668040388421517,1180.4854669140384,0.0663678791765918,0.13245297899585926,2.6606994163176316,0.01811046655374007,7.098828751383666,0.1114047888964744,108.95788991784681,3.3249834438809764,105335.30638665672,0.6597434964497074,0.1901765119822226,32755.935669950708,2.3425882749797915,15.50946693306443,7.902963153180802,119.11703546889973,1.0831304891118054,0.13575554223418212,0.1472547042379375,2.39820967897956,0.01975542517298583,80.12448345272286,0.0002901491314125035,6.982796165867142,0.005068733529022973,0.02080222911360839,92_Benign_center1.png,/mnt/wangbd8/workspace/DataSets/ThyroidAgent/Classifaction_Data/Lymph_Node_Metastasis_fake/images/92_Benign_center1.png,/mnt/wangbd8/workspace/DataSets/ThyroidAgent/train_val_test/pred_masks/Lymph_Node_Metastasis_fake/Lymph_images/92_Benign_center1.png
0.9998144767753376,577.9676969784899,706.4000283125703,249403.5,577.8604705475957,2273.6396103067846,0.009116309956784025,249403.0,0.778636175499213,19.0,109.0,1199032481.0,2.4579176501935733,45.0,4.681483572849467,255.0,27.84758152921255,59.21563493622771,53.0,0.0,255.0,18.870268466059937,69.33693458661776,1.1068820608016385,1199032481.0,0.21229350201659505,1301.1190769683192,10.489849469970345,2.8941347135268063,321.80574850682683,25.146118965418168,8.607592870162643,0.15225795044483914,0.9652373188624052,0.10659262057270527,0.48136824337292317,0.14089596368428242,0.17605557932550883,3.0102825128763544,-0.7751129609994545,0.9888620605647199,0.9493323216612839,0.998886812892266,0.949448022259289,0.9913235510888702,0.09927723418656031,0.25884253417666586,2.9044818156044365,2.189962705151871,4854.993728933135,0.19028743940319567,2.657131403890607,14.008701105275534,314.0757623265658,1687.5098377361448,178.95051245728658,0.1976367795939876,7.084095038098722,1603.4330171670456,0.0628452229037801,0.10230029309992261,218.5223405082635,0.1274812374286146,2.00004015036167,0.024955467747348473,4854.993728933135,0.19028743940319567,2.657131403890607,14.008701105275534,314.0757623265658,1687.5098377361448,178.95051245728658,0.1976367795939876,1603.4330171670456,0.0628452229037801,0.1274812374286146,2.00004015036167,0.024955467747348473,7.084095038098722,0.10230029309992261,218.5223405082635,3.2010848994525483,169774.34574965015,0.6807229494017721,0.17790339846511188,52946.63628344487,2.1907519892651184,10.568116662590265,7.992161281139361,81.00338809076074,2.301481191462932,0.27783297749491653,0.1441613684589912,1.6399303759600148,0.037454341712498535,142.0435256204799,0.00019899749475620182,6.968498195368827,0.004217510189351708,0.018191251747704237,93_Benign_center1.png,/mnt/wangbd8/workspace/DataSets/ThyroidAgent/Classifaction_Data/Lymph_Node_Metastasis_fake/images/93_Benign_center1.png,/mnt/wangbd8/workspace/DataSets/ThyroidAgent/train_val_test/pred_masks/Lymph_Node_Metastasis_fake/Lymph_images/93_Benign_center1.png
0.9996541187639442,578.6137932354593,706.4000283125703,248562.0,578.413661581456,2629.7817459305106,0.010579983046203808,248561.0,0.6720515589900231,22.0,117.0,1498780860.0,2.552495351582237,48.0,3.975412399337239,255.0,29.100869595490664,68.39097042577073,65.0,0.0,255.0,20.665621138710176,77.6519874059151,0.6874493217313026,1498780860.0,0.19367126429611164,1352.506312309749,12.845160041613239,3.2660989201525816,295.1513728792859,16.29283075291073,8.865186010553165,0.15415446898765311,0.9658169088222508,0.10860571456221421,0.48780384049679204,0.142359267752084,0.15891953325054156,3.1159514780293884,-0.7790516910100429,0.9905790754824951,0.9485147950494947,0.9988565308697346,0.9486628828419893,0.9911627041356315,0.1004858202393561,0.25562706150856057,3.008533094696705,2.254835119885204,4738.767483330749,0.1837016391429194,2.6019889563258856,16.009691425027135,253.113932392619,2031.4579779810824,107.78589484383266,0.16251672361122552,7.1243324148246625,1601.98922313537,0.06210223380118506,0.10378136554004852,160.26835135272154,0.12503569120763214,2.1642192061186476,0.021134993234650748,4738.767483330749,0.1837016391429194,2.6019889563258856,16.009691425027135,253.113932392619,2031.4579779810824,107.78589484383266,0.16251672361122552,1601.98922313537,0.06210223380118506,0.12503569120763214,2.1642192061186476,0.021134993234650748,7.1243324148246625,0.10378136554004852,160.26835135272154,3.307226756977474,168310.00205583338,0.6771376123198466,0.17972016357399445,48139.12312470581,2.2573435391641254,12.91936385836877,7.977426064426841,99.90559259095353,1.8209820514212052,0.22076596784665975,0.1445958492639187,1.9723019030875049,0.0300550144482416,118.3013950253366,0.00020763827589079933,6.697580967073545,0.004439027042209047,0.01615092623193971,94_Benign_center1.png,/mnt/wangbd8/workspace/DataSets/ThyroidAgent/Classifaction_Data/Lymph_Node_Metastasis_fake/images/94_Benign_center1.png,/mnt/wangbd8/workspace/DataSets/ThyroidAgent/train_val_test/pred_masks/Lymph_Node_Metastasis_fake/Lymph_images/94_Benign_center1.png
0.9996713000301283,577.705110819832,706.4000283125703,249673.0,577.5152191673109,2183.941125496953,0.008747205847235998,249672.0,0.8110540463321457,23.0,126.0,1698664084.0,2.647943644454311,52.0,3.2323938120455877,255.0,31.387362717754904,72.52880579320068,68.0,0.0,255.0,22.237812066076568,82.4838325759599,0.6079562499149631,1698664084.0,0.18113154301116652,1543.1549666311612,14.267002488560648,3.429557678413743,328.27917752115906,17.882772283601557,10.150039933469712,0.12949345749377858,0.9748055767574795,0.11320542666773702,0.507070095572687,0.11667798886675422,0.14617551909273535,3.2432530933582577,-0.7751774408084248,0.9917227307416454,0.9444097933407983,0.9989804029015121,0.9444583557915419,0.9906428357881774,0.11033102396620792,0.24585775066227825,3.1295896470454645,2.5698833477408733,4895.778397980588,0.1740597432353464,2.620146021884149,17.618658228748178,231.96110498808974,1929.6552422938814,104.57105946838811,0.14248603649283198,7.042564981250908,1929.0005688484375,0.06858180996368037,0.112655804415393,153.1671583453456,0.13924508801983496,2.6422133288065055,0.019158305993651953,4895.778397980588,0.1740597432353464,2.620146021884149,17.618658228748178,231.96110498808974,1929.6552422938814,104.57105946838811,0.14248603649283198,1929.0005688484375,0.06858180996368037,0.13924508801983496,2.6422133288065055,0.019158305993651953,7.042564981250908,0.112655804415393,153.1671583453456,3.437629641687566,164130.42642346758,0.6573841937560784,0.19296244976141885,45223.47460668397,2.5702633634462635,14.328186580794002,7.89185811785062,109.44778349194142,1.7304808451457168,0.20982108567826813,0.14803155072788832,2.2480329748185173,0.028569767895964895,143.94904225553168,0.0002084079344414508,5.412253198790085,0.006414540283905952,0.011785929803001808,95_Benign_center1.png,/mnt/wangbd8/workspace/DataSets/ThyroidAgent/Classifaction_Data/Lymph_Node_Metastasis_fake/images/95_Benign_center1.png,/mnt/wangbd8/workspace/DataSets/ThyroidAgent/train_val_test/pred_masks/Lymph_Node_Metastasis_fake/Lymph_images/95_Benign_center1.png
0.9992424889782325,520.2993736892308,635.6893895606564,201932.5,519.9052411790425,2011.9411254969543,0.009963433946972152,201932.0,0.7917585739072027,45.0,157.0,2145903525.0,2.732759426391819,55.0,3.1391544363361614,255.0,33.50013867873593,94.08285462432899,88.0,9.0,246.0,23.607810240928362,103.08667293476354,0.6873407921116799,2145903525.0,0.1755075346889063,1775.2786024962875,21.266379425882445,4.293263574857165,412.1556198338275,25.9413935477205,11.485071017585664,0.14800180683719108,0.974554993496392,0.1177918861096909,0.5191738086050315,0.13412687840391266,0.14081129270006265,3.3463744087972787,-0.7754310687334126,0.9927557917584934,0.9428759721575517,0.9988736565669234,0.9429660006219769,0.9903217849506376,0.11274107444944356,0.22041924579438787,3.2264767478577445,2.9082682061057126,3872.6818610230484,0.1659104558745201,3.024582702519372,24.204609716391055,176.16913717761975,2810.7397395253192,21.75452222765146,0.08532626620318051,7.150243956344946,1566.291320366721,0.06710184732956563,0.11559336806449697,101.32907081383385,0.13634937403238429,3.3016748653065244,0.012921939446792685,3872.6818610230484,0.1659104558745201,3.024582702519372,24.204609716391055,176.16913717761975,2810.7397395253192,21.75452222765146,0.08532626620318051,1566.291320366721,0.06710184732956563,0.13634937403238429,3.3016748653065244,0.012921939446792685,7.150243956344946,0.11559336806449697,101.32907081383385,3.541323407003278,131421.90403700256,0.650822574119023,0.1965675495243649,35440.58749480023,2.908318760707975,21.33531584889963,7.862894439712378,164.47276806053523,0.7546479205156701,0.09459509092762201,0.14897341679377216,3.280347949914933,0.013838098525652778,84.32511914969027,0.0002562653472819483,6.304667833463819,0.00619227478327191,0.014721217992956595,96_Benign_center1.png,/mnt/wangbd8/workspace/DataSets/ThyroidAgent/Classifaction_Data/Lymph_Node_Metastasis_fake/images/96_Benign_center1.png,/mnt/wangbd8/workspace/DataSets/ThyroidAgent/train_val_test/pred_masks/Lymph_Node_Metastasis_fake/Lymph_images/96_Benign_center1.png
0.9989563841433203,520.5658472663724,635.6893895606564,201713.0,520.0225764937194,2117.8406204335647,0.0104992767964066,201712.0,0.7517589416011669,7.0,105.0,760322263.0,2.3459488023765287,54.0,4.58005983582237,255.0,31.122471087730553,47.46540116601888,37.0,0.0,255.0,22.5858868337873,61.39499748085207,1.1832799457643106,760322263.0,0.2357078721150521,1516.3814078227258,8.367047656910003,2.4531133528797895,402.18578484696377,34.904137461291185,9.551769109663981,0.15463897033245538,0.9681367259530029,0.09805694975898226,0.4498900811088817,0.14502380493641984,0.20649364704784606,2.8389408571869694,-0.78980321180391,0.9876297828186816,0.9544458370060598,0.9988823461848327,0.9546170910014522,0.9920927508352504,0.08815986776437032,0.34394473984992296,2.7453889524115818,2.4266020199991094,3325.6286238730227,0.17954049688889612,2.92435568831289,13.621065702100092,882.8157425902931,1944.1674134859363,779.6214789043828,0.2377236830588527,7.022945671423516,1273.9171300545268,0.06877488150162106,0.09182894423732847,764.2277227042027,0.14424872686334794,2.257687919670068,0.03251861020035371,3325.6286238730227,0.17954049688889612,2.92435568831289,13.621065702100092,882.8157425902931,1944.1674134859363,779.6214789043828,0.2377236830588527,1273.9171300545268,0.06877488150162106,0.14424872686334794,2.257687919670068,0.03251861020035371,7.022945671423516,0.09182894423732847,764.2277227042027,3.0149173907191473,142734.65435868962,0.7076160781643611,0.16573238014380828,47545.10630007139,2.427837376307833,8.445957602919012,8.097515269294837,63.73694673594035,3.815324157782472,0.4477604426633335,0.14144836863118374,1.356594770982611,0.056969818412526574,147.9599257576121,0.0003083529153047461,5.138448827824578,0.005242682682130942,0.022009364241865156,97_Benign_center1.png,/mnt/wangbd8/workspace/DataSets/ThyroidAgent/Classifaction_Data/Lymph_Node_Metastasis_fake/images/97_Benign_center1.png,/mnt/wangbd8/workspace/DataSets/ThyroidAgent/train_val_test/pred_masks/Lymph_Node_Metastasis_fake/Lymph_images/97_Benign_center1.png
0.9998530569350379,462.1224254917585,564.978760662735,159831.0,462.0545198061691,1659.2132034355964,0.010381047502897412,159831.0,0.8541482301292483,65.0,154.0,1858124041.0,2.403978955088935,42.0,3.6032034221813714,255.0,26.711744015086527,102.28033985897605,95.0,22.0,233.0,18.191539573491394,107.82186581789918,0.89886350851416,1858124041.0,0.22878690431259574,1164.28682678541,23.211300207636768,4.619849071280259,205.06924265733926,18.143460336301995,7.611160283506488,0.13798121859572304,0.9643879987071362,0.13793103448275865,0.5790762257977174,0.11895624832223911,0.17675561154564134,3.0969086342825545,-0.7113263494287746,0.9834892119493386,0.931039501169917,0.998869026149522,0.931042846777448,0.9885060688194686,0.13788712338391476,0.3177846223331849,2.958622913368892,1.9372853755255532,4494.51575752165,0.20063011148654808,2.135646806249149,25.639228640299972,103.89353629140255,2068.26328006428,7.100498749528503,0.05664760995067677,6.611954685030729,1790.8851888224265,0.07994309386762015,0.14016054457520757,52.98994215207153,0.15881758086055925,4.266508016360476,0.009307920971762215,4494.51575752165,0.20063011148654808,2.135646806249149,25.639228640299972,103.89353629140255,2068.26328006428,7.100498749528503,0.05664760995067677,1790.8851888224265,0.07994309386762015,0.15881758086055925,4.266508016360476,0.009307920971762215,6.611954685030729,0.14016054457520757,52.98994215207153,3.305239662357272,96190.30031095345,0.601825054657441,0.22840684173724,36567.23970318649,1.9383816088785557,23.272306373607123,7.625060219857224,174.23043089263035,0.46703631600050083,0.06053386101027551,0.1581924379848437,3.8027395603272622,0.009429273977162,76.63285041153918,0.00021842828869904062,7.671048163354834,0.004773901732821285,0.014069749163315878,98_Benign_center1.png,/mnt/wangbd8/workspace/DataSets/ThyroidAgent/Classifaction_Data/Lymph_Node_Metastasis_fake/images/98_Benign_center1.png,/mnt/wangbd8/workspace/DataSets/ThyroidAgent/train_val_test/pred_masks/Lymph_Node_Metastasis_fake/Lymph_images/98_Benign_center1.png
0.9998021283028935,578.1442723542359,706.4000283125703,249304.0,578.0298739658928,2263.053823869155,0.009077487019338458,249303.0,0.7821223060945011,38.0,135.0,2062589052.0,2.5458344225599947,42.0,4.134418854217569,255.0,28.33299794631828,82.98548352807627,78.0,7.0,248.0,18.611912021957043,90.9583559105911,0.8820196425569831,2062589052.0,0.20847937703582892,1386.8320335691437,17.033399397781686,3.8509107647529417,323.39944678966515,22.39917793537881,8.978579860922867,0.16303714215648832,0.9643307869709333,0.11557526321925492,0.5082143782511028,0.14967950068828825,0.1701523891361841,3.1372499182416917,-0.7673697381445089,0.9898901773085043,0.9450696878198728,0.9987933637067085,0.9452012566347614,0.9905881802148762,0.10753686177059457,0.26106847519769083,3.0207466091871518,2.2854042507698393,5098.3370534096675,0.18473574365568762,2.658557113882515,20.219327487499093,191.84850351474745,2533.9715559098486,26.733984155300185,0.10708075874698651,7.089676978054068,1811.9366620769622,0.06565463664312494,0.11070063336582392,110.24669412287909,0.13579142964776866,2.9068867690849927,0.015323211453343874,5098.3370534096675,0.18473574365568762,2.658557113882515,20.219327487499093,191.84850351474745,2533.9715559098486,26.733984155300185,0.10708075874698651,1811.9366620769622,0.06565463664312494,0.13579142964776866,2.9068867690849927,0.015323211453343874,7.089676978054068,0.11070063336582392,110.24669412287909,3.3306734086758274,164952.9160138466,0.6616563619926219,0.190104153104776,51974.53413316326,2.287439292976107,17.115698567606486,7.910715073625267,132.01894481815302,0.9436954005773778,0.11778980663930426,0.14727616149380027,2.6336697824646227,0.017030186482427184,113.06845297392474,0.00018614345174979049,6.579951910112871,0.004777932152694964,0.012986781893471626,99_Benign_center1.png,/mnt/wangbd8/workspace/DataSets/ThyroidAgent/Classifaction_Data/Lymph_Node_Metastasis_fake/images/99_Benign_center1.png,/mnt/wangbd8/workspace/DataSets/ThyroidAgent/train_val_test/pred_masks/Lymph_Node_Metastasis_fake/Lymph_images/99_Benign_center1.png
0.9991564873447242,463.1318613019914,564.978760662735,159087.0,462.74120371592176,1881.1126983722081,0.011824427504272556,159087.0,0.7516358101083992,50.0,154.0,1655285643.0,2.6322429812186976,51.0,3.2682962456154754,252.0,31.720506897182304,93.844506465016,86.0,12.0,240.0,21.929782072655257,102.00445223912223,0.7966023780419557,1655285643.0,0.19228100547160676,1598.1168829409382,20.91845185199191,4.283578185760115,352.4269163346554,26.032963084620295,10.398250205041162,0.12061109115316986,0.9770676525230338,0.12059848613763416,0.5311594250430922,0.1060670962944807,0.15369408355288633,3.2648641329396604,-0.7595187477119285,0.9907814070587866,0.9397020174327364,0.9990113894580948,0.9397028577671054,0.9899502069565786,0.12058745674904044,0.24692595183623564,3.14417751880606,2.6297153240485835,3332.233507210801,0.17041185983485735,2.8508394374671786,24.66825202004705,145.555538508745,2304.015137567761,15.578146296148269,0.07542056332728916,6.991802141649237,1402.929733046947,0.0717464320879077,0.12291387731241396,79.36465734984978,0.13377584440512144,3.414840290006655,0.010893720301322537,3332.233507210801,0.17041185983485735,2.8508394374671786,24.66825202004705,145.555538508745,2304.015137567761,15.578146296148269,0.07542056332728916,1402.929733046947,0.0717464320879077,0.13377584440512144,3.414840290006655,0.010893720301322537,6.991802141649237,0.12291387731241396,79.36465734984978,3.46073971552999,100953.86975051387,0.6345827738942458,0.20391463898453188,30589.408317461515,2.6306748247585334,20.972738187281173,7.789379396179449,158.88237253829666,0.6816132347504071,0.08585114039580917,0.1509121843184337,3.309567511277896,0.012619869688050945,69.18776887222968,0.00029826644028412523,6.589247995467794,0.005712312512021695,0.01803998373728192,9_Benign_center1.png,/mnt/wangbd8/workspace/DataSets/ThyroidAgent/Classifaction_Data/Lymph_Node_Metastasis_fake/images/9_Benign_center1.png,/mnt/wangbd8/workspace/DataSets/ThyroidAgent/train_val_test/pred_masks/Lymph_Node_Metastasis_fake/Lymph_images/9_Benign_center1.png
0.9996504767844784,485.29048465351457,593.2630108139223,176099.5,485.1208643628565,1852.1837661840736,0.010517825241889238,176098.0,0.8031560220174286,39.0,143.0,1576143626.0,2.607080873132387,49.0,3.0111399362297706,225.0,30.277090724341225,86.52763801973902,82.0,10.0,215.0,21.008044940653054,94.6064362413179,0.6051156022628866,1576143626.0,0.19064266386025738,1463.3456370075637,18.282657830762837,3.992792361953236,269.01191644543644,17.019641242328568,9.474249491997764,0.11318155163481301,0.9763895977723914,0.1131701651608055,0.5094772934302122,0.10037406535228904,0.1539983832653175,3.209594010004689,-0.7686266478425011,0.9908631829559383,0.9434160560669979,0.9988793970819518,0.9434168151652651,0.9897118894283661,0.11316020199604891,0.24642037723388388,3.096346641238929,2.3968577609081443,3608.9290633608816,0.17753488111771357,2.490250708916857,21.81857536402991,186.34149940968123,2430.878492719402,26.441053037349228,0.09360354792296982,7.0088623580105125,1396.6493506493507,0.06870569414843322,0.11543572329044055,111.29688282377587,0.14117548354531112,3.263482601121153,0.01331120544459708,3608.9290633608816,0.17753488111771357,2.490250708916857,21.81857536402991,186.34149940968123,2430.878492719402,26.441053037349228,0.09360354792296982,1396.6493506493507,0.06870569414843322,0.14117548354531112,3.263482601121153,0.01331120544459708,7.0088623580105125,0.11543572329044055,111.29688282377587,3.406997956388191,114713.89678474485,0.651420781523611,0.1970589698225289,33571.79182046361,2.3981703180746377,18.33499528671535,7.865131915183591,140.27497189065178,0.8761194606726103,0.1091392752861039,0.14913160727423241,2.8732583876906923,0.015714058501765948,89.28059794198668,0.0002840541447061398,4.923939191399155,0.005976049859992083,0.013087503793480091,9_Malignant_center1.png,/mnt/wangbd8/workspace/DataSets/ThyroidAgent/Classifaction_Data/Lymph_Node_Metastasis_fake/images/9_Malignant_center1.png,/mnt/wangbd8/workspace/DataSets/ThyroidAgent/train_val_test/pred_masks/Lymph_Node_Metastasis_fake/Lymph_images/9_Malignant_center1.png
0.891451485652076,607.6628100056189,702.6478492103993,244196.0,541.7019147550241,2497.74011537017,0.010228423542442014,244196.0,0.701337330481635,31.0,168.0,2978003093.0,2.979803229534503,82.0,2.130650938465363,255.0,42.54092035433943,98.2363060819997,100.0,0.0,255.0,33.034402954055494,110.43158342283537,0.16786539938136383,2978003093.0,0.13695813854777503,2544.7627846383166,23.883745742541755,4.448777134884485,585.5769184916427,11.26842702930042,16.473008504020612,0.10449751733760104,0.9873928542444238,0.10449751733760107,0.4830923745799978,0.09357778620787885,0.11083413747407395,3.556481921552938,-0.8063984639757728,0.9958993947385715,0.9477512413311994,0.9991434629726426,0.9477512413311994,0.9912918735551999,0.10449751733760107,0.17161147359349993,3.45198440421534,4.144376505339554,3589.1722690693464,0.1381992325697642,3.9261484407660308,23.465673250933733,176.25497670478612,4163.566863039544,27.932474767659578,0.13075369891713517,7.489608066325811,1547.5761041161295,0.05958862208294365,0.10635309341676358,87.84531126254014,0.10971609071539361,2.4968003853055767,0.016111511492674844,3589.1722690693464,0.1381992325697642,3.9261484407660308,23.465673250933733,176.25497670478612,4163.566863039544,27.932474767659578,0.13075369891713517,1547.5761041161295,0.05958862208294365,0.10971609071539361,2.4968003853055767,0.016111511492674844,7.489608066325811,0.10635309341676358,87.84531126254014,3.7511385301228692,163608.04384183197,0.6699865838991301,0.18034535882443994,33444.62960081246,4.145894627066353,23.938438795066258,7.9493521597405365,190.78670002784648,1.0898089053295281,0.1363161446310134,0.144590137976598,3.443879097118708,0.019627540592808624,79.79841944607188,0.00028880253112860345,5.560221762171501,0.007854362578970828,0.014311187473943218,10_Benign_center2.png,/mnt/wangbd8/workspace/DataSets/ThyroidAgent/Classifaction_Data/Lymph_Node_Metastasis_fake/images/10_Benign_center2.png,/mnt/wangbd8/workspace/DataSets/ThyroidAgent/train_val_test/pred_masks/Lymph_Node_Metastasis_fake/Lymph_images/10_Benign_center2.png
0.999797139343223,462.8478578557389,564.978760662735,159289.0,462.75396423530646,1952.5096679918727,0.01225765538104874,159287.0,0.7246105150464186,44.0,131.0,1550673513.0,2.4463743241421483,49.0,2.5822645967616022,214.0,27.592511798449358,92.73852228995462,98.0,0.0,214.0,20.08280244756139,98.66656707090675,-0.3725024834108725,1550673513.0,0.2128841006928396,1134.6579410333334,19.69800521364615,4.228840026697898,142.80142644805028,-6.923167781132236,7.395538602634988,0.13586963365950105,0.9639191956147762,0.13585704031130758,0.5733680071244004,0.11741249825735281,0.1622895334145685,3.1351024628178004,-0.7183114413689087,0.9849999517419118,0.9320727391791654,0.9983430640888137,0.9320735787357117,0.9864144104538527,0.1358460211316383,0.29177528429483546,2.9991525022951104,1.8828520590736224,4631.899038461538,0.2100825035586692,1.770344153460664,19.386883164005805,101.56635522496371,2007.8378537735848,11.644980784233594,0.09737040376426466,6.556562794402658,1713.3732764876634,0.07771105209033306,0.13841681995391966,49.37215283218655,0.14707235539385755,2.686269203690528,0.016109539721524683,4631.899038461538,0.2100825035586692,1.770344153460664,19.386883164005805,101.56635522496371,2007.8378537735848,11.644980784233594,0.09737040376426466,1713.3732764876634,0.07771105209033306,0.14707235539385755,2.686269203690528,0.016109539721524683,6.556562794402658,0.13841681995391966,49.37215283218655,3.3430681426730255,96278.52063884687,0.6044342641825564,0.22376429849657486,33909.66974706034,1.8838001408020157,19.763477245475148,7.639399323234162,151.45922140538775,0.7898577986136278,0.10242037084011137,0.1567614152790595,3.070488419575288,0.015995132015021406,100.73890239357165,0.0002239086660347818,4.755542216160035,0.0070395315997008896,0.007682478036895227,10_Malignant_center2.png,/mnt/wangbd8/workspace/DataSets/ThyroidAgent/Classifaction_Data/Lymph_Node_Metastasis_fake/images/10_Malignant_center2.png,/mnt/wangbd8/workspace/DataSets/ThyroidAgent/train_val_test/pred_masks/Lymph_Node_Metastasis_fake/Lymph_images/10_Malignant_center2.png
0.8835953890294427,578.7554446347814,666.6940827696013,219854.0,511.3856422549777,2152.66904755831,0.00979135720777566,219854.0,0.7721378668869662,15.0,129.0,1349597627.0,2.6661688839510567,63.0,2.5790094138070483,212.0,34.84226610621734,65.94484066698809,59.0,0.0,212.0,25.658327093868653,78.34927231305952,0.5667711016189829,1349597627.0,0.17218106324982696,1789.886461391508,12.89091887062513,3.165896306831132,343.22199630206796,22.421792969204343,11.560691952870163,0.08861417279763695,0.9847863603476971,0.08452078148219055,0.42104714562866563,0.08147041029527675,0.14626615878719637,3.1501673481573533,-0.8184585618406918,0.9936176466184764,0.9581169310674066,0.9989279326033221,0.9582267983636854,0.9915809830388777,0.08255863800786263,0.19944114724357045,3.0603037445282757,2.9123265314169506,3299.2468766684465,0.17614772432826728,2.6859244600184313,15.121996796583021,437.1686065136145,3298.1063000533904,255.67648846489422,0.18757907034152965,7.431102301169612,985.0906567004805,0.052594268910863884,0.0851929007432205,299.38638323733255,0.12144703839291121,2.1878390476454226,0.022415025727617575,3299.2468766684465,0.17614772432826728,2.6859244600184313,15.121996796583021,437.1686065136145,3298.1063000533904,255.67648846489422,0.18757907034152965,985.0906567004805,0.052594268910863884,0.12144703839291121,2.1878390476454226,0.022415025727617575,7.431102301169612,0.0851929007432205,299.38638323733255,3.334496664441878,159165.8738799385,0.723961692213644,0.15447227649402748,37854.69547972745,2.9133788430639465,12.932650759140156,8.161188788923559,103.76936057565476,2.4222344846976402,0.2866246111152929,0.1387840213151556,1.8737654685988576,0.03702471917373901,145.7371170486613,0.0003267667141406888,3.0492930071399185,0.006797060906404213,0.012619723835982095,11_Benign_center2.png,/mnt/wangbd8/workspace/DataSets/ThyroidAgent/Classifaction_Data/Lymph_Node_Metastasis_fake/images/11_Benign_center2.png,/mnt/wangbd8/workspace/DataSets/ThyroidAgent/train_val_test/pred_masks/Lymph_Node_Metastasis_fake/Lymph_images/11_Benign_center2.png
0.9993647497456981,462.51569765463023,564.978760662735,159558.5,462.2218844400765,1750.426406871193,0.01097043659141439,159558.0,0.8089488240064294,15.0,133.0,1021274080.0,2.703592240495379,70.0,2.6554147226379876,252.0,37.378934293293916,66.32621366525025,56.0,0.0,252.0,28.414896042789294,80.00402978105595,0.6622727734745637,1021274080.0,0.17030942007994387,2001.4781620396573,13.265783006831708,3.1787871360245363,428.6285143549746,29.992854581669732,12.804106374581522,0.15972497187498036,0.9753583693575834,0.15185625129626484,0.6216608694188203,0.13666465081722598,0.12788797735325408,3.4383936132932753,-0.7282097412562508,0.9902041033538796,0.924774373368418,0.9986996044648911,0.924953873172098,0.9873900169197347,0.1484399238407289,0.2092061516802735,3.2802295382598348,3.2409578366141245,3966.0253744275283,0.16363516006219944,3.128166002771292,15.822420266534637,143.53806164129224,961.8978421421793,90.18306306713967,0.2037196477862492,6.6558010975371396,2275.280562775921,0.09387632804290634,0.15190087617042078,100.19900615963714,0.20095293264854702,3.360798014506213,0.04036865222745217,3966.0253744275283,0.16363516006219944,3.128166002771292,15.822420266534637,143.53806164129224,961.8978421421793,90.18306306713967,0.2037196477862492,2275.280562775921,0.09387632804290634,0.20095293264854702,3.360798014506213,0.04036865222745217,6.6558010975371396,0.15190087617042078,100.19900615963714,3.64357267428306,92992.17414357161,0.5828111040723224,0.25092764923745625,27174.230449115683,3.240663393335555,13.346908334273431,7.520412639917772,96.75986161771895,2.342047101180252,0.29369708333751554,0.16535122720961098,2.355970173158907,0.04374217652616919,121.89412698489873,0.00026517752959025935,9.379069801883201,0.008662507663883462,0.019880958106441655,11_Malignant_center2.png,/mnt/wangbd8/workspace/DataSets/ThyroidAgent/Classifaction_Data/Lymph_Node_Metastasis_fake/images/11_Malignant_center2.png,/mnt/wangbd8/workspace/DataSets/ThyroidAgent/train_val_test/pred_masks/Lymph_Node_Metastasis_fake/Lymph_images/11_Malignant_center2.png
0.951874852506446,562.0027319134462,669.8634189146322,223045.0,534.9562675483313,2519.438600180002,0.011295651550942644,223044.0,0.6645036934582914,7.0,109.0,872877496.0,2.341786777040058,53.0,4.1078629280599745,253.0,33.23997132816006,46.86284320582486,32.0,0.0,253.0,23.530963037478333,62.55778684689237,1.2239069499396398,872877496.0,0.252561919200823,1717.3506218474945,8.528875926317069,2.414724902368765,489.5302198307622,44.865982751920015,10.864504696363914,0.07258640757501539,0.9867265606759239,0.07258640757501539,0.37550232183830495,0.06731762101036914,0.22756743096074605,2.758571398560435,-0.8218250666210054,0.989286042124737,0.9637067962124923,0.9994050294461065,0.9637067962124923,0.9939511327020821,0.07258640757501539,0.39722992436668897,2.6859849909854225,2.7342727759847314,3155.9399700149925,0.18926176731724093,2.539176662942892,11.733073463268365,809.6031184407796,2585.2340029985007,686.861123246127,0.27714550878042304,7.349351555262408,873.6623088455772,0.05239354175985471,0.07476103369738707,630.6870258927507,0.10616733204056458,1.193296053768111,0.029519779441562678,3155.9399700149925,0.18926176731724093,2.539176662942892,11.733073463268365,809.6031184407796,2585.2340029985007,686.861123246127,0.27714550878042304,873.6623088455772,0.05239354175985471,0.10616733204056458,1.193296053768111,0.029519779441562678,7.349351555262408,0.07476103369738707,630.6870258927507,2.9339243462354503,167492.04100536217,0.7509372186894163,0.13648176616445312,56332.42070622837,2.7358667506132828,8.569515431932713,8.261706210433816,68.45303617223507,4.210579871768672,0.49054848400360157,0.13472478773495614,1.2261287757871393,0.061128743767632256,124.33261907247348,0.0003368090500937865,5.166983047938481,0.003608223094845721,0.03479149070579016,12_Benign_center2.png,/mnt/wangbd8/workspace/DataSets/ThyroidAgent/Classifaction_Data/Lymph_Node_Metastasis_fake/images/12_Benign_center2.png,/mnt/wangbd8/workspace/DataSets/ThyroidAgent/train_val_test/pred_masks/Lymph_Node_Metastasis_fake/Lymph_images/12_Benign_center2.png
0.9988148412568859,693.7993790401883,847.8213255161727,358791.0,692.9771166401517,2806.0832611206806,0.007820941052369431,358790.0,0.756702465812105,42.0,146.0,3569305569.0,2.6363208543221783,63.0,2.119005655891008,219.0,33.37657201851419,91.69851723849605,90.0,9.0,210.0,25.744731404658815,99.74053645278815,0.232452693999988,3569305569.0,0.17316678275967276,1539.5565481512056,19.98185575070505,4.184519587859157,215.9677653404543,7.238432263057833,9.990942692263605,0.10433641415128585,0.9793296623002751,0.10433641415128585,0.48259287879085927,0.0934503268333372,0.14028270604026122,3.210232118254641,-0.7821830305515138,0.9918751739946806,0.9478317929243572,0.9987276047054722,0.9478317929243572,0.9895663585848714,0.10433641415128585,0.19610476642559965,3.105895704103358,2.5238197766037227,6544.823541787198,0.17211443595926992,2.519436857085238,20.651186030610635,208.31446904749382,3747.1775101246517,24.294936738378485,0.10028106251349263,7.18697778193817,2367.4645768684586,0.062259101058971714,0.10598400178377324,119.28795414124647,0.11784244982031175,2.362603155828342,0.014429135101416296,6544.823541787198,0.17211443595926992,2.519436857085238,20.651186030610635,208.31446904749382,3747.1775101246517,24.294936738378485,0.10028106251349263,2367.4645768684586,0.062259101058971714,0.11784244982031175,2.362603155828342,0.014429135101416296,7.18697778193817,0.10598400178377324,119.28795414124647,3.4069664742277435,240845.68574374984,0.6712720135559793,0.18092870312071394,62130.509986342986,2.525220509541392,20.038975445246525,7.954051116251846,158.73650882131608,0.7898703612528086,0.09936336925650927,0.14479562480064165,2.9178436163524935,0.014567680316932103,196.68668243158092,0.00015617404153149097,3.520375781294508,0.007299351287524847,0.004751758811651855,12_Malignant_center2.png,/mnt/wangbd8/workspace/DataSets/ThyroidAgent/Classifaction_Data/Lymph_Node_Metastasis_fake/images/12_Malignant_center2.png,/mnt/wangbd8/workspace/DataSets/ThyroidAgent/train_val_test/pred_masks/Lymph_Node_Metastasis_fake/Lymph_images/12_Malignant_center2.png
0.9507935075183687,561.376566276775,669.8634189146322,224270.0,533.7531944889128,1975.7989898732233,0.008809912114296265,224270.0,0.8496650696841587,39.0,135.0,2079287272.0,2.6057087753438744,53.0,2.625294643988101,220.0,30.045099735734112,88.94344317117759,91.0,0.0,220.0,21.797404483392352,96.28788692093958,-0.03238241713387664,2079287272.0,0.18571749782083072,1360.4210845551488,18.816853892418923,4.079883732361011,204.022983390869,-0.24496585231424717,8.818013504825258,0.13240301348561623,0.970414111295325,0.13237620311536502,0.5640799597287199,0.11487955433437587,0.14101515143048968,3.2872262087446167,-0.7385146415484841,0.9892910671381827,0.9338145794793428,0.9983853521830623,0.9338163668373595,0.9867626234191023,0.13235274404139521,0.22078339901874044,3.1546579421796337,2.2376041295777185,5817.682038673666,0.1932913163224688,2.0827613294919765,18.884643497906836,110.91334972423417,1955.0214632201476,19.236757612323387,0.10922202712174914,6.738768359166757,2263.5484749817265,0.0752059430853122,0.13420430730815536,55.39109549158708,0.1427208903308099,2.5617842691664348,0.016686864406162367,5817.682038673666,0.1932913163224688,2.0827613294919765,18.884643497906836,110.91334972423417,1955.0214632201476,19.236757612323387,0.10922202712174914,2263.5484749817265,0.0752059430853122,0.1427208903308099,2.5617842691664348,0.016686864406162367,6.738768359166757,0.13420430730815536,55.39109549158708,3.490847243718388,137326.00870379453,0.612324469183549,0.21853513637381974,41650.8632362777,2.237059438549903,18.881945868818836,7.680126633076203,144.98427787934187,0.9532287007650804,0.12189699459166323,0.15516416224491314,2.9213960850760246,0.018451922259108442,148.39152708630877,0.00018059526635697443,4.5206518809281775,0.008150560143822667,0.005966426909345583,13_Benign_center2.png,/mnt/wangbd8/workspace/DataSets/ThyroidAgent/Classifaction_Data/Lymph_Node_Metastasis_fake/images/13_Benign_center2.png,/mnt/wangbd8/workspace/DataSets/ThyroidAgent/train_val_test/pred_masks/Lymph_Node_Metastasis_fake/Lymph_images/13_Benign_center2.png
0.9447651308952828,577.2132310338475,686.9068350220429,235711.5,545.330933772182,2054.041630560342,0.008714218994662298,235711.0,0.8378882039645497,49.0,163.0,3238304971.0,2.810142194362735,58.0,2.6771948386469435,242.0,34.39148195722956,109.04172058155962,113.0,0.0,242.0,24.361949650373436,117.21115569377329,-0.2456551681448549,3238304971.0,0.16248555338642687,1848.3581916830396,26.819566261781976,4.887088614052915,372.37884850990946,-8.349009936474026,11.884882924897514,0.14115836419215086,0.9765245502158364,0.1411413581847788,0.5873294536746421,0.12123748120190686,0.12167631517741291,3.5248756638283685,-0.7455757004551608,0.9923984819971183,0.9294310215083479,0.9986024021477591,0.9294321552421727,0.9871690962711367,0.1411264779283282,0.21703066608279376,3.3836047098220563,3.0065103222724163,5557.20465337132,0.16492179052027897,2.788292099901786,26.08060303893637,97.50347222222223,2569.531220322887,13.36238618421521,0.0802426488785386,6.8406069230596,2758.8174857549857,0.08187373829994615,0.1429547199748845,48.57034160551856,0.15451366788811272,3.7148244063747238,0.013737831692494873,5557.20465337132,0.16492179052027897,2.788292099901786,26.08060303893637,97.50347222222223,2569.531220322887,13.36238618421521,0.0802426488785386,2758.8174857549857,0.08187373829994615,0.15451366788811272,3.7148244063747238,0.013737831692494873,6.8406069230596,0.1429547199748845,48.57034160551856,3.723590676617541,140543.99345384815,0.5962555563968086,0.229586192510766,38299.632274268064,3.007246597774816,26.8775916270348,7.595873760664543,205.21050778283575,0.7225435504093217,0.09275483055367993,0.15858827123044744,4.204050487437771,0.014244388887774498,107.98984915615993,0.00018800264005122618,5.640593542335192,0.009278325497351386,0.0071102950652687435,13_Malignant_center2.png,/mnt/wangbd8/workspace/DataSets/ThyroidAgent/Classifaction_Data/Lymph_Node_Metastasis_fake/images/13_Malignant_center2.png,/mnt/wangbd8/workspace/DataSets/ThyroidAgent/train_val_test/pred_masks/Lymph_Node_Metastasis_fake/Lymph_images/13_Malignant_center2.png
0.9996939471639326,478.25806653491236,584.7777355542873,171239.5,478.1116942972772,1734.0416305603426,0.010126411432878176,171239.0,0.8459552457528591,13.0,135.0,1219956359.0,2.7733789634467065,72.0,2.5516012860952038,241.0,38.34884575688605,70.72855482687939,66.0,0.0,241.0,29.02682439779965,84.4055115021306,0.47499113927649805,1219956359.0,0.15910234292974515,2121.7619040374157,14.635714829364824,3.365754699858902,460.9487250876484,25.288711856811936,13.359696782618913,0.13005626364876494,0.9807177695243654,0.12995087908292008,0.5578286096915615,0.11316903267434124,0.12287784740003249,3.4368258642843426,-0.7608704913375037,0.9926284422125475,0.9350350989151244,0.9987123744181191,0.9350421245528474,0.9881870820876575,0.12985866758780584,0.17809406157971464,3.3061965362863384,3.3724382615669204,3778.2695928921894,0.16701010444645667,2.868710875217462,16.29403704194846,141.42814834460503,1403.7077752729524,73.68317979025905,0.18108535344957324,6.869404492102375,1789.5238032091236,0.07910196716656162,0.1321135956178207,84.13469830524407,0.1520068284899111,2.378480601962729,0.02580103093044809,3778.2695928921894,0.16701010444645667,2.868710875217462,16.29403704194846,141.42814834460503,1403.7077752729524,73.68317979025905,0.18108535344957324,1789.5238032091236,0.07910196716656162,0.1520068284899111,2.378480601962729,0.02580103093044809,6.869404492102375,0.1321135956178207,84.13469830524407,3.636022409141311,105612.47478086184,0.616754797568672,0.21746667818284487,27244.52610094663,3.371515967903011,14.699133958969627,7.701919539357273,111.11336202617395,2.243172139076816,0.27536430918965027,0.15485406686301342,2.33746985207809,0.038504017105051185,124.05643419218855,0.0002940580596696246,6.047594154120676,0.00954629639090418,0.014828658644828479,14_Benign_center2.png,/mnt/wangbd8/workspace/DataSets/ThyroidAgent/Classifaction_Data/Lymph_Node_Metastasis_fake/images/14_Benign_center2.png,/mnt/wangbd8/workspace/DataSets/ThyroidAgent/train_val_test/pred_masks/Lymph_Node_Metastasis_fake/Lymph_images/14_Benign_center2.png
0.9445578276521572,578.0208089526616,686.9068350220429,235145.5,545.9740796420685,2222.6690475583077,0.009452313769807662,235145.0,0.7733898469789503,36.0,185.0,3445730314.0,3.114479642214247,92.0,2.0740751574394323,255.0,46.9404853772356,107.46393927151333,105.0,0.0,255.0,36.17600994409915,121.05222252902703,0.15688456368633363,3445730314.0,0.1225866893749923,3105.1423354655753,28.220395255569336,4.823128033993513,827.8166411168935,15.61881197396014,19.958186843465857,0.12686195036503817,0.9873675238066633,0.1268619503650382,0.5487688307440489,0.11076799591461677,0.09407652521069242,3.777355749262039,-0.7871904177314001,0.9962827615105309,0.9365690248174808,0.9989601479478275,0.9365690248174808,0.9894281708029135,0.1268619503650382,0.14102875554589508,3.650493798897005,5.021262198457722,3970.7812272937445,0.1311441055318629,4.42991647939827,28.688420635444878,155.15995111962482,3319.717947024242,51.12682445926126,0.09527683265435863,7.2499194551684365,2274.596472686439,0.07512373580442694,0.12876310361691723,94.84609052639934,0.1458729261255986,3.9785203442153922,0.015902480755112067,3970.7812272937445,0.1311441055318629,4.42991647939827,28.688420635444878,155.15995111962482,3319.717947024242,51.12682445926126,0.09527683265435863,2274.596472686439,0.07512373580442694,0.1458729261255986,3.9785203442153922,0.015902480755112067,7.2499194551684365,0.12876310361691723,94.84609052639934,3.975447056881326,146569.37411809733,0.6233148657981132,0.21320139911436742,28825.647073082568,5.0197088746910055,28.290952391077845,7.7343639031236044,218.26685662038318,0.9943996610081632,0.12382781975285509,0.15359931578860325,4.349337642731081,0.0179702854336762,89.52656560210947,0.000270747611114334,6.112316515161583,0.011472034486206152,0.01220887209542959,14_Malignant_center2.png,/mnt/wangbd8/workspace/DataSets/ThyroidAgent/Classifaction_Data/Lymph_Node_Metastasis_fake/images/14_Malignant_center2.png,/mnt/wangbd8/workspace/DataSets/ThyroidAgent/train_val_test/pred_masks/Lymph_Node_Metastasis_fake/Lymph_images/14_Malignant_center2.png
0.8931558112788808,622.2806908929915,720.3367268160079,256738.5,555.7936153177122,2633.740115370172,0.010258454089940434,256738.0,0.681989224923418,23.0,162.0,2733237594.0,2.9643861626190393,90.0,1.9118442645205236,238.0,45.80699667769553,88.8042751754707,85.0,0.0,238.0,36.860378125938645,103.17954678749867,0.23122914452236198,2733237594.0,0.1354642193930468,2759.8195858329013,21.063090559248142,4.078370456523521,615.2653207626603,17.868709802617158,17.814960190040672,0.09502027562358764,0.9893891257105774,0.09502027562358764,0.45300847941116473,0.08599142284400507,0.11170620220059946,3.499716362074312,-0.8193673893622303,0.9961080898022501,0.9524898621882061,0.9990592051918455,0.9524898621882061,0.9913617931251283,0.09502027562358764,0.17670040082897834,3.404696086450728,4.477495116416065,3442.304645083451,0.13843976051009252,3.9590401948927587,21.377116428715063,249.09398753267646,4435.160989342449,80.50521483679417,0.16147114354526285,7.577739434798557,1379.4736778604465,0.055478531182805005,0.0968497067048898,142.48265287448663,0.10801926415152792,2.1768886027759953,0.01981341624549949,3442.304645083451,0.13843976051009252,3.9590401948927587,21.377116428715063,249.09398753267646,4435.160989342449,80.50521483679417,0.16147114354526285,1379.4736778604465,0.055478531182805005,0.10801926415152792,2.1768886027759953,0.01981341624549949,7.577739434798557,0.0968497067048898,142.48265287448663,3.693955586422457,177890.80533462128,0.6928884907361641,0.16819219660171716,34778.81275853205,4.477641746088847,21.113648933932648,8.043515178898332,169.5616465034393,1.6066995432888458,0.19563515834567624,0.14168421590190083,2.9951543770086406,0.026804635571596735,108.23164771771594,0.0003041074273861208,3.9873120971165066,0.009433184481103477,0.012118294163527688,15_Benign_center2.png,/mnt/wangbd8/workspace/DataSets/ThyroidAgent/Classifaction_Data/Lymph_Node_Metastasis_fake/images/15_Benign_center2.png,/mnt/wangbd8/workspace/DataSets/ThyroidAgent/train_val_test/pred_masks/Lymph_Node_Metastasis_fake/Lymph_images/15_Benign_center2.png
0.9443444195197521,577.6949445932786,686.9068350220429,235510.0,545.542997111435,2143.355339059326,0.009100910105979899,235509.0,0.802630079007439,56.0,129.0,2420180633.0,2.219328643945681,37.0,2.9311859961731375,213.0,22.63568559397545,97.37874561057114,102.0,8.0,205.0,16.059407596618858,101.3724952029534,-0.3749689045064278,2420180633.0,0.25441547247270857,793.7626869844818,20.743433062556647,4.412101122113334,81.85879591010824,-4.047584173302975,5.234589632114213,0.12740262890260973,0.9524793686000396,0.12740262890260975,0.5502716108296777,0.11117119905131366,0.199302824775434,2.8749072060283702,-0.7045096583207685,0.9778262283182717,0.9362986855486952,0.9984463094036268,0.9362986855486952,0.9872597371097391,0.12740262890260975,0.3400850201912316,2.7475045771257633,1.3404980652542056,7072.0712080404655,0.23228244130724776,1.4578739506940566,20.11978585035801,120.38412270905866,2552.8178414241606,8.500667677585643,0.07777132575338727,6.538659733481597,2211.134927412468,0.0726248087568964,0.12927743738031244,60.54922806201261,0.14908688532990008,2.8610406655184266,0.013510659820771194,7072.0712080404655,0.23228244130724776,1.4578739506940566,20.11978585035801,120.38412270905866,2552.8178414241606,8.500667677585643,0.07777132575338727,2211.134927412468,0.0726248087568964,0.14908688532990008,2.8610406655184266,0.013510659820771194,6.538659733481597,0.12927743738031244,60.54922806201261,3.087239693578578,146660.58878853888,0.6227387861548342,0.21536364455743107,59917.13350657512,1.3408804539313195,20.804911914194363,7.7308850192561644,161.68461502532813,0.5491607894949805,0.07193854480249119,0.1542507693737583,3.1718960020872053,0.011474895878228067,141.944774830462,0.0001399525529296536,4.6026622948641505,0.004719313952298897,0.005038986232284492,15_Malignant_center2.png,/mnt/wangbd8/workspace/DataSets/ThyroidAgent/Classifaction_Data/Lymph_Node_Metastasis_fake/images/15_Malignant_center2.png,/mnt/wangbd8/workspace/DataSets/ThyroidAgent/train_val_test/pred_masks/Lymph_Node_Metastasis_fake/Lymph_images/15_Malignant_center2.png
0.9995346143873098,555.303134202745,678.1157718266107,229516.5,555.0447041134053,2228.426406871188,0.009709220935624185,229516.0,0.7621028611050077,17.0,150.0,2295061354.0,2.9082687356935337,81.0,2.151443172171313,255.0,42.670515943995994,86.53347043343383,89.0,0.0,255.0,33.518195882725394,99.99785097640307,0.06719175799930233,2295061354.0,0.1416121328500177,2511.5286946449496,19.895866447747636,3.989554767602313,554.7748138906948,6.7792527264311095,16.013371207561526,0.09609439136434297,0.9880698225804894,0.09609439136434299,0.45649140502941243,0.08686025931265948,0.11678005549226479,3.445437347527454,-0.815221043264361,0.9956275069412852,0.9519528043178286,0.9992123410543907,0.9519528043178286,0.9919921340529715,0.09609439136434299,0.15468288763515048,3.349342956163115,4.027366399731467,3313.1047162270183,0.14713139338427117,3.458359224730035,20.65480948574474,257.9639399591438,4072.061373123723,105.5549113740556,0.15376823096019338,7.467764689077783,1301.85700328626,0.05781406000915978,0.09811080708970181,154.07572042651083,0.10884694351494777,2.1063214199921094,0.017064058487412364,3313.1047162270183,0.14713139338427117,3.458359224730035,20.65480948574474,257.9639399591438,4072.061373123723,105.5549113740556,0.15376823096019338,1301.85700328626,0.05781406000915978,0.10884694351494777,2.1063214199921094,0.017064058487412364,7.467764689077783,0.09811080708970181,154.07572042651083,3.637239251937676,158281.68235765697,0.689632454197777,0.16953486198703524,32502.250283204656,4.027000956290596,19.947280363896198,8.030708098781785,159.48637132051795,1.8379226202813483,0.2207545580195835,0.1419746093712179,2.848157039644779,0.02932846779293422,71.49738181682906,0.0003245062687229009,5.409433620885943,0.007017132220930218,0.018069885333268018,16_Benign_center2.png,/mnt/wangbd8/workspace/DataSets/ThyroidAgent/Classifaction_Data/Lymph_Node_Metastasis_fake/images/16_Benign_center2.png,/mnt/wangbd8/workspace/DataSets/ThyroidAgent/train_val_test/pred_masks/Lymph_Node_Metastasis_fake/Lymph_images/16_Benign_center2.png
0.9576668376715423,593.6262684255407,710.8283899789034,252543.5,568.4961912418456,2131.698484809832,0.008440916059252493,252543.0,0.8356939402390188,32.0,150.0,2580814278.0,2.802178294406237,65.0,2.2759736420165098,247.0,35.958808411841986,91.35723421357947,93.0,0.0,247.0,26.899666468442497,101.09058476451338,0.004043747927890986,2580814278.0,0.15527056910493642,1873.162084876451,20.418344430248155,4.1790577806699405,329.2048389350889,1.1183548196294752,11.994040187929594,0.1787582036488878,0.9706298916816763,0.178448706858925,0.6781275706427223,0.14691426266926522,0.10658047420819208,3.637844552234621,-0.7014389981794852,0.9901302697779051,0.9108065962495338,0.9982302935835162,0.9108272293688646,0.9837797349582034,0.17817789716770757,0.17569101110220536,3.457506889757547,3.0431995978946196,7516.171004289957,0.16535410855329352,2.7243484913737372,20.637047629523703,63.968122318776814,1164.6193378066218,15.910350500079968,0.11753998470061912,6.466657096938514,4716.596172038279,0.10376407814406072,0.17998915036251253,33.10020372531947,0.21696356404657113,4.269647406095053,0.02603895006868714,7516.171004289957,0.16535410855329352,2.7243484913737372,20.637047629523703,63.968122318776814,1164.6193378066218,15.910350500079968,0.11753998470061912,4716.596172038279,0.10376407814406072,0.21696356404657113,4.269647406095053,0.02603895006868714,6.466657096938514,0.17998915036251253,33.10020372531947,3.8429637648743498,136129.89047013776,0.5390364827777359,0.2813872199232922,39212.49533346797,3.047809335412325,20.495994741489568,7.251101792566018,148.3025544164756,1.0889072789896865,0.143789718932533,0.17668938227021408,3.6094988444212137,0.02379631688562151,171.9508568446258,0.00014446248569326272,7.5235683507399465,0.01169167213128504,0.0059859465974999426,16_Malignant_center2.png,/mnt/wangbd8/workspace/DataSets/ThyroidAgent/Classifaction_Data/Lymph_Node_Metastasis_fake/images/16_Malignant_center2.png,/mnt/wangbd8/workspace/DataSets/ThyroidAgent/train_val_test/pred_masks/Lymph_Node_Metastasis_fake/Lymph_images/16_Malignant_center2.png
0.9993180061130424,497.51675945775474,607.4051366262884,184150.0,497.1774560691456,2065.1543289325455,0.011214522557331227,184149.0,0.7366111383817139,6.0,135.0,1222495109.0,2.727383150918174,82.0,2.6156595975585435,255.0,42.691891069358796,63.962318557255266,53.0,0.0,255.0,33.13756192665309,81.47772283967137,0.6608746058572517,1222495109.0,0.177108586690302,2547.4411239185047,13.611788020339942,3.1124331710928907,667.4344636402225,45.00243084921674,15.803565726263901,0.105374622981522,0.9867527791709244,0.10535284574091619,0.4858638760487979,0.09427540087581274,0.14965821402608023,3.2858695226596333,-0.7951126419042662,0.99343887099092,0.9473257548536027,0.9991362821502134,0.9473272066696431,0.9912207357859533,0.10533379065538608,0.28600050087653395,3.1803675871750503,3.977235087311356,3068.5908173562057,0.15482294739435953,3.4471658116794845,17.198839556004035,323.70489404641773,1898.5796670030272,244.69163828761378,0.1973628714807802,7.156683952119334,1402.9759838546922,0.07078587204110455,0.1076302342125127,237.3809192393499,0.1379398089437764,2.376161206911404,0.02526856914065732,3068.5908173562057,0.15482294739435953,3.4471658116794845,17.198839556004035,323.70489404641773,1898.5796670030272,244.69163828761378,0.1973628714807802,1402.9759838546922,0.07078587204110455,0.1379398089437764,2.376161206911404,0.02526856914065732,7.156683952119334,0.1076302342125127,237.3809192393499,3.473394117843909,123123.35554903909,0.6686072449431661,0.18592050476316455,32614.36913043242,3.9790442759186213,13.671543152555811,7.9406947634795735,104.81781057730424,3.1410107479177216,0.37222587700245585,0.14620195843824535,2.1203647891411603,0.04829792671503563,100.29941011596459,0.00036362572936825965,6.36446395047089,0.007540120156214226,0.025576063617030964,17_Benign_center2.png,/mnt/wangbd8/workspace/DataSets/ThyroidAgent/Classifaction_Data/Lymph_Node_Metastasis_fake/images/17_Benign_center2.png,/mnt/wangbd8/workspace/DataSets/ThyroidAgent/train_val_test/pred_masks/Lymph_Node_Metastasis_fake/Lymph_images/17_Benign_center2.png
0.9424878525937759,587.2153873976562,696.8450329879664,241111.5,553.4433694784392,2720.7766952966153,0.011284309107183255,241109.0,0.6397657634411134,23.0,144.0,2251272434.0,2.8373028266481404,75.0,2.1404114841104844,241.0,39.84039162361505,84.75959835593031,87.0,0.0,241.0,31.252348959532572,96.6289623506512,0.1272532937868379,2251272434.0,0.1508266917975657,2152.9668515049407,18.751358882119316,3.9126094279594934,415.96182284704093,7.586457966652857,13.868139455855385,0.09675407040818448,0.9861432426640103,0.09675407040818448,0.45862096820405274,0.08739272026763255,0.12405301636545264,3.378537528435193,-0.8092012436291512,0.9949194700461857,0.9516229647959077,0.9990420389068496,0.9516229647959077,0.9912041754174378,0.09675407040818448,0.18798527791062777,3.2817834580270113,3.4912233815658924,3739.574020653037,0.15634324263777907,3.0448490833004107,20.678247418370333,246.8698106108115,3256.375057485681,96.11071430589266,0.13418366198120513,7.37318980021917,1378.0549772147665,0.057613402617783624,0.09920409441372989,145.25879176991077,0.10639992257143309,2.1559970722108805,0.016097477468956217,3739.574020653037,0.15634324263777907,3.0448490833004107,20.678247418370333,246.8698106108115,3256.375057485681,96.11071430589266,0.13418366198120513,1378.0549772147665,0.057613402617783624,0.10639992257143309,2.1559970722108805,0.016097477468956217,7.37318980021917,0.09920409441372989,145.25879176991077,3.5706979463686905,165579.59487617633,0.6867416598972926,0.17048118926656403,36365.672832619275,3.4910093030862575,18.808144863941205,8.019397865695598,148.98939069051755,1.5941719542931654,0.19170633338217752,0.1421629958971991,2.7298209062659997,0.025588279626488047,97.11024884427523,0.0002862464124667045,4.178092093549258,0.007493026404403794,0.012244350203940468,17_Malignant_center2.png,/mnt/wangbd8/workspace/DataSets/ThyroidAgent/Classifaction_Data/Lymph_Node_Metastasis_fake/images/17_Malignant_center2.png,/mnt/wangbd8/workspace/DataSets/ThyroidAgent/train_val_test/pred_masks/Lymph_Node_Metastasis_fake/Lymph_images/17_Malignant_center2.png
0.9995762524726317,508.20861427140045,621.5472628851325,193492.0,507.99326212771564,1809.556349186104,0.009352099048984475,193492.0,0.8617163383459749,16.0,135.0,1362701574.0,2.7376602847048095,72.0,2.281879215245878,218.0,38.28844500635723,70.79544373927604,61.0,0.0,218.0,29.563435497500887,83.92065636921221,0.43855366570132687,1362701574.0,0.16280479696684635,2030.681711198398,14.53460422710319,3.369700580190634,379.66014219317105,22.09758517648242,12.836874817520409,0.11798590965602984,0.9817850747853241,0.11797554910899297,0.5235809336137297,0.10406767946846143,0.12869864786864268,3.357777745542668,-0.7733765192214214,0.9927271671106014,0.9410132615002073,0.998561156361911,0.941013952203343,0.988202539275892,0.11796648363033568,0.20790509738914215,3.239725423337947,3.2387151817941104,3887.025662002153,0.16736386058136288,2.819569009583554,16.122195909580192,169.30876210979548,1710.468589881593,82.78870042404793,0.17935731571183672,6.993408259095276,1643.6342303552208,0.07077004221120434,0.12003080230707212,99.89995476182476,0.13325925904596173,2.1157658922572335,0.024822868267241956,3887.025662002153,0.16736386058136288,2.819569009583554,16.122195909580192,169.30876210979548,1710.468589881593,82.78870042404793,0.17935731571183672,1643.6342303552208,0.07077004221120434,0.13325925904596173,2.1157658922572335,0.024822868267241956,6.993408259095276,0.12003080230707212,99.89995476182476,3.5566027069289814,123968.70957972422,0.6406916543305368,0.20053097009526494,31501.42577470903,3.2393600290135014,14.602076571641204,7.817790916420317,112.34831931035909,2.0946317380867066,0.2562460181162631,0.149983232152004,2.245929202930009,0.03558293606813692,169.15443608062054,0.0002757115939342124,4.152439928134865,0.010542539206004509,0.009972741960309513,18_Benign_center2.png,/mnt/wangbd8/workspace/DataSets/ThyroidAgent/Classifaction_Data/Lymph_Node_Metastasis_fake/images/18_Benign_center2.png,/mnt/wangbd8/workspace/DataSets/ThyroidAgent/train_val_test/pred_masks/Lymph_Node_Metastasis_fake/Lymph_images/18_Benign_center2.png
0.9410314707713274,587.5687258874216,696.8450329879664,241819.5,552.9206623010754,2307.053823869155,0.009540396137901018,241818.0,0.7556015926540214,19.0,135.0,1848874961.0,2.72975893275294,76.0,1.9409620972928223,220.0,38.12958590223605,75.66085651192219,73.0,0.0,220.0,30.749183453084072,87.43986088507322,0.195788228316759,1848874961.0,0.15840060873506745,1921.1640634832777,15.653350851960692,3.542842576896136,308.62089590795665,8.435760072804959,12.501857406175116,0.09538809700456341,0.9848557215177737,0.09538809700456341,0.45420334577817045,0.08628920795441142,0.1309657955181727,3.2619951988220404,-0.8049439808775287,0.9938071265774445,0.9523059514977181,0.9988367305243344,0.9523059514977181,0.9904611902995435,0.09538809700456341,0.18311663012347315,3.1666071018174797,3.14931137579492,3866.257458094632,0.16406778943749764,2.7213018836487004,17.910290685338424,313.69267982176956,2812.582940802037,168.92486416597663,0.15651943052370063,7.274766854207602,1384.9420326755783,0.0587711450318514,0.0974493213904672,208.38928760097582,0.1091624348329062,1.8780903089845329,0.019375233069398402,3866.257458094632,0.16406778943749764,2.7213018836487004,17.910290685338424,313.69267982176956,2812.582940802037,168.92486416597663,0.15651943052370063,1384.9420326755783,0.0587711450318514,0.1091624348329062,1.8780903089845329,0.019375233069398402,7.274766854207602,0.0974493213904672,208.38928760097582,3.4528522249596616,167161.3440934918,0.6912692359273991,0.16868234360442383,38304.118403096545,3.1494313016142024,15.70708135870779,8.037275967876667,124.10641474166522,1.9803293751944893,0.23672827045057476,0.14177650593053912,2.289980940670716,0.03124341413915624,131.6733096472091,0.0002787004178929619,3.259362600827356,0.008331906363902913,0.009329607203312074,18_Malignant_center2.png,/mnt/wangbd8/workspace/DataSets/ThyroidAgent/Classifaction_Data/Lymph_Node_Metastasis_fake/images/18_Malignant_center2.png,/mnt/wangbd8/workspace/DataSets/ThyroidAgent/train_val_test/pred_masks/Lymph_Node_Metastasis_fake/Lymph_images/18_Malignant_center2.png
0.9986871865744666,509.77380614745283,621.5472628851325,192212.0,509.10456825075727,2454.6934341759365,0.01277076058818355,192210.0,0.6331373291922646,21.0,137.0,1463372034.0,2.7529833630623495,78.0,2.149886548130924,217.0,39.763604967026914,74.29031788148379,66.0,0.0,217.0,31.4584246259173,87.2548118163694,0.4083810661692507,1463372034.0,0.16379759008414418,2094.350854178125,15.55083918966156,3.4959149175940274,395.4405233264673,20.64103222779782,13.44326642522371,0.1255941108032952,0.9814878912684187,0.1255941108032952,0.5452299983567748,0.1098202301348248,0.1282781510883639,3.4019802188336516,-0.7639602341809442,0.9925140493695406,0.9372029445983525,0.998468364502399,0.9372029445983525,0.9874405889196706,0.1255941108032952,0.23056977247708338,3.276386108030359,3.3922151340067517,3867.1861032100774,0.1571388095575001,3.164392026379501,16.717919544900447,134.503860219423,1696.0663957740755,48.10307488732132,0.1960009472858477,6.994743379309418,1824.5218203982122,0.07413741651353971,0.1280370428177514,73.50401542403634,0.14648590310294038,2.406148864745678,0.029935832061477492,3867.1861032100774,0.1571388095575001,3.164392026379501,16.717919544900447,134.503860219423,1696.0663957740755,48.10307488732132,0.1960009472858477,1824.5218203982122,0.07413741651353971,0.14648590310294038,2.406148864745678,0.029935832061477492,6.994743379309418,0.1280370428177514,73.50401542403634,3.6108024956354856,120114.09231569637,0.6249107346948461,0.212788270667606,31483.534790073358,3.3954606802010794,15.629478174912856,7.741917694188648,119.61904167316997,1.8853308270847873,0.23681914145095462,0.1534872159501471,2.4408497072068163,0.0347851794913035,163.76940890615595,0.00026596966240797733,4.365779614383135,0.011746243985501005,0.009263361670757465,19_Benign_center2.png,/mnt/wangbd8/workspace/DataSets/ThyroidAgent/Classifaction_Data/Lymph_Node_Metastasis_fake/images/19_Benign_center2.png,/mnt/wangbd8/workspace/DataSets/ThyroidAgent/train_val_test/pred_masks/Lymph_Node_Metastasis_fake/Lymph_images/19_Benign_center2.png
0.6893917503793746,801.1051400003229,842.1193502111206,330850.0,552.2752747027365,2815.053823869155,0.008508550170376772,330848.0,0.7243255394238396,34.0,153.0,3430808634.0,2.854642433832593,73.0,2.308731841013886,252.0,39.11631642216015,90.86231139375181,88.0,0.0,252.0,30.14272167369762,101.83193361415675,0.3309337194864354,3430808634.0,0.15239313427088014,2113.783071782906,20.676713672445004,4.156093898532911,441.7186759840211,16.72595519294196,13.717121267541105,0.10273255145104356,0.9851326138761524,0.10273255145104354,0.4775982081952155,0.09217857432340223,0.12347928373439326,3.4240309092886783,-0.8005784843268885,0.9948121148253187,0.9486337242744782,0.9991579299061389,0.9486337242744782,0.9914389540457463,0.10273255145104354,0.17518785155942526,3.321298357837638,3.454963454748037,5382.665312753858,0.15616413231849421,3.160639438256573,20.630555877915747,188.27880933039341,3725.2092955785074,29.97142375005422,0.12607943908352787,7.380244094964355,2018.708425205988,0.058567611268596616,0.10418077183480028,96.14376296190432,0.10907961713465084,2.1117543780779435,0.016074852348451782,5382.665312753858,0.15616413231849421,3.160639438256573,20.630555877915747,188.27880933039341,3725.2092955785074,29.97142375005422,0.12607943908352787,2018.708425205988,0.058567611268596616,0.10907961713465084,2.1117543780779435,0.016074852348451782,7.380244094964355,0.10418077183480028,96.14376296190432,3.6177519397410576,223342.9815020795,0.6750622083315586,0.17753285081243475,50418.96368725215,3.454526197010567,20.72745792629848,7.9707781216752105,165.293179949705,1.0821700899614655,0.1346088878514964,0.14389588773898188,2.973148461596329,0.01922869546751205,121.41348219086345,0.0001929841914525906,5.8217176602932055,0.006432585268291705,0.010943413561165422,19_Malignant_center2.png,/mnt/wangbd8/workspace/DataSets/ThyroidAgent/Classifaction_Data/Lymph_Node_Metastasis_fake/images/19_Malignant_center2.png,/mnt/wangbd8/workspace/DataSets/ThyroidAgent/train_val_test/pred_masks/Lymph_Node_Metastasis_fake/Lymph_images/19_Malignant_center2.png
0.8156918502119761,461.838619854161,515.3882032022076,130199.0,376.71799832818607,1516.0416305603426,0.011644034367086864,130199.0,0.8437186112113891,55.0,139.0,1472693938.0,2.40640081053851,40.0,3.053234291446312,215.0,25.254449110389892,101.41540257605665,105.0,0.0,215.0,17.486881502013315,106.35365637110941,-0.45543506208227613,1472693938.0,0.2229653716579134,1026.0163438403824,22.568250252208266,4.574122276728301,137.30712027589487,-7.116967490785023,6.744459445264726,0.16183684628002434,0.9531335351255756,0.1617444340908566,0.6389674533910604,0.13567558432065288,0.16188430037292348,3.185138643219453,-0.6766166519968935,0.9805588045761963,0.9191370241734884,0.9980264594747967,0.9191431849860996,0.9838263967017249,0.1616635734253348,0.2890499256851979,3.0227971191537866,1.7265740728861874,4531.953380499461,0.21233909855687866,1.7639038055738792,21.734245420044044,71.9983601180715,1676.4541067328867,6.02682127414523,0.08076608306395368,6.314834694434176,1986.1190554280092,0.09305716419566178,0.1639259902149786,34.78453019241599,0.18999911469080077,3.893741586499807,0.01687671897303183,4531.953380499461,0.21233909855687866,1.7639038055738792,21.734245420044044,71.9983601180715,1676.4541067328867,6.02682127414523,0.08076608306395368,1986.1190554280092,0.09305716419566178,0.18999911469080077,3.893741586499807,0.01687671897303183,6.314834694434176,0.1639259902149786,34.78453019241599,3.3958352335440507,73194.82694183518,0.5621765677296692,0.25924400620102184,29029.868424488668,1.725866871480215,22.658008126022473,7.399619044693123,169.07808815735913,0.5773279099043401,0.07845746927841225,0.16852578659504983,3.7468089445984822,0.013497406792884343,91.42574271343182,0.00022619168691721063,5.473746691886926,0.007568031488330385,0.007507933872594702,1_Benign_center2.png,/mnt/wangbd8/workspace/DataSets/ThyroidAgent/Classifaction_Data/Lymph_Node_Metastasis_fake/images/1_Benign_center2.png,/mnt/wangbd8/workspace/DataSets/ThyroidAgent/train_val_test/pred_masks/Lymph_Node_Metastasis_fake/Lymph_images/1_Benign_center2.png
0.9737591188082584,487.7746676280093,588.3740306981606,173049.5,474.97503052644146,1906.8111831820402,0.011018877160477437,173048.0,0.7733612651888502,55.0,146.0,2002316307.0,2.5206033348543224,50.0,2.4602345509404047,214.0,28.222982877764498,101.92881165919283,103.0,0.0,214.0,20.724914173735986,107.56798912311491,-0.08249191496761026,2002316307.0,0.19498242569529697,1181.3896377353658,23.033110625648277,4.597141499539325,149.4547622560166,-1.3908765892623443,7.7269565900047565,0.1293539545583608,0.9670700505473577,0.129342365259919,0.5557079856754706,0.11262450710733052,0.15001262768508997,3.1915647924424495,-0.7337313034144785,0.9875441316635154,0.9353299762998848,0.9984225227257288,0.9353307489197809,0.9870658688312667,0.1293322246237824,0.23007654731620822,3.06213246145863,1.9640776361407797,4375.215661329239,0.19193751530288392,2.0338510179782694,22.346874314542664,109.73090590041676,2574.2134239964903,7.8524717457766995,0.07786790444407639,6.76297197665774,1656.8879578855012,0.0726864644828033,0.13172645739910313,52.100195171580175,0.14352412093952552,3.0494074242246905,0.013023247552068185,4375.215661329239,0.19193751530288392,2.0338510179782694,22.346874314542664,109.73090590041676,2574.2134239964903,7.8524717457766995,0.07786790444407639,1656.8879578855012,0.0726864644828033,0.14352412093952552,3.0494074242246905,0.013023247552068185,6.76297197665774,0.13172645739910313,52.100195171580175,3.3997683687293736,106836.86223475568,0.6173828199965078,0.21653634606785274,33741.31880171975,1.9645651569552998,23.102358883084463,7.705226295594286,178.95921940733206,0.5535045346008577,0.07265592482647229,0.1545740038730423,3.529674168759856,0.011586350160993712,99.37471832277501,0.00023346208229053662,4.374259163757877,0.007005100080457215,0.007125263669365012,1_Malignant_center2.png,/mnt/wangbd8/workspace/DataSets/ThyroidAgent/Classifaction_Data/Lymph_Node_Metastasis_fake/images/1_Malignant_center2.png,/mnt/wangbd8/workspace/DataSets/ThyroidAgent/train_val_test/pred_masks/Lymph_Node_Metastasis_fake/Lymph_images/1_Malignant_center2.png
0.9988136708740665,538.6526495369418,658.3167930411619,216694.0,538.0136302100349,2023.2132034355964,0.009336729228477007,216694.0,0.8156178552801209,11.0,149.0,1364841272.0,2.593217321772404,67.0,3.4706454145071373,255.0,43.34701598048555,58.6302897172972,35.0,0.0,255.0,29.97066465968513,79.36291849886844,1.2313445568728114,1364841272.0,0.2187117382913146,2860.9619603238275,12.827979816199766,2.8644091705864123,1190.8838934704684,96.96846676852203,18.5742060181302,0.0816463394892999,0.9912471070284866,0.08164633948929992,0.40795376933294814,0.0749802147372979,0.1917921910542703,3.054858117060526,-0.8219744328418674,0.9929356909357338,0.9591768302553502,0.9993307677091042,0.9591768302553502,0.9931961383758918,0.08164633948929992,0.3204663919375801,2.9732117775712292,4.663963089404875,2963.943531487813,0.1634467592085482,4.6626081892056375,16.305779199294143,429.3671556192787,2778.498125068931,299.3982460961238,0.28574461492717984,7.576609758676016,965.9897430241535,0.05326953474270175,0.08368482745253676,286.5742766108592,0.103193230822707,1.5740620061870023,0.031096797354918555,2963.943531487813,0.1634467592085482,4.6626081892056375,16.305779199294143,429.3671556192787,2778.498125068931,299.3982460961238,0.28574461492717984,965.9897430241535,0.05326953474270175,0.103193230822707,1.5740620061870023,0.031096797354918555,7.576609758676016,0.08368482745253676,286.5742766108592,3.2434122951637185,157377.58541537836,0.7262664652245949,0.14907582746131778,47393.52141729813,4.661646654832385,12.864126371750025,8.17287049941392,102.27203798905369,3.6104461470464164,0.42737756518620207,0.13732652188493144,1.8512769671108156,0.05509826611950317,147.83016285487366,0.0003219562528692109,5.301083598613587,0.0069086667554082905,0.03051098514726449,20_Benign_center2.png,/mnt/wangbd8/workspace/DataSets/ThyroidAgent/Classifaction_Data/Lymph_Node_Metastasis_fake/images/20_Benign_center2.png,/mnt/wangbd8/workspace/DataSets/ThyroidAgent/train_val_test/pred_masks/Lymph_Node_Metastasis_fake/Lymph_images/20_Benign_center2.png
0.9640020341358199,572.7092107591983,688.1460600773647,236960.0,552.0928441401871,1995.3137084989846,0.008420466359296863,236960.0,0.8648310352563737,23.0,137.0,1974343658.0,2.7426090286520757,73.0,1.9813302070007626,218.0,37.561351001670495,80.28598075624578,80.0,0.0,218.0,29.880183544590768,91.27962640973992,0.09732281009623688,1974343658.0,0.1575072662457297,1886.1314915094206,16.975260609392514,3.736724250946229,295.7555443827078,4.720035881416507,12.144433833417768,0.09582390628634259,0.9843428286684656,0.09582390628634259,0.4556161434009239,0.0866416852703688,0.1294387917907035,3.2800122654064996,-0.8040769212979215,0.9939076298441202,0.9520880468568286,0.9988314157769956,0.9520880468568286,0.9904176093713656,0.09582390628634259,0.1709851352208572,3.18418835912016,3.060064434926027,3823.87812041116,0.16514978493613025,2.6780980727388006,18.362831476202818,283.33955256111255,3146.2655264749073,131.09988844228343,0.14629118720012071,7.305757866723228,1301.3703895655178,0.05620499220720039,0.09771269412559082,178.60306038945356,0.10762142641627931,1.913838769647694,0.01834390290173645,3823.87812041116,0.16514978493613025,2.6780980727388006,18.362831476202818,283.33955256111255,3146.2655264749073,131.09988844228343,0.14629118720012071,1301.3703895655178,0.05620499220720039,0.10762142641627931,1.913838769647694,0.01834390290173645,7.305757866723228,0.09771269412559082,178.60306038945356,3.4728833371318,163656.06548784606,0.6906484870351369,0.16909284740405253,37322.921809588115,3.059951801994747,17.022991222147198,8.034731600270089,135.4745189061445,1.644206244533991,0.19832666706177807,0.1418769693900518,2.4541486139245254,0.026682667843988248,121.69072913055864,0.0002784581809301103,3.2454795717901397,0.00812681324860185,0.008995636108218224,20_Malignant_center2.png,/mnt/wangbd8/workspace/DataSets/ThyroidAgent/Classifaction_Data/Lymph_Node_Metastasis_fake/images/20_Malignant_center2.png,/mnt/wangbd8/workspace/DataSets/ThyroidAgent/train_val_test/pred_masks/Lymph_Node_Metastasis_fake/Lymph_images/20_Malignant_center2.png
0.9993651470253937,430.53056305621914,525.3808142671371,137702.0,430.257239447604,1888.7523086789936,0.013716230037900637,137700.0,0.6964662051067594,24.0,137.0,1161023385.0,2.7601748183372425,71.0,2.1394603279507143,240.0,37.243104369481195,80.90153231663035,82.0,0.0,240.0,29.30902760694877,91.82343042343642,0.1562122361780102,1161023385.0,0.15829834911021348,1886.4844435488824,17.126349530123115,3.759361113134698,317.7388819172275,7.0459643541553945,12.12179925605367,0.14758505135863625,0.9759425497382982,0.14751220222918335,0.603976249527948,0.12582520155213275,0.11679481147134071,3.49175716345111,-0.7349493558034237,0.9913133457404674,0.9262511837983535,0.9985388034799577,0.9262560404069836,0.9865903516846911,0.14744845924091204,0.16937422597799956,3.3437366668119712,3.0673460768530774,3412.245622521041,0.16505009299221443,2.7214028878155676,17.822337235174615,97.13891844829254,1330.8249975815033,34.18977703358887,0.15493615125395122,6.700728651262584,1766.5545129147722,0.0854481238712766,0.1501379811183733,52.776127908277914,0.1718810515400425,2.932629373052808,0.028329463289695114,3412.245622521041,0.16505009299221443,2.7214028878155676,17.822337235174615,97.13891844829254,1330.8249975815033,34.18977703358887,0.15493615125395122,1766.5545129147722,0.0854481238712766,0.1718810515400425,2.932629373052808,0.028329463289695114,6.700728651262584,0.1501379811183733,52.776127908277914,3.699768770497806,80473.53504720407,0.5844120192244304,0.24171524701114744,21797.6826724764,3.066492339076086,17.202672476397968,7.530225127087872,128.59668845315903,1.4979787445819666,0.19166877682257177,0.16247317033809408,2.816857096748164,0.02946245851221147,87.3827711959171,0.0003153394216665846,6.70515947385814,0.009856423451525603,0.014404528247565086,21_Benign_center2.png,/mnt/wangbd8/workspace/DataSets/ThyroidAgent/Classifaction_Data/Lymph_Node_Metastasis_fake/images/21_Benign_center2.png,/mnt/wangbd8/workspace/DataSets/ThyroidAgent/train_val_test/pred_masks/Lymph_Node_Metastasis_fake/Lymph_images/21_Benign_center2.png
0.9997753558526244,381.26296471077467,465.98390530145997,108776.5,381.1773162171413,1381.4558441227157,0.012699947544945054,108776.0,0.846321676493957,8.0,113.0,450766085.0,2.3802614751800473,51.0,4.187192500052355,249.0,33.52653002144912,48.208915569610944,33.0,0.0,249.0,22.606967390722488,64.3737892971505,1.3118644508382966,450766085.0,0.24464962942211382,1819.8852080760514,8.956624394742908,2.4663638459764816,565.9711892165769,52.37236249040461,11.594570585982062,0.09987548997002536,0.9829191584926105,0.09987548997002535,0.4686007818323706,0.0899003764732727,0.20992414952198002,2.9103409915959495,-0.7774299859435164,0.9875778927067007,0.9500622550149872,0.9990111337626729,0.9500622550149872,0.9909204100027248,0.09987548997002535,0.36399354392437167,2.8104655016259272,2.923611518988021,2063.1397137745976,0.18453843593690497,3.0461180919799924,12.473434704830053,380.07173524150267,1323.9918604651164,311.1815649691443,0.28904732372724484,7.01085925504585,757.1665474060823,0.0677250936856961,0.10278002500551592,285.4082342926449,0.133564509021954,1.7549774290000004,0.03433565549088629,2063.1397137745976,0.18453843593690497,3.0461180919799924,12.473434704830053,380.07173524150267,1323.9918604651164,311.1815649691443,0.28904732372724484,757.1665474060823,0.0677250936856961,0.133564509021954,1.7549774290000004,0.03433565549088629,7.01085925504585,0.10278002500551592,285.4082342926449,3.108858048831594,73947.88988379789,0.6798180654169844,0.17909904098103743,26612.00809001986,2.923293861260863,9.004421931308377,7.987993675075384,68.41804258292271,3.9461745100667724,0.4710010031233061,0.14448703962475384,1.4172437956085084,0.06188386814655711,107.72199103012497,0.0004911952841170569,5.444182601195296,0.0064391153302024605,0.03780093530784879,21_Malignant_center2.png,/mnt/wangbd8/workspace/DataSets/ThyroidAgent/Classifaction_Data/Lymph_Node_Metastasis_fake/images/21_Malignant_center2.png,/mnt/wangbd8/workspace/DataSets/ThyroidAgent/train_val_test/pred_masks/Lymph_Node_Metastasis_fake/Lymph_images/21_Malignant_center2.png
0.9709761934978771,487.61641582602977,587.6776327205248,172773.5,473.4639313258364,1748.8700576850888,0.01012232812141381,172773.0,0.8425311282056983,25.0,159.0,2021768921.0,2.877017837989603,79.0,2.0504343619167673,218.0,41.382395806808944,96.4999913180879,105.0,0.0,218.0,32.07797569954686,108.1752284255246,-0.23322113638956965,2021768921.0,0.1452129897745572,2389.631720523386,23.063437902579995,4.390884138203173,468.853446674089,-11.163507257607034,15.222763596734175,0.08846604691108713,0.9884442923305244,0.08846604691108712,0.43132885006517246,0.08063980545501244,0.12111559409259068,3.3843688669033054,-0.8237268251824575,0.9956212983857254,0.9557669765444564,0.998921145769377,0.9557669765444564,0.9911533953088912,0.08846604691108712,0.19450924410709933,3.2959028199922207,3.8278074109113156,2405.1376497578385,0.1532715810449808,3.186596669809197,23.277466224827936,290.86139434106553,5860.962783583992,87.03518028271994,0.12158661042151683,7.529776825254249,823.6148355850115,0.052486288273324716,0.09082437649401237,169.63556896120187,0.1038700353798601,2.332577511949428,0.014187248456823643,2405.1376497578385,0.1532715810449808,3.186596669809197,23.277466224827936,290.86139434106553,5860.962783583992,87.03518028271994,0.12158661042151683,823.6148355850115,0.052486288273324716,0.1038700353798601,2.332577511949428,0.014187248456823643,7.529776825254249,0.09082437649401237,169.63556896120187,3.5750765068172305,122273.42129267883,0.7077113975718361,0.1593022957072218,25088.883882319577,3.8264007390237134,23.094360808691174,8.102406047241178,186.94943075596302,1.3738040913720786,0.164737564868747,0.13959421385929,3.227189562155095,0.021859436454123773,65.6287900078568,0.0004473110476683096,2.676268572035356,0.009390013305848403,0.012813795813669069,22_Benign_center2.png,/mnt/wangbd8/workspace/DataSets/ThyroidAgent/Classifaction_Data/Lymph_Node_Metastasis_fake/images/22_Benign_center2.png,/mnt/wangbd8/workspace/DataSets/ThyroidAgent/train_val_test/pred_masks/Lymph_Node_Metastasis_fake/Lymph_images/22_Benign_center2.png
0.9402821348504941,583.6088477133712,691.191001098828,237109.0,548.7569732455656,2695.5807358037328,0.011368529814573603,237108.0,0.6403635557651671,10.0,123.0,1408071098.0,2.63941929941177,73.0,2.3522987291637683,228.0,37.68666380816973,63.32942794001046,56.0,0.0,228.0,29.753099970609917,77.06180700991848,0.4856078752143661,1408071098.0,0.17668105454339572,1927.905656424944,12.438762095188979,3.0711190771090755,353.45492708748094,22.17325973797701,12.142660753830375,0.1147019162076589,0.9812844052517044,0.1146680982917725,0.5140274720425738,0.1015531434418073,0.14277068971907617,3.239354041302524,-0.7725862528034386,0.991492933680428,0.9426693326457024,0.9988643567804549,0.9426715871734281,0.9895758836243531,0.11463850761537192,0.22865983826581726,3.1244462456532367,3.064340667509509,4744.147855000181,0.17146076312841738,2.627546838702806,14.613972315587842,234.55050778849977,1557.6604503234666,153.06191969303947,0.2128637619350483,6.946310024216158,1999.874335899382,0.07227851877188847,0.11669365858596083,161.11510389267477,0.1455071414498806,2.0903351531126275,0.030305731708847348,4744.147855000181,0.17146076312841738,2.627546838702806,14.613972315587842,234.55050778849977,1557.6604503234666,153.06191969303947,0.2128637619350483,1999.874335899382,0.07227851877188847,0.1455071414498806,2.0903351531126275,0.030305731708847348,6.946310024216158,0.11669365858596083,161.11510389267477,3.4414786135669817,153840.86550432714,0.648821910286988,0.19908570205282067,41892.491480675475,3.0655059899997874,12.501218853855628,7.853231438837998,95.74155659024579,2.7244092312061143,0.3298136003399628,0.1496884682648132,1.9495633026112809,0.04491643472887219,160.0908120815565,0.0002272748630493252,5.717887667963662,0.00773497356251809,0.012786221804483274,22_Malignant_center2.png,/mnt/wangbd8/workspace/DataSets/ThyroidAgent/Classifaction_Data/Lymph_Node_Metastasis_fake/images/22_Malignant_center2.png,/mnt/wangbd8/workspace/DataSets/ThyroidAgent/train_val_test/pred_masks/Lymph_Node_Metastasis_fake/Lymph_images/22_Malignant_center2.png
0.7094209823891819,531.1229387529503,563.2273075766125,149566.5,376.7897569795473,1802.7695526216996,0.012053297714539684,149565.0,0.760469644118688,24.0,149.0,1495111021.0,2.847835348876361,70.0,2.2273102068240247,244.0,38.57145734915769,88.74916591448535,93.0,0.0,244.0,29.374961689305728,99.98198015692304,0.008507195426710057,1495111021.0,0.15044085302888247,2119.9819055825083,19.958747478267863,4.073101747283903,416.07380659650437,1.3068565718815308,13.624931918054582,0.15057337989182523,0.9781389681706597,0.1504929525545733,0.611507443116725,0.12792525112323216,0.10986151058491449,3.588586202133018,-0.7399516678654036,0.9925843320077232,0.9247615664564386,0.9985092203974936,0.924766928278922,0.9863194317930483,0.15042257863447783,0.19124950570698981,3.4375707808717424,3.443876324486602,3704.4114861902676,0.1624029586229841,2.8897747186650062,20.359316089434458,98.58110477860588,1586.7158702323543,36.46039323748115,0.13357336452531227,6.714245625923735,2029.756510302499,0.0889853796713064,0.15250894260020728,55.586953515507815,0.17277377025698354,3.312793668695225,0.023809735212984753,3704.4114861902676,0.1624029586229841,2.8897747186650062,20.359316089434458,98.58110477860588,1586.7158702323543,36.46039323748115,0.13357336452531227,2029.756510302499,0.0889853796713064,0.17277377025698354,3.312793668695225,0.023809735212984753,6.714245625923735,0.15250894260020728,55.586953515507815,3.7900357839188596,86781.36743890616,0.5802251023896376,0.2436203929873773,22500.686183264803,3.443511352312943,20.03179219737238,7.506548992077024,149.8279744592652,1.41738555944788,0.17960602623079341,0.1631420006908925,3.2690220156973746,0.0270334603332831,87.65853121591466,0.00029437360548217276,6.400421880579385,0.01132475319578939,0.012406160159069264,23_Benign_center2.png,/mnt/wangbd8/workspace/DataSets/ThyroidAgent/Classifaction_Data/Lymph_Node_Metastasis_fake/images/23_Benign_center2.png,/mnt/wangbd8/workspace/DataSets/ThyroidAgent/train_val_test/pred_masks/Lymph_Node_Metastasis_fake/Lymph_images/23_Benign_center2.png
0.9639077574577145,566.6550060724792,681.0499247485459,231527.0,546.203156155511,2184.6274169979697,0.009435734998501123,231527.0,0.7807794504757364,43.0,134.0,2173989111.0,2.475220525271871,52.0,2.386662428942884,212.0,28.156376552630597,90.72725427271982,93.0,6.0,206.0,21.332898422608586,96.90091099619464,0.05188073184963297,2173989111.0,0.19809281323945221,1158.3518840256804,19.101489798215013,4.149282801963314,140.8604737209136,1.3633297895255723,7.639924794367772,0.1001566841818229,0.9741199922870599,0.1001566841818229,0.4694920740188126,0.09012532279552549,0.16140910081803747,3.0309781423647286,-0.7755250359131625,0.9891878562432127,0.9499216579090887,0.998778577022173,0.9499216579090887,0.9899843315818179,0.1001566841818229,0.233645547485695,2.930821458182908,1.9350203696373989,4790.363494011596,0.20273238368156063,1.860668070818042,19.906894070845148,224.4168183164755,3555.7153497820473,27.554005419967204,0.08831657930695079,7.044728664519827,1383.0213297219518,0.0585306754294279,0.10205721146993656,128.40767283569673,0.11131369030297726,2.15097276669142,0.01151007700687989,4790.363494011596,0.20273238368156063,1.860668070818042,19.906894070845148,224.4168183164755,3555.7153497820473,27.554005419967204,0.08831657930695079,1383.0213297219518,0.0585306754294279,0.11131369030297726,2.15097276669142,0.01151007700687989,7.044728664519827,0.10205721146993656,128.40767283569673,3.2282267475373807,157532.03714901503,0.6804046057220757,0.17548692204670502,45863.83477089065,1.9346180916998086,19.148764506947355,7.992463082059544,152.27373049363572,0.7364983301302681,0.09169192813598603,0.14344331330687135,2.768762750492743,0.01312082543861062,116.37585789640782,0.0002175053509423994,3.5118289334600052,0.005370643202496184,0.007254530119801214,23_Malignant_center2.png,/mnt/wangbd8/workspace/DataSets/ThyroidAgent/Classifaction_Data/Lymph_Node_Metastasis_fake/images/23_Malignant_center2.png,/mnt/wangbd8/workspace/DataSets/ThyroidAgent/train_val_test/pred_masks/Lymph_Node_Metastasis_fake/Lymph_images/23_Malignant_center2.png
0.9998799681078177,529.1237752176174,647.0030911827238,209548.0,529.0602634896794,1913.556349186104,0.009131828264579495,209548.0,0.8480187143257366,21.0,135.0,1794669184.0,2.7659030871391637,68.0,2.541981512671133,255.0,37.19632991255359,81.27940137820451,86.0,0.0,255.0,28.404525093991275,92.54446364917825,0.15542851706281696,1794669184.0,0.16281106060759226,1958.1366637147996,17.374942605701168,3.7798163382437346,395.29303840075625,8.596535138673234,12.468722497558613,0.116998278171035,0.9814077746907183,0.11698871245456285,0.5207052946292574,0.10331191932925862,0.12841408691612757,3.383091157208666,-0.7767122377093022,0.9931659137323323,0.9415066003443658,0.9990410014834702,0.9415072380587973,0.9902510019474818,0.11698034245264971,0.20944614501626171,3.2660303647589535,3.146430193932412,4301.711678100052,0.17257237846913195,2.646817338231922,18.900068199141494,176.60817587355078,2209.454527219481,72.00527087268992,0.13510689206816012,6.995660009475719,1778.0479399847554,0.07133020178861296,0.11895603871189417,105.93949041354405,0.13568021345931608,2.4888049794185747,0.0184381740037868,4301.711678100052,0.17257237846913195,2.646817338231922,18.900068199141494,176.60817587355078,2209.454527219481,72.00527087268992,0.13510689206816012,1778.0479399847554,0.07133020178861296,0.13568021345931608,2.4888049794185747,0.0184381740037868,6.995660009475719,0.11895603871189417,105.93949041354405,3.5806518595643455,134780.88786340124,0.643198159196944,0.1998355092490239,34116.73212819974,3.1483014190890417,17.434520968942678,7.828965201290396,134.76072785232978,1.6409514817527169,0.1998894161210109,0.14981505165615727,2.6633828791281973,0.027488484715452646,88.39260830208008,0.00025252419883229363,6.827762279580394,0.0066517815580138485,0.016332954433189554,24_Benign_center2.png,/mnt/wangbd8/workspace/DataSets/ThyroidAgent/Classifaction_Data/Lymph_Node_Metastasis_fake/images/24_Benign_center2.png,/mnt/wangbd8/workspace/DataSets/ThyroidAgent/train_val_test/pred_masks/Lymph_Node_Metastasis_fake/Lymph_images/24_Benign_center2.png
0.9654709031852543,567.2567968984166,681.0499247485459,231016.5,547.6699320394887,2324.4264068711905,0.010061733282562893,231016.0,0.7330112351290033,34.0,126.0,1645967813.0,2.524035512060672,51.0,2.866157885559648,220.0,29.329959252314183,76.49479256848011,71.0,0.0,220.0,21.589368254854048,84.40917182236564,0.5460859404215452,1645967813.0,0.19885826402812146,1273.4549976428468,14.88998403553828,3.582785277989866,200.13231176270327,12.6782830347578,8.318026107796893,0.10349135836746026,0.9754221590626003,0.10349135836746026,0.4799662317458844,0.09278089711071819,0.16133982262210925,3.09396961205119,-0.774035691172918,0.9898973265492395,0.9482543208162697,0.9987379102638113,0.9482543208162697,0.9896508641632539,0.10349135836746026,0.2586633233844659,2.990478253683732,2.1053793665410883,4806.890640394088,0.19732720198662104,2.072995096472993,15.438382594417078,178.8334975369458,2420.662684729064,30.101502502874286,0.1413405704878345,7.076859746579269,1419.497290640394,0.05827164575699483,0.10544724174948922,88.89832922150232,0.11100954965658902,1.6659113638997078,0.018110019679984,4806.890640394088,0.19732720198662104,2.072995096472993,15.438382594417078,178.8334975369458,2420.662684729064,30.101502502874286,0.1413405704878345,1419.497290640394,0.05827164575699483,0.11100954965658902,1.6659113638997078,0.018110019679984,7.076859746579269,0.10544724174948922,88.89832922150232,3.29448051562814,155310.3454998788,0.6722925922874554,0.17966383611494344,45939.4407227205,2.1060603465033867,14.940744364026735,7.958773418291374,118.38589967794438,1.1662469835028937,0.14588866394621602,0.14444935030955047,2.172954590927805,0.02104918167417437,157.84415970063168,0.0002123132207420315,3.8410293421536696,0.006045640860162715,0.008129260824794177,24_Malignant_center2.png,/mnt/wangbd8/workspace/DataSets/ThyroidAgent/Classifaction_Data/Lymph_Node_Metastasis_fake/images/24_Malignant_center2.png,/mnt/wangbd8/workspace/DataSets/ThyroidAgent/train_val_test/pred_masks/Lymph_Node_Metastasis_fake/Lymph_images/24_Malignant_center2.png
0.9088392378206507,583.0882972196954,680.3418258493299,229888.0,529.933523627289,2179.4558441227127,0.009480511571385686,229888.0,0.7798570604217927,8.0,127.0,1295595611.0,2.5697811236861545,79.0,2.204535021737527,234.0,40.20462479263712,59.08117431096882,45.0,0.0,234.0,32.021632860014336,75.07175747249923,0.6043981634739898,1295595611.0,0.1967069767854758,2145.183612046662,11.76705867994107,2.899740207659516,410.8762671058105,31.92729747117018,13.541247256337911,0.10698562424263558,0.9843224210520526,0.10698562424263558,0.49075619660053527,0.09553970044804917,0.1653135590351341,3.131947725042231,-0.7810926539371883,0.9909282643336802,0.9465071878786822,0.9989407363936372,0.9465071878786822,0.9902740341597605,0.10698562424263558,0.30584881480641984,3.024962100799598,3.412058220145137,4149.489247741626,0.16586015060123216,2.9478165616031857,14.43340794627868,301.80573986729553,1625.8300823407146,227.7810826692373,0.2401197325693201,7.027066186684601,1748.44511951395,0.06988748579078863,0.1088269070155902,217.36978334588625,0.13752768537203672,1.963590148899787,0.031156703305763266,4149.489247741626,0.16586015060123216,2.9478165616031857,14.43340794627868,301.80573986729553,1625.8300823407146,227.7810826692373,0.2401197325693201,1748.44511951395,0.06988748579078863,0.13752768537203672,1.963590148899787,0.031156703305763266,7.027066186684601,0.1088269070155902,217.36978334588625,3.3267419386315282,153094.39716731626,0.6659521034909011,0.18773260788356005,45220.57347925947,3.4113867259486916,11.822491822104677,7.929182906458798,90.94125400194878,3.3495067016984543,0.40072938636200744,0.14667335591437763,1.8251735627783965,0.05308501531566277,164.06406102399225,0.0002538635984485057,5.421728045135088,0.008049848560761328,0.01509188154432916,25_Benign_center2.png,/mnt/wangbd8/workspace/DataSets/ThyroidAgent/Classifaction_Data/Lymph_Node_Metastasis_fake/images/25_Benign_center2.png,/mnt/wangbd8/workspace/DataSets/ThyroidAgent/train_val_test/pred_masks/Lymph_Node_Metastasis_fake/Lymph_images/25_Benign_center2.png
0.9532071684281578,562.4100560005661,671.2413872818034,224438.0,536.0932969758212,2320.9533188057685,0.010341178048306296,224437.0,0.7235802783970005,42.0,140.0,2152078047.0,2.6142486071565747,60.0,2.2134246351210964,206.0,31.474432509568416,90.48616315491653,91.0,0.0,206.0,23.990349596226093,97.92233958543328,0.06243658215653542,2152078047.0,0.1779172707016868,1401.0388673867399,19.378983096264204,4.136681329968962,190.0638708259035,1.7454932756953248,9.17248720088069,0.10508451867896301,0.9773465467354098,0.10508451867896298,0.48490897426891827,0.09404176261297369,0.14321702253019297,3.19210388261548,-0.7787362636141015,0.9914320838308129,0.9474577406605186,0.9987184814795249,0.9474577406605186,0.9894915481321037,0.10508451867896298,0.2022776500011165,3.0870193639365198,2.3193929298899136,4408.543489106935,0.1832921789916404,2.207122220277264,19.364876101779476,178.38079993347748,3376.9671960751702,21.739741418473628,0.10584890807335556,7.101986453012223,1453.3246299684017,0.06042427365576259,0.10716593075116848,91.30719610220598,0.1077954879814374,2.0597678112225544,0.013282316713388835,4408.543489106935,0.1832921789916404,2.207122220277264,19.364876101779476,178.38079993347748,3376.9671960751702,21.739741418473628,0.10584890807335556,1453.3246299684017,0.06042427365576259,0.1077954879814374,2.0597678112225544,0.013282316713388835,7.101986453012223,0.10716593075116848,91.30719610220598,3.390156776053463,149899.08352455255,0.6678893565880516,0.18084264240874537,39931.218484474484,2.3211558901393676,19.437441241862974,7.940789620249781,154.4235531574562,0.8650100726536973,0.1085256317107723,0.14468326424688344,2.809243425400744,0.015732872138567423,119.14593144750381,0.00023593934371058458,3.616954258889324,0.006760447126798842,0.007444213534978186,25_Malignant_center2.png,/mnt/wangbd8/workspace/DataSets/ThyroidAgent/Classifaction_Data/Lymph_Node_Metastasis_fake/images/25_Malignant_center2.png,/mnt/wangbd8/workspace/DataSets/ThyroidAgent/train_val_test/pred_masks/Lymph_Node_Metastasis_fake/Lymph_images/25_Malignant_center2.png
0.9670331323189668,693.9517960355265,833.8111296930499,345930.0,671.074378998608,3145.3380951166137,0.00909241203456368,345928.0,0.6628751073511153,26.0,137.0,2549323997.0,2.717039400509845,55.0,3.192431790815178,254.0,34.18992858669947,74.52645926319929,66.0,0.0,254.0,24.250321639849094,85.84591995418573,0.7593587494212592,2549323997.0,0.17591761474890852,1815.3288424711618,15.211159290574303,3.5068489182793265,441.6078981878252,30.047470121774094,11.745659425064275,0.09297960531460997,0.9842921800257585,0.0919484296295009,0.44444457444186725,0.08452509160327869,0.1460550462425714,3.2390866152484827,-0.8074764378072639,0.9937582475015059,0.9541260402700344,0.9992386625675662,0.9541597028514711,0.9923437942789867,0.09138438473666881,0.23407398395884566,3.145328223275524,2.9596597575947206,5756.411662746069,0.17817294981880863,2.8352244136995832,16.284511576080227,268.3234493004829,3140.0927634022532,90.85461105673103,0.1650024802607627,7.404983722157352,1712.4560480376376,0.05300408716223962,0.09339515737378877,153.67946169014652,0.10681514461305225,1.760276181080646,0.02004068011667206,5756.411662746069,0.17817294981880863,2.8352244136995832,16.284511576080227,268.3234493004829,3140.0927634022532,90.85461105673103,0.1650024802607627,1712.4560480376376,0.05300408716223962,0.10681514461305225,1.760276181080646,0.02004068011667206,7.404983722157352,0.09339515737378877,153.67946169014652,3.4324891932523216,242692.60518373764,0.7015697057877294,0.16364202094733737,60854.82863486043,2.9641839695844405,15.267156749381375,8.077790754145372,122.3963165745473,1.6045692779055916,0.1951534724770553,0.14064214390149266,2.180192602699598,0.026664835693432743,151.49844930073823,0.00017909211794651489,5.745220633238961,0.0049649899209032325,0.013238206162377546,26_Benign_center2.png,/mnt/wangbd8/workspace/DataSets/ThyroidAgent/Classifaction_Data/Lymph_Node_Metastasis_fake/images/26_Benign_center2.png,/mnt/wangbd8/workspace/DataSets/ThyroidAgent/train_val_test/pred_masks/Lymph_Node_Metastasis_fake/Lymph_images/26_Benign_center2.png
0.8774840214336409,628.8180380537242,722.8499152659562,258286.5,551.7777807813941,2660.267027304749,0.010299675079048842,258284.0,0.6772212141101817,40.0,172.0,3876920882.0,2.9377330942401283,65.0,2.511422510157132,255.0,38.85337903492228,112.60619318269812,118.0,0.0,255.0,27.759831941816273,122.51653829490336,-0.30487093717295743,3876920882.0,0.14722415847018538,2330.1474126673934,28.983777722595562,5.026533375754659,561.345443387131,-16.18598907806249,14.986859241536193,0.11589946145608616,0.9846518819858886,0.11589946145608616,0.5174579855546646,0.10246677629027537,0.11620348271616657,3.559461481007353,-0.7880442072107752,0.9951052887208395,0.9420502692719569,0.9990500044142944,0.9420502692719569,0.9903417115453261,0.11589946145608616,0.1911559294150513,3.443562019551271,3.7756896757480702,4520.567629753805,0.14859046214225438,3.477493148359006,29.2288728922197,138.86625250632744,3795.8841337146237,24.01289750415443,0.08750981876442498,7.271887191515647,1996.79403740591,0.06563435681576144,0.11778894550185068,66.79021005695466,0.10941637331599932,3.0745190578047614,0.010249311695563418,4520.567629753805,0.14859046214225438,3.477493148359006,29.2288728922197,138.86625250632744,3795.8841337146237,24.01289750415443,0.08750981876442498,1996.79403740591,0.06563435681576144,0.10941637331599932,3.0745190578047614,0.010249311695563418,7.271887191515647,0.11778894550185068,66.79021005695466,3.752199451323038,166335.5061018104,0.6440023621355191,0.19337639050033603,38025.644546313364,3.781795718327293,29.027903393164113,7.83540598720788,227.18788233107742,0.8763619426543521,0.10867096975733592,0.14789275887524325,4.293234923142312,0.015365609862481179,76.30999828068857,0.000227850359765828,5.765259780624539,0.00792651616862453,0.010886246419631223,26_Malignant_center2.png,/mnt/wangbd8/workspace/DataSets/ThyroidAgent/Classifaction_Data/Lymph_Node_Metastasis_fake/images/26_Malignant_center2.png,/mnt/wangbd8/workspace/DataSets/ThyroidAgent/train_val_test/pred_masks/Lymph_Node_Metastasis_fake/Lymph_images/26_Malignant_center2.png
0.9997932146391824,519.7601851227458,635.6893895606564,202386.0,519.6527063253266,1844.1421356237308,0.009112004464852958,202386.0,0.8647703179451067,15.0,115.0,1136485540.0,2.545463971248435,60.0,2.319829006976843,201.0,32.02776599819026,64.58300475329321,62.0,0.0,201.0,24.624684483815187,74.9362098977701,0.2531231063922669,1136485540.0,0.1828618859515638,1444.4710508787634,11.979804082764632,3.120043878329256,192.50256822258035,8.415694005706854,9.101513384598768,0.12099226433969554,0.9737615201453148,0.12099226433969552,0.5322063887638435,0.10635313630964875,0.1426278932193664,3.1749105359558065,-0.7526746060162617,0.989104028466536,0.9395038678301522,0.9985244845812231,0.9395038678301522,0.9879007735660303,0.12099226433969552,0.18977625023523936,3.0539182716161135,2.3056264122346155,4915.3028720626635,0.1974413686307557,1.9463318526685347,13.165535248041776,178.8123719622414,1392.372042578831,97.29752559817116,0.19149800438612136,6.728584755396421,1816.5388632255474,0.07296802021392036,0.12300752028302353,112.72223182153155,0.13921400720912047,1.8010885668721992,0.027907079193965664,4915.3028720626635,0.1974413686307557,1.9463318526685347,13.165535248041776,178.8123719622414,1392.372042578831,97.29752559817116,0.19149800438612136,1816.5388632255474,0.07296802021392036,0.13921400720912047,1.8010885668721992,0.027907079193965664,6.728584755396421,0.12300752028302353,112.72223182153155,3.3778927589493,128468.65531212633,0.6347704649142052,0.20522620700155403,37008.6856501932,2.3060015734149824,12.03952842587926,7.789659363789985,92.41527576018105,2.1992685782930934,0.2700606910298673,0.151309873212574,1.865222616408469,0.03785755756746554,167.08201198947887,0.00022298894567443736,4.703032860456248,0.007688627894521615,0.009267745155039496,27_Benign_center2.png,/mnt/wangbd8/workspace/DataSets/ThyroidAgent/Classifaction_Data/Lymph_Node_Metastasis_fake/images/27_Benign_center2.png,/mnt/wangbd8/workspace/DataSets/ThyroidAgent/train_val_test/pred_masks/Lymph_Node_Metastasis_fake/Lymph_images/27_Benign_center2.png
0.8769614303993546,953.5472967189596,1097.7271974402383,597696.0,836.2242012840967,3182.7279220613564,0.005324994515709251,597696.0,0.8610841445660649,10.0,156.0,6833185083.0,2.8907523388932965,82.0,2.07260279989962,250.0,44.515393536159685,93.14954592301103,104.0,0.0,250.0,34.70987265096745,106.92306939680444,-0.2473601190526535,6833185083.0,0.1463290820455532,2755.704863570717,22.5013946055151,4.276270933740743,582.8234241455775,-12.381279785315586,16.972477775260586,0.11287174822386728,0.9867873059232739,0.11100222299281508,0.504451595138421,0.10055025471452067,0.11787782257143765,3.4814972647037075,-0.7956208850395444,0.9949603813765849,0.9446648346473545,0.9990770110546693,0.9447007263914406,0.9907603388017606,0.1102567628362805,0.1772665061823323,3.3681752429886065,4.271337380871113,10278.070988440953,0.15409170759720173,3.2218143035116844,25.519647381598478,333.51910765955535,3304.0349619945728,224.21461795974813,0.10425055288855374,7.186180911510467,4697.748864334868,0.07042996153483258,0.11159686529607024,253.22271984201683,0.1328529063828399,3.3302686816002605,0.013759249363250492,10278.070988440953,0.15409170759720173,3.2218143035116844,25.519647381598478,333.51910765955535,3304.0349619945728,224.21461795974813,0.10425055288855374,4697.748864334868,0.07042996153483258,0.1328529063828399,3.3302686816002605,0.013759249363250492,7.186180911510467,0.11159686529607024,253.22271984201683,3.6633845816503916,393922.38769207086,0.6590681344564309,0.18978462287107037,87460.30702229896,4.272808987077444,22.546883365456686,7.900437680693864,174.84516208908877,1.812464967747703,0.21411098246404758,0.1471232867544705,3.419232816980167,0.027573763890821768,186.4573645995262,0.00010751411137372078,5.680721819710297,0.008534821986822115,0.005779151490534382,27_Malignant_center2.png,/mnt/wangbd8/workspace/DataSets/ThyroidAgent/Classifaction_Data/Lymph_Node_Metastasis_fake/images/27_Malignant_center2.png,/mnt/wangbd8/workspace/DataSets/ThyroidAgent/train_val_test/pred_masks/Lymph_Node_Metastasis_fake/Lymph_images/27_Malignant_center2.png
0.9998195652022487,462.2510967308069,564.978760662735,159726.0,462.16769054765797,1751.5979797464465,0.01096626710583403,159725.0,0.8088319614277488,18.0,124.0,1085090810.0,2.667656658305673,67.0,2.3810095453080242,239.0,35.05857345497736,71.32388793238378,71.0,0.0,239.0,27.19008364123279,82.42265392540108,0.2503223670961273,1085090810.0,0.1691194495665423,1706.3968903151915,14.141048256985558,3.3819627981141673,287.87003724845977,9.954232879586677,10.935379596380045,0.12187603975064819,0.9779554631345583,0.12186348427112303,0.5347743713042601,0.10702533095194994,0.131870249316134,3.3027617920393926,-0.7620095091158672,0.9913886366477962,0.939069513412391,0.99879331370895,0.9390703504443594,0.988921596547167,0.12185249822653853,0.1717401266847884,3.1808043602337097,2.764313909032673,3549.1975507735724,0.17886395962170903,2.3976796799592828,15.583329133699541,145.25893262107545,1540.4870231315829,63.34602714225066,0.17675600714601813,6.880166022330085,1418.1550672781334,0.07146878331291304,0.12423227422131788,80.46547907245338,0.13890544512538155,2.10806680957434,0.023771751253975935,3549.1975507735724,0.17886395962170903,2.3976796799592828,15.583329133699541,145.25893262107545,1540.4870231315829,63.34602714225066,0.17675600714601813,1418.1550672781334,0.07146878331291304,0.13890544512538155,2.10806680957434,0.023771751253975935,6.880166022330085,0.12423227422131788,80.46547907245338,3.507147485037024,100987.55203631241,0.6322588952030829,0.2068144368790456,27012.604082015965,2.7639897674535057,14.197088746282674,7.777761778056034,108.70825481295978,2.018140957474623,0.24823236534563276,0.15175701292151442,2.2050461731100324,0.03479255317747954,96.3411765660823,0.0003058465990110948,5.912899302630038,0.007419861576392117,0.016069382012708015,28_Benign_center2.png,/mnt/wangbd8/workspace/DataSets/ThyroidAgent/Classifaction_Data/Lymph_Node_Metastasis_fake/images/28_Benign_center2.png,/mnt/wangbd8/workspace/DataSets/ThyroidAgent/train_val_test/pred_masks/Lymph_Node_Metastasis_fake/Lymph_images/28_Benign_center2.png
0.9998271252641193,508.45060704697227,621.5472628851325,193296.0,508.3627087825707,1895.3553390593274,0.009805455565864412,193295.0,0.8222913514362876,22.0,133.0,1521930037.0,2.72170311079816,73.0,2.1614492464106405,229.0,37.3905548770467,77.48217491399157,79.0,0.0,229.0,29.665121157255573,88.73338189731581,0.19013089477807607,1521930037.0,0.164681286946399,1870.125633532508,16.099239214425367,3.621780144896721,317.30346443635233,7.865928018421368,12.046301560413482,0.1185103745844721,0.9805158723015654,0.118458514627101,0.5251911723273257,0.10447795489681301,0.1300250274440552,3.3461673711060675,-0.7705007734956779,0.9924279884380484,0.9407759286821866,0.9988266595775857,0.9407793860126781,0.989231437003274,0.11841313716440127,0.19431407427383093,3.2273579739290805,3.0412029837494896,3813.5936065222054,0.16363842980142482,2.828727108374755,17.34121433168848,153.04162196953445,1956.6755202746192,54.91431690773523,0.1739019632088614,7.044004967427029,1600.9658442394336,0.0686962387573239,0.12056700897591764,84.24881572641851,0.13114943056044168,2.305887138894082,0.023229035217382166,3813.5936065222054,0.16363842980142482,2.828727108374755,17.34121433168848,153.04162196953445,1956.6755202746192,54.91431690773523,0.1739019632088614,1600.9658442394336,0.0686962387573239,0.13114943056044168,2.305887138894082,0.023229035217382166,7.044004967427029,0.12056700897591764,84.24881572641851,3.54986990790168,123616.00610983212,0.6395199364175593,0.20108509492363982,31832.0693603042,3.0425998841027226,16.15460824128922,7.812426601826224,124.80032592669237,1.734326639226451,0.21561978327166037,0.15013149158884953,2.472477876360543,0.030825954660531323,101.91295371627557,0.00027262542552686545,5.531789083990141,0.007952729669390476,0.013039563906635297,28_Malignant_center2.png,/mnt/wangbd8/workspace/DataSets/ThyroidAgent/Classifaction_Data/Lymph_Node_Metastasis_fake/images/28_Malignant_center2.png,/mnt/wangbd8/workspace/DataSets/ThyroidAgent/train_val_test/pred_masks/Lymph_Node_Metastasis_fake/Lymph_images/28_Malignant_center2.png
