original_shape2D_Elongation,original_shape2D_MajorAxisLength,original_shape2D_MaximumDiameter,original_shape2D_MeshSurface,original_shape2D_MinorAxisLength,original_shape2D_Perimeter,original_shape2D_PerimeterSurfaceRatio,original_shape2D_PixelSurface,original_shape2D_Sphericity,original_firstorder_10Percentile,original_firstorder_90Percentile,original_firstorder_Energy,original_firstorder_Entropy,original_firstorder_InterquartileRange,original_firstorder_Kurtosis,original_firstorder_Maximum,original_firstorder_MeanAbsoluteDeviation,original_firstorder_Mean,original_firstorder_Median,original_firstorder_Minimum,original_firstorder_Range,original_firstorder_RobustMeanAbsoluteDeviation,original_firstorder_RootMeanSquared,original_firstorder_Skewness,original_firstorder_Uniformity,original_firstorder_Variance,original_glcm_Autocorrelation,original_glcm_JointAverage,original_glcm_ClusterProminence,original_glcm_ClusterShade,original_glcm_ClusterTendency,original_glcm_Contrast,original_glcm_Correlation,original_glcm_DifferenceAverage,original_glcm_DifferenceEntropy,original_glcm_DifferenceVariance,original_glcm_JointEnergy,original_glcm_JointEntropy,original_glcm_Imc1,original_glcm_Imc2,original_glcm_Idm,original_glcm_Idmn,original_glcm_Id,original_glcm_Idn,original_glcm_InverseVariance,original_glcm_MaximumProbability,original_glcm_SumEntropy,original_glcm_SumSquares,original_glrlm_GrayLevelNonUniformity,original_glrlm_GrayLevelNonUniformityNormalized,original_glrlm_GrayLevelVariance,original_glrlm_HighGrayLevelRunEmphasis,original_glrlm_LongRunEmphasis,original_glrlm_LongRunHighGrayLevelEmphasis,original_glrlm_LongRunLowGrayLevelEmphasis,original_glrlm_LowGrayLevelRunEmphasis,original_glrlm_RunEntropy,original_glrlm_RunLengthNonUniformity,original_glrlm_RunLengthNonUniformityNormalized,original_glrlm_RunPercentage,original_glrlm_RunVariance,original_glrlm_ShortRunEmphasis,original_glrlm_ShortRunHighGrayLevelEmphasis,original_glrlm_ShortRunLowGrayLevelEmphasis,original_gldm_DependenceEntropy,original_gldm_DependenceNonUniformity,original_gldm_DependenceNonUniformityNormalized,original_gldm_DependenceVariance,original_gldm_GrayLevelNonUniformity,original_gldm_GrayLevelVariance,original_gldm_HighGrayLevelEmphasis,original_gldm_LargeDependenceEmphasis,original_gldm_LargeDependenceHighGrayLevelEmphasis,original_gldm_LargeDependenceLowGrayLevelEmphasis,original_gldm_LowGrayLevelEmphasis,original_gldm_SmallDependenceEmphasis,original_gldm_SmallDependenceHighGrayLevelEmphasis,original_gldm_SmallDependenceLowGrayLevelEmphasis,original_ngtdm_Busyness,original_ngtdm_Coarseness,original_ngtdm_Complexity,original_ngtdm_Contrast,original_ngtdm_Strength
-0.091621640768099,-0.01563185007645173,-0.005884095865919097,0.0018488560539844843,-0.01097033012797671,0.10404662461898348,-0.040209462045098884,0.09954651077615917,0.10623075493345227,0.00243305640290414,-0.03898732274702847,-0.10519640596005471,0.006875477744233544,-0.007578898308866442,-0.09611596907702373,-0.8476078524539089,0.0,0.0,0.0,0.006077234781431863,0.0,0.0,-0.018726348010603147,0.0,0.0,-0.011497216409640392,0.0,0.0,-0.010659743877881097,-0.1383666044216312,-0.10943255873861107,0.006545410777490535,0.0,0.0,0.0,0.00478298608018833,0.01583697118332889,0.0,0.0,0.0,0.0,-0.04285266363032553,0.0,-0.02403531766461426,0.0,-0.04600174293719245,0.0,0.0,0.0,-0.0020353367210244316,0.0,0.0012753669905662506,0.0,-0.0007389875821402041,-0.0029655501503655685,0.0014868046474254375,-0.004564361944896368,0.0,-0.004257095193803961,-0.001758358930405121,0.0,-0.09780691649328901,0.013323171336218662,-0.03259746103313778,0.0,0.0,-0.05303278226594312,0.0,-0.014815761299553388,0.0,0.0,0.0,0.0,-0.01913060607050336,-0.019848344929968224,0.0,-0.034248692921177444,-0.015438220213500733,-0.019656913962055093,-0.006075798242453717,0.0,-0.1627992709630679,-0.03845609316337274
-0.06518700458237625,0.018866025954338308,0.0020139578096534305,0.01387925121238254,0.08445739888735906,-0.033460219378023286,0.6544224025250944,0.07866597503106107,0.18773041516921699,-0.004102593233761398,0.04546857279726635,-0.09545479591335845,0.004785149414296667,-0.0017401853951648197,-0.03822203502923142,-0.7227705227506185,0.0,0.0,0.0,-0.0032147747982586884,0.0,0.0,0.01966266541113331,0.0,0.0,-0.005603103780670701,0.0,0.0,-0.006827026977968792,-0.07100073454584059,-0.07358036532089982,0.0026599363767510105,0.0,0.0,0.0,0.0017590183993314243,0.01583697118332889,0.0,0.0,0.0,0.0,-0.03411564900762064,0.0,-0.01945122828739339,0.0,0.013876745898292592,0.0,0.0,0.0,0.0015762501811075872,0.0,-0.0009109764218330346,0.0,-0.00031122450442353476,0.0003437179298173194,-0.0025443434516354366,0.010185807054446178,0.0,-0.004314245043118942,-0.003157513363432385,0.0,-0.09943852966231766,-0.020224748557514764,0.09171290334054288,0.0,0.0,-0.035986175536840574,0.0,0.02839099170970085,0.0,0.0,0.0,0.0,0.020087136374028543,0.008506511804515886,0.0,0.03854012902743202,0.006149193410379908,0.03282297107312707,0.0030763353501237376,0.0,-0.0211813920932453,-0.04146866192572238
-0.10628884006236797,-0.01563185007645173,-0.03481390265288796,-0.11457723056862647,-0.05186486404429242,-0.0565704814039663,-0.024452131058258456,0.022343139256723772,-0.06937693409926006,0.007198399163382663,-0.011364451324974788,-0.1699585082189287,0.006875477744233544,-0.005993144130002103,-0.09023074610103705,-0.6845959282418308,0.0,0.0,0.0,0.006077234781431863,0.0,0.0,-0.004943970814655433,0.0,0.0,-0.01422056636921071,0.0,0.0,0.014212991837174796,0.036599866064225904,-0.09571546453392572,-0.007673929877057868,0.0,0.0,0.0,-0.02396685074112566,-0.0039864064205901405,0.0,0.0,0.0,0.0,0.005293623186251765,0.0,0.0300227590736521,0.0,-0.0214825587621714,0.0,0.0,0.0,-0.0020353367210244316,0.0,0.004312235755550651,0.0,-0.02712175795504923,-0.030274152067628707,0.004398834863575659,-0.002628767299142269,0.0,0.02474863594522747,0.0014525573772911867,0.0,0.07356731374880301,0.014985414732718798,-0.01364122146805681,0.0,0.0,0.08716075657196407,0.0,-0.021205286629033877,0.0,0.0,0.0,0.0,-0.005050699582517927,-0.02315872179992251,0.0,-0.00795826141744782,-0.002438169285848736,-0.011472306372250933,0.004990834270586981,0.0,-0.1348822343818654,0.03127450723751916
0.5507232312313297,0.007153004604745948,0.0020139578096534305,0.015922884238146893,-0.030715439170248573,-0.05776338025398857,-0.010649351890823326,0.12009536350938407,-0.041879652686755094,-0.004102593233761398,-0.032024409194737424,-0.05955162162954281,-0.05688223356107071,0.01226159622203328,0.11080837666072293,-0.46878463666552256,0.0,0.0,0.0,0.022495010824226416,0.0,0.0,-0.002890720960756318,0.0,0.0,-0.004584128851182199,0.0,0.0,-0.010659743877881097,-0.11462919400147994,-0.0703692106592639,0.01922484268284819,0.0,0.0,0.0,-0.0038954507080979435,-0.013197475986107408,0.0,0.0,0.0,0.0,-0.04285266363032553,0.0,-0.02144169920675278,0.0,0.026098124678590254,0.0,0.0,0.0,0.004383569859558201,0.0,0.0015475895678677878,0.0,-0.001352349591473615,0.003957570530307205,-0.0025443434516354366,0.027352951820467295,0.0,-0.004615080669619686,-0.003157513363432385,0.0,-0.09741330087805587,0.024691368236811784,-0.01940777053667802,0.0,0.0,-0.06140871485752015,0.0,0.01567653986884688,0.0,0.0,0.0,0.0,0.0031007811093277165,0.006721577383669955,0.0,-0.003991244711267516,0.0006377994128049934,0.004858003957615637,-0.022296487475462964,0.0,0.1573113740041341,-0.041685984643318325
-0.0967920196867883,0.018866025954338308,0.004474343409281123,0.02320023183697788,-0.11753290426289405,-0.0486978273880207,0.009182429538804554,0.14557271113293807,0.028357962253663806,0.006800388881085246,-0.01891560046034574,-0.06644302958868364,0.008105584127563816,-0.005993144130002103,-0.07379308531206512,-0.6865430248136506,0.0,0.0,0.0,-0.005097035623136402,0.0,0.0,-0.018726348010603147,0.0,0.0,-0.00961634318130648,0.0,0.0,-0.010659743877881097,-0.16762365858441058,-0.08173579405746033,-0.022539470731615115,0.0,0.0,0.0,-0.02396685074112566,-0.0039864064205901405,0.0,0.0,0.0,0.0,0.009573384053026062,0.0,-0.0006264410368258682,0.0,0.006262778625999632,0.0,0.0,0.0,-0.0039238982678562,0.0,0.0012753669905662506,0.0,-0.011739742908149633,-0.028149363030625367,0.004025900328918179,-0.002628767299142269,0.0,-0.012374317972613742,0.0014525573772911867,0.0,0.13397780924020825,0.016820692214906355,0.06482085868936631,0.0,0.0,0.08716075657196407,0.0,0.01424945068620262,0.0,0.0,0.0,0.0,-0.01913060607050336,-0.02315872179992251,0.0,-0.034248692921177444,-0.015438220213500733,-0.0030280491345547056,0.004990834270586981,0.0,0.06593391045959299,0.016822288568687976
0.5396567393519623,0.007153004604745948,0.003319057079092187,0.017303023940461657,0.08445739888735906,-0.03536194537828398,0.009802372136817972,0.14359484343952678,-0.04861782265547149,-0.007480427769193771,0.03610120027203949,-0.036812893837651704,0.022114265387938686,0.0007448110953473114,0.11939990603650756,-0.5765708934717075,0.0,0.0,0.0,-0.01886678327193183,0.0,0.0,0.003035257008794134,0.0,0.0,-0.004818902659602554,0.0,0.0,-0.010659743877881097,-0.0800168682151954,-0.06682330943769962,0.01922484268284819,0.0,0.0,0.0,0.00240601367264873,0.01583697118332889,0.0,0.0,0.0,0.0,-0.04588379707003355,0.0,-0.02467186162041284,0.0,-0.01718661202995732,0.0,0.0,0.0,0.004336940190788434,0.0,-0.0011054211199055626,0.0,-0.007997809272490258,0.0007274081166471448,-0.00460102894733506,0.027352951820467295,0.0,-0.0046792014972840456,-0.003157513363432385,0.0,0.11239403295161236,-0.0011916432051978293,0.05654287294786568,0.0,0.0,-0.035986175536840574,0.0,0.01369081675915746,0.0,0.0,0.0,0.0,0.0031007811093277165,0.006697530881605216,0.0,0.004664937209007896,-0.009534396797036005,0.02237115393812073,0.018314971854844576,0.0,0.12049315114479545,0.015822001778864163
-0.14227831020183052,0.018866025954338308,0.014699203342330472,0.06395658738471821,-0.11753290426289405,-0.0565704814039663,0.025301012109889855,0.12632366458651353,-0.06920746338004045,0.022850852182327356,-0.011364451324974788,-0.06434286211968818,0.02840117874415895,-0.0099660036007874,0.12118366780072433,-0.6514236046544499,0.0,0.0,0.0,0.022495010824226416,0.0,0.0,-0.004943970814655433,0.0,0.0,-0.009851116989726834,0.0,0.0,-0.010659743877881097,0.144063085281214,-0.06104309405268263,-0.022539470731615115,0.0,0.0,0.0,-0.02396685074112566,-0.0039864064205901405,0.0,0.0,0.0,0.0,0.010966049426937628,0.0,0.015938482929596907,0.0,0.03489124457840415,0.0,0.0,0.0,-0.012508223978296222,0.0,0.004312235755550651,0.0,-0.007997809272490258,-0.01837801299520878,0.013326151087497733,-0.002628767299142269,0.0,0.024530996928167893,0.0014525573772911867,0.0,0.09063724073196762,0.04229288679459574,-0.007853933401982578,0.0,0.0,0.08716075657196407,0.0,-0.03366944794946389,0.0,0.0,0.0,0.0,-0.005050699582517927,-0.02315872179992251,0.0,-0.00795826141744782,-0.002438169285848736,0.03529992591672693,0.018314971854844576,0.0,0.07378064659778683,0.060616480785097224
0.48902791897717707,-0.0032807893759262967,-0.00654424791439781,-0.03601939733976098,-0.007303838225106997,0.0895192880021218,-0.1625192287102779,-0.04744056886383785,-0.030464767056263768,0.0026439807064526067,-0.012020271152291732,0.5064238191881184,0.004242453889843038,0.008928526296379831,-0.031047370732307494,-0.6551412020141714,0.0,0.0,0.0,-0.003096002330342727,0.0,0.0,-0.002890720960756318,0.0,0.0,-0.012625141927472721,0.0,0.0,0.05932013437018289,0.18195672104218458,0.5044951327579288,-0.007673929877057868,0.0,0.0,0.0,-0.007173262172799986,0.005161874290905445,0.0,0.0,0.0,0.0,0.038465193521138225,0.0,0.018221188131226928,0.0,-0.022025529318649283,0.0,0.0,0.0,-0.0013850775187161765,0.0,0.0015475895678677878,0.0,0.0042764161472946885,0.03754369167908852,0.0016156973580081066,-0.0016610579142472151,0.0,-0.004615080669619686,-0.001758358930405121,0.0,-0.018258324340544703,0.009459431582538813,-0.009606955449523493,0.0,0.0,-0.018831712318110174,0.0,-0.01551365417354678,0.0,0.0,0.0,0.0,-0.0029531248660263996,-0.019848344929968224,0.0,-0.004041605830641726,-0.000501467635009389,-0.015545056842445495,-0.003441161193358867,0.0,-0.044787069277827066,-0.03908029815987501
-0.10171467309120424,-0.005611100878919642,-0.004769900075494968,-0.024670946666810863,-0.04366568621294393,-0.06658933424318124,-0.026325146662310814,-0.08255798164077843,-0.14476558041451357,-0.002676362043194555,0.045080432327545855,0.22972978785721646,0.004802092939411107,-0.004464118221904461,-0.06111417927497975,-0.691481279937043,0.0,0.0,0.0,0.006077234781431863,0.0,0.0,0.005191169355388205,0.0,0.0,-0.014276135379009555,0.0,0.0,-0.04449010077763717,-0.16131652514943337,-0.11596785756328327,0.003700907328298906,0.0,0.0,0.0,0.00240601367264873,0.01583697118332889,0.0,0.0,0.0,0.0,-0.0647177318937367,0.0,-0.05232398557719972,0.0,-0.031861301155431766,0.0,0.0,0.0,-0.0020353367210244316,0.0,-0.0030801683968218925,0.0,-0.025562851054762775,0.01038467778861226,-0.0016992053113433566,-0.010606246624262832,0.0,-0.01263371328408646,-0.003157513363432385,0.0,-0.0324005852072658,-0.015634087614912296,-0.03259746103313778,0.0,0.0,-0.035986175536840574,0.0,-0.002846925838167325,0.0,0.0,0.0,0.0,0.005303234561643817,0.008506511804515886,0.0,0.007948520244676521,0.007121671987991746,-0.019656913962055093,-0.003441161193358867,0.0,-0.1707525977292754,-0.029583628057538083
-0.08711368433776813,-0.005611100878919642,-0.011694063032368718,-0.04087859466456053,-0.019470241328866624,0.10404662461898348,0.027199014200033813,-0.05110537963326213,0.15767185819887064,0.003891701938711141,0.02768501919618979,0.3016600434628262,0.004242453889843038,0.003738338018246004,-0.034143985234868106,-0.6543473349262471,0.0,0.0,0.0,0.003691387393870176,0.0,0.0,0.01966266541113331,0.0,0.0,0.05279604806034047,0.0,0.0,0.05932013437018289,0.19238243245395648,0.49636071334435583,-0.004519644662686942,0.0,0.0,0.0,-0.0038954507080979435,0.01583697118332889,0.0,0.0,0.0,0.0,-0.016173992767864177,0.0,-0.034140397402941246,0.0,-0.022025529318649283,0.0,0.0,0.0,-0.0013850775187161765,0.0,-0.0009109764218330346,0.0,-0.0006769273967481941,0.01361484020227232,0.0023781612797647406,-0.004564361944896368,0.0,-0.004314245043118942,-0.003157513363432385,0.0,-0.019496193169307997,-0.006781622669316955,-0.009606955449523493,0.0,0.0,-0.035986175536840574,0.0,-0.001349267846460646,0.0,0.0,0.0,0.0,-0.01913060607050336,0.009296929573094099,0.0,0.04419594712903241,-0.015438220213500733,-0.015479038762961623,-0.003441161193358867,0.0,-0.06391710449267644,-0.08807387825365202
-0.09902176522214498,0.018866025954338308,0.0020139578096534305,0.01808319876652097,-0.03516577501205401,-0.0565704814039663,0.014593508571702843,0.18502423191784978,-0.11197481073415032,-0.004102593233761398,-0.019304693427554802,-0.08274159438505828,-0.04134196156357494,-0.020437146474207697,-0.06588809974066877,-0.6175842500247323,0.0,0.0,0.0,0.006077234781431863,0.0,0.0,0.005191169355388205,0.0,0.0,-0.004818902659602554,0.0,0.0,-0.010659743877881097,-0.10041397380250441,-0.06811628005107132,0.01922484268284819,0.0,0.0,0.0,0.004430544283199991,-0.0039864064205901405,0.0,0.0,0.0,0.0,-0.047239559558146973,0.0,0.01191410506199507,0.0,0.037499338898841925,0.0,0.0,0.0,0.004383569859558201,0.0,-0.0030801683968218925,0.0,0.02166408237209619,0.005667908403412532,-0.0025443434516354366,-0.002628767299142269,0.0,0.024530996928167893,0.0026083806045745788,0.0,0.13505421691739372,0.024691368236811784,-0.02365289142975527,0.0,0.0,0.08716075657196407,0.0,0.016099391836800966,0.0,0.0,0.0,0.0,0.005303234561643817,0.010855806869399246,0.0,0.0028907013420976894,0.007121671987991746,0.03282297107312707,0.004990834270586981,0.0,0.11380971786486337,-0.04355991486975363
-0.077248189149939,-0.005611100878919642,-0.005245919680284154,-0.029261027591616348,-0.003913059620816828,0.0895192880021218,0.03461309671263618,-0.06209205028484996,0.1732085729366108,-0.0029083787770978675,0.013307301468785102,0.5095279184547232,0.004920246399038817,0.011980763543837742,-0.022151150135394853,-0.6794607716105711,0.0,0.0,0.0,-0.003096002330342727,0.0,0.0,0.01966266541113331,0.0,0.0,0.04119558013885767,0.0,0.0,-0.04449010077763717,0.10653989926242194,0.3984009374391319,-0.008466698189362801,0.0,0.0,0.0,-0.007173262172799986,0.004783687704708167,0.0,0.0,0.0,0.0,0.03985785889504979,0.0,0.026311435875280766,0.0,-0.014254280126703794,0.0,0.0,0.0,-0.0021726223062007556,0.0,-0.0009109764218330346,0.0,0.0077216979912524105,0.03754369167908852,-0.0018465112662949784,-0.0016610579142472151,0.0,0.008628490086237879,0.0026083806045745788,0.0,0.026817418583598082,-0.005802782201690894,0.021857727593551392,0.0,0.0,0.05107715237487049,0.0,0.003950575069475037,0.0,0.0,0.0,0.0,0.020087136374028543,0.010065389100821035,0.0,0.03854012902743202,0.016321389620220908,0.015013737179245593,0.0028266681231162117,0.0,0.05676723725329685,-0.03735019143218664
-0.09632891703062287,-0.005611100878919642,-0.004061704295470817,-0.02303913961735049,-0.018410684091351357,0.10404662461898348,-0.14933360050371702,-0.0834866010857352,0.12258669745142478,0.0018507864945168245,-0.0010758203951088275,0.3003890749398928,0.007893792704107488,-0.00411854206991303,-0.058469826033909,-0.8553241916845791,0.0,0.0,0.0,0.006077234781431863,0.0,0.0,-0.018726348010603147,0.0,0.0,-0.011497216409640392,0.0,0.0,-0.04449010077763717,-0.25446961449898275,-0.11277734909843226,0.006545410777490535,0.0,0.0,0.0,-0.0038954507080979435,-0.004301561909087873,0.0,0.0,0.0,0.0,-0.0647177318937367,0.0,-0.03601389874251219,0.0,0.017483926447424337,0.0,0.0,0.0,0.004290554468585548,0.0,-0.0009109764218330346,0.0,0.0008199193181462443,0.01361484020227232,0.0011309881506056745,-0.004564361944896368,0.0,-0.004314245043118942,-0.003157513363432385,0.0,-0.03412860735226904,0.008709412967667848,-0.03259746103313778,0.0,0.0,-0.016818749867939065,0.0,-0.02030977858881993,0.0,0.0,0.0,0.0,-0.01913060607050336,0.009296929573094099,0.0,0.0036157530864592705,-0.015438220213500733,-0.03479859264870089,-0.003441161193358867,0.0,-0.15660036154644544,-0.02000542542077542
-0.077248189149939,-0.005611100878919642,-0.00654424791439781,-0.03586745684622408,-0.008363395462622266,0.0895192880021218,0.045094751505869154,-0.06646828542008244,0.1732085729366108,0.0026439807064526067,0.013307301468785102,0.5535608135639444,0.013562570512822137,0.011416717454490568,-0.035550539564987625,-0.6639539533452976,0.0,0.0,0.0,0.006077234781431863,0.0,0.0,0.01966266541113331,0.0,0.0,-0.009851116989726834,0.0,0.0,0.05932013437018289,0.19531781623961278,0.22356793705663824,-0.022539470731615115,0.0,0.0,0.0,-0.007173262172799986,-0.0039864064205901405,0.0,0.0,0.0,0.0,0.038465193521138225,0.0,0.026311435875280766,0.0,0.03546177841364305,0.0,0.0,0.0,-0.012508223978296222,0.0,-0.0009109764218330346,0.0,0.02166408237209619,0.03754369167908852,0.0016156973580081066,-0.0016610579142472151,0.0,0.008628490086237879,0.0026083806045745788,0.0,0.026817418583598082,0.012080548908616075,-0.00806478827652651,0.0,0.0,0.06296557282743144,0.0,0.02205571510478517,0.0,0.0,0.0,0.0,0.020087136374028543,0.010855806869399246,0.0,0.04419594712903241,0.020771725462026346,0.0014209745641187016,-0.003441161193358867,0.0,0.0780656494942825,-0.04110292837757674
-0.09991677918237281,-0.005611100878919642,-0.004061704295470817,-0.02130025716590083,-0.018410684091351357,0.0912489913346541,-0.11866936756564656,-0.0834866010857352,-0.10098389377267003,-0.0020358651439685072,-0.019589071526738826,0.2864834580880052,-0.014409019296906397,0.03420305619502928,-0.01269330239415088,-0.8760419182482572,0.0,0.0,0.0,0.006077234781431863,0.0,0.0,-0.004943970814655433,0.0,0.0,-0.011497216409640392,0.0,0.0,-0.04449010077763717,-0.2534979515893614,-0.10421431172274043,0.006545410777490535,0.0,0.0,0.0,0.00240601367264873,-0.004301561909087873,0.0,0.0,0.0,0.0,-0.0647177318937367,0.0,-0.02113786438542239,0.0,0.014737404623887815,0.0,0.0,0.0,0.0022672084357421947,0.0,0.004312235755550651,0.0,0.0008199193181462443,0.0030453597933780643,0.0011309881506056745,0.011771249226311687,0.0,-0.012265498464083952,-0.003157513363432385,0.0,-0.03412860735226904,0.008709412967667848,-0.02835234014006053,0.0,0.0,-0.020776248293581705,0.0,-0.01991471213203661,0.0,0.0,0.0,0.0,0.005303234561643817,0.009296929573094099,0.0,0.0028907013420976894,0.007121671987991746,-0.02995144436586363,-0.003441161193358867,0.0,-0.13076315549015968,-0.019033762511154084
0.18308410513448165,0.0036511853685320186,0.003319057079092187,0.03361893940809678,0.26134223096609677,-0.06975640365987892,-0.027929140486721193,0.0945998424882455,-0.025651333987735316,-0.007480427769193771,0.019433815615812623,-0.008981055835615051,0.02135796093846163,0.025906042964501604,-0.03745917210385774,0.8873505666172375,0.0,0.0,0.0,-0.005097035623136402,0.0,0.0,0.0019123873639223154,0.0,0.0,-0.009851116989726834,0.0,0.0,-0.010659743877881097,-0.13049235657005898,-0.04388261539157407,-0.022539470731615115,0.0,0.0,0.0,-0.007173262172799986,-0.002023156552652921,0.0,0.0,0.0,0.0,0.05206219549625299,0.0,0.04804565995608586,0.0,0.04465194578568383,0.0,0.0,0.0,0.013824879133906346,0.0,-0.0005430142585683352,0.0,0.02166408237209619,0.05222290268766743,-0.00460102894733506,-0.002628767299142269,0.0,0.00473055634837951,0.010154254881409306,0.0,0.09108476355282633,0.016820692214906355,0.01840209460495527,0.0,0.0,0.02196611589851246,0.0,0.1015859720564628,0.0,0.0,0.0,0.0,0.0019536713347787357,0.03633019516355794,0.0,-0.007668688815060191,-0.010593529221066605,0.03139315734143101,0.004990834270586981,0.0,0.0798617302962241,0.01580136529368681
-0.11499412017908811,-0.005611100878919642,-0.0034558177862177783,-0.022095653684198368,-0.013960348249545921,0.0895192880021218,-0.2230016900385847,-0.1619610483978042,-0.13238495672376818,-0.0020358651439685072,0.019254933970620842,0.3212866767150468,0.0072756571566018734,-0.025310420015678313,-0.04647389320624594,-0.9328529587370443,0.0,0.0,0.0,0.006077234781431863,0.0,0.0,0.005191169355388205,0.0,0.0,-0.009851116989726834,0.0,0.0,-0.04449010077763717,-0.17760281428251626,-0.09952995530774901,-0.022539470731615115,0.0,0.0,0.0,-0.007173262172799986,0.0025957710974679428,0.0,0.0,0.0,0.0,-0.012054144509813104,0.0,0.010666653686020862,0.0,-0.07758616699894295,0.0,0.0,0.0,0.004336940190788434,0.0,-0.0030801683968218925,0.0,0.019149716403892236,0.027005961248737293,-0.001292557886406485,-0.0016610579142472151,0.0,-0.01252489377555667,-0.003157513363432385,0.0,0.039889325948075406,-0.0003121263734279893,0.06482085868936631,0.0,0.0,0.021111787460276504,0.0,-0.03953543801106197,0.0,0.0,0.0,0.0,0.005303234561643817,0.009241202758785339,0.0,0.007948520244676521,0.0026713361461863086,-0.011736008021050997,-0.003441161193358867,0.0,0.05293777528996713,-0.02062744335088586
0.4698156493368993,0.007153004604745948,0.014699203342330472,0.0611696722951586,0.1003514554652356,-0.03289310353129138,0.6148509504464164,0.08114104856559873,0.04395354786082514,0.022850852182327356,-0.011478785131056948,-0.05645645609063878,0.005412271108868297,0.001560710271360352,-0.03009397544861056,-0.5717303194390869,0.0,0.0,0.0,0.003833000721000745,0.0,0.0,-0.006529967345346807,0.0,0.0,-0.005497899155513502,0.0,0.0,0.009102702637291722,0.23196379976801668,0.169883449518376,0.003969669917723847,0.0,0.0,0.0,0.005706501085080903,-0.0039864064205901405,0.0,0.0,0.0,0.0,0.010966049426937628,0.0,0.01623198354870144,0.0,0.016536020759968455,0.0,0.0,0.0,-0.0022399917288816354,0.0,0.000745702236218301,0.0,0.0054932760722218865,-0.004230916443353932,0.013326151087497733,-0.0016273286135468931,0.0,0.004987492691408478,0.0014525573772911867,0.0,0.045051980078915754,0.03976036648401898,-0.009606955449523493,0.0,0.0,0.08716075657196407,0.0,0.02829396738614478,0.0,0.0,0.0,0.0,-0.006670934069277549,-0.02315872179992251,0.0,-0.010983612745631897,0.006238055991189079,0.01731633505622382,0.0030763353501237376,0.0,-0.07449251056039546,0.060947225393124096
-0.10812676991814521,-0.01563185007645173,-0.005884095865919097,-0.03466566715637201,-0.033983342924073,-0.03371115863363805,-0.13053257639314808,-0.09172912269776924,-0.06296473384057939,0.00243305640290414,-0.019589071526738826,-0.13436962528261492,0.006875477744233544,-0.00607332746670485,-0.09441500035826307,-0.7557420751210138,0.0,0.0,0.0,0.006077234781431863,0.0,0.0,-0.004943970814655433,0.0,0.0,-0.011497216409640392,0.0,0.0,-0.010659743877881097,-0.10792985921252121,-0.11615260228126675,0.006545410777490535,0.0,0.0,0.0,0.00240601367264873,0.005161874290905445,0.0,0.0,0.0,0.0,-0.034008513946573504,0.0,-0.03937286437326776,0.0,-0.04600174293719245,0.0,0.0,0.0,-0.0020353367210244316,0.0,0.004312235755550651,0.0,0.0008199193181462443,0.01038467778861226,0.0014868046474254375,-0.004564361944896368,0.0,-0.012265498464083952,-0.001758358930405121,0.0,-0.033009540045974714,0.010745301496681528,-0.03259746103313778,0.0,0.0,-0.018831712318110174,0.0,-0.026699303918300426,0.0,0.0,0.0,0.0,-0.005050699582517927,-0.019848344929968224,0.0,-0.00795826141744782,-0.002438169285848736,-0.019920615610855157,-0.006075798242453717,0.0,-0.12665817552679168,-0.032484664629325796
0.16234359178956495,-0.0030252678767836725,-0.00786092466100781,-0.0525460742342374,-0.03502937655678389,0.3110179502128655,-0.03510234181972971,0.03768500660276248,0.030104658236889244,-0.003977937284976505,-0.008385812117399954,-0.18649820103326079,0.02135796093846163,0.029367251121229922,-0.03745917210385774,0.7998422265087413,0.0,0.0,0.0,-0.005097035623136402,0.0,0.0,0.003296147326435211,0.0,0.0,-0.009851116989726834,0.0,0.0,-0.010659743877881097,-0.017047809121732045,-0.03771773413812337,-0.022539470731615115,0.0,0.0,0.0,-0.007173262172799986,-0.002023156552652921,0.0,0.0,0.0,0.0,0.035500103235452586,0.0,0.03845289626060763,0.0,0.04465194578568383,0.0,0.0,0.0,0.013824879133906346,0.0,-0.0003355967949950232,0.0,0.02166408237209619,0.04026776437103416,-0.0025255671892412527,-0.0016610579142472151,0.0,0.0031687178096191874,0.010154254881409306,0.0,0.09108476355282633,0.01156118958999014,0.05624753569149671,0.0,0.0,0.0269564347506345,0.0,0.01163275328947973,0.0,0.0,0.0,0.0,0.003367303438805626,0.04102795622384346,0.0,0.004195636052896174,0.0008838808665082411,0.03151217984116898,0.004990834270586981,0.0,0.12602948375984435,0.011942551310220338
0.5524952613491614,-0.005926775243932362,-0.005884095865919097,-0.033122585350390525,-0.05186486404429242,-0.0565704814039663,0.0090813241020726,-0.1754437314588954,-0.04032988897807462,0.00243305640290414,-0.0193832234299752,-0.11210189581272269,-0.04134196156357494,-0.0247365550604092,-0.04161262452757148,-0.5175965258111117,0.0,0.0,0.0,-0.005097035623136402,0.0,0.0,-0.002890720960756318,0.0,0.0,-0.004818902659602554,0.0,0.0,-0.010659743877881097,-0.08336175490187357,-0.09900634857243569,0.01922484268284819,0.0,0.0,0.0,0.004430544283199991,-0.0039864064205901405,0.0,0.0,0.0,0.0,0.0015577031664381442,0.0,0.04256330517247304,0.0,0.03445223223556911,0.0,0.0,0.0,0.004383569859558201,0.0,0.0015475895678677878,0.0,-0.01805290674281291,0.012910343762836854,0.0014868046474254375,-0.002628767299142269,0.0,0.00923016133923936,0.0026083806045745788,0.0,0.054835980489087714,0.01943186561189557,-0.02365289142975527,0.0,0.0,0.08716075657196407,0.0,0.015281473412063555,0.0,0.0,0.0,0.0,0.0031007811093277165,0.010855806869399246,0.0,-0.002883551890631788,0.0050881352546104305,-0.03810119910683403,-0.006075798242453717,0.0,0.11543612107775847,-0.03845609316337274
0.5387360034524082,0.007153004604745948,0.004474343409281123,0.02341294852792952,-0.02185378012740034,-0.0565704814039663,0.022678563232003478,0.1803964567061449,-0.03308225906567948,0.006800388881085246,-0.012437008619271717,-0.0330343769600704,0.03412318436497601,0.03246024312974167,0.0951630691595091,-0.4571148578250262,0.0,0.0,0.0,-0.01886678327193183,0.0,0.0,-0.002890720960756318,0.0,0.0,-0.009851116989726834,0.0,0.0,-0.010659743877881097,-0.14698362488738365,-0.05362457922566559,-0.022539470731615115,0.0,0.0,0.0,-0.02396685074112566,-0.0039864064205901405,0.0,0.0,0.0,0.0,0.016564917040230772,0.0,0.015938482929596907,0.0,0.040915332796256795,0.0,0.0,0.0,0.013824879133906346,0.0,0.0015475895678677878,0.0,-0.007997809272490258,-0.01837801299520878,0.004025900328918179,-0.002628767299142269,0.0,0.00923016133923936,0.0014525573772911867,0.0,0.12120796175703287,0.016820692214906355,0.05654287294786568,0.0,0.0,0.08716075657196407,0.0,0.01610497017268299,0.0,0.0,0.0,0.0,-0.0029531248660263996,-0.02315872179992251,0.0,-0.004041605830641726,-0.000501467635009389,0.0016172029254481156,0.018314971854844576,0.0,0.1473362411890404,0.018716630573370918
-0.08708550906259933,-0.005611100878919642,-0.0034558177862177783,-0.022067476707729156,-0.018410684091351357,0.10404662461898348,-0.2003850770437053,-0.16357334555288988,0.10522356162571087,-0.0020358651439685072,0.02425983483882725,0.31519744707854325,0.005272112781640807,-0.013181340491195218,-0.05689290737568384,-0.8151413724089711,0.0,0.0,0.0,0.006077234781431863,0.0,0.0,0.01966266541113331,0.0,0.0,-0.01309264085137838,0.0,0.0,-0.04449010077763717,-0.231886161625082,-0.11254391916426569,0.006545410777490535,0.0,0.0,0.0,0.00240601367264873,0.005161874290905445,0.0,0.0,0.0,0.0,-0.0647177318937367,0.0,-0.025594373769662428,0.0,-0.0344530113483549,0.0,0.0,0.0,0.002249582691658582,0.0,-0.0009109764218330346,0.0,-0.025562851054762775,0.007969843476071466,-0.001292557886406485,-0.004564361944896368,0.0,-0.01263371328408646,-0.003157513363432385,0.0,0.03460476965625563,0.008709412967667848,-0.0136098981515191,0.0,0.0,-0.014874213892467535,0.0,-0.02030977858881993,0.0,0.0,0.0,0.0,0.020087136374028543,0.009241202758785339,0.0,0.03854012902743202,0.020771725462026346,-0.019920615610855157,-0.003441161193358867,0.0,-0.11658136716549938,-0.01842787600190104
-0.035452566768300796,-0.0029109539040714253,-0.005245919680284154,0.002873864268730806,-0.015184780850629053,0.3110179502128655,-0.021065252761893076,0.04006840063833191,0.058646783083801404,-0.0029083787770978675,0.01316408749336798,0.4769839970449307,0.013562570512822137,0.025906042964501604,-0.029132151706475144,0.9671065071797184,0.0,0.0,0.0,0.006077234781431863,0.0,0.0,0.005771577028342511,0.0,0.0,-0.009851116989726834,0.0,0.0,0.05932013437018289,0.09345855356616077,-0.04046019761020264,-0.022539470731615115,0.0,0.0,0.0,-0.007173262172799986,0.0047075559981816254,0.0,0.0,0.0,0.0,0.060453214065730614,0.0,0.026311435875280766,0.0,0.024303534759691353,0.0,0.0,0.0,-0.012508223978296222,0.0,-0.0004726007300304446,0.0,0.02166408237209619,0.01660552325976357,-0.0018465112662949784,-0.0016610579142472151,0.0,-0.0022334230775566794,-0.012291992751179695,0.0,0.048255422434531584,-0.007045598694784271,0.025787782754438406,0.0,0.0,-0.013748569479128133,0.0,0.011841069902071987,0.0,0.0,0.0,0.0,0.005896171878909279,0.031416784487859145,0.0,0.0004893357580472565,0.0032187982566721854,0.03139315734143101,-0.003441161193358867,0.0,0.06434358491286712,-0.03772246533713165
-0.10929234300828405,-0.01563185007645173,-0.005884095865919097,-0.03466566715637201,-0.022191637976557762,0.10404662461898348,-0.13133362254439357,-0.0702318000416415,-0.07363067331359735,0.00243305640290414,-0.019589071526738826,-0.14548286771909325,0.006875477744233544,-6.974316721279443e-06,-0.08564494531030556,-0.8422414727920625,0.0,0.0,0.0,0.006077234781431863,0.0,0.0,-0.004943970814655433,0.0,0.0,-0.012625141927472721,0.0,0.0,-0.010659743877881097,-0.10792985921252121,0.21158131917560247,-0.007673929877057868,0.0,0.0,0.0,-0.007743882225066822,0.005161874290905445,0.0,0.0,0.0,0.0,0.0015577031664381442,0.0,-0.008048179995813877,0.0,-0.04600174293719245,0.0,0.0,0.0,-0.0020353367210244316,0.0,0.004312235755550651,0.0,0.0008199193181462443,-0.00808558069821733,0.0014868046474254375,-0.004564361944896368,0.0,-0.012265498464083952,-0.001758358930405121,0.0,-0.026286375299918823,0.008940072263912876,-0.028563195014604463,0.0,0.0,-0.018831712318110174,0.0,0.00265231457189677,0.0,0.0,0.0,0.0,-0.005050699582517927,-0.019848344929968224,0.0,-0.00795826141744782,-0.002438169285848736,-0.018510496721514832,-0.006075798242453717,0.0,-0.1340865292972939,-0.032484664629325796
-0.033083493039382975,-0.005042637319029317,-0.03481390265288796,-0.02378774642830575,-0.024860527197480695,0.3110179502128655,-0.024501970894202033,0.1166620768585393,0.04180954253308801,0.007198399163382663,-0.007259132138908376,-0.193652699698512,0.02135796093846163,0.028468423363800725,0.033813786514897526,1.0221590542222738,0.0,0.0,0.0,0.022495010824226416,0.0,0.0,-0.005496740026992867,0.0,0.0,-0.004818902659602554,0.0,0.0,-0.010659743877881097,0.07935940289588546,-0.031899004086291684,0.01922484268284819,0.0,0.0,0.0,0.004430544283199991,-0.002023156552652921,0.0,0.0,0.0,0.0,0.016271135999832168,0.0,0.04052507592220088,0.0,0.039073195185095666,0.0,0.0,0.0,0.013824879133906346,0.0,0.0006616410220426226,0.0,-0.007997809272490258,0.038127285201766996,0.004398834863575659,-0.0016610579142472151,0.0,-0.0022132580397857047,0.010154254881409306,0.0,0.030674268061421074,0.050163562816501174,-0.006799426778135753,0.0,0.0,0.0269564347506345,0.0,0.011552523308174871,0.0,0.0,0.0,0.0,-0.005615401789437407,0.04102795622384346,0.0,-0.00030148814004138077,-0.0029595617720257618,-0.027851936349196367,-0.006075798242453717,0.0,0.09245089673305965,0.0331688492422021
-0.10812676991814521,-0.01563185007645173,-0.005884095865919097,-0.03466566715637201,-0.04638708286063506,-0.06658933424318124,-0.13251959193405893,-0.09172912269776924,-0.06296473384057939,0.00243305640290414,-0.019589071526738826,-0.11083332915778908,0.006875477744233544,-0.007578898308866442,-0.09611596907702373,-0.7547196845366093,0.0,0.0,0.0,0.006077234781431863,0.0,0.0,-0.004943970814655433,0.0,0.0,-0.011497216409640392,0.0,0.0,-0.010659743877881097,-0.10792985921252121,-0.11496254418561992,0.006545410777490535,0.0,0.0,0.0,0.00478298608018833,0.005161874290905445,0.0,0.0,0.0,0.0,-0.045776662008986405,0.0,-0.03898874342521267,0.0,-0.04600174293719245,0.0,0.0,0.0,-0.0020353367210244316,0.0,0.004312235755550651,0.0,-0.0007389875821402041,-0.005090339187368911,0.0014868046474254375,-0.010606246624262832,0.0,-0.012265498464083952,-0.001758358930405121,0.0,-0.033009540045974714,0.010745301496681528,-0.03259746103313778,0.0,0.0,-0.018831712318110174,0.0,-0.002846925838167325,0.0,0.0,0.0,0.0,-0.005050699582517927,-0.019848344929968224,0.0,-0.00795826141744782,-0.002438169285848736,-0.019656913962055093,-0.006075798242453717,0.0,-0.15185104071492017,-0.03845609316337274
0.15847624513751302,-0.0020670869478379536,-0.00654424791439781,-0.05172889974724798,-0.021194035294610985,0.3110179502128655,-0.09941572589136967,-0.03924084323837425,0.027226887265799925,0.0026439807064526067,0.00010477939622273685,0.46771416590426373,0.016706764302958213,0.019328735205187516,0.06422094012241134,0.8671738075375253,0.0,0.0,0.0,0.022495010824226416,0.0,0.0,-0.003139187929938296,0.0,0.0,-0.004818902659602554,0.0,0.0,0.05932013437018289,0.18662983231136848,0.07684515653693745,0.01922484268284819,0.0,0.0,0.0,0.014803054869518797,-0.0013629048633140937,0.0,0.0,0.0,0.0,0.06931513076010767,0.0,0.015608719909141047,0.0,0.0176001713069592,0.0,0.0,0.0,-0.012508223978296222,0.0,-0.0003355967949950232,0.0,0.004910222183909059,-0.014479597706939027,0.0016156973580081066,-0.0016610579142472151,0.0,-0.0015843589048095959,0.010154254881409306,0.0,-0.023890838381615695,0.019951224930521507,-0.00801203289268566,0.0,0.0,0.01297797616991719,0.0,-0.049578981607006446,0.0,0.0,0.0,0.0,-0.0032069556560053586,0.0366614013543605,0.0,0.004195636052896174,-0.0007358309242505765,-0.03507336291134503,-0.0074364684946178275,0.0,0.05122020264677155,-0.03969785687112519
-0.04620181172679474,-0.005042637319029317,-0.03481390265288796,-0.13374088040226462,-0.1469225400256277,-0.18746622578296718,-0.04261699025918636,-0.034396261150569415,0.03832863238015066,0.007198399163382663,-0.007289379695564837,-0.13417708366821476,0.008105584127563816,0.009091920575288277,-0.0675202228270978,0.7284688697479486,0.0,0.0,0.0,0.006077234781431863,0.0,0.0,-0.005496740026992867,0.0,0.0,-0.004818902659602554,0.0,0.0,0.014212991837174796,0.0534501844380882,0.020921126196072476,0.01922484268284819,0.0,0.0,0.0,0.014803054869518797,-0.002023156552652921,0.0,0.0,0.0,0.0,0.048684439616612334,0.0,0.030685895014762793,0.0,-0.0047441373494047645,0.0,0.0,0.0,-0.0039238982678562,0.0,0.0006616410220426226,0.0,-0.01805290674281291,-0.014479597706939027,0.004398834863575659,-0.0016610579142472151,0.0,0.004426516079571404,0.0032637813385840886,0.0,0.01493008000487504,0.02547720808070149,-0.006469865719688673,0.0,0.0,0.0269564347506345,0.0,-0.073872417620054,0.0,0.0,0.0,0.0,-0.005615401789437407,-0.08752200235708087,0.0,-0.0071842543446457435,-0.0029595617720257618,-0.026851892398137525,0.004990834270586981,0.0,0.06451101386058308,0.03127450723751916
0.49121517672688686,-0.005926775243932362,-0.011694063032368718,-0.07581704279590454,-0.022191637976557762,0.0912489913346541,-0.14401893617033562,-0.10615141438824696,0.04786490497367564,0.003891701938711141,-0.01211605010385949,-0.1617718840441001,-0.05688223356107071,0.018419170221927513,0.09226938853609795,-0.6852138471358133,0.0,0.0,0.0,-0.01886678327193183,0.0,0.0,-0.006529967345346807,0.0,0.0,-0.00961634318130648,0.0,0.0,-0.010659743877881097,0.047173518104020394,-0.0935691238298051,-0.022539470731615115,0.0,0.0,0.0,-0.0038954507080979435,-0.004301561909087873,0.0,0.0,0.0,0.0,0.0015577031664381442,0.0,-0.017551387639303157,0.0,0.017320939736181994,0.0,0.0,0.0,0.004383569859558201,0.0,0.000745702236218301,0.0,-0.001352349591473615,0.011200005889731527,0.0023781612797647406,0.011771249226311687,0.0,-0.002493746345704243,-0.001758358930405121,0.0,-0.025900548260674686,0.01760653205879606,-0.007853933401982578,0.0,0.0,-0.020776248293581705,0.0,-0.039140371554278644,0.0,0.0,0.0,0.0,-0.006670934069277549,-0.014311337722706317,0.0,-0.011432959833248277,-0.00393414021865192,-0.03325405082399677,-0.022296487475462964,0.0,0.05060267143622707,-0.08609391414946341
-0.11665860706061919,-0.005611100878919642,-0.0034558177862177783,-0.022095653684198368,-0.03921535037113849,-0.06658933424318124,-0.02450345269509726,-0.08255798164077843,-0.14476558041451357,-0.0020358651439685072,0.045080432327545855,0.31428251878048463,0.004802092939411107,-0.004464118221904461,-0.0447204751761113,-0.6865242534983319,0.0,0.0,0.0,0.006077234781431863,0.0,0.0,0.005191169355388205,0.0,0.0,-0.014276135379009555,0.0,0.0,-0.04449010077763717,-0.25722318106143194,-0.11017325420193418,0.003700907328298906,0.0,0.0,0.0,0.00240601367264873,0.01583697118332889,0.0,0.0,0.0,0.0,-0.0647177318937367,0.0,-0.05419748691677067,0.0,-0.03274585339069147,0.0,0.0,0.0,-0.0020353367210244316,0.0,-0.0030801683968218925,0.0,0.010080865191655913,0.01038467778861226,-0.001292557886406485,-0.010606246624262832,0.0,-0.01263371328408646,-0.003157513363432385,0.0,-0.03412860735226904,-0.015634087614912296,-0.0136098981515191,0.0,0.0,-0.035986175536840574,0.0,-0.021205286629033877,0.0,0.0,0.0,0.0,0.005303234561643817,0.008506511804515886,0.0,0.007948520244676521,0.0026713361461863086,-0.008169699914117791,-0.003441161193358867,0.0,-0.1502675027322765,-0.02062744335088586
-0.03132530119776992,-0.005042637319029317,-0.021363147181576808,-0.11611765185526617,-0.03400193121493196,0.3110179502128655,-0.07751023217024747,-0.05720850978565156,0.04860412919744459,0.007198399163382663,-0.006305390444643262,-0.11588502892858747,0.02183941235305044,0.019328735205187516,0.041064223313350606,1.0523280571315252,0.0,0.0,0.0,0.008272560780513128,0.0,0.0,-0.005496740026992867,0.0,0.0,0.04290438663835825,0.0,0.0,0.014212991837174796,0.07249997024717161,0.2034615420037894,0.003977378251227169,0.0,0.0,0.0,0.014803054869518797,0.002564739151872885,0.0,0.0,0.0,0.0,0.048684439616612334,0.0,0.01803809320962552,0.0,0.012080033203630425,0.0,0.0,0.0,-0.004246501734476941,0.0,-0.0004726007300304446,0.0,-0.0048353275461100334,-0.014479597706939027,-0.005027239844086467,-0.0016610579142472151,0.0,-0.0022132580397857047,-0.0041354982543951695,0.0,-0.025467648458653062,-0.02642211370324144,-0.006469865719688673,0.0,0.0,-0.00987252065482618,0.0,-0.03130659197072076,0.0,0.0,0.0,0.0,-0.005615401789437407,0.0264616839574641,0.0,0.02238442323899658,-0.0029595617720257618,-0.03507336291134503,-0.022296487475462964,0.0,0.04377293983244846,0.032313218013486744
-0.0957314565152112,-0.005611100878919642,-0.0034558177862177783,-0.022095653684198368,-0.030202389038866597,-0.0565704814039663,-0.22695174647636837,-0.1619610483978042,-0.12446885915124686,-0.0020358651439685072,0.01964402693782992,0.30005736848812375,0.004802092939411107,0.003042639703798613,-0.044938093151757404,-0.770010190332858,0.0,0.0,0.0,0.006077234781431863,0.0,0.0,0.005191169355388205,0.0,0.0,-0.01422056636921071,0.0,0.0,-0.04449010077763717,-0.22860701914694714,-0.10589619795525147,-0.007673929877057868,0.0,0.0,0.0,-0.007173262172799986,0.0025957710974679428,0.0,0.0,0.0,0.0,-0.012054144509813104,0.0,0.03324185556189502,0.0,-0.05284053000881804,0.0,0.0,0.0,-0.0020353367210244316,0.0,-0.0030801683968218925,0.0,0.010080865191655913,0.03754369167908852,-0.001292557886406485,-0.002628767299142269,0.0,0.02504978755111332,0.0026083806045745788,0.0,0.039889325948075406,-0.0029332436995052526,-0.0136098981515191,0.0,0.0,0.021111787460276504,0.0,-0.004121927120824846,0.0,0.0,0.0,0.0,0.005303234561643817,0.010065389100821035,0.0,0.007948520244676521,0.007121671987991746,-0.011736008021050997,-0.003441161193358867,0.0,-0.12320455874278877,-0.02062744335088586
-0.0462489555943107,-0.005042637319029317,-0.005884095865919097,-0.04893914362369504,-0.03947971239858932,0.3110179502128655,-0.04056474944723955,-0.11113615291303185,0.0387953566685587,0.00243305640290414,-0.015229621798144853,-0.19752388182520905,0.02135796093846163,0.028468423363800725,-0.04687434295961987,1.110760939906268,0.0,0.0,0.0,0.006077234781431863,0.0,0.0,-0.005496740026992867,0.0,0.0,-0.009851116989726834,0.0,0.0,-0.010659743877881097,-0.07351005472665365,-0.05408704440222669,-0.022539470731615115,0.0,0.0,0.0,-0.007173262172799986,-0.002023156552652921,0.0,0.0,0.0,0.0,0.027664263119588712,0.0,0.03845289626060763,0.0,0.04276942266949273,0.0,0.0,0.0,0.013824879133906346,0.0,0.0006616410220426226,0.0,-0.016493999842526457,0.04026776437103416,0.0014868046474254375,-0.0016610579142472151,0.0,0.004426516079571404,0.010154254881409306,0.0,0.05109874964983771,0.01156118958999014,-0.019256315533411884,0.0,0.0,0.0269564347506345,0.0,-0.049653913444431146,0.0,0.0,0.0,0.0,-0.005615401789437407,0.04102795622384346,0.0,-0.00030148814004138077,-0.0029595617720257618,-0.03884619087077065,-0.006075798242453717,0.0,0.08326343721187726,-0.032484664629325796
-0.03782813334396692,-0.005042637319029317,-0.03481390265288796,-0.1164782287794703,-0.1469225400256277,-0.1957982119364337,-0.12701482268873315,-0.07084316522072438,-0.030783941241012636,0.007198399163382663,0.007095725057654527,-0.28550366597567955,0.006315838694665475,0.009485101020592447,-0.07272025747077444,0.8528866773783123,0.0,0.0,0.0,0.003691387393870176,0.0,0.0,-0.0025648569603523835,0.0,0.0,0.0547510435603096,0.0,0.0,0.014212991837174796,0.09315553404772464,0.2846246078881588,0.003854991035821216,0.0,0.0,0.0,0.014803054869518797,0.0016354858359769122,0.0,0.0,0.0,0.0,0.035500103235452586,0.0,0.02832023447552355,0.0,-0.04956731845116948,0.0,0.0,0.0,-0.0013850775187161765,0.0,-0.0009340463231486025,0.0,-0.01013947767002864,-0.014479597706939027,0.004398834863575659,-0.002628767299142269,0.0,-0.003974110278689012,0.0032637813385840886,0.0,0.012785518893317816,-0.012616553154181132,-0.008417950035269909,0.0,0.0,0.011978512603486854,0.0,-0.05915006961699647,0.0,0.0,0.0,0.0,-0.0026202262239229702,-0.08752200235708087,0.0,-0.0015915710328641213,-0.0001941005864580618,0.026841473726910047,0.004990834270586981,0.0,-0.048011642438052796,0.03304217887927144
-0.03506116589496217,0.0035132202290517212,0.0014591230652919508,0.014027799954057228,0.25815752998837044,-0.06904757650964051,0.5368695212292999,0.048595269418283384,0.058154857199340465,-0.0028114328178612718,0.023852874939148762,0.19509925501692107,0.0035442398840266343,0.015279468583739375,-0.017001385361819974,0.8522248278365591,0.0,0.0,0.0,-0.0032147747982586884,0.0,0.0,0.005771577028342511,0.0,0.0,-0.006025173948313232,0.0,0.0,0.02300057898529962,-0.19090796845615268,0.07375433590594255,0.0026599363767510105,0.0,0.0,0.0,0.0017590183993314243,0.0047075559981816254,0.0,0.0,0.0,0.0,-0.16642545931487737,0.0,-0.016352583178302176,0.0,-0.01751293262437734,0.0,0.0,0.0,-0.0014261311162401982,0.0,-0.0004726007300304446,0.0,-0.010687645358577982,-0.013352015130083305,-0.0017521340237954576,0.010185807054446178,0.0,-0.0022334230775566794,-0.012291992751179695,0.0,-0.06096208429661117,-0.014140507847289976,0.08152752404660842,0.0,0.0,-0.013748569479128133,0.0,0.11615084607329394,0.0,0.0,0.0,0.0,0.005896171878909279,0.02705022961837619,0.0,0.0004893357580472565,-0.006953397953168815,0.012904872377980724,0.0020568521236292436,0.0,-0.06845808806373355,-0.027293592841017972
-0.062304255180524064,-0.005611100878919642,-0.005245919680284154,-0.029261027591616348,-0.03921535037113849,-0.04823849525049974,0.03928253597390219,-0.06944941847937783,0.1732085729366108,-0.0029083787770978675,0.013307301468785102,0.520198115271505,0.004242453889843038,0.011980763543837742,-0.022151150135394853,-0.4411885513673808,0.0,0.0,0.0,-0.003096002330342727,0.0,0.0,0.01966266541113331,0.0,0.0,0.059700202494039956,0.0,0.0,0.05932013437018289,0.11117645868503859,0.4543252138818551,0.0026008783149537437,0.0,0.0,0.0,0.004430544283199991,0.004783687704708167,0.0,0.0,0.0,0.0,-0.06910462782155816,0.0,0.02838361553687401,0.0,-0.009813484535165184,0.0,0.0,0.0,-0.0013850775187161765,0.0,-0.0009109764218330346,0.0,0.0051820392105500455,0.023448074193188076,-0.0018465112662949784,-0.0016610579142472151,0.0,0.008628490086237879,0.0026083806045745788,0.0,0.026817418583598082,-0.014359135096626677,0.02649428701616804,0.0,0.0,0.05107715237487049,0.0,-0.019004319383797902,0.0,0.0,0.0,0.0,0.020087136374028543,0.010065389100821035,0.0,0.03854012902743202,0.016321389620220908,0.012536782335645733,0.0028266681231162117,0.0,-0.012189541959626082,-0.03735019143218664
-0.03913933275035253,-0.0029109539040714253,-0.012235052260023863,-0.062373087167730615,-0.021194035294610985,0.3110179502128655,-0.09357623167333408,-0.04924763437947557,0.023358600764596504,0.004022775332669102,0.007172690017538644,0.47871249854456616,0.004242453889843038,0.03014846393273345,-0.01731906228831008,1.0437833500099194,0.0,0.0,0.0,-0.003096002330342727,0.0,0.0,0.005771577028342511,0.0,0.0,0.0547510435603096,0.0,0.0,0.05932013437018289,0.1865494669856002,0.26555302765390015,0.003854991035821216,0.0,0.0,0.0,0.004430544283199991,0.0016354858359769122,0.0,0.0,0.0,0.0,0.06931513076010767,0.0,0.025721271528010035,0.0,-0.027217522809648547,0.0,0.0,0.0,-0.0013850775187161765,0.0,-0.0004726007300304446,0.0,0.0051820392105500455,0.026172146885133717,0.0024582582849381144,-0.0016610579142472151,0.0,0.00799451824170963,0.010154254881409306,0.0,0.026314409475340656,0.009473099129965887,-0.008417950035269909,0.0,0.0,0.011978512603486854,0.0,-0.012008467103308768,0.0,0.0,0.0,0.0,-0.005615401789437407,0.04102795622384346,0.0,0.010472929509912302,-0.0029595617720257618,-0.02927249962251407,0.0028266681231162117,0.0,-0.06266349364129108,0.015213878850125227
-0.1066669315940005,-0.01563185007645173,-0.03481390265288796,-0.1203537086442417,-0.049784960213162636,-0.0565704814039663,-0.23727756074240722,-0.16321037085685658,-0.07028581359184133,0.007198399163382663,-0.006270607051085108,-0.19778144488423197,0.008105584127563816,-0.0019220243470782802,-0.09356149282023987,-0.7909694185479158,0.0,0.0,0.0,0.006077234781431863,0.0,0.0,-0.004943970814655433,0.0,0.0,-0.009851116989726834,0.0,0.0,0.014212991837174796,0.05693109606995013,-0.0983941011631476,-0.022539470731615115,0.0,0.0,0.0,-0.02396685074112566,-0.0021631425812232864,0.0,0.0,0.0,0.0,0.02100341405858075,0.0,0.018064334838934628,0.0,-0.10540473213933815,0.0,0.0,0.0,-0.0039238982678562,0.0,-0.0030801683968218925,0.0,0.02166408237209619,-0.030274152067628707,0.004398834863575659,-0.002628767299142269,0.0,0.024530996928167893,0.0014525573772911867,0.0,0.03521018363829866,0.01760653205879606,-0.012099054295059825,0.0,0.0,0.02948886854572887,0.0,-0.03366944794946389,0.0,0.0,0.0,0.0,-0.005050699582517927,-0.02315872179992251,0.0,-0.00795826141744782,-0.002438169285848736,0.026855668679030706,0.004990834270586981,0.0,0.06942108517731072,0.033148212757024745
-0.0408037803769882,-0.0029109539040714253,-0.00654424791439781,-0.05183595561306548,-0.021194035294610985,0.3110179502128655,-0.09298145968696325,-0.04924763437947557,0.016439800923527554,0.0026439807064526067,-0.005848544328045713,0.4994760577072023,0.004920246399038817,0.00907234238318631,-0.01927433402960021,1.0244313744251032,0.0,0.0,0.0,0.003691387393870176,0.0,0.0,-0.005496740026992867,0.0,0.0,-0.009851116989726834,0.0,0.0,0.05932013437018289,0.15679283656191567,0.24190888698713617,-0.022539470731615115,0.0,0.0,0.0,0.014803054869518797,-0.0013629048633140937,0.0,0.0,0.0,0.0,0.06931513076010767,0.0,0.018544434629435926,0.0,-0.007609663394802975,0.0,0.0,0.0,-0.0021726223062007556,0.0,0.0006616410220426226,0.0,0.0065336379787591155,-0.014479597706939027,0.0016156973580081066,-0.0016610579142472151,0.0,0.007891898295197475,0.0032637813385840886,0.0,0.02260493330039263,0.012080548908616075,-0.006875782862272924,0.0,0.0,0.015012073528119107,0.0,-0.03130659197072076,0.0,0.0,0.0,0.0,-0.005615401789437407,-0.08752200235708087,0.0,-0.0071842543446457435,-0.0029595617720257618,-0.03360423188178434,-0.003441161193358867,0.0,0.03684053786608751,-0.039641789904781725
0.19440523182855635,-0.0030252678767836725,-0.010597129127244765,-0.0577255857342387,-0.10034803013649363,-0.1957982119364337,-0.10624858920722964,-0.10750828861906034,-0.017538070609406906,0.0036163066227059117,-0.013782708508072833,-0.19528086705919714,0.008105584127563816,0.007411880006355554,-0.07914590106930236,0.7413813328218825,0.0,0.0,0.0,0.006077234781431863,0.0,0.0,-0.001821321298973634,0.0,0.0,-0.009851116989726834,0.0,0.0,-0.010659743877881097,-0.11288641038887207,-0.055915017389193564,-0.022539470731615115,0.0,0.0,0.0,-0.02396685074112566,0.0016354858359769122,0.0,0.0,0.0,0.0,0.027664263119588712,0.0,0.018064334838934628,0.0,-0.08691392836993247,0.0,0.0,0.0,-0.0039238982678562,0.0,0.0007602199619956718,0.0,-0.01805290674281291,-0.027550079375683066,0.002209871290586096,-0.002628767299142269,0.0,-0.002343199190222099,0.0032637813385840886,0.0,0.032627421302162445,0.01156118958999014,-0.019256315533411884,0.0,0.0,0.01401260996168877,0.0,-0.02439817944926357,0.0,0.0,0.0,0.0,-0.0018606393664559384,-0.08752200235708087,0.0,-0.0001732472489376607,0.0005072299116864198,-0.029663053416152628,-0.006075798242453717,0.0,0.07757863852510433,0.011202063201569324
-0.031914295504347365,0.006085941591931931,0.004474343409281123,0.03584041849164101,-0.1323033548245191,-0.18746622578296718,-0.01953798767920648,0.13591112340496386,0.03832863238015066,0.006800388881085246,-0.008283406987441372,0.0025903390884212192,0.03412318436497601,0.014964559852102263,0.10489461130337734,0.7687657959355545,0.0,0.0,0.0,0.022495010824226416,0.0,0.0,-0.005496740026992867,0.0,0.0,-0.004818902659602554,0.0,0.0,-0.010659743877881097,-0.16434451191721317,-0.030757263202369163,0.01922484268284819,0.0,0.0,0.0,0.014803054869518797,-0.002023156552652921,0.0,0.0,0.0,0.0,0.03729131249685579,0.0,0.016601618870707602,0.0,0.029757089142305095,0.0,0.0,0.0,0.013824879133906346,0.0,0.0006616410220426226,0.0,-0.007997809272490258,0.0072468906451108326,0.004025900328918179,-0.0016610579142472151,0.0,0.004426516079571404,0.0032637813385840886,0.0,0.07191740544692009,0.024691368236811784,-0.018353263912831194,0.0,0.0,0.0269564347506345,0.0,-0.024107664567521274,0.0,0.0,0.0,0.0,-0.005615401789437407,-0.08752200235708087,0.0,-0.0071842543446457435,-0.0029595617720257618,-0.02680454309645583,0.018314971854844576,0.0,0.15540826619929404,0.018716630573370918
-0.13174957607399512,-0.01563185007645173,-0.005884095865919097,-0.03126222030008248,-0.05186486404429242,-0.03371115863363805,-0.046213582018394025,0.02052719189578829,0.10956185349395987,0.00243305640290414,-0.039345813366968074,-0.14205682828686547,0.006875477744233544,-0.0038902532666353494,-0.09751633641187533,-0.6971882347828725,0.0,0.0,0.0,0.006077234781431863,0.0,0.0,-0.018726348010603147,0.0,0.0,-0.01309264085137838,0.0,0.0,-0.010659743877881097,-0.11071004055026334,-0.11043787211627444,0.006545410777490535,0.0,0.0,0.0,0.00240601367264873,0.01583697118332889,0.0,0.0,0.0,0.0,-0.034008513946573504,0.0,-0.047788051797698565,0.0,-0.012667587708173157,0.0,0.0,0.0,-0.0020353367210244316,0.0,-0.0009109764218330346,0.0,-0.025562851054762775,0.01038467778861226,0.0014868046474254375,-0.004564361944896368,0.0,-0.004314245043118942,-0.003157513363432385,0.0,-0.10680652528808801,0.010745301496681528,-0.03259746103313778,0.0,0.0,-0.05303278226594312,0.0,-0.021205286629033877,0.0,0.0,0.0,0.0,-0.01913060607050336,0.009296929573094099,0.0,-0.03309063898116751,-0.015438220213500733,-0.019656913962055093,0.004990834270586981,0.0,-0.17581595754956303,-0.032484664629325796
-0.0408037803769882,-0.0029109539040714253,-0.00654424791439781,-0.05183595561306548,-0.021194035294610985,0.3110179502128655,-0.09976706085981381,-0.04924763437947557,0.016439800923527554,0.0026439807064526067,-0.005848544328045713,0.5337278497370623,0.004242453889843038,0.00907234238318631,-0.018967037209508753,1.0154906856858643,0.0,0.0,0.0,0.003691387393870176,0.0,0.0,-0.005496740026992867,0.0,0.0,0.05279604806034047,0.0,0.0,0.05932013437018289,0.1813561661694681,0.27862752608675717,-0.004519644662686942,0.0,0.0,0.0,-0.02396685074112566,0.0016354858359769122,0.0,0.0,0.0,0.0,0.06931513076010767,0.0,0.005626190983983025,0.0,-0.02578126684235933,0.0,0.0,0.0,-0.0013850775187161765,0.0,0.0006616410220426226,0.0,-0.0006769273967481941,-0.027550079375683066,0.0016156973580081066,-0.0016610579142472151,0.0,0.007891898295197475,0.0032637813385840886,0.0,0.019916898852609815,0.008677191870461462,-0.00801203289268566,0.0,0.0,0.01401260996168877,0.0,-0.02594191413273238,0.0,0.0,0.0,0.0,-0.005615401789437407,-0.08752200235708087,0.0,-0.0071842543446457435,-0.0029595617720257618,-0.03360423188178434,-0.003441161193358867,0.0,-0.038623331676061363,-0.041208962255330044
-0.13085070235719945,-0.01563185007645173,-0.011694063032368718,-0.07611267413178589,-0.025589515329085332,0.0895192880021218,0.003744055109828044,-0.16321037085685658,0.0944304240801159,0.003891701938711141,-0.011449223601458674,-0.17722561697118508,0.01563595531764457,-0.006221432933279784,-0.025139877644435052,-0.835417746188625,0.0,0.0,0.0,0.006077234781431863,0.0,0.0,-0.018726348010603147,0.0,0.0,-0.00961634318130648,0.0,0.0,-0.010659743877881097,0.03253736906157017,-0.09710524321140396,-0.022539470731615115,0.0,0.0,0.0,-0.02396685074112566,-0.0039864064205901405,0.0,0.0,0.0,0.0,0.019610748684669183,0.0,0.02042999537817387,0.0,0.04100891627937462,0.0,0.0,0.0,-0.012508223978296222,0.0,0.0012753669905662506,0.0,-0.011739742908149633,-0.030274152067628707,0.0023781612797647406,-0.0016610579142472151,0.0,0.00851419038760792,0.0014525573772911867,0.0,0.04728400136324308,0.01760653205879606,-0.007853933401982578,0.0,0.0,0.08716075657196407,0.0,-0.03953543801106197,0.0,0.0,0.0,0.0,-0.01913060607050336,-0.02315872179992251,0.0,-0.034248692921177444,-0.015438220213500733,-0.03810119910683403,-0.006075798242453717,0.0,0.07743847375426186,-0.0898415498954043
-0.03668046325625034,0.006085941591931931,0.014699203342330472,0.07472855051394141,-0.1323033548245191,-0.15150267669008918,-0.02440971225694251,0.10769373015273764,-0.026896570235684415,0.022850852182327356,-0.007182503262987108,-0.05242784419574383,0.006315838694665475,0.009485101020592447,-0.04698714272682744,0.8621083560405285,0.0,0.0,0.0,0.003691387393870176,0.0,0.0,-0.0025648569603523835,0.0,0.0,0.0547510435603096,0.0,0.0,0.014212991837174796,0.17126215812423545,0.2679136518174331,0.003854991035821216,0.0,0.0,0.0,0.014803054869518797,0.0024277878631835054,0.0,0.0,0.0,0.0,0.04512715261271968,0.0,0.04027865871024102,0.0,0.009719199037586255,0.0,0.0,0.0,-0.0013850775187161765,0.0,-0.0009340463231486025,0.0,-0.01013947767002864,-0.0025244593903057545,0.013326151087497733,-0.002628767299142269,0.0,-0.003922800305432935,0.0032637813385840886,0.0,0.04476985447121504,0.039685437015945554,-0.008417950035269909,0.0,0.0,0.02450441746765874,0.0,0.11631437508109764,0.0,0.0,0.0,0.0,-0.0026202262239229702,-0.08752200235708087,0.0,-0.0015915710328641213,-0.0001941005864580618,0.026841473726910047,0.004990834270586981,0.0,-0.05876278040673884,0.060489810422166564
-0.13630723865464137,-0.01563185007645173,-0.011694063032368718,-0.07611267413178589,-0.022191637976557762,0.0895192880021218,-0.23918592168275454,-0.1609245613742795,0.03485751342029448,0.003891701938711141,-0.007468230294309845,-0.15080416331582097,0.01563595531764457,-0.006221432933279784,-0.025139877644435052,-0.9150621464452533,0.0,0.0,0.0,0.006077234781431863,0.0,0.0,-0.018726348010603147,0.0,0.0,-0.009851116989726834,0.0,0.0,-0.010659743877881097,0.06858028824371476,-0.09736625296100221,-0.022539470731615115,0.0,0.0,0.0,-0.02396685074112566,-0.0021631425812232864,0.0,0.0,0.0,0.0,0.005293623186251765,0.0,0.02042999537817387,0.0,0.04100891627937462,0.0,0.0,0.0,-0.012508223978296222,0.0,0.0012753669905662506,0.0,-0.01805290674281291,-0.030274152067628707,0.0023781612797647406,-0.0016610579142472151,0.0,0.02474863594522747,0.0014525573772911867,0.0,0.04728400136324308,0.01760653205879606,-0.007853933401982578,0.0,0.0,0.02948886854572887,0.0,-0.03953543801106197,0.0,0.0,0.0,0.0,-0.01913060607050336,-0.02315872179992251,0.0,-0.034248692921177444,-0.015438220213500733,-0.03810119910683403,-0.006075798242453717,0.0,0.05871895282199594,-0.0898415498954043
0.18337828417208923,0.0036511853685320186,0.009019995476665764,0.06300165859372828,-0.13002517828327048,-0.1957982119364337,-0.09571773581316799,0.09952442477107061,-0.020536012847755632,-0.025135937400560093,-0.004677961638219567,-0.15837781620242478,0.03412318436497601,0.013400562794061086,0.10823300046311028,0.6827468134207297,0.0,0.0,0.0,0.022495010824226416,0.0,0.0,0.0019123873639223154,0.0,0.0,-0.004818902659602554,0.0,0.0,-0.010659743877881097,0.10222470420694699,-0.029418005636870276,0.01922484268284819,0.0,0.0,0.0,0.004430544283199991,-0.0013629048633140937,0.0,0.0,0.0,0.0,0.032454271591014175,0.0,0.029915503367335762,0.0,0.02865383450757862,0.0,0.0,0.0,0.013824879133906346,0.0,-0.0005430142585683352,0.0,0.005446183226414492,0.027589554771415767,-0.015229886957140257,-0.002628767299142269,0.0,0.004686398380444195,0.010154254881409306,0.0,0.03888345572917668,0.050163562816501174,-0.006799426778135753,0.0,0.0,0.015012073528119107,0.0,-0.024286596655606743,0.0,0.0,0.0,0.0,0.0019536713347787357,0.04102795622384346,0.0,0.0067095189556667005,0.004029002830579832,0.02920461242546133,0.018314971854844576,0.0,0.09980525732688415,0.0466235545198305
-0.0998530118752485,-0.005611100878919642,-0.005884095865919097,-0.02642961047170523,-0.019470241328866624,0.0895192880021218,0.021423327246320543,-0.16425702326301878,0.09349887647247768,0.00243305640290414,-0.01938946570403869,0.21012565235663383,0.006032199322741379,-0.011993602611299989,-0.04394343684229317,-0.8476868945819437,0.0,0.0,0.0,0.006077234781431863,0.0,0.0,-0.018726348010603147,0.0,0.0,-0.004818902659602554,0.0,0.0,-0.04449010077763717,-0.1353183414292499,-0.1031721820183476,0.01922484268284819,0.0,0.0,0.0,0.014803054869518797,-0.0039864064205901405,0.0,0.0,0.0,0.0,-0.012054144509813104,0.0,0.01710796029051801,0.0,-0.03164068103519662,0.0,0.0,0.0,-0.0039238982678562,0.0,-0.0009109764218330346,0.0,0.019149716403892236,-0.007432320363468081,0.0014868046474254375,-0.0016610579142472151,0.0,0.00851419038760792,0.0026083806045745788,0.0,0.04257736039585823,0.01739597708288189,-0.02365289142975527,0.0,0.0,0.08716075657196407,0.0,-0.03953543801106197,0.0,0.0,0.0,0.0,-0.01913060607050336,0.010855806869399246,0.0,-0.03309063898116751,-0.015438220213500733,-0.023223222068988303,-0.003441161193358867,0.0,0.09996763861713655,-0.03468423197831061
-0.09930608259706995,0.018866025954338308,0.014699203342330472,0.06395658738471821,-0.03516577501205401,-0.0565704814039663,0.04110883107022885,0.12059256935051046,-0.05337228976171099,0.022850852182327356,-0.011364451324974788,-0.1026097184270908,0.006315838694665475,0.0016354471548792522,-0.04927228039219381,-0.571089851233736,0.0,0.0,0.0,0.003691387393870176,0.0,0.0,-0.004943970814655433,0.0,0.0,0.0547510435603096,0.0,0.0,0.014212991837174796,0.23196379976801668,0.38835483718056324,0.003854991035821216,0.0,0.0,0.0,0.014803054869518797,0.004783687704708167,0.0,0.0,0.0,0.0,0.008217621564912637,0.0,0.04027865871024102,0.0,0.004510838272974648,0.0,0.0,0.0,-0.0013850775187161765,0.0,0.004312235755550651,0.0,0.0051820392105500455,-0.015078881361881326,0.013326151087497733,-0.002628767299142269,0.0,0.024530996928167893,0.0014525573772911867,0.0,0.05651330660789186,0.039685437015945554,-0.009606955449523493,0.0,0.0,0.07527233611940312,0.0,-0.01888988804602586,0.0,0.0,0.0,0.0,-0.005050699582517927,-0.02315872179992251,0.0,-0.00795826141744782,-0.002438169285848736,-0.008640352093024899,0.004990834270586981,0.0,-0.06406177927351261,0.06096811820486488
-0.14877529431931633,-0.01563185007645173,-0.011694063032368718,-0.07780769643130427,-0.022191637976557762,0.0895192880021218,-0.24256621473399037,-0.10615141438824696,-0.0649399734267759,0.003891701938711141,-0.0070791373271007815,-0.1921007488646458,0.00874090718599456,-0.006437814515701608,-0.08498340588709946,-0.9026376065671803,0.0,0.0,0.0,0.006077234781431863,0.0,0.0,-0.004943970814655433,0.0,0.0,-0.011497216409640392,0.0,0.0,-0.010659743877881097,0.09084796699945911,-0.11354269377325057,0.006545410777490535,0.0,0.0,0.0,0.014803054869518797,-0.0021631425812232864,0.0,0.0,0.0,0.0,-0.034008513946573504,0.0,3.66949042848268e-05,0.0,0.021721287700347387,0.0,0.0,0.0,-0.003881930233482161,0.0,0.004312235755550651,0.0,0.0008199193181462443,-0.01720367039888467,0.0023781612797647406,-0.0016610579142472151,0.0,-0.012265498464083952,0.0014525573772911867,0.0,-0.034590052720108504,0.016790643965487448,-0.01364122146805681,0.0,0.0,0.02948886854572887,0.0,-0.02030977858881993,0.0,0.0,0.0,0.0,-0.005050699582517927,-0.02157913624824319,0.0,-0.00795826141744782,-0.002438169285848736,-0.03479859264870089,-0.006075798242453717,0.0,-0.10024260645722656,-0.08387012136135735
-0.03226658924752141,0.006085941591931931,0.014699203342330472,0.07422374282005563,0.27909604767577995,-0.0709493025099012,0.26954451358296855,0.06445944892051256,0.04180954253308801,0.022850852182327356,-0.011318921494327902,-0.04062065102518634,-0.014509787401689981,0.016553944663768264,0.08133170029791238,1.0134495626787894,0.0,0.0,0.0,0.022495010824226416,0.0,0.0,-0.005496740026992867,0.0,0.0,-0.005075828987870972,0.0,0.0,-0.006827026977968792,0.1885405214689705,-0.045998405132396156,0.003969669917723847,0.0,0.0,0.0,0.00478298608018833,-0.0039229633318180225,0.0,0.0,0.0,0.0,-0.13307902757783308,0.0,-0.01735213878795278,0.0,0.009917153038866028,0.0,0.0,0.0,0.0015861573461761187,0.0,0.0006616410220426226,0.0,0.0033824912041678394,0.011828081820111466,0.013326151087497733,0.027352951820467295,0.0,-0.0022132580397857047,-0.003950893199338635,0.0,-0.031807739680835966,0.03976036648401898,-0.008341593951132738,0.0,0.0,-0.018992033574310667,0.0,0.1135950188068179,0.0,0.0,0.0,0.0,-0.005615401789437407,-0.06781574696872503,0.0,-0.0071842543446457435,0.007212634437815237,-0.008222407964550068,0.006921170038737878,0.0,-0.05617346188936622,0.060616480785097224
-0.09609939742809528,-0.005611100878919642,-0.004061704295470817,-0.021372294294301326,-0.018410684091351357,0.0895192880021218,-0.23137934158048554,-0.06037698127452182,0.07528347387628703,0.0018507864945168245,-0.0064688617330357304,0.3228831679722374,0.006032199322741379,0.0033171836765130544,-0.051723426650813295,-0.8145207405812884,0.0,0.0,0.0,0.006077234781431863,0.0,0.0,0.01966266541113331,0.0,0.0,-0.009851116989726834,0.0,0.0,-0.04449010077763717,-0.22464301740831114,0.21537100494213932,-0.022539470731615115,0.0,0.0,0.0,-0.02396685074112566,0.0025957710974679428,0.0,0.0,0.0,0.0,-0.012054144509813104,0.0,0.00019828724879316425,0.0,-0.04781890055403899,0.0,0.0,0.0,-0.0039238982678562,0.0,-0.0009109764218330346,0.0,-0.016493999842526457,-0.030274152067628707,0.0011309881506056745,-0.0016610579142472151,0.0,-0.01263371328408646,0.0026083806045745788,0.0,-0.025677420461209906,-0.0003121263734279893,-0.019618625411221953,0.0,0.0,0.021111787460276504,0.0,-0.039150721647820845,0.0,0.0,0.0,0.0,-0.01913060607050336,0.010121115915129795,0.0,0.04419594712903241,-0.015438220213500733,-0.018510496721514832,-0.003441161193358867,0.0,0.0691807610275893,-0.02000542542077542
0.17168517776839534,0.0036511853685320186,0.014699203342330472,0.07407386460791113,-0.09120662611904234,-0.19699111078645598,-0.03292034488686131,0.10391096970542427,0.027061766688054215,0.022850852182327356,-0.010148489869045882,-0.0511600959602413,-0.05688223356107071,-0.019182544552824428,0.08151046839780042,0.5955236532048277,0.0,0.0,0.0,0.022495010824226416,0.0,0.0,-0.003139187929938296,0.0,0.0,-0.004584128851182199,0.0,0.0,-0.010659743877881097,0.15680362764296452,-0.04132454494016362,0.01922484268284819,0.0,0.0,0.0,0.00240601367264873,-0.0039229633318180225,0.0,0.0,0.0,0.0,-0.1344347900659465,0.0,-0.02467186162041284,0.0,0.013057357908447469,0.0,0.0,0.0,0.004383569859558201,0.0,0.00046983551299303265,0.0,-0.0016846454378269841,0.022649054484650384,0.013326151087497733,0.027352951820467295,0.0,-0.0015732577396861927,-0.0021533143671400913,0.0,-0.03161751715760947,0.050163562816501174,-0.006799426778135753,0.0,0.0,-0.018992033574310667,0.0,-0.024319671719823237,0.0,0.0,0.0,0.0,-0.0032069556560053586,-0.025632139208289127,0.0,-0.004175930743208244,-0.0007358309242505765,-0.0192384702207726,-0.022296487475462964,0.0,0.08235829067609877,0.060616480785097224
-0.09968640697217707,-0.005611100878919642,-0.004061704295470817,-0.02303913961735049,-0.018410684091351357,0.0895192880021218,-0.2214326724245607,-0.16357334555288988,0.09069111337676175,0.0018507864945168245,-0.008547029862670266,0.2820099435652165,-0.0388178409316172,0.033078525305285406,-0.05156988164561558,-0.8582825581403123,0.0,0.0,0.0,0.006077234781431863,0.0,0.0,-0.018726348010603147,0.0,0.0,-0.009851116989726834,0.0,0.0,-0.04449010077763717,-0.19989899359075855,-0.09959211859792018,-0.022539470731615115,0.0,0.0,0.0,-0.02396685074112566,-0.0021631425812232864,0.0,0.0,0.0,0.0,-0.012054144509813104,0.0,0.006852060653929084,0.0,0.020127909427429286,0.0,0.0,0.0,0.004383569859558201,0.0,0.0012753669905662506,0.0,-0.016493999842526457,-0.020502802032212122,0.0011309881506056745,-0.0016610579142472151,0.0,0.00851419038760792,0.0014525573772911867,0.0,0.04150095271867274,0.00952530106097646,-0.02365289142975527,0.0,0.0,0.02948886854572887,0.0,-0.039140371554278644,0.0,0.0,0.0,0.0,-0.01913060607050336,-0.02315872179992251,0.0,-0.034248692921177444,-0.015438220213500733,-0.03325405082399677,-0.003441161193358867,0.0,0.12030136638615076,-0.02000542542077542
0.1635193899553741,0.0036511853685320186,0.0024843960322769518,0.018142733909893495,0.27909604767577995,-0.06904757650964051,0.6243551859469821,0.059949160173490515,0.029774064959745113,0.0037296302125103633,-0.019286355214850635,-0.03967488688406715,0.004785149414296667,0.01673093854331784,-0.0305558158224276,0.9222230999373723,0.0,0.0,0.0,0.003833000721000745,0.0,0.0,-0.003139187929938296,0.0,0.0,-0.005603103780670701,0.0,0.0,-0.006827026977968792,-0.1263875703773679,-0.04142779013818518,0.0026599363767510105,0.0,0.0,0.0,0.0017590183993314243,0.0047075559981816254,0.0,0.0,0.0,0.0,-0.13307902757783308,0.0,-0.01723914640412507,0.0,-0.023591742074040547,0.0,0.0,0.0,0.0015762501811075872,0.0,0.00046983551299303265,0.0,-0.00031122450442353476,-0.013352015130083305,0.0022263005201810073,0.010185807054446178,0.0,-0.0015732577396861927,-0.012291992751179695,0.0,-0.06854808868777858,-0.020224748557514764,-0.028200885136794394,0.0,0.0,-0.017264475943123202,0.0,0.11627628734508673,0.0,0.0,0.0,0.0,-0.0032069556560053586,0.03174799067866171,0.0,0.017151558805474663,0.009436365285590425,-0.01702014106545524,-0.003745103904498464,0.0,-0.08587625835394669,-0.048878911639659656
-0.09175885668063978,-0.01563185007645173,-0.005884095865919097,-0.03126222030008248,-0.05186486404429242,-0.03371115863363805,-0.04949063337017358,0.02052719189578829,0.10854323054656037,0.00243305640290414,-0.03898732274702847,-0.1366091593856682,0.009967177508929925,-0.00411854206991303,-0.04172921397872967,-0.677599548775455,0.0,0.0,0.0,0.006077234781431863,0.0,0.0,-0.018726348010603147,0.0,0.0,-0.011497216409640392,0.0,0.0,-0.010659743877881097,-0.11071004055026334,-0.09914844324611055,0.006545410777490535,0.0,0.0,0.0,0.00240601367264873,-0.013197475986107408,0.0,0.0,0.0,0.0,-0.034008513946573504,0.0,-0.047788051797698565,0.0,0.023017142796808953,0.0,0.0,0.0,0.004290554468585548,0.0,0.0012753669905662506,0.0,0.0008199193181462443,0.01038467778861226,0.0014868046474254375,-0.004564361944896368,0.0,-0.004257095193803961,-0.003157513363432385,0.0,-0.10680652528808801,0.010745301496681528,-0.02835234014006053,0.0,0.0,-0.06140871485752015,0.0,-0.004121927120824846,0.0,0.0,0.0,0.0,-0.01913060607050336,0.009296929573094099,0.0,-0.03309063898116751,-0.015438220213500733,-0.03479859264870089,-0.006075798242453717,0.0,-0.21252605871546187,-0.032484664629325796
-0.02980552806807702,0.006085941591931931,0.009019995476665764,0.04318762759180443,0.2632019910979034,-0.06848046066290861,0.5748883055220444,0.05072911348382947,0.031243422540596352,-0.025135937400560093,0.013087458617446712,-0.12899668235458295,0.005412271108868297,0.017283568047449682,-0.02251794699910193,0.8908049640953382,0.0,0.0,0.0,-0.0032147747982586884,0.0,0.0,0.005771577028342511,0.0,0.0,-0.006025173948313232,0.0,0.0,0.009102702637291722,0.12576495917469213,0.05488383739597129,0.0026599363767510105,0.0,0.0,0.0,0.0027215001650033356,0.0047075559981816254,0.0,0.0,0.0,0.0,-0.09154836797717983,0.0,0.008058484184269687,0.0,0.012511586499298996,0.0,0.0,0.0,-0.0022399917288816354,0.0,-0.0004726007300304446,0.0,0.0054932760722218865,-0.009188879922587982,-0.015229886957140257,-0.0016273286135468931,0.0,-0.0039972591208548205,-0.012291992751179695,0.0,-0.03463897381353073,-0.05077567723965916,-0.0048390378803726,0.0,0.0,-0.013748569479128133,0.0,0.11615084607329394,0.0,0.0,0.0,0.0,0.005896171878909279,0.02705022961837619,0.0,0.0004893357580472565,-0.006953397953168815,0.015325479602357268,0.0030763353501237376,0.0,-0.06238551386328085,0.04655490095898232
-0.13072051608084803,-0.01563185007645173,-0.010597129127244765,-0.03999364077010947,-0.03799325526564738,0.0895192880021218,0.011755057268152394,0.0867981151156484,0.09223641768793031,0.0036163066227059117,-0.012443250893335207,-0.10767137586809414,-0.05688223356107071,0.01835144116192488,0.10543104426040564,-0.7410827646334608,0.0,0.0,0.0,0.022495010824226416,0.0,0.0,-0.018726348010603147,0.0,0.0,-0.009851116989726834,0.0,0.0,-0.010659743877881097,-0.061236364330567394,-0.05595732893001355,-0.022539470731615115,0.0,0.0,0.0,-0.02396685074112566,-0.0039864064205901405,0.0,0.0,0.0,0.0,0.019610748684669183,0.0,0.006345719234118676,0.0,0.02833456053459864,0.0,0.0,0.0,0.004383569859558201,0.0,0.0012753669905662506,0.0,-0.007997809272490258,-0.020502802032212122,0.002209871290586096,-0.0016610579142472151,0.0,0.00851419038760792,0.0014525573772911867,0.0,0.12079029498166051,0.01156118958999014,-0.01940777053667802,0.0,0.0,0.08716075657196407,0.0,0.022066065198327378,0.0,0.0,0.0,0.0,-0.01913060607050336,-0.016723731025610027,0.0,-0.034698040008793826,-0.015438220213500733,0.0015553974994824936,0.018314971854844576,0.0,0.1547439774004113,0.013096405206252265
-0.035452566768300796,-0.0029109539040714253,-0.008930626580838758,0.006697209011442228,-0.08153087977219073,-0.14317069053662265,-0.01697855803406309,0.022870410683146207,0.058646783083801404,-0.0044250528659360135,0.01316408749336798,0.46461776346460265,0.004242453889843038,0.023828296507585393,-0.025054090893750523,0.7889214227688642,0.0,0.0,0.0,0.003691387393870176,0.0,0.0,0.005771577028342511,0.0,0.0,0.059700202494039956,0.0,0.0,0.05932013437018289,0.1440645615205544,0.2597323317317979,0.0026008783149537437,0.0,0.0,0.0,0.004430544283199991,0.0047075559981816254,0.0,0.0,0.0,0.0,0.060453214065730614,0.0,0.025721271528010035,0.0,-0.02404348213358357,0.0,0.0,0.0,-0.0013850775187161765,0.0,-0.0004726007300304446,0.0,0.0051820392105500455,0.038127285201766996,-0.0028094380399292735,-0.0016610579142472151,0.0,-0.0022334230775566794,-0.012291992751179695,0.0,-0.03239840580579317,-0.018026468160248606,0.008689712081025112,0.0,0.0,-0.013748569479128133,0.0,0.11631437508109764,0.0,0.0,0.0,0.0,0.005896171878909279,0.02705022961837619,0.0,0.0004893357580472565,0.0032187982566721854,0.026841473726910047,0.0028266681231162117,0.0,-0.03518718843390869,0.013893385474951364
-0.13062882199334794,-0.01563185007645173,-0.005884095865919097,-0.03297064485685363,-0.022191637976557762,0.0895192880021218,-0.22016022646930988,-0.1718158671649239,0.09069111337676175,0.00243305640290414,-0.015493244673373747,-0.13268977531960427,0.006875477744233544,-0.006221432933279784,-0.06612354294420605,-0.8797193443328383,0.0,0.0,0.0,0.006077234781431863,0.0,0.0,-0.018726348010603147,0.0,0.0,-0.01422056636921071,0.0,0.0,-0.010659743877881097,-0.09779088966070529,-0.1150158079649213,-0.007673929877057868,0.0,0.0,0.0,-0.02396685074112566,-0.0021631425812232864,0.0,0.0,0.0,0.0,0.0015577031664381442,0.0,0.02042999537817387,0.0,-0.001358758828449545,0.0,0.0,0.0,-0.0020353367210244316,0.0,0.0012753669905662506,0.0,-0.025562851054762775,-0.030274152067628707,0.0014868046474254375,-0.0016610579142472151,0.0,0.00851419038760792,0.0014525573772911867,0.0,0.05375957281190223,0.008940072263912876,-0.03259746103313778,0.0,0.0,0.02948886854572887,0.0,-0.02030977858881993,0.0,0.0,0.0,0.0,-0.01913060607050336,-0.02315872179992251,0.0,-0.034248692921177444,-0.015438220213500733,-0.023223222068988303,-0.006075798242453717,0.0,-0.10009565659610638,-0.032484664629325796
0.5172512387595477,0.007153004604745948,0.009019995476665764,0.050497158333293435,-0.03516577501205401,-0.0486978273880207,0.03777704852605725,0.12059256935051046,-0.046012567157205086,-0.025135937400560093,0.013301059194721614,-0.09370342706646775,0.007162303587735646,0.012554628499106855,-0.04460277473138215,-0.49805553956365656,0.0,0.0,0.0,-0.003096002330342727,0.0,0.0,0.003035257008794134,0.0,0.0,0.0547510435603096,0.0,0.0,0.014212991837174796,0.2018537534141192,0.3525979818698555,0.003854991035821216,0.0,0.0,0.0,0.004430544283199991,-0.0039864064205901405,0.0,0.0,0.0,0.0,0.009610286938824203,0.0,0.050117839617679114,0.0,0.029867429196596122,0.0,0.0,0.0,-0.0021551213109233204,0.0,-0.0011054211199055626,0.0,0.0051820392105500455,0.025572863230191416,-0.015229886957140257,-0.002628767299142269,0.0,0.009358402994568082,0.0026083806045745788,0.0,0.057589714285077344,0.039685437015945554,-0.009606955449523493,0.0,0.0,0.06296557282743144,0.0,0.028457496393948498,0.0,0.0,0.0,0.0,0.0031007811093277165,0.010855806869399246,0.0,0.0090469085668772,0.0050881352546104305,0.01731633505622382,0.004990834270586981,0.0,-0.07001352552677119,0.0465757937707231
-0.14877529431931633,-0.01563185007645173,-0.005884095865919097,-0.03466566715637201,-0.033983342924073,-0.03371115863363805,-0.14693788951584946,-0.1718158671649239,-0.0649399734267759,0.00243305640290414,-0.019589071526738826,-0.1283507156755457,0.009967177508929925,-0.012607475535926106,-0.07511010197380498,-0.7896352727751473,0.0,0.0,0.0,0.006077234781431863,0.0,0.0,-0.004943970814655433,0.0,0.0,-0.011497216409640392,0.0,0.0,-0.010659743877881097,-0.09779088966070529,-0.10984018669299063,0.006545410777490535,0.0,0.0,0.0,-0.0038954507080979435,-0.004301561909087873,0.0,0.0,0.0,0.0,-0.034008513946573504,0.0,-0.03278170333709963,0.0,0.028595893397397112,0.0,0.0,0.0,0.004290554468585548,0.0,0.004312235755550651,0.0,0.0008199193181462443,0.011200005889731527,0.0014868046474254375,-0.004564361944896368,0.0,-0.012265498464083952,-0.003157513363432385,0.0,0.054835980489087714,0.010745301496681528,-0.03259746103313778,0.0,0.0,-0.020776248293581705,0.0,-0.026699303918300426,0.0,0.0,0.0,0.0,-0.005050699582517927,0.01003162052736355,0.0,-0.006800207477437883,-0.002438169285848736,-0.03479859264870089,-0.006075798242453717,0.0,-0.13407104824700716,-0.032484664629325796
0.5507232312313297,0.007153004604745948,0.014699203342330472,0.048516659460905866,0.1003514554652356,-0.03536194537828398,0.0017192206265096521,0.12632366458651353,-0.041879652686755094,-0.025135937400560093,-0.029832758659636156,-0.05883835802690649,-0.05688223356107071,-0.0010628635137503928,0.08258481238768195,-0.5812924523433445,0.0,0.0,0.0,-0.01886678327193183,0.0,0.0,-0.002890720960756318,0.0,0.0,-0.004584128851182199,0.0,0.0,-0.010659743877881097,0.1404333120357287,-0.06609819756808882,0.01922484268284819,0.0,0.0,0.0,0.00240601367264873,-0.013197475986107408,0.0,0.0,0.0,0.0,-0.04588379707003355,0.0,-0.02467186162041284,0.0,0.027201379313316728,0.0,0.0,0.0,0.004383569859558201,0.0,0.0015475895678677878,0.0,-0.0016846454378269841,0.0007274081166471448,0.013326151087497733,0.027352951820467295,0.0,-0.004615080669619686,-0.0018140760924767296,0.0,0.09068405124195612,0.050163562816501174,0.009100199026777587,0.0,0.0,-0.06140871485752015,0.0,0.01369081675915746,0.0,0.0,0.0,0.0,0.0031007811093277165,0.005992847182360997,0.0,-0.003991244711267516,0.01526033146445143,0.02237115393812073,0.018314971854844576,0.0,0.0747678796786494,0.051570105362426025
-0.036618594877973094,-0.005042637319029317,-0.010597129127244765,-0.05803114101792616,-0.14900244385675748,-0.1957982119364337,-0.12816403660066628,-0.10098032733237283,-0.028155917441488983,0.0036163066227059117,-0.013788786430625729,-0.10233987489429813,0.006875477744233544,0.009091920575288277,-0.09037463308701191,0.8425278164140334,0.0,0.0,0.0,0.006077234781431863,0.0,0.0,-0.0025648569603523835,0.0,0.0,-0.01309264085137838,0.0,0.0,0.014212991837174796,-0.13767598893826657,0.03285459112578225,0.006545410777490535,0.0,0.0,0.0,0.014803054869518797,0.0016354858359769122,0.0,0.0,0.0,0.0,-0.13735878844460736,0.0,0.02832023447552355,0.0,-0.07095632897132526,0.0,0.0,0.0,-0.0020353367210244316,0.0,0.0013076648524080452,0.0,-0.02712175795504923,-0.014479597706939027,0.002209871290586096,-0.002628767299142269,0.0,0.007845600610865859,0.0032637813385840886,0.0,0.029265307117336842,0.010745301496681528,-0.027374189600350873,0.0,0.0,0.01401260996168877,0.0,-0.06186533915754408,0.0,0.0,0.0,0.0,-0.0026202262239229702,-0.08752200235708087,0.0,-0.0015915710328641213,-0.0001941005864580618,-0.010080874333188019,0.004990834270586981,0.0,-0.1395010499862269,0.011202063201569324
-0.04201658466897357,0.0035132202290517212,0.0037707090007985875,0.02268943968146436,-0.12262760847766743,-0.1957982119364337,-0.020763892388316565,0.047248059816314164,-0.043169942675936705,-0.008654897396913667,0.007105802481523029,0.36372435528903696,0.013562570512822137,0.02706231902637076,-0.014742762510277748,0.7789142361166909,0.0,0.0,0.0,-0.005097035623136402,0.0,0.0,0.002693099808370002,0.0,0.0,-0.010259744630911758,0.0,0.0,0.05932013437018289,0.09880867530130835,0.029889777317760102,0.006823002137953246,0.0,0.0,0.0,0.004430544283199991,0.0024277878631835054,0.0,0.0,0.0,0.0,0.060453214065730614,0.0,0.03797637923235224,0.0,0.024303534759691353,0.0,0.0,0.0,-0.012508223978296222,0.0,-0.0009340463231486025,0.0,0.02166408237209619,0.002509905773863128,-0.005315906110659308,-0.002628767299142269,0.0,0.007948220557378014,0.010154254881409306,0.0,0.038908745000716394,-0.046984595738986945,0.0195391670357569,0.0,0.0,0.019514098615536705,0.0,-0.07391222250621854,0.0,0.0,0.0,0.0,0.0027512375351191175,0.03633019516355794,0.0,-0.00601832387833405,0.0003150640118260999,0.029262080951286594,0.0028266681231162117,0.0,0.07226918319824466,0.01812635667106329
-0.10391553076522911,-0.01563185007645173,-0.011694063032368718,-0.07780769643130427,-0.022191637976557762,0.0895192880021218,-0.18203979706061857,-0.10299813057823493,-0.055246336888369524,0.003891701938711141,-0.007468230294309845,-0.2086761977399633,0.006875477744233544,0.0015787798621430598,-0.047825408937746755,-0.796943013714731,0.0,0.0,0.0,0.006077234781431863,0.0,0.0,-0.004943970814655433,0.0,0.0,-0.01422056636921071,0.0,0.0,0.014212991837174796,0.056138027622808596,0.2603363511620938,-0.007673929877057868,0.0,0.0,0.0,-0.02396685074112566,0.0025957710974679428,0.0,0.0,0.0,0.0,0.0015577031664381442,0.0,0.02042999537817387,0.0,0.015450538531064843,0.0,0.0,0.0,-0.0020353367210244316,0.0,0.004312235755550651,0.0,0.010080865191655913,-0.030274152067628707,0.0023781612797647406,-0.0016610579142472151,0.0,0.024530996928167893,0.0014525573772911867,0.0,0.03799963099964209,0.014985414732718798,-0.009606955449523493,0.0,0.0,0.02672888199989831,0.0,-0.01992506222557881,0.0,0.0,0.0,0.0,-0.005050699582517927,-0.02315872179992251,0.0,-0.00795826141744782,-0.002438169285848736,-0.019602015006645223,-0.006075798242453717,0.0,-0.0951539170105433,-0.08606968871034217
-0.06787045564723566,-0.005611100878919642,-0.0034558177862177783,-0.016229964986562134,-0.028108504504894136,-0.04823849525049974,0.02578974733582178,0.10561243384974416,0.11501142203499014,-0.0020358651439685072,0.023911316638082,0.2900781914858068,0.013562570512822137,0.007342048290000116,-0.030480670464972364,-0.5592006980578481,0.0,0.0,0.0,-0.005097035623136402,0.0,0.0,0.01966266541113331,0.0,0.0,-0.009851116989726834,0.0,0.0,-0.04449010077763717,-0.14379616486079755,-0.06311829489022619,-0.022539470731615115,0.0,0.0,0.0,-0.007173262172799986,-0.0039864064205901405,0.0,0.0,0.0,0.0,0.03985785889504979,0.0,0.026311435875280766,0.0,0.03546177841364305,0.0,0.0,0.0,-0.012508223978296222,0.0,-0.0009109764218330346,0.0,0.019149716403892236,0.03261920799639511,-0.001292557886406485,-0.0016610579142472151,0.0,0.0252674265681729,0.0026083806045745788,0.0,0.12279559682416424,-0.0003121263734279893,0.06482085868936631,0.0,0.0,0.06296557282743144,0.0,0.016099391836800966,0.0,0.0,0.0,0.0,0.020087136374028543,0.010065389100821035,0.0,0.03854012902743202,0.016321389620220908,0.03529992591672693,0.0028266681231162117,0.0,0.09611613847017209,-0.02062744335088586
-0.10812676991814521,-0.01563185007645173,-0.011694063032368718,-0.07780769643130427,-0.04638708286063506,-0.06658933424318124,-0.12950232568284298,-0.10615141438824696,-0.06296473384057939,0.003891701938711141,-0.011648829424158812,-0.18508154207451474,0.00874090718599456,-0.0038902532666353494,-0.07194508821160461,-0.7684954423233007,0.0,0.0,0.0,-0.005097035623136402,0.0,0.0,-0.004943970814655433,0.0,0.0,-0.011497216409640392,0.0,0.0,-0.010659743877881097,0.061411693764709056,-0.11246521145176168,0.006545410777490535,0.0,0.0,0.0,0.00240601367264873,0.005161874290905445,0.0,0.0,0.0,0.0,-0.034008513946573504,0.0,-0.06274147755829698,0.0,0.021721287700347387,0.0,0.0,0.0,-0.003881930233482161,0.0,0.004312235755550651,0.0,0.0008199193181462443,0.01038467778861226,0.0023781612797647406,-0.010606246624262832,0.0,-0.012265498464083952,-0.003157513363432385,0.0,-0.0358279215488718,0.016790643965487448,-0.01364122146805681,0.0,0.0,-0.018831712318110174,0.0,-0.002846925838167325,0.0,0.0,0.0,0.0,-0.005050699582517927,0.009296929573094099,0.0,-0.006800207477437883,-0.002438169285848736,-0.03453489099990083,-0.006075798242453717,0.0,-0.14069759310844113,-0.08387012136135735
-0.035395884643350806,0.006085941591931931,0.014699203342330472,0.05228614715468598,0.27909604767577995,-0.06848046066290861,0.4682472777267272,0.07721055607362756,-0.03768354622010232,-0.025135937400560093,-0.010297458219383182,-0.021160342818812038,-0.01772984840024359,0.024374195955541633,0.04640033687279104,1.1413370383380739,0.0,0.0,0.0,-0.007344603647579196,0.0,0.0,0.002693099808370002,0.0,0.0,-0.0032240750007058584,0.0,0.0,-0.006827026977968792,0.1053487533815291,-0.031532051147338036,0.007526688457563168,0.0,0.0,0.0,0.0027215001650033356,-0.0039229633318180225,0.0,0.0,0.0,0.0,0.0464829151008331,0.0,0.013810488893992284,0.0,0.011620755674690775,0.0,0.0,0.0,-0.0022769937081441286,0.0,-0.0009340463231486025,0.0,-0.005012660003282618,-0.01222142780657054,0.013326151087497733,-0.0016273286135468931,0.0,0.00799451824170963,-0.012291992751179695,0.0,0.04556456843685886,0.04213098253405958,-0.006799426778135753,0.0,0.0,-0.018992033574310667,0.0,0.11254759583064455,0.0,0.0,0.0,0.0,0.0027512375351191175,0.036114545548144666,0.0,0.005291195171740243,0.014937596063472537,0.02915554502250279,0.006921170038737878,0.0,0.049490589838322954,0.051910423490406074
-0.11480012733321251,-0.005611100878919642,-0.004061704295470817,-0.024734161916868863,-0.007303838225106997,0.0895192880021218,-0.18821898727039418,-0.07612923289120735,-0.0680569866668036,0.0018507864945168245,-0.015408472396889859,0.31092506293148536,0.004802092939411107,-0.006437814515701608,-0.056821288357302095,-0.9285857650126474,0.0,0.0,0.0,0.006077234781431863,0.0,0.0,-0.004943970814655433,0.0,0.0,-0.012625141927472721,0.0,0.0,-0.04449010077763717,-0.25446961449898275,-0.11615260228126675,-0.007673929877057868,0.0,0.0,0.0,-0.02396685074112566,-0.0021631425812232864,0.0,0.0,0.0,0.0,0.038465193521138225,0.0,0.008288534992847003,0.0,-0.016925097553310457,0.0,0.0,0.0,-0.0020353367210244316,0.0,0.004312235755550651,0.0,0.0008199193181462443,-0.030274152067628707,0.0011309881506056745,-0.0016610579142472151,0.0,0.02474863594522747,0.0014525573772911867,0.0,-0.03289073852350574,0.006904183734899197,-0.03259746103313778,0.0,0.0,0.02948886854572887,0.0,-0.02030977858881993,0.0,0.0,0.0,0.0,-0.005050699582517927,-0.02157913624824319,0.0,-0.00795826141744782,-0.002438169285848736,-0.023223222068988303,-0.003441161193358867,0.0,-0.11498205324380564,-0.02000542542077542
-0.04762147850749276,-0.005042637319029317,-0.011694063032368718,-0.09208117289862731,-0.03400193121493196,0.3110179502128655,-0.09210515614007189,-0.08511910243636253,0.017037087803608582,0.003891701938711141,-0.005848544328045713,-0.27184714152127676,0.0069936312038612536,0.02256275772397288,-0.023816890644046698,1.0790617769697959,0.0,0.0,0.0,0.003691387393870176,0.0,0.0,-0.005496740026992867,0.0,0.0,0.04119558013885767,0.0,0.0,0.014212991837174796,0.05969089977958021,0.2425507385473862,-0.008466698189362801,0.0,0.0,0.0,0.014803054869518797,-0.0013629048633140937,0.0,0.0,0.0,0.0,0.027664263119588712,0.0,0.030685895014762793,0.0,0.006714659413336857,0.0,0.0,0.0,-0.0021726223062007556,0.0,-0.0004726007300304446,0.0,0.0077216979912524105,-0.014479597706939027,0.0023781612797647406,-0.0016610579142472151,0.0,0.007891898295197475,0.010154254881409306,0.0,0.04126106401635296,0.01518201548826751,-0.006875782862272924,0.0,0.0,0.015012073528119107,0.0,-0.03130659197072076,0.0,0.0,0.0,0.0,-0.005615401789437407,0.04102795622384346,0.0,-0.00030148814004138077,-0.0029595617720257618,-0.03360423188178434,-0.006075798242453717,0.0,0.02803653899407894,-0.0875955704709537
-0.10467545186343667,0.018866025954338308,0.004937493280333457,0.04167058098746526,-0.03516577501205401,-0.06658933424318124,-0.024116492430805596,0.12262778456299483,-0.06428468127303585,0.007515091941989511,-0.03065894017472797,-0.12300933809853105,0.00874090718599456,-0.0038902532666353494,-0.099217305130636,-0.7031037487694621,0.0,0.0,0.0,0.006077234781431863,0.0,0.0,-0.004943970814655433,0.0,0.0,-0.011497216409640392,0.0,0.0,-0.010659743877881097,0.1947089652130054,-0.10365036316822945,0.006545410777490535,0.0,0.0,0.0,0.00240601367264873,-0.013197475986107408,0.0,0.0,0.0,0.0,-0.04285266363032553,0.0,-0.06274147755829698,0.0,0.030498472642755656,0.0,0.0,0.0,-0.003881930233482161,0.0,0.004312235755550651,0.0,-0.0007389875821402041,0.012509466825615604,0.004444747796441275,-0.010606246624262832,0.0,-0.012265498464083952,-0.003157513363432385,0.0,-0.07762538249143483,0.041476998701287134,-0.01364122146805681,0.0,0.0,-0.06140871485752015,0.0,-0.021205286629033877,0.0,0.0,0.0,0.0,-0.005050699582517927,0.009296929573094099,0.0,-0.006800207477437883,-0.002438169285848736,0.0002745573235784383,0.004990834270586981,0.0,-0.12086688551312892,-0.16010748664521582
-0.03941124076870639,-0.0029109539040714253,-0.011694063032368718,-0.061371387879678246,-0.021194035294610985,0.3110179502128655,-0.10680422330633892,-0.060745514771528994,0.03799990450699002,0.003891701938711141,-0.004680832557514589,0.2064754901745077,-0.042645555110913294,0.01508742507875446,0.06777168872650423,1.1043542994377076,0.0,0.0,0.0,0.022495010824226416,0.0,0.0,-0.005496740026992867,0.0,0.0,-0.004584128851182199,0.0,0.0,-0.04449010077763717,0.08205986608697265,-0.049556663664037895,0.01922484268284819,0.0,0.0,0.0,0.014803054869518797,-0.0013629048633140937,0.0,0.0,0.0,0.0,0.06931513076010767,0.0,0.014172245570223129,0.0,0.012556431952595027,0.0,0.0,0.0,0.004383569859558201,0.0,0.0006616410220426226,0.0,-0.001352349591473615,-0.004708247671522439,0.0023781612797647406,-0.0016610579142472151,0.0,0.004426516079571404,0.0032637813385840886,0.0,0.023003004419880877,0.019951224930521507,-0.006799426778135753,0.0,0.0,0.015012073528119107,0.0,-0.04957540571499082,0.0,0.0,0.0,0.0,-0.005615401789437407,-0.08752200235708087,0.0,-0.0071842543446457435,-0.0029595617720257618,-0.03782060535267836,-0.0074364684946178275,0.0,0.06691056903102191,-0.08609391414946341
-0.09941266449679012,0.018866025954338308,0.0020139578096534305,0.020999661857718024,-0.11753290426289405,-0.0486978273880207,-0.004099653372596105,0.14557271113293807,-0.13662421677594086,0.0037296302125103633,-0.001812479065574574,-0.10492620354775897,0.006875477744233544,0.007915913245269229,-0.06466358280562724,-0.7192461234217844,0.0,0.0,0.0,0.006077234781431863,0.0,0.0,0.005191169355388205,0.0,0.0,-0.01309264085137838,0.0,0.0,-0.010659743877881097,-0.14071332849577217,-0.08185003747291007,0.006545410777490535,0.0,0.0,0.0,0.004430544283199991,-0.0039864064205901405,0.0,0.0,0.0,0.0,0.0072301294071240065,0.0,0.050117839617679114,0.0,0.027950456303742315,0.0,0.0,0.0,-0.0020353367210244316,0.0,-0.0030801683968218925,0.0,0.012595231159859865,0.025572863230191416,-0.0025443434516354366,-0.002628767299142269,0.0,0.0252674265681729,0.0026083806045745788,0.0,0.13505421691739372,0.016004804121597743,-0.0136098981515191,0.0,0.0,0.06296557282743144,0.0,0.025799446290792415,0.0,0.0,0.0,0.0,0.005303234561643817,0.010855806869399246,0.0,0.013604338346276912,0.007121671987991746,0.03529992591672693,0.004990834270586981,0.0,-0.17940317948460893,-0.04819710548836558
-0.03558361088042299,0.006085941591931931,0.009019995476665764,0.043692435285690216,0.2632019910979034,-0.06904757650964051,0.6130467304587432,0.05517599628590014,-0.044585283037648214,-0.025135937400560093,0.013087458617446712,-0.07027281747052108,0.004520958345802493,0.014123192521870219,-0.028003952533873867,1.1407589150342954,0.0,0.0,0.0,-0.0032147747982586884,0.0,0.0,0.002693099808370002,0.0,0.0,-0.005603103780670701,0.0,0.0,-0.006827026977968792,0.10800298302813247,-0.040602497755101066,0.0026599363767510105,0.0,0.0,0.0,0.0017590183993314243,-0.0039229633318180225,0.0,0.0,0.0,0.0,-0.15776192394280433,0.0,-0.01945122828739339,0.0,0.0038607627533113337,0.0,0.0,0.0,-0.0014261311162401982,0.0,-0.0009340463231486025,0.0,-0.0007404250516933764,-0.013352015130083305,-0.015229886957140257,0.010185807054446178,0.0,-0.0039972591208548205,-0.012291992751179695,0.0,-0.04140725747250036,-0.05077567723965916,-0.009244645571713426,0.0,0.0,-0.015476127110315601,0.0,0.11618459593788115,0.0,0.0,0.0,0.0,0.0027512375351191175,0.02705022961837619,0.0,-0.00601832387833405,-0.009857132198014899,0.017456555992501684,0.0030763353501237376,0.0,-0.05662019785090819,0.046039029591521854
0.5489075685447434,-0.005926775243932362,-0.011694063032368718,-0.07626461462532279,-0.033983342924073,-0.04823849525049974,-0.23668751798434912,-0.1609245613742795,-0.02842015988674336,0.003891701938711141,-0.006349137053505505,-0.1590968007086614,-0.05688223356107071,0.011195240998504805,0.09017896132379985,-0.5403891513446292,0.0,0.0,0.0,0.022495010824226416,0.0,0.0,-0.002890720960756318,0.0,0.0,-0.009851116989726834,0.0,0.0,-0.010659743877881097,0.05383740703155269,-0.08564464661549605,-0.022539470731615115,0.0,0.0,0.0,-0.02396685074112566,-0.0021631425812232864,0.0,0.0,0.0,0.0,0.0015577031664381442,0.0,0.006345719234118676,0.0,0.019557375592190382,0.0,0.0,0.0,0.004383569859558201,0.0,0.0015475895678677878,0.0,-0.007997809272490258,-0.020502802032212122,0.0023781612797647406,-0.0016610579142472151,0.0,0.00923016133923936,0.0026083806045745788,0.0,0.034560964390056195,0.01760653205879606,-0.007853933401982578,0.0,0.0,0.02948886854572887,0.0,-0.04552989688375914,0.0,0.0,0.0,0.0,-0.0029531248660263996,0.007862787904602743,0.0,-0.003991244711267516,-0.000501467635009389,-0.03325405082399677,-0.022296487475462964,0.0,0.06596308546528062,-0.08794720789072136
-0.027504222115141662,-0.0029109539040714253,-0.008930626580838758,-0.057848792719454305,-0.022253592532126252,0.3110179502128655,-0.01737464740868033,-0.035548285813270665,0.058621581487748514,0.004022775332669102,0.01316408749336798,0.4991553469082095,0.004242453889843038,0.023828296507585393,-0.028441284529464043,0.8948204354620407,0.0,0.0,0.0,0.003691387393870176,0.0,0.0,0.005771577028342511,0.0,0.0,0.059700202494039956,0.0,0.0,0.05932013437018289,0.20049423876371436,0.28935773288735966,0.0026008783149537437,0.0,0.0,0.0,0.004430544283199991,0.0047075559981816254,0.0,0.0,0.0,0.0,0.07715097087597154,0.0,0.025721271528010035,0.0,-0.02404348213358357,0.0,0.0,0.0,-0.0013850775187161765,0.0,-0.0004726007300304446,0.0,-0.01013947767002864,0.026172146885133717,-0.0028094380399292735,-0.0016610579142472151,0.0,-0.0022334230775566794,-0.012291992751179695,0.0,-0.024068272492900757,-0.014359135096626677,-0.008417950035269909,0.0,0.0,-0.013748569479128133,0.0,-0.02319936685955803,0.0,0.0,0.0,0.0,0.005896171878909279,0.02705022961837619,0.0,0.0004893357580472565,0.007669134098477622,0.026841473726910047,0.0028266681231162117,0.0,-0.05367835765332608,0.014228411600976265
-0.10554817236428231,-0.01563185007645173,-0.005884095865919097,-0.03466566715637201,-0.05186486404429242,-0.0565704814039663,-0.001023907858856676,-0.1754437314588954,-0.11223893307358868,0.00243305640290414,-0.019304693427554802,-0.13278140015496195,0.006875477744233544,0.003844793462345406,-0.06888485470492317,-0.7063045014613576,0.0,0.0,0.0,0.006077234781431863,0.0,0.0,0.005191169355388205,0.0,0.0,-0.01422056636921071,0.0,0.0,-0.010659743877881097,-0.10715337256125507,-0.10809605814366728,-0.007673929877057868,0.0,0.0,0.0,-0.007173262172799986,-0.0039864064205901405,0.0,0.0,0.0,0.0,0.0015577031664381442,0.0,0.04804565995608586,0.0,-0.015903808161583245,0.0,0.0,0.0,-0.0020353367210244316,0.0,-0.0030801683968218925,0.0,0.012595231159859865,0.03754369167908852,0.0014868046474254375,-0.002628767299142269,0.0,0.02474863594522747,0.0026083806045745788,0.0,0.054835980489087714,0.008940072263912876,-0.03259746103313778,0.0,0.0,0.08716075657196407,0.0,-0.002846925838167325,0.0,0.0,0.0,0.0,0.005303234561643817,0.010855806869399246,0.0,-0.006800207477437883,0.007121671987991746,-0.011472306372250933,0.004990834270586981,0.0,-0.10606865353668656,-0.036582387643867155
-0.03511085537824105,0.0035132202290517212,0.003319057079092187,0.018587818982076967,-0.12262760847766743,-0.1957982119364337,-0.032682715474586316,0.053573100337098514,0.058646783083801404,-0.007480427769193771,0.014502201155509466,0.1647825907157182,0.013562570512822137,0.022672020445716236,-0.022050174318910345,0.7955707002007808,0.0,0.0,0.0,-0.005097035623136402,0.0,0.0,0.005771577028342511,0.0,0.0,-0.010259744630911758,0.0,0.0,-0.04449010077763717,-0.1565738926963591,-0.05050119413619565,0.006823002137953246,0.0,0.0,0.0,0.004430544283199991,-0.0039229633318180225,0.0,0.0,0.0,0.0,0.060453214065730614,0.0,0.03797637923235224,0.0,0.023061518842970273,0.0,0.0,0.0,-0.012508223978296222,0.0,-0.0004726007300304446,0.0,0.02166408237209619,0.002509905773863128,-0.00460102894733506,-0.002628767299142269,0.0,-0.0022334230775566794,-0.012291992751179695,0.0,-0.07007585440641924,-0.03934825280676604,0.01840209460495527,0.0,0.0,-0.015476127110315601,0.0,-0.07387847264163133,0.0,0.0,0.0,0.0,0.005896171878909279,0.02705022961837619,0.0,0.0004893357580472565,0.0032187982566721854,0.03139315734143101,0.0028266681231162117,0.0,0.10545088229694244,0.01580136529368681
-0.07796960969592075,-0.005611100878919642,-0.0034558177862177783,-0.016229964986562134,-0.03921535037113849,-0.03371115863363805,-0.019653435062508526,0.016558285574970973,0.18541793955610889,-0.0020358651439685072,0.04546857279726635,0.31428251878048463,0.004802092939411107,0.004245716814856987,-0.026588302430151846,-0.49174918506041776,0.0,0.0,0.0,-0.005097035623136402,0.0,0.0,0.01966266541113331,0.0,0.0,-0.014276135379009555,0.0,0.0,-0.04449010077763717,-0.19701314836373762,0.15886819153847317,0.003700907328298906,0.0,0.0,0.0,0.00240601367264873,0.01583697118332889,0.0,0.0,0.0,0.0,-0.06910462782155816,0.0,-0.03924406115617225,0.0,-0.03274585339069147,0.0,0.0,0.0,-0.0020353367210244316,0.0,-0.0009109764218330346,0.0,0.010080865191655913,0.0054601941059188586,-0.001292557886406485,-0.004564361944896368,0.0,-0.004314245043118942,-0.003157513363432385,0.0,-0.0649684178081256,-0.015634087614912296,0.0838460846044029,0.0,0.0,-0.035986175536840574,0.0,-0.021759393810510057,0.0,0.0,0.0,0.0,0.020087136374028543,0.008506511804515886,0.0,0.03854012902743202,0.016321389620220908,0.014219869834576977,-0.003441161193358867,0.0,-0.1366432133094186,-0.02062744335088586
-0.07784439166809594,0.018866025954338308,0.014699203342330472,0.061583556165392496,0.1003514554652356,-0.04204170054420729,0.03901640427622463,0.12632366458651353,0.12217650543735416,0.022850852182327356,-0.010251600358233937,-0.07020653478767992,-0.05688223356107071,-0.0021659936261481383,0.1066212997264527,-0.6232137085123592,0.0,0.0,0.0,0.022495010824226416,0.0,0.0,-0.018726348010603147,0.0,0.0,-0.004818902659602554,0.0,0.0,-0.010659743877881097,0.16329041324483315,-0.05592284040915351,0.01922484268284819,0.0,0.0,0.0,0.004430544283199991,-0.0039864064205901405,0.0,0.0,0.0,0.0,-0.041496901142212106,0.0,0.029915503367335762,0.0,0.02833456053459864,0.0,0.0,0.0,0.004383569859558201,0.0,0.0012753669905662506,0.0,-0.007997809272490258,0.015035132799840197,0.013326151087497733,-0.002628767299142269,0.0,0.00851419038760792,0.0026083806045745788,0.0,0.09068405124195612,0.050163562816501174,-0.007853933401982578,0.0,0.0,0.08716075657196407,0.0,0.01610497017268299,0.0,0.0,0.0,0.0,0.020087136374028543,0.007862787904602743,0.0,-0.03419833180180323,0.030943921671867346,0.00491980938358126,0.018314971854844576,0.0,0.0945830587768164,0.060616480785097224
-0.0348037957010172,-0.0029109539040714253,-0.0034558177862177783,-0.022875888522606143,-0.1352933729460883,-0.20581706477564868,-0.10084737222111691,-0.05787838744658472,-0.04044909449973088,-0.0020358651439685072,0.01959691846567617,0.22853925993007454,0.006667522381172122,0.015470379478054396,-0.02066384680707154,0.9190305342805393,0.0,0.0,0.0,-0.005097035623136402,0.0,0.0,0.002693099808370002,0.0,0.0,-0.014276135379009555,0.0,0.0,-0.04449010077763717,-0.213343944843356,-0.06284216191322578,0.003700907328298906,0.0,0.0,0.0,0.00240601367264873,0.002564739151872885,0.0,0.0,0.0,0.0,-0.1865779305614617,0.0,-0.05419748691677067,0.0,0.013807012639419337,0.0,0.0,0.0,-0.003881930233482161,0.0,-0.0009340463231486025,0.0,0.010080865191655913,0.0024884784419781578,-0.001292557886406485,-0.010606246624262832,0.0,-0.003974110278689012,-0.012291992751179695,0.0,-0.034412156339507206,-0.015634087614912296,0.02708415292370711,0.0,0.0,-0.008439406607002105,0.0,-0.04351303338825485,0.0,0.0,0.0,0.0,0.0027512375351191175,0.02705022961837619,0.0,-0.00601832387833405,0.0003150640118260999,0.017456555992501684,-0.003441161193358867,0.0,-0.14464025161700808,-0.02062744335088586
-0.043325829981941684,0.006085941591931931,0.009019995476665764,0.04318762759180443,0.26134223096609677,-0.06848046066290861,0.4328982523067877,0.053316236154093505,0.03173534842505728,-0.025135937400560093,0.01147527348233649,-0.04888967081068555,0.011137685202833652,0.016127291985580525,0.047809471762013306,1.071637181194718,0.0,0.0,0.0,-0.007344603647579196,0.0,0.0,0.005771577028342511,0.0,0.0,-0.004657568970855336,0.0,0.0,0.009102702637291722,0.10897023001997282,-0.033328580504670996,0.004097485096005883,0.0,0.0,0.0,0.0027215001650033356,-0.0039229633318180225,0.0,0.0,0.0,0.0,0.05206219549625299,0.0,0.015912792868628504,0.0,0.013450591349608458,0.0,0.0,0.0,-0.004483371841257532,0.0,-0.0004726007300304446,0.0,0.003400041863372373,-0.009188879922587982,-0.015229886957140257,-0.0016273286135468931,0.0,-0.0039972591208548205,-0.012291992751179695,0.0,-0.03916487689697644,-0.05651986228398828,-0.0034457650714431005,0.0,0.0,-0.015476127110315601,0.0,0.11258342761618964,0.0,0.0,0.0,0.0,0.005896171878909279,0.02705022961837619,0.0,0.0004893357580472565,-0.006953397953168815,0.03139315734143101,0.006921170038737878,0.0,0.045205264015875095,0.04674976021466629
-0.14877529431931633,-0.01563185007645173,-0.011694063032368718,-0.07780769643130427,-0.033983342924073,-0.0565704814039663,-0.23140960950684547,-0.1609245613742795,-0.0649399734267759,0.003891701938711141,-0.0070791373271007815,-0.20458216209361602,0.006875477744233544,-0.006221432933279784,-0.06612354294420605,-0.7475219853950607,0.0,0.0,0.0,0.006077234781431863,0.0,0.0,-0.004943970814655433,0.0,0.0,-0.01309264085137838,0.0,0.0,0.014212991837174796,0.09414938644619283,-0.1150158079649213,0.006545410777490535,0.0,0.0,0.0,0.014803054869518797,-0.0021631425812232864,0.0,0.0,0.0,0.0,-0.034008513946573504,0.0,0.04027865871024102,0.0,-0.001358758828449545,0.0,0.0,0.0,-0.0020353367210244316,0.0,0.004312235755550651,0.0,-0.025562851054762775,-0.01720367039888467,0.0023781612797647406,-0.002628767299142269,0.0,-0.012265498464083952,0.0014525573772911867,0.0,0.04728400136324308,0.016790643965487448,-0.01364122146805681,0.0,0.0,0.02948886854572887,0.0,-0.026699303918300426,0.0,0.0,0.0,0.0,-0.005050699582517927,-0.02315872179992251,0.0,-0.00795826141744782,-0.002438169285848736,-0.019920615610855157,-0.006075798242453717,0.0,-0.1124419196577783,-0.08387012136135735
-0.035062078901758054,-0.0029109539040714253,-0.005245919680284154,-0.04522952635845775,-0.016743699452805547,0.3110179502128655,-0.09545929713739898,-0.04487139924424308,0.054774155300542526,-0.0029083787770978675,0.005590416355122035,0.5460088423610162,0.004920246399038817,0.026649560388964624,-0.01716741046624388,0.9649881945644339,0.0,0.0,0.0,0.003691387393870176,0.0,0.0,0.005771577028342511,0.0,0.0,0.04290438663835825,0.0,0.0,0.05932013437018289,0.13519478199374332,0.24055946411533807,0.003977378251227169,0.0,0.0,0.0,0.004430544283199991,0.0016354858359769122,0.0,0.0,0.0,0.0,0.06931513076010767,0.0,0.025721271528010035,0.0,-0.03022206243389794,0.0,0.0,0.0,-0.0021726223062007556,0.0,-0.0004726007300304446,0.0,0.0077216979912524105,0.026172146885133717,-0.0018465112662949784,-0.0016610579142472151,0.0,0.004466846155113355,0.010154254881409306,0.0,0.026314409475340656,-0.01979127595887284,0.007192805474343762,0.0,0.0,0.011978512603486854,0.0,-0.03130659197072076,0.0,0.0,0.0,0.0,0.005896171878909279,0.03633019516355794,0.0,0.0004893357580472565,0.0032187982566721854,-0.03360423188178434,-0.003441161193358867,0.0,0.037634648440518274,-0.03735019143218664
-0.14543366864614318,-0.01563185007645173,-0.03481390265288796,-0.1203537086442417,-0.044307179029505275,-0.0565704814039663,-0.21502490883429426,-0.10165607576684052,-0.05961987411882337,0.007198399163382663,-0.007468230294309845,-0.1961182821599405,0.008105584127563816,0.0027166909067593468,-0.08479143777228237,-0.7147469247577852,0.0,0.0,0.0,0.006077234781431863,0.0,0.0,-0.004943970814655433,0.0,0.0,-0.009851116989726834,0.0,0.0,0.014212991837174796,0.07167397728211218,0.1960001590161563,-0.022539470731615115,0.0,0.0,0.0,-0.02396685074112566,0.0025957710974679428,0.0,0.0,0.0,0.0,0.02100341405858075,0.0,0.018064334838934628,0.0,-0.10540473213933815,0.0,0.0,0.0,-0.0039238982678562,0.0,-0.0030801683968218925,0.0,0.02166408237209619,-0.030274152067628707,0.004398834863575659,-0.002628767299142269,0.0,0.024530996928167893,0.0014525573772911867,0.0,0.025925813274697677,0.01760653205879606,-0.00806478827652651,0.0,0.0,0.02672888199989831,0.0,-0.03376647227301996,0.0,0.0,0.0,0.0,-0.005050699582517927,-0.02315872179992251,0.0,-0.00795826141744782,-0.002438169285848736,0.016696824678176837,0.004990834270586981,0.0,0.05587582720837341,0.033148212757024745
0.16263236373331036,0.0036511853685320186,0.014699203342330472,0.06277475008486041,0.27723628754397334,-0.06848046066290861,0.3952337006517503,0.07535079594182094,0.02862539886746353,-0.025135937400560093,-0.006105352261311459,-0.01631490340807107,0.01261564184702445,0.024374195955541633,0.0554690317340743,0.8380758182421592,0.0,0.0,0.0,0.00875702742595981,0.0,0.0,-0.003139187929938296,0.0,0.0,-0.0032240750007058584,0.0,0.0,-0.006827026977968792,0.11786286232866161,-0.027362787157195548,0.007526688457563168,0.0,0.0,0.0,0.0027215001650033356,-0.002023156552652921,0.0,0.0,0.0,0.0,0.05206219549625299,0.0,0.013810488893992284,0.0,0.015510146717616077,0.0,0.0,0.0,0.004955305719284641,0.0,-0.0003355967949950232,0.0,0.003400041863372373,0.023395951621333327,0.013326151087497733,-0.0016273286135468931,0.0,0.0031465154793723815,0.010154254881409306,0.0,0.04556456843685886,0.04213098253405958,-0.006799426778135753,0.0,0.0,0.0269564347506345,0.0,0.11254759583064455,0.0,0.0,0.0,0.0,0.003367303438805626,0.04102795622384346,0.0,0.004195636052896174,0.015506412918154678,0.02915554502250279,0.006921170038737878,0.0,0.05198619266048008,0.05209570922613687
-0.10995917622573656,-0.005611100878919642,-0.0034558177862177783,-0.022095653684198368,-0.02575205319706116,-0.0565704814039663,-0.1926857549252931,-0.1619610483978042,-0.12249361956505037,-0.0020358651439685072,0.01964402693782992,0.2837747458409992,0.004802092939411107,0.003042639703798613,-0.027253405157340514,-0.7790661098823664,0.0,0.0,0.0,-0.005097035623136402,0.0,0.0,0.005191169355388205,0.0,0.0,-0.01422056636921071,0.0,0.0,-0.04449010077763717,-0.21051532536827852,-0.10932002926543659,-0.007673929877057868,0.0,0.0,0.0,-0.007173262172799986,0.0025957710974679428,0.0,0.0,0.0,0.0,-0.012054144509813104,0.0,0.03590419957075899,0.0,-0.015683081636589376,0.0,0.0,0.0,-0.0020353367210244316,0.0,-0.0030801683968218925,0.0,0.010080865191655913,0.03754369167908852,-0.001292557886406485,-0.002628767299142269,0.0,0.02504978755111332,0.0026083806045745788,0.0,0.04257736039585823,-0.0029332436995052526,0.03565747592157671,0.0,0.0,0.021111787460276504,0.0,-0.026699303918300426,0.0,0.0,0.0,0.0,0.005303234561643817,0.010065389100821035,0.0,0.007948520244676521,0.0026713361461863086,-0.023223222068988303,-0.003441161193358867,0.0,-0.1101382478273405,-0.02062744335088586
0.17168517776839534,0.0036511853685320186,0.009019995476665764,0.07407386460791113,0.27909604767577995,-0.06904757650964051,0.42844078171055944,0.06445944892051256,0.027061766688054215,0.022850852182327356,-0.01134611311227062,-0.013027769750405375,0.01261564184702445,0.02451549884932099,0.0556447507680282,0.958901622570243,0.0,0.0,0.0,-0.007344603647579196,0.0,0.0,-0.003139187929938296,0.0,0.0,-0.003113479074425195,0.0,0.0,-0.006827026977968792,0.1191689579013008,-0.03201495371602789,0.007526688457563168,0.0,0.0,0.0,0.0017590183993314243,-0.0039229633318180225,0.0,0.0,0.0,0.0,0.0464829151008331,0.0,-0.013742944669339233,0.0,0.01450016422767325,0.0,0.0,0.0,0.004955305719284641,0.0,0.00046983551299303265,0.0,-0.0010446376433090971,0.02111732831317002,-0.015229886957140257,0.010185807054446178,0.0,-0.0015732577396861927,-0.012291992751179695,0.0,-0.03916487689697644,0.04213098253405958,0.019390272671689416,0.0,0.0,-0.018992033574310667,0.0,0.11254759583064455,0.0,0.0,0.0,0.0,-0.0032069556560053586,0.03174799067866171,0.0,0.004195636052896174,0.009436365285590425,0.02915554502250279,0.006921170038737878,0.0,0.037175504723652476,0.055610849901606696
-0.14082086063711585,-0.01563185007645173,-0.005884095865919097,-0.03126222030008248,-0.05186486404429242,-0.04823849525049974,-0.021814306619196318,0.085456060304254,0.031165725349379718,0.00243305640290414,-0.01891560046034574,-0.159612906134713,0.006875477744233544,-0.00372133455431319,-0.10777753569673705,-0.6776777079380051,0.0,0.0,0.0,0.006077234781431863,0.0,0.0,-0.018726348010603147,0.0,0.0,-0.01309264085137838,0.0,0.0,-0.010659743877881097,-0.07585478665426093,-0.09571546453392572,0.006545410777490535,0.0,0.0,0.0,0.014803054869518797,0.004783687704708167,0.0,0.0,0.0,0.0,0.0015577031664381442,0.0,0.008451882328715639,0.0,-0.06054679227032615,0.0,0.0,0.0,-0.0020353367210244316,0.0,-0.0009109764218330346,0.0,-0.02712175795504923,-0.01720367039888467,0.0014868046474254375,-0.0016610579142472151,0.0,-0.012374317972613742,0.0026083806045745788,0.0,0.11297618241708943,0.010745301496681528,-0.03259746103313778,0.0,0.0,0.07527233611940312,0.0,-0.021205286629033877,0.0,0.0,0.0,0.0,-0.01913060607050336,0.010855806869399246,0.0,-0.03309063898116751,-0.015438220213500733,-0.011472306372250933,0.004990834270586981,0.0,-0.17761663148489865,-0.03845609316337274
-0.041343339615575896,0.006085941591931931,0.0036228121257512874,0.02958510105898561,0.27909604767577995,-0.0709493025099012,0.2676565956655572,0.05072911348382947,0.058154857199340465,-0.008266601136188463,0.01316408749336798,-0.14604641905656446,0.009095824624268823,0.016233475094619386,0.08159386861641736,0.8350749367895433,0.0,0.0,0.0,0.022495010824226416,0.0,0.0,0.005771577028342511,0.0,0.0,-0.005603103780670701,0.0,0.0,0.009102702637291722,0.09760922438835454,0.06282355521934621,0.0026599363767510105,0.0,0.0,0.0,0.00240601367264873,0.0047075559981816254,0.0,0.0,0.0,0.0,-0.0668654716122086,0.0,-0.03492889549550774,0.0,0.008476578271360186,0.0,0.0,0.0,-0.0022399917288816354,0.0,-0.0004726007300304446,0.0,0.0033824912041678394,-0.010553490630712686,-0.005079711767361457,0.027352951820467295,0.0,-0.0022334230775566794,-0.012291992751179695,0.0,-0.03239659323800681,-0.05077567723965916,-0.00801203289268566,0.0,0.0,-0.013748569479128133,0.0,0.11359910554055004,0.0,0.0,0.0,0.0,0.005896171878909279,0.02705022961837619,0.0,0.0004893357580472565,0.017841330308318623,-0.0098565333657225,-0.008425772221072204,0.0,-0.06619504390744094,-0.1213687940891299
-0.06515798432183306,0.018866025954338308,0.0020139578096534305,0.015710167547195255,-0.11308256842108862,-0.06658933424318124,-0.02084798884139199,0.14557271113293807,0.18720707970442532,-0.004102593233761398,-0.03898732274702847,-0.08565793815240205,-0.04134196156357494,-0.008308066949724604,-0.08666443324694455,-0.5633963752074616,0.0,0.0,0.0,0.006077234781431863,0.0,0.0,0.01966266541113331,0.0,0.0,-0.004584128851182199,0.0,0.0,-0.010659743877881097,-0.10041397380250441,-0.07907910182983381,0.01922484268284819,0.0,0.0,0.0,0.00240601367264873,-0.013197475986107408,0.0,0.0,0.0,0.0,-0.041496901142212106,0.0,-0.05096529151135811,0.0,0.031920588298253755,0.0,0.0,0.0,0.004383569859558201,0.0,-0.0009109764218330346,0.0,-0.011739742908149633,0.0007274081166471448,-0.0025443434516354366,-0.010606246624262832,0.0,-0.004257095193803961,-0.003157513363432385,0.0,0.10521444245105374,0.024691368236811784,-0.02365289142975527,0.0,0.0,-0.06140871485752015,0.0,-0.03366944794946389,0.0,0.0,0.0,0.0,0.020087136374028543,0.01003162052736355,0.0,0.04419594712903241,0.016321389620220908,0.024049179217484208,0.004990834270586981,0.0,0.09761796191442361,-0.045433620389259216
-0.043994823180588886,0.006085941591931931,0.004474343409281123,0.022398620275168705,0.27909604767577995,-0.11573482328182311,0.5031270297286929,0.09645960262005213,0.04817860608709344,-0.007480427769193771,-0.012312948786204436,-0.030032596422638884,-0.020896898352081007,-0.06415011883169991,0.022451682412134175,0.8857007810573625,0.0,0.0,0.0,-0.007344603647579196,0.0,0.0,-0.005496740026992867,0.0,0.0,-0.0032240750007058584,0.0,0.0,-0.006827026977968792,-0.14468269437319153,-0.031193059625910152,0.007526688457563168,0.0,0.0,0.0,0.0017590183993314243,-0.0039229633318180225,0.0,0.0,0.0,0.0,-0.15776192394280433,0.0,-0.018806139602760584,0.0,0.011195146252863953,0.0,0.0,0.0,0.002516677256369826,0.0,0.0006616410220426226,0.0,-0.005012660003282618,-0.014500051114733844,0.004025900328918179,-0.0039495986537648456,0.0,-0.0022132580397857047,-0.0041354982543951695,0.0,0.06461294972826466,0.016658787954370195,-0.018353263912831194,0.0,0.0,-0.018992033574310667,0.0,-0.06291684886744958,0.0,0.0,0.0,0.0,0.005896171878909279,0.013055151949402844,0.0,-0.007017395214189025,0.017841330308318623,0.015218943673573463,0.006921170038737878,0.0,0.1022583127785937,0.01724554611595567
-0.14051703982150365,-0.01563185007645173,-0.005884095865919097,-0.03126222030008248,-0.05186486404429242,-0.03371115863363805,-0.05043811991389381,-0.09535698699174075,0.0260454866405557,0.00243305640290414,-0.03859918227730799,-0.1200920700509734,0.006875477744233544,-0.005845038663427169,-0.08523407221595308,-0.7283624707055025,0.0,0.0,0.0,0.006077234781431863,0.0,0.0,-0.018726348010603147,0.0,0.0,-0.011497216409640392,0.0,0.0,-0.010659743877881097,-0.12640705157519005,-0.1141674894741871,0.006545410777490535,0.0,0.0,0.0,0.00240601367264873,-0.013197475986107408,0.0,0.0,0.0,0.0,-0.045776662008986405,0.0,-0.047788051797698565,0.0,-0.012667587708173157,0.0,0.0,0.0,-0.0020353367210244316,0.0,0.0012753669905662506,0.0,0.0008199193181462443,0.01038467778861226,0.0014868046474254375,-0.004564361944896368,0.0,-0.012374317972613742,-0.001758358930405121,0.0,-0.040771280012010414,0.010745301496681528,-0.03259746103313778,0.0,0.0,-0.06140871485752015,0.0,-0.002846925838167325,0.0,0.0,0.0,0.0,-0.01913060607050336,-0.019848344929968224,0.0,-0.034248692921177444,-0.015438220213500733,-0.019656913962055093,-0.006075798242453717,0.0,-0.18328436596006678,-0.032484664629325796
-0.03676041694483157,-0.005042637319029317,-0.03481390265288796,-0.13498776203576884,-0.10034803013649363,-0.18746622578296718,-0.08101247453444306,-0.09661698282841596,-0.02857610413446604,0.007198399163382663,-0.005848544328045713,-0.23958400296072405,0.02840117874415895,0.007411880006355554,0.10489461130337734,0.9516096054459962,0.0,0.0,0.0,0.022495010824226416,0.0,0.0,-0.0025648569603523835,0.0,0.0,-0.004818902659602554,0.0,0.0,0.014212991837174796,0.07447061434255312,-0.03931598026303625,0.01922484268284819,0.0,0.0,0.0,0.014803054869518797,-0.0013629048633140937,0.0,0.0,0.0,0.0,0.027664263119588712,0.0,0.01803809320962552,0.0,0.02373300092445245,0.0,0.0,0.0,-0.012508223978296222,0.0,0.0013076648524080452,0.0,-0.007997809272490258,-0.014479597706939027,0.004398834863575659,-0.0016610579142472151,0.0,0.007845600610865859,0.0032637813385840886,0.0,0.025455820095272343,0.02547720808070149,-0.006799426778135753,0.0,0.0,0.015012073528119107,0.0,-0.02439817944926357,0.0,0.0,0.0,0.0,-0.0026202262239229702,-0.08752200235708087,0.0,-0.0015915710328641213,-0.0001941005864580618,-0.027851936349196367,0.018314971854844576,0.0,0.08134126202173306,0.0331688492422021
-0.032791531304297926,-0.005042637319029317,-0.03481390265288796,-0.13374088040226462,-0.1469225400256277,-0.18746622578296718,-0.03695358355409302,-0.034396261150569415,0.03892591926023169,0.007198399163382663,-0.007289379695564837,-0.2640226213469719,0.01563595531764457,0.022975516361379022,-0.04895215378947959,0.7308589373460604,0.0,0.0,0.0,0.006077234781431863,0.0,0.0,-0.005496740026992867,0.0,0.0,-0.004818902659602554,0.0,0.0,0.014212991837174796,0.04132810004087631,0.04888716304970685,0.01922484268284819,0.0,0.0,0.0,0.014803054869518797,0.0024277878631835054,0.0,0.0,0.0,0.0,0.035500103235452586,0.0,0.030685895014762793,0.0,0.03653658843145254,0.0,0.0,0.0,-0.012508223978296222,0.0,-0.0004726007300304446,0.0,0.02166408237209619,-0.014479597706939027,0.004398834863575659,-0.0016610579142472151,0.0,0.004426516079571404,0.010154254881409306,0.0,0.05116736509394587,0.02547720808070149,-0.006875782862272924,0.0,0.0,0.02450441746765874,0.0,-0.07391222250621854,0.0,0.0,0.0,0.0,-0.005615401789437407,0.04102795622384346,0.0,-0.00030148814004138077,-0.0029595617720257618,0.02767530485179585,0.004990834270586981,0.0,0.07520292706594661,0.033148212757024745
-0.043660460532055224,-0.0029109539040714253,-0.012235052260023863,-0.06273366409193475,-0.021194035294610985,0.3110179502128655,-0.09063222000529514,-0.04924763437947557,-0.02919369838260623,0.004022775332669102,-0.006024368212362881,0.481939763852198,0.004920246399038817,0.00907234238318631,-0.024655253917095003,1.059278224761654,0.0,0.0,0.0,0.003691387393870176,0.0,0.0,-0.0025648569603523835,0.0,0.0,0.02015177475833796,0.0,0.0,0.05932013437018289,0.16664296947116788,0.2425507385473862,0.007221595514456508,0.0,0.0,0.0,0.014803054869518797,0.0016354858359769122,0.0,0.0,0.0,0.0,0.06931513076010767,0.0,0.01588209062057195,0.0,-0.03022206243389794,0.0,0.0,0.0,-0.0021726223062007556,0.0,-0.0009340463231486025,0.0,0.0077216979912524105,-0.014479597706939027,0.0024582582849381144,-0.0016610579142472151,0.0,0.00799451824170963,0.0032637813385840886,0.0,0.019916898852609815,0.011714935041369067,-0.006875782862272924,0.0,0.0,0.01401260996168877,0.0,-0.03130659197072076,0.0,0.0,0.0,0.0,-0.0026202262239229702,-0.08752200235708087,0.0,-0.0015915710328641213,-0.0001941005864580618,-0.03360423188178434,-0.003441161193358867,0.0,0.031017928078692733,0.015213878850125227
0.5676475827752201,-0.005926775243932362,-0.011694063032368718,-0.07626461462532279,-0.04638708286063506,-0.0565704814039663,-0.21913406456314244,-0.10615141438824696,-0.030464767056263768,0.003891701938711141,-0.007450579055233702,-0.13778858790296222,0.00874090718599456,-0.006437814515701608,-0.0742156148202034,-0.5474298272113006,0.0,0.0,0.0,-0.005097035623136402,0.0,0.0,-0.002890720960756318,0.0,0.0,-0.011497216409640392,0.0,0.0,-0.010659743877881097,0.06416753071786432,-0.11341153078832207,0.006545410777490535,0.0,0.0,0.0,0.014803054869518797,-0.0021631425812232864,0.0,0.0,0.0,0.0,-0.045776662008986405,0.0,0.009629458599763052,0.0,0.021721287700347387,0.0,0.0,0.0,-0.003881930233482161,0.0,0.0015475895678677878,0.0,-0.0007389875821402041,-0.01720367039888467,0.0023781612797647406,-0.002628767299142269,0.0,-0.004615080669619686,0.0014525573772911867,0.0,-0.034590052720108504,0.016790643965487448,-0.01364122146805681,0.0,0.0,0.02948886854572887,0.0,-0.004121927120824846,0.0,0.0,0.0,0.0,-0.0029531248660263996,-0.02157913624824319,0.0,-0.004041605830641726,-0.000501467635009389,-0.03479859264870089,-0.006075798242453717,0.0,-0.11904304379570212,-0.0898415498954043
-0.03711205094686744,-0.0029109539040714253,-0.00654424791439781,-0.04731166116478918,-0.032300881160855346,0.3110179502128655,-0.08293105811363742,-0.04222197629766963,0.0514570657721744,0.0026439807064526067,0.008984759895816655,0.5273392916050439,0.004242453889843038,0.008355415453475446,-0.028922678497151254,0.9733696632391915,0.0,0.0,0.0,0.003691387393870176,0.0,0.0,0.005771577028342511,0.0,0.0,0.059700202494039956,0.0,0.0,0.05932013437018289,0.1702570830748285,0.29170443937775886,0.0026008783149537437,0.0,0.0,0.0,0.014803054869518797,0.002564739151872885,0.0,0.0,0.0,0.0,0.018795792729156345,0.0,0.01588209062057195,0.0,-0.02260722616629435,0.0,0.0,0.0,-0.0013850775187161765,0.0,-0.0004726007300304446,0.0,-0.009741529702673626,-0.014479597706939027,0.0016156973580081066,-0.0016610579142472151,0.0,-0.0022334230775566794,-0.003950893199338635,0.0,-0.016711135276760283,-0.014359135096626677,-0.008417950035269909,0.0,0.0,-0.008439406607002105,0.0,-0.02594191413273238,0.0,0.0,0.0,0.0,-0.005615401789437407,-0.06781574696872503,0.0,0.015501657034392217,-0.0029595617720257618,-0.03360423188178434,-0.003441161193358867,0.0,-0.050790219155463966,-0.03908029815987501
-0.14911850218326317,-0.01563185007645173,-0.005884095865919097,-0.030722155050621553,-0.05186486404429242,-0.0565704814039663,-0.004335225175655292,-0.11370284153984328,-0.11919175546188072,0.00243305640290414,0.02352222367087292,-0.175550226977944,0.006315838694665475,0.003907256730568165,-0.078668784411377,-0.615251320300894,0.0,0.0,0.0,0.003691387393870176,0.0,0.0,0.005191169355388205,0.0,0.0,0.0547510435603096,0.0,0.0,0.014212991837174796,-0.10039901384456099,0.48884521626265387,0.003854991035821216,0.0,0.0,0.0,0.014803054869518797,0.004783687704708167,0.0,0.0,0.0,0.0,-0.034008513946573504,0.0,0.018044646024193867,0.0,-0.04013214583576827,0.0,0.0,0.0,-0.0013850775187161765,0.0,-0.0030801683968218925,0.0,-0.009741529702673626,-0.01720367039888467,0.0014868046474254375,-0.002628767299142269,0.0,-0.01263371328408646,0.0026083806045745788,0.0,0.023473575625182406,-0.005362516373687664,-0.028563195014604463,0.0,0.0,0.05107715237487049,0.0,-0.01888988804602586,0.0,0.0,0.0,0.0,-0.005050699582517927,0.010855806869399246,0.0,0.013604338346276912,-0.002438169285848736,-0.005337745634891753,0.004990834270586981,0.0,-0.11522547256133904,-0.034559757426165426
-0.04311336196500102,-0.0029109539040714253,-0.004061704295470817,-0.03936821530839602,-0.021194035294610985,0.3110179502128655,-0.0894045962002002,-0.08175257323183943,-0.03460997419644292,0.0018507864945168245,0.017861477463319425,0.339671592877826,0.004920246399038817,0.02256275772397288,-0.017406055496708185,1.1087282772350633,0.0,0.0,0.0,0.003691387393870176,0.0,0.0,0.002693099808370002,0.0,0.0,0.02015177475833796,0.0,0.0,0.05932013437018289,-0.206875456324134,0.24190888698713617,0.007221595514456508,0.0,0.0,0.0,0.014803054869518797,0.0016354858359769122,0.0,0.0,0.0,0.0,0.06931513076010767,0.0,0.01588209062057195,0.0,-0.03022206243389794,0.0,0.0,0.0,-0.0021726223062007556,0.0,-0.0009340463231486025,0.0,0.007079846431002392,-0.014479597706939027,0.0011309881506056745,-0.0016610579142472151,0.0,0.00799451824170963,0.010154254881409306,0.0,0.0327899809239998,0.009159687193729452,-0.018429619996968367,0.0,0.0,0.011978512603486854,0.0,-0.03130659197072076,0.0,0.0,0.0,0.0,-0.0026202262239229702,0.04102795622384346,0.0,0.010318691463637028,-0.0001941005864580618,-0.03360423188178434,-0.003441161193358867,0.0,0.04987898089250516,-0.02264200996252177
-0.043248317435656616,-0.0029109539040714253,-0.0034558177862177783,-0.03672970707572552,-0.140803266025409,-0.20581706477564868,-0.03521134690997381,-0.05286093335918711,-0.04498394336733009,-0.0020358651439685072,0.023776246063227494,0.25477973411213134,0.004242453889843038,0.016233475094619386,-0.025725484990912838,0.7598941171865274,0.0,0.0,0.0,0.003691387393870176,0.0,0.0,0.002693099808370002,0.0,0.0,0.059700202494039956,0.0,0.0,-0.04449010077763717,-0.23794926518776954,0.289879868632067,0.0026008783149537437,0.0,0.0,0.0,0.00240601367264873,0.0047075559981816254,0.0,0.0,0.0,0.0,-0.1618950341964905,0.0,-0.05232398557719972,0.0,-0.020783343289395968,0.0,0.0,0.0,-0.0013850775187161765,0.0,-0.0009340463231486025,0.0,-0.01013947767002864,0.013108750480557905,-0.001292557886406485,-0.010606246624262832,0.0,-0.0039972591208548205,-0.012291992751179695,0.0,-0.030249499784802663,-0.011292995838892324,-0.023795277445453566,0.0,0.0,-0.013748569479128133,0.0,-0.059110264730831925,0.0,0.0,0.0,0.0,0.0027512375351191175,0.02705022961837619,0.0,-0.00601832387833405,0.004765399853631537,-0.010690364490608301,-0.003441161193358867,0.0,-0.08253190701324009,-0.02263163289419571
-0.03195687880832414,-0.005042637319029317,-0.03481390265288796,-0.1346271851115647,-0.03947971239858932,0.3110179502128655,-0.027987419697958926,-0.08874696673033404,0.04267451625066959,0.007198399163382663,0.008747899089326865,-0.2640226213469719,0.009074188926536064,0.022975516361379022,-0.03691937905866069,0.9253571041852712,0.0,0.0,0.0,0.003691387393870176,0.0,0.0,0.005771577028342511,0.0,0.0,0.04119558013885767,0.0,0.0,0.014212991837174796,0.08903729225597644,0.2103071974658022,-0.008466698189362801,0.0,0.0,0.0,-0.02396685074112566,0.0024277878631835054,0.0,0.0,0.0,0.0,0.035500103235452586,0.0,0.02042999537817387,0.0,0.028944850668892914,0.0,0.0,0.0,-0.004246501734476941,0.0,-0.0004726007300304446,0.0,0.0077216979912524105,-0.027550079375683066,0.004398834863575659,-0.0016610579142472151,0.0,0.004466846155113355,0.010154254881409306,0.0,0.04126106401635296,0.01518201548826751,-0.006875782862272924,0.0,0.0,0.019514098615536705,0.0,-0.026549790702617183,0.0,0.0,0.0,0.0,-0.005615401789437407,0.04102795622384346,0.0,-0.00030148814004138077,-0.0029595617720257618,0.02767530485179585,0.004990834270586981,0.0,0.03362225105450339,0.03352048666196976
-0.11701795704864167,-0.005611100878919642,-0.00654424791439781,-0.03756247914574246,-0.018410684091351357,0.10404662461898348,-0.1616863454568134,-0.07629525971449344,-0.11599776090276573,0.0026439807064526067,0.0064762812377506945,0.49444533179912914,0.004802092939411107,-0.00411854206991303,-0.058469826033909,-0.9116894591173631,0.0,0.0,0.0,0.006077234781431863,0.0,0.0,0.005191169355388205,0.0,0.0,-0.01309264085137838,0.0,0.0,-0.04449010077763717,0.16608294754075298,-0.11795297037036294,0.006545410777490535,0.0,0.0,0.0,0.00240601367264873,0.005161874290905445,0.0,0.0,0.0,0.0,-0.0647177318937367,0.0,-0.03924406115617225,0.0,-0.018200804057557782,0.0,0.0,0.0,-0.0020353367210244316,0.0,-0.0030801683968218925,0.0,-0.025562851054762775,0.01038467778861226,0.0016156973580081066,-0.004564361944896368,0.0,-0.01263371328408646,-0.003157513363432385,0.0,-0.02794738006036713,0.011264660815307463,-0.01364122146805681,0.0,0.0,-0.014874213892467535,0.0,-0.02030977858881993,0.0,0.0,0.0,0.0,-0.005050699582517927,0.009296929573094099,0.0,0.013604338346276912,-0.002438169285848736,-0.019920615610855157,-0.003441161193358867,0.0,-0.11291842842816958,-0.03700520536303538
-0.030514660898767986,-0.005042637319029317,-0.021363147181576808,-0.02378774642830575,-0.024860527197480695,0.3110179502128655,-0.019424956424074935,0.052249349624208706,0.052017435593662384,0.007198399163382663,-0.006061508895683638,-0.19059548971307205,0.03412318436497601,0.028468423363800725,0.08011537293298282,0.9771079841789722,0.0,0.0,0.0,0.022495010824226416,0.0,0.0,0.005771577028342511,0.0,0.0,-0.004818902659602554,0.0,0.0,-0.010659743877881097,0.044385475546664895,-0.03079297154145104,0.01922484268284819,0.0,0.0,0.0,0.004430544283199991,-0.002023156552652921,0.0,0.0,0.0,0.0,0.016271135999832168,0.0,0.027877274117063602,0.0,0.029757089142305095,0.0,0.0,0.0,0.013824879133906346,0.0,-0.0004726007300304446,0.0,0.005446183226414492,0.038127285201766996,-0.005027239844086467,-0.0016610579142472151,0.0,-0.0022132580397857047,0.010154254881409306,0.0,0.047744195044585686,0.03757687108306503,-0.006799426778135753,0.0,0.0,0.0269564347506345,0.0,0.011552523308174871,0.0,0.0,0.0,0.0,0.005896171878909279,0.04102795622384346,0.0,-0.00030148814004138077,0.007669134098477622,-0.027851936349196367,-0.022296487475462964,0.0,0.10599615470199694,0.03235195111263559
-0.08708550906259933,-0.005611100878919642,-0.0034558177862177783,-0.02040063138467999,-0.013960348249545921,0.0895192880021218,-0.22622474468075413,-0.1619610483978042,0.10522356162571087,-0.0020358651439685072,0.019254933970620842,0.3212866767150468,0.006032199322741379,0.003042639703798613,-0.04585319563003699,-0.8685918242368136,0.0,0.0,0.0,0.006077234781431863,0.0,0.0,0.01966266541113331,0.0,0.0,-0.011452737585237936,0.0,0.0,-0.04449010077763717,-0.17760281428251626,-0.10030614409961848,-0.007999381816910702,0.0,0.0,0.0,-0.007173262172799986,0.0025957710974679428,0.0,0.0,0.0,0.0,-0.012054144509813104,0.0,0.018221188131226928,0.0,-0.06553799056323768,0.0,0.0,0.0,-0.0039238982678562,0.0,-0.0009109764218330346,0.0,0.019149716403892236,0.03754369167908852,-0.001292557886406485,-0.0016610579142472151,0.0,-0.01263371328408646,0.0026083806045745788,0.0,0.039889325948075406,-0.01761104722562163,0.06482085868936631,0.0,0.0,0.021111787460276504,0.0,-0.03953543801106197,0.0,0.0,0.0,0.0,0.020087136374028543,0.010065389100821035,0.0,0.03854012902743202,0.016321389620220908,-0.011736008021050997,-0.003441161193358867,0.0,0.05015430265876183,-0.02062744335088586
-0.06316289163904658,-0.005611100878919642,-0.004769900075494968,-0.001961945239107246,-0.008506756097739685,0.10404662461898348,0.011940118579831226,0.15328709431042611,0.18773041516921699,0.00243305640290414,0.04546857279726635,0.17398982208434677,0.013562570512822137,0.00014040732233827722,-0.04509763294676327,-0.664861285817628,0.0,0.0,0.0,0.006077234781431863,0.0,0.0,0.01966266541113331,0.0,0.0,-0.004818902659602554,0.0,0.0,-0.04449010077763717,-0.08146062184574362,-0.06237810394209195,0.01922484268284819,0.0,0.0,0.0,0.00240601367264873,0.01583697118332889,0.0,0.0,0.0,0.0,-0.040097259270865965,0.0,-0.03924406115617225,0.0,0.032944055992674644,0.0,0.0,0.0,-0.012508223978296222,0.0,-0.0009109764218330346,0.0,0.02166408237209619,0.012509466825615604,-0.0016992053113433566,-0.004564361944896368,0.0,-0.004314245043118942,-0.003157513363432385,0.0,0.1130949839395584,0.006207426940827257,-0.0046653285481365915,0.0,0.0,-0.035986175536840574,0.0,0.02248891716628146,0.0,0.0,0.0,0.0,0.020087136374028543,0.009241202758785339,0.0,0.03854012902743202,0.020771725462026346,0.03282297107312707,-0.003441161193358867,0.0,0.1256077574445675,-0.03546819185344302
-0.09175885668063978,-0.01563185007645173,-0.011694063032368718,-0.07440424957501474,-0.027669419160215123,0.10404662461898348,-0.021696448601678034,-0.020804261551706636,0.10854323054656037,0.003891701938711141,-0.031047080644448458,-0.15517054739819697,-0.05688223356107071,-0.01217548202803386,0.1124053185160595,-0.8568794109360282,0.0,0.0,0.0,0.022495010824226416,0.0,0.0,-0.018726348010603147,0.0,0.0,-0.00961634318130648,0.0,0.0,-0.010659743877881097,0.02659888447138011,-0.07901120013545387,-0.022539470731615115,0.0,0.0,0.0,-0.007743882225066822,-0.013197475986107408,0.0,0.0,0.0,0.0,0.005293623186251765,0.0,-0.0053238524473577355,0.0,0.017320939736181994,0.0,0.0,0.0,0.004383569859558201,0.0,0.0012753669905662506,0.0,-0.0016846454378269841,-0.005846370699315868,0.0023781612797647406,-0.004564361944896368,0.0,-0.004257095193803961,-0.001758358930405121,0.0,-0.06817832599491593,0.01760653205879606,-0.007853933401982578,0.0,0.0,-0.06140871485752015,0.0,0.021670998741544052,0.0,0.0,0.0,0.0,-0.01913060607050336,-0.019848344929968224,0.0,-0.034248692921177444,-0.015438220213500733,-0.03810119910683403,-0.022296487475462964,0.0,0.08473368798242627,-0.08794720789072136
-0.0494916875129193,0.006085941591931931,0.009019995476665764,0.05228614715468598,0.27909604767577995,-0.06975640365987892,-0.026497449154682075,0.06445944892051256,-0.042078612593610114,-0.025135937400560093,-0.010374423179267298,-0.04635242728863662,0.02840117874415895,0.010117472872317172,0.13187761712325116,1.1139031789866278,0.0,0.0,0.0,0.022495010824226416,0.0,0.0,0.002693099808370002,0.0,0.0,-0.004818902659602554,0.0,0.0,-0.010659743877881097,0.1344556769342173,-0.04331303917754791,0.01922484268284819,0.0,0.0,0.0,0.004430544283199991,-0.0039229633318180225,0.0,0.0,0.0,0.0,-0.15776192394280433,0.0,0.02081441003598056,0.0,0.02149656506844406,0.0,0.0,0.0,-0.012508223978296222,0.0,-0.0009340463231486025,0.0,-0.007997809272490258,-0.008027824656488092,-0.015229886957140257,-0.002628767299142269,0.0,-0.0039972591208548205,-0.012291992751179695,0.0,-0.04056606543051511,0.050163562816501174,-0.006799426778135753,0.0,0.0,-0.018992033574310667,0.0,0.10155014027091772,0.0,0.0,0.0,0.0,0.0027512375351191175,0.03174799067866171,0.0,0.010318691463637028,0.014937596063472537,0.015218943673573463,0.018314971854844576,0.0,0.08413392372607585,0.04622415635095545
-0.14928165108739677,-0.01563185007645173,-0.005884095865919097,-0.03466566715637201,-0.022191637976557762,0.10404662461898348,-0.1279824392395595,-0.09172912269776924,-0.07412660255840631,0.00243305640290414,-0.019589071526738826,-0.13494599666137674,0.00874090718599456,-0.00607332746670485,-0.08523407221595308,-0.9213813765858387,0.0,0.0,0.0,0.006077234781431863,0.0,0.0,-0.004943970814655433,0.0,0.0,-0.011497216409640392,0.0,0.0,-0.010659743877881097,-0.10792985921252121,-0.11354269377325057,0.006545410777490535,0.0,0.0,0.0,0.00240601367264873,0.005161874290905445,0.0,0.0,0.0,0.0,-0.034008513946573504,0.0,-0.047788051797698565,0.0,0.021721287700347387,0.0,0.0,0.0,-0.003881930233482161,0.0,0.004312235755550651,0.0,0.0008199193181462443,0.01038467778861226,0.0014868046474254375,-0.004564361944896368,0.0,-0.012374317972613742,-0.001758358930405121,0.0,-0.040771280012010414,0.010745301496681528,-0.03259746103313778,0.0,0.0,-0.018831712318110174,0.0,-0.02030977858881993,0.0,0.0,0.0,0.0,-0.005050699582517927,-0.019848344929968224,0.0,-0.00795826141744782,-0.002438169285848736,-0.03479859264870089,-0.006075798242453717,0.0,-0.14226116160542984,-0.032484664629325796
-0.02716505634084484,0.0035132202290517212,0.0037707090007985875,0.022184631987578578,0.2525023410161421,-0.06975640365987892,-0.009109654001788977,0.032832279477957346,0.058646783083801404,-0.008654897396913667,0.011551902358257758,0.32339476228833924,0.008064440189174894,0.023828296507585393,0.042201100115453215,0.8802436106951246,0.0,0.0,0.0,-0.00693827678365617,0.0,0.0,0.005771577028342511,0.0,0.0,0.04290438663835825,0.0,0.0,0.05932013437018289,0.14834147857136878,0.2217789591181006,0.003977378251227169,0.0,0.0,0.0,0.004430544283199991,0.0047075559981816254,0.0,0.0,0.0,0.0,0.05615881332744617,0.0,0.03504066451205736,0.0,-0.012791307491288418,0.0,0.0,0.0,-0.0021726223062007556,0.0,-0.0004726007300304446,0.0,0.0032628409860649297,0.002509905773863128,-0.005315906110659308,-0.002628767299142269,0.0,-0.0022334230775566794,-0.012291992751179695,0.0,-0.03222097169450811,-0.027027431776809878,0.018747628607717615,0.0,0.0,-0.013748569479128133,0.0,0.11296395123803851,0.0,0.0,0.0,0.0,0.005896171878909279,0.02705022961837619,0.0,0.0004893357580472565,-0.006953397953168815,0.026841473726910047,0.006108527692007499,0.0,0.03851220377623054,0.0186823792034833
-0.10983734690973032,-0.01563185007645173,-0.004769900075494968,-0.03041658453366174,-0.04741452820248698,-0.05776338025398857,-0.026794231774994737,-0.09535698699174075,-0.11971329428006579,-0.002676362043194555,-0.03859918227730799,-0.1263505982759975,-0.05688223356107071,0.01226159622203328,0.09308961275478969,-0.6798122533573477,0.0,0.0,0.0,-0.01886678327193183,0.0,0.0,-0.004943970814655433,0.0,0.0,-0.004584128851182199,0.0,0.0,-0.010659743877881097,-0.08784385092874651,-0.0935691238298051,0.01922484268284819,0.0,0.0,0.0,0.00240601367264873,-0.013197475986107408,0.0,0.0,0.0,0.0,-0.034008513946573504,0.0,-0.02467186162041284,0.0,0.017320939736181994,0.0,0.0,0.0,0.004383569859558201,0.0,-0.0030801683968218925,0.0,-0.001352349591473615,0.0030453597933780643,-0.0016992053113433566,0.027352951820467295,0.0,-0.012374317972613742,-0.003157513363432385,0.0,-0.03261592443074158,0.01943186561189557,-0.01940777053667802,0.0,0.0,-0.06140871485752015,0.0,-0.04552989688375914,0.0,0.0,0.0,0.0,0.005303234561643817,0.006721577383669955,0.0,0.001783008521461961,0.0026713361461863086,-0.02995144436586363,-0.022296487475462964,0.0,0.09332060314611086,-0.03180742084564415
-0.04573720167810722,0.006085941591931931,0.014699203342330472,0.07422374282005563,0.27909604767577995,-0.07143928803547857,0.5469237506473048,0.06445944892051256,0.04180954253308801,0.022850852182327356,-0.011318921494327902,-0.04217256489967779,-0.014509787401689981,0.002611276816543591,0.054033143991180844,1.042705171375691,0.0,0.0,0.0,0.00875702742595981,0.0,0.0,-0.005496740026992867,0.0,0.0,-0.005075828987870972,0.0,0.0,-0.006827026977968792,0.1885405214689705,-0.03616225989543394,0.003969669917723847,0.0,0.0,0.0,0.0028890544619322184,-0.0039229633318180225,0.0,0.0,0.0,0.0,-0.15776192394280433,0.0,-0.016130840596436356,0.0,0.009917153038866028,0.0,0.0,0.0,0.0015861573461761187,0.0,0.0006616410220426226,0.0,0.0022325972506336772,0.013248409724575078,0.013326151087497733,-0.0039495986537648456,0.0,-0.0022132580397857047,-0.003950893199338635,0.0,-0.031807739680835966,0.03976036648401898,-0.008341593951132738,0.0,0.0,-0.018992033574310667,0.0,0.11618459593788115,0.0,0.0,0.0,0.0,-0.005615401789437407,-0.06781574696872503,0.0,-0.0071842543446457435,0.007212634437815237,0.017456555992501684,0.006921170038737878,0.0,-0.0459349314809022,0.06095679891307727
-0.10812676991814521,-0.01563185007645173,-0.005884095865919097,-0.03466566715637201,-0.04638708286063506,-0.06658933424318124,-0.10560218529413705,-0.09172912269776924,-0.06296473384057939,0.00243305640290414,-0.019589071526738826,-0.08523219751387896,0.022732400935444298,-0.015095666694036843,0.1257407759823499,-0.739966945489548,0.0,0.0,0.0,0.022495010824226416,0.0,0.0,-0.004943970814655433,0.0,0.0,-0.011497216409640392,0.0,0.0,-0.010659743877881097,-0.10792985921252121,-0.09683381076176541,0.006545410777490535,0.0,0.0,0.0,0.00240601367264873,-0.004301561909087873,0.0,0.0,0.0,0.0,-0.045776662008986405,0.0,-0.04206498653737262,0.0,0.017194679177145452,0.0,0.0,0.0,0.004290554468585548,0.0,0.004312235755550651,0.0,0.009648405734535816,0.007969843476071466,0.0014868046474254375,-0.010606246624262832,0.0,-0.012265498464083952,-0.001758358930405121,0.0,-0.032562092344254806,0.010745301496681528,-0.02835234014006053,0.0,0.0,-0.020776248293581705,0.0,-0.004121927120824846,0.0,0.0,0.0,0.0,-0.005050699582517927,-0.019848344929968224,0.0,-0.00795826141744782,-0.002438169285848736,-0.03479859264870089,-0.022296487475462964,0.0,-0.17929205953497962,-0.03470845741743185
0.16941297548738204,-0.0020670869478379536,-0.021363147181576808,-0.09944812728485607,-0.1286368629216494,-0.1957982119364337,-0.09262862424958743,-0.04487139924424308,-0.021960129448460167,0.007198399163382663,0.007199730570937235,0.12198654812329196,0.004920246399038817,0.022975516361379022,-0.0177419013647746,0.6251611662527183,0.0,0.0,0.0,0.003691387393870176,0.0,0.0,0.0019123873639223154,0.0,0.0,0.02015177475833796,0.0,0.0,0.05932013437018289,0.12394279620527505,0.2330287526680877,0.007221595514456508,0.0,0.0,0.0,0.014803054869518797,0.0016354858359769122,0.0,0.0,0.0,0.0,0.05397061983368418,0.0,0.028137198324914153,0.0,-0.01028793527881327,0.0,0.0,0.0,-0.0021726223062007556,0.0,-0.0005430142585683352,0.0,0.0077216979912524105,-0.014479597706939027,-0.005027239844086467,-0.002628767299142269,0.0,0.00473055634837951,0.010154254881409306,0.0,0.019301831038517632,-0.0037438794984093527,-0.008417950035269909,0.0,0.0,0.011978512603486854,0.0,-0.06250049346005562,0.0,0.0,0.0,0.0,-0.0018606393664559384,0.04102795622384346,0.0,0.014226398665889126,0.004029002830579832,0.026841473726910047,0.0028266681231162117,0.0,0.01725607648971759,0.03230419036352819
-0.11122368531745545,-0.01563185007645173,-0.03481390265288796,-0.1203537086442417,-0.049784960213162636,-0.0565704814039663,0.025183702817411585,-0.08693990121469633,-0.07929583670371783,0.007198399163382663,-0.010975358357765724,-0.1876975923598703,0.007162303587735646,0.0014190655724574276,-0.04489277929924036,-0.5908684662280016,0.0,0.0,0.0,0.003691387393870176,0.0,0.0,-0.004943970814655433,0.0,0.0,0.0547510435603096,0.0,0.0,0.014212991837174796,0.15045046218445585,0.4564647066427114,0.003854991035821216,0.0,0.0,0.0,0.014803054869518797,0.004783687704708167,0.0,0.0,0.0,0.0,0.019610748684669183,0.0,0.04027865871024102,0.0,0.024288678596007966,0.0,0.0,0.0,-0.0021551213109233204,0.0,0.004312235755550651,0.0,-0.01013947767002864,-0.01720367039888467,0.004398834863575659,-0.002628767299142269,0.0,-0.012374317972613742,0.0014525573772911867,0.0,-0.027866887974052613,0.014999082280145872,-0.008486028294313778,0.0,0.0,0.07527233611940312,0.0,-0.01888988804602586,0.0,0.0,0.0,0.0,-0.005050699582517927,-0.02157913624824319,0.0,-0.00795826141744782,-0.002438169285848736,-0.006337754216046675,0.004990834270586981,0.0,-0.047244209238369764,0.03304217887927144
-0.027149484700034622,-0.0029109539040714253,-0.021363147181576808,-0.0814600585665824,-0.08859969145368791,-0.18746622578296718,-0.025991311637726985,0.013387740195961827,0.05510288317370317,-0.007918239079720928,0.007135713954216643,0.10149229059056895,0.006032199322741379,0.029385368316168458,-0.03470484361079802,0.7058403406876225,0.0,0.0,0.0,0.006077234781431863,0.0,0.0,0.005771577028342511,0.0,0.0,-0.004818902659602554,0.0,0.0,-0.04449010077763717,0.056465824725098354,-0.04651813394414812,0.01922484268284819,0.0,0.0,0.0,0.004430544283199991,-0.002023156552652921,0.0,0.0,0.0,0.0,0.05397061983368418,0.0,0.025721271528010035,0.0,-0.050307325638019595,0.0,0.0,0.0,-0.0039238982678562,0.0,-0.0004726007300304446,0.0,0.02166408237209619,0.026172146885133717,-0.005027239844086467,-0.0016610579142472151,0.0,0.004466846155113355,0.010154254881409306,0.0,0.04556738798674877,0.019951224930521507,-0.007702478398716442,0.0,0.0,0.02196611589851246,0.0,-0.024109632855366457,0.0,0.0,0.0,0.0,0.005896171878909279,0.04102795622384346,0.0,0.02238442323899658,0.007669134098477622,0.029582040274474752,0.0028266681231162117,0.0,0.08919767712553026,0.02998133663504099
-0.14831723634067961,-0.01563185007645173,-0.008580344508358312,-0.0543046788267377,-0.05186486404429242,-0.06658933424318124,-0.01974651835340721,-0.09187547717260881,-0.1467408200007101,-0.004280872132582256,0.03439164488176508,-0.20491301249831295,0.01563595531764457,-0.0038902532666353494,-0.0818935448167261,-0.7058965153765812,0.0,0.0,0.0,0.006077234781431863,0.0,0.0,0.005191169355388205,0.0,0.0,-0.010259744630911758,0.0,0.0,-0.010659743877881097,0.022435362557930515,-0.0919741526958142,0.006823002137953246,0.0,0.0,0.0,0.00240601367264873,-0.013197475986107408,0.0,0.0,0.0,0.0,-0.034008513946573504,0.0,-0.06274147755829698,0.0,0.03847727234205926,0.0,0.0,0.0,-0.012508223978296222,0.0,-0.0030801683968218925,0.0,-0.01805290674281291,0.01038467778861226,-0.002717898605445418,-0.010606246624262832,0.0,-0.01263371328408646,-0.003157513363432385,0.0,-0.0358279215488718,-0.04637927766541852,0.006888508586558852,0.0,0.0,-0.0443621081284176,0.0,0.016556474694721074,0.0,0.0,0.0,0.0,0.005303234561643817,0.009296929573094099,0.0,0.013604338346276912,0.007121671987991746,0.0002745573235784383,-0.006075798242453717,0.0,0.0960308307183658,-0.0817343470231259
-0.030643977375909407,-0.0029109539040714253,-0.012235052260023863,-0.062373087167730615,-0.021194035294610985,0.3110179502128655,-0.09438582116415645,-0.04924763437947557,0.041879064089100915,0.004022775332669102,0.00130545857816122,0.4437150723036399,0.007000804121713626,0.02256275772397288,0.01837393706265179,1.026497700779285,0.0,0.0,0.0,0.008272560780513128,0.0,0.0,0.005771577028342511,0.0,0.0,0.02015177475833796,0.0,0.0,0.05932013437018289,0.15946940525271427,0.19448862558269941,0.007221595514456508,0.0,0.0,0.0,0.014803054869518797,0.0016354858359769122,0.0,0.0,0.0,0.0,0.06931513076010767,0.0,0.018544434629435926,0.0,0.0137538216735958,0.0,0.0,0.0,-0.004246501734476941,0.0,-0.0004726007300304446,0.0,0.0032628409860649297,-0.014479597706939027,0.0024582582849381144,-0.0016610579142472151,0.0,0.004466846155113355,0.010154254881409306,0.0,0.029002443923123473,0.011714935041369067,-0.006469865719688673,0.0,0.0,0.011978512603486854,0.0,-0.03130659197072076,0.0,0.0,0.0,0.0,-0.005615401789437407,0.04102795622384346,0.0,-0.00030148814004138077,-0.0029595617720257618,-0.03507336291134503,-0.003441161193358867,0.0,0.04649775767236743,0.015397627477600224
-0.11621669120605815,-0.005611100878919642,-0.0034558177862177783,-0.023762499007247532,-0.013960348249545921,0.0895192880021218,-0.2157721293564077,-0.16357334555288988,-0.1435468254415951,-0.0020358651439685072,0.019254933970620842,0.29440687159729784,0.013562570512822137,0.003042639703798613,-0.042560958085651225,-0.9239555075005429,0.0,0.0,0.0,0.006077234781431863,0.0,0.0,0.005191169355388205,0.0,0.0,-0.009851116989726834,0.0,0.0,-0.04449010077763717,-0.20809454396570054,-0.09156941575912064,-0.022539470731615115,0.0,0.0,0.0,-0.007173262172799986,-0.0021631425812232864,0.0,0.0,0.0,0.0,-0.012054144509813104,0.0,0.01634768679165598,0.0,0.034186071909395724,0.0,0.0,0.0,-0.012508223978296222,0.0,-0.0030801683968218925,0.0,0.019149716403892236,0.03754369167908852,-0.001292557886406485,-0.0016610579142472151,0.0,-0.01263371328408646,-0.003157513363432385,0.0,0.04257736039585823,0.00952530106097646,-0.0046653285481365915,0.0,0.0,0.023871774006107058,0.0,-0.03953543801106197,0.0,0.0,0.0,0.0,0.005303234561643817,0.009241202758785339,0.0,0.007948520244676521,0.0026713361461863086,-0.0032917507833547695,-0.003441161193358867,0.0,0.07959813708830812,-0.02062744335088586
0.1607334555198678,0.0036511853685320186,0.009019995476665764,0.04303774937965993,0.2632019910979034,-0.07143928803547857,0.6638947765054916,0.05517599628590014,0.018029196150031002,-0.025135937400560093,0.013158345654777935,-0.0679678158280093,0.004520958345802493,0.014123192521870219,-0.03480849885936248,0.8801885540694034,0.0,0.0,0.0,0.003833000721000745,0.0,0.0,0.003296147326435211,0.0,0.0,-0.006025173948313232,0.0,0.0,-0.006827026977968792,0.10800298302813247,-0.04146598564828878,0.0026599363767510105,0.0,0.0,0.0,0.0017590183993314243,0.0047075559981816254,0.0,0.0,0.0,0.0,-0.15776192394280433,0.0,-0.022302341337546425,0.0,-0.025569091300472486,0.0,0.0,0.0,-0.0014261311162401982,0.0,-0.0003355967949950232,0.0,-0.010687645358577982,-0.013352015130083305,-0.015229886957140257,-0.0039495986537648456,0.0,-0.0023756834618299423,-0.012291992751179695,0.0,-0.03936694589112539,-0.05077567723965916,-0.009244645571713426,0.0,0.0,-0.013748569479128133,0.0,0.11618459593788115,0.0,0.0,0.0,0.0,0.003367303438805626,0.02705022961837619,0.0,-0.004743528675474654,-0.009288315343332758,0.015645438925545423,0.0030763353501237376,0.0,-0.06118826370129451,0.046039029591521854
-0.09526538245070255,-0.005611100878919642,-0.004061704295470817,-0.02303913961735049,-0.007303838225106997,0.0895192880021218,-0.2234826118750122,-0.156215977358362,0.10873692047339065,0.0018507864945168245,-0.015493244673373747,0.3316329743654423,0.006032199322741379,-0.003949623357590871,-0.049159365051053325,-0.9056875202523506,0.0,0.0,0.0,0.006077234781431863,0.0,0.0,0.01966266541113331,0.0,0.0,-0.009851116989726834,0.0,0.0,-0.04449010077763717,-0.2205390272877854,-0.1031721820183476,-0.022539470731615115,0.0,0.0,0.0,-0.02396685074112566,0.0025957710974679428,0.0,0.0,0.0,0.0,0.038465193521138225,0.0,0.005626190983983025,0.0,-0.054253080074291575,0.0,0.0,0.0,-0.0039238982678562,0.0,-0.0009109764218330346,0.0,0.019149716403892236,-0.030274152067628707,0.0011309881506056745,-0.0016610579142472151,0.0,0.00851419038760792,0.0026083806045745788,0.0,0.039889325948075406,0.00952530106097646,-0.02365289142975527,0.0,0.0,0.02672888199989831,0.0,-0.03953543801106197,0.0,0.0,0.0,0.0,-0.01913060607050336,0.010855806869399246,0.0,-0.03309063898116751,-0.015438220213500733,-0.023223222068988303,-0.003441161193358867,0.0,0.0691807610275893,-0.022204992769760235
-0.03634678524886459,-0.0029109539040714253,-0.008930626580838758,-0.057073764900227364,-0.021194035294610985,0.3110179502128655,-0.08827913841013516,-0.04494197503590076,0.05478817092484703,-0.0044250528659360135,-0.006305390444643262,0.3885338239350271,0.022428769923775273,-0.06587758129520054,0.04791506841238886,1.0489115363245178,0.0,0.0,0.0,0.022495010824226416,0.0,0.0,0.005771577028342511,0.0,0.0,-0.004818902659602554,0.0,0.0,-0.04449010077763717,0.16257159339988433,-0.04300562659422642,0.01922484268284819,0.0,0.0,0.0,0.004430544283199991,-0.0021372826265607372,0.0,0.0,0.0,0.0,0.06931513076010767,0.0,0.017893366371373065,0.0,0.02658223484834777,0.0,0.0,0.0,0.013824879133906346,0.0,-0.0004726007300304446,0.0,-0.007997809272490258,0.015634416454782498,-0.0028094380399292735,-0.0016610579142472151,0.0,-0.0022132580397857047,-0.0041354982543951695,0.0,-0.019146694897873656,0.019951224930521507,-0.0034457650714431005,0.0,0.0,-0.010576688167538461,0.0,-0.04957540571499082,0.0,0.0,0.0,0.0,0.005896171878909279,0.012004770633779948,0.0,0.0037570224357646553,0.007669134098477622,-0.026826350831104073,-0.0074364684946178275,0.0,0.08642705519032363,0.01354174805518371
-0.10005018620967317,-0.005611100878919642,-0.0034558177862177783,-0.022095653684198368,-0.02575205319706116,-0.03371115863363805,-0.18102846187077112,-0.1619610483978042,-0.13238495672376818,-0.0020358651439685072,0.02425983483882725,0.27971684469269714,0.006667522381172122,-0.013181340491195218,-0.042560958085651225,-0.7801550554410659,0.0,0.0,0.0,0.006077234781431863,0.0,0.0,0.005191169355388205,0.0,0.0,-0.014737309066999998,0.0,0.0,-0.04449010077763717,-0.18409399747417957,-0.10580249027182966,-0.0043389947986952684,0.0,0.0,0.0,-0.0038954507080979435,-0.004301561909087873,0.0,0.0,0.0,0.0,-0.012054144509813104,0.0,-0.024237712695573316,0.0,0.017430087267683855,0.0,0.0,0.0,-0.003881930233482161,0.0,-0.0030801683968218925,0.0,0.010080865191655913,0.011200005889731527,-0.001292557886406485,-0.004564361944896368,0.0,-0.01252489377555667,-0.003157513363432385,0.0,0.04257736039585823,-0.01125987832012672,0.09171290334054288,0.0,0.0,-0.016818749867939065,0.0,-0.026699303918300426,0.0,0.0,0.0,0.0,0.005303234561643817,0.009241202758785339,0.0,0.007948520244676521,0.0026713361461863086,-0.03810119910683403,-0.003441161193358867,0.0,-0.09170274855715105,-0.02062744335088586
-0.03023224901491803,0.006085941591931931,0.014699203342330472,0.06292462829700492,-0.1323033548245191,-0.18746622578296718,-0.01705330152556519,0.1166620768585393,0.04529498281423712,-0.025135937400560093,-0.0060917564523401005,-0.1565944111966517,0.03412318436497601,0.029385368316168458,0.10823300046311028,0.7660169734436268,0.0,0.0,0.0,0.022495010824226416,0.0,0.0,-0.005496740026992867,0.0,0.0,-0.004818902659602554,0.0,0.0,-0.010659743877881097,0.09322666898431721,-0.030198698206499897,0.01922484268284819,0.0,0.0,0.0,0.004430544283199991,-0.002023156552652921,0.0,0.0,0.0,0.0,0.024106976115696045,0.0,0.027877274117063602,0.0,0.02865383450757862,0.0,0.0,0.0,0.013824879133906346,0.0,-0.0004726007300304446,0.0,0.005446183226414492,0.038127285201766996,0.013326151087497733,-0.0016610579142472151,0.0,0.004426516079571404,0.010154254881409306,0.0,0.03888345572917668,0.050163562816501174,-0.006799426778135753,0.0,0.0,0.0269564347506345,0.0,-0.024109632855366457,0.0,0.0,0.0,0.0,0.005896171878909279,0.04102795622384346,0.0,-0.00030148814004138077,0.007669134098477622,0.03139315734143101,0.018314971854844576,0.0,0.10599615470199694,0.05196950353130108
0.5489075685447434,-0.005926775243932362,-0.011694063032368718,-0.07626461462532279,-0.03190343909294321,-0.0565704814039663,-0.23698058614146572,-0.15958250656288506,-0.02842015988674336,0.003891701938711141,-0.006349137053505505,-0.13779552064255068,-0.05688223356107071,0.01835144116192488,0.08898870585775279,-0.5624248526190205,0.0,0.0,0.0,0.022495010824226416,0.0,0.0,-0.002890720960756318,0.0,0.0,-0.009851116989726834,0.0,0.0,-0.010659743877881097,0.05383740703155269,-0.08564464661549605,-0.022539470731615115,0.0,0.0,0.0,-0.02396685074112566,-0.0021631425812232864,0.0,0.0,0.0,0.0,0.019610748684669183,0.0,0.015938482929596907,0.0,0.019557375592190382,0.0,0.0,0.0,0.004383569859558201,0.0,0.0015475895678677878,0.0,-0.007997809272490258,-0.020502802032212122,0.0023781612797647406,-0.002628767299142269,0.0,0.00923016133923936,0.0014525573772911867,0.0,0.03409648710469534,0.01760653205879606,-0.007853933401982578,0.0,0.0,0.02948886854572887,0.0,-0.04552989688375914,0.0,0.0,0.0,0.0,-0.0029531248660263996,-0.016723731025610027,0.0,-0.004490952918258106,-0.000501467635009389,-0.03325405082399677,-0.022296487475462964,0.0,0.06596308546528062,-0.08794720789072136
-0.028382037429260598,-0.005042637319029317,0.0020139578096534305,0.005132594653806462,-0.12785301898271367,-0.18746622578296718,-0.027736740620058233,0.13591112340496386,0.05510288317370317,-0.002676362043194555,-0.015345622737074795,-0.10043555465954108,-0.05688223356107071,-0.07606475222937445,0.07581877820984441,0.6225027151002762,0.0,0.0,0.0,0.022495010824226416,0.0,0.0,0.005771577028342511,0.0,0.0,-0.004818902659602554,0.0,0.0,-0.010659743877881097,-0.08384496743317099,-0.03681817824310665,0.01922484268284819,0.0,0.0,0.0,0.004430544283199991,-0.002023156552652921,0.0,0.0,0.0,0.0,-0.06822123410032203,0.0,0.011221646340502333,0.0,0.016043135659365035,0.0,0.0,0.0,0.004383569859558201,0.0,-0.0004726007300304446,0.0,0.004910222183909059,-0.008027824656488092,-0.0025443434516354366,-0.0016610579142472151,0.0,0.004466846155113355,0.010154254881409306,0.0,0.07207250051013499,0.024691368236811784,-0.018353263912831194,0.0,0.0,0.0269564347506345,0.0,-0.024319671719823237,0.0,0.0,0.0,0.0,0.005896171878909279,0.023254869346299244,0.0,0.015668516164848934,0.0032187982566721854,-0.008244215699198308,-0.022296487475462964,0.0,0.09401652711361665,-0.03543753716918861
-0.10423353600887564,0.018866025954338308,0.014699203342330472,0.06395658738471821,-0.12033798181078693,-0.05515685652377588,-0.24201597405707442,0.08037118623019021,-0.06306592630011737,0.022850852182327356,-0.005881514083876044,-0.08083523214152151,-0.05688223356107071,0.01903304314655363,0.09493722093897991,-0.682807386236005,0.0,0.0,0.0,-0.01886678327193183,0.0,0.0,-0.004943970814655433,0.0,0.0,-0.004584128851182199,0.0,0.0,-0.010659743877881097,0.1583586533055447,-0.08671019808871826,0.01922484268284819,0.0,0.0,0.0,0.014803054869518797,-0.0021631425812232864,0.0,0.0,0.0,0.0,-0.041496901142212106,0.0,0.005935435514516809,0.0,0.017320939736181994,0.0,0.0,0.0,0.004383569859558201,0.0,0.004312235755550651,0.0,-0.0016846454378269841,-0.005307531326464738,0.013326151087497733,0.006779452508314271,0.0,-0.012265498464083952,0.0014525573772911867,0.0,-0.06769800920323771,0.050163562816501174,-0.007853933401982578,0.0,0.0,0.02948886854572887,0.0,-0.04552989688375914,0.0,0.0,0.0,0.0,-0.005050699582517927,-0.01604212904098128,0.0,-0.008407608505064201,-0.002438169285848736,-0.02995144436586363,-0.022296487475462964,0.0,0.06706422364292354,0.060616480785097224
-0.02873932046013055,-0.005042637319029317,0.009019995476665764,-0.0022167096115725884,-0.12694476403462207,-0.18746622578296718,-0.028615514382161825,0.11203430164683444,0.058646783083801404,-0.007918239079720928,-0.010297794303346031,-0.18181363323345906,0.03412318436497601,0.029367251121229922,0.07228321184366127,0.7836164661398609,0.0,0.0,0.0,-0.01886678327193183,0.0,0.0,0.005771577028342511,0.0,0.0,-0.004818902659602554,0.0,0.0,-0.010659743877881097,0.0480915137089385,-0.03654849841304773,0.01922484268284819,0.0,0.0,0.0,0.004430544283199991,-0.0039229633318180225,0.0,0.0,0.0,0.0,0.032454271591014175,0.0,0.027877274117063602,0.0,0.029757089142305095,0.0,0.0,0.0,0.013824879133906346,0.0,-0.0004726007300304446,0.0,-0.007997809272490258,0.038127285201766996,-0.015229886957140257,-0.0016610579142472151,0.0,-0.0022334230775566794,-0.012291992751179695,0.0,0.047744195044585686,0.050163562816501174,0.019390272671689416,0.0,0.0,-0.018992033574310667,0.0,-0.024317949467958712,0.0,0.0,0.0,0.0,0.005896171878909279,0.036114545548144666,0.0,0.02238442323899658,0.0032187982566721854,0.03151217984116898,-0.022296487475462964,0.0,0.10259767924818543,0.035108710767446705
0.4732082874453135,-0.0032807893759262967,-0.008580344508358312,-0.03603705080982942,-0.04260612897542866,-0.06658933424318124,-0.19462788644349543,-0.050421701923133236,-0.04774772620739952,-0.004280872132582256,0.013942489121179402,0.18371431604556365,0.004802092939411107,0.003164473062976892,-0.05028610989307105,-0.4658521575677519,0.0,0.0,0.0,0.006077234781431863,0.0,0.0,0.003035257008794134,0.0,0.0,-0.014276135379009555,0.0,0.0,-0.04449010077763717,0.10581322128480568,0.1992777219573116,0.003700907328298906,0.0,0.0,0.0,-0.0038954507080979435,0.005161874290905445,0.0,0.0,0.0,0.0,-0.0647177318937367,0.0,-0.05096732450311061,0.0,-0.03274585339069147,0.0,0.0,0.0,-0.0020353367210244316,0.0,-0.0011054211199055626,0.0,-0.02712175795504923,0.01361484020227232,-0.002717898605445418,-0.010606246624262832,0.0,-0.0046792014972840456,-0.003157513363432385,0.0,-0.021224215314311234,-0.018700226872646653,-0.0025204773225781076,0.0,0.0,-0.014874213892467535,0.0,-0.0032866016818714635,0.0,0.0,0.0,0.0,0.0031007811093277165,0.008506511804515886,0.0,0.0033910904652768104,0.0050881352546104305,-0.003654658135960509,-0.003441161193358867,0.0,-0.11685062320170424,-0.0817343470231259
-0.08278557126713851,-0.005611100878919642,-0.004769900075494968,-0.0204721032922238,-0.03921535037113849,-0.04823849525049974,0.029956748239133055,0.09664276850013064,0.11506666688932796,-0.002676362043194555,-0.01235847861685132,0.16589101825306565,0.022428769923775273,-0.013052880829810844,0.08099985553323394,-0.4416850147762207,0.0,0.0,0.0,0.022495010824226416,0.0,0.0,0.01966266541113331,0.0,0.0,-0.004818902659602554,0.0,0.0,-0.04449010077763717,-0.06860813883816683,-0.0469557500415264,0.01922484268284819,0.0,0.0,0.0,0.004430544283199991,-0.0039864064205901405,0.0,0.0,0.0,0.0,-0.05612710580869726,0.0,0.012931205329732149,0.0,0.03729111871756882,0.0,0.0,0.0,0.013824879133906346,0.0,-0.0009109764218330346,0.0,0.005446183226414492,0.007985860080143452,-0.0016992053113433566,-0.0016610579142472151,0.0,0.02474863594522747,-0.003157513363432385,0.0,0.11397084302864974,0.01739597708288189,-0.01940777053667802,0.0,0.0,0.08716075657196407,0.0,0.015770278098228077,0.0,0.0,0.0,0.0,0.020087136374028543,0.007038601562567047,0.0,0.043088254308396676,0.016321389620220908,0.02251021614654338,-0.0074364684946178275,0.0,0.176988004950251,-0.03326131641802704
-0.12630159924299195,-0.01563185007645173,-0.005884095865919097,-0.03297064485685363,-0.02011173414542797,0.0895192880021218,-0.21194148758379983,-0.17047381235352946,0.10506420339115455,0.00243305640290414,-0.008547029862670266,-0.15045699748319177,-0.05688223356107071,0.011195240998504805,0.05703909070847274,-0.8493734311313852,0.0,0.0,0.0,-0.01886678327193183,0.0,0.0,-0.018726348010603147,0.0,0.0,-0.009851116989726834,0.0,0.0,-0.010659743877881097,-0.05335923830429698,-0.08994915680141173,-0.022539470731615115,0.0,0.0,0.0,-0.02396685074112566,-0.0021631425812232864,0.0,0.0,0.0,0.0,0.01587482866485556,0.0,0.006345719234118676,0.0,0.019557375592190382,0.0,0.0,0.0,0.004383569859558201,0.0,0.0012753669905662506,0.0,0.005446183226414492,-0.020502802032212122,0.0014868046474254375,-0.0016610579142472151,0.0,0.00851419038760792,0.0026083806045745788,0.0,0.04103653583871534,0.01156118958999014,-0.01940777053667802,0.0,0.0,0.02948886854572887,0.0,-0.039140371554278644,0.0,0.0,0.0,0.0,-0.01913060607050336,0.007862787904602743,0.0,-0.03419833180180323,0.020771725462026346,-0.03325405082399677,-0.022296487475462964,0.0,0.12030136638615076,-0.036162352989814746
0.1923385232936555,0.0036511853685320186,0.014699203342330472,-0.02371071613158239,-0.1313950998764275,-0.1957982119364337,-0.01652222118300454,0.0992831944937194,-0.019957838248270493,0.007198399163382663,-0.006055767057093593,-0.025371760815185527,0.02840117874415895,0.025234400845015357,0.12365410717250415,0.6793291731658553,0.0,0.0,0.0,0.022495010824226416,0.0,0.0,-0.001821321298973634,0.0,0.0,-0.004584128851182199,0.0,0.0,-0.010659743877881097,0.1285000055615724,-0.038256573081315005,0.01922484268284819,0.0,0.0,0.0,0.004430544283199991,-0.002023156552652921,0.0,0.0,0.0,0.0,0.045638607972173915,0.0,0.03747003781254184,0.0,0.022629746289725975,0.0,0.0,0.0,-0.012508223978296222,0.0,0.0007602199619956718,0.0,-0.0016846454378269841,0.038127285201766996,0.013326151087497733,-0.002628767299142269,0.0,-0.002343199190222099,0.010154254881409306,0.0,-0.04056606543051511,0.050163562816501174,-0.006799426778135753,0.0,0.0,0.0269564347506345,0.0,-0.02439817944926357,0.0,0.0,0.0,0.0,-0.0018606393664559384,0.0366614013543605,0.0,0.0067095189556667005,0.0005072299116864198,-0.027851936349196367,0.018314971854844576,0.0,0.0883284420495491,0.04240523960245948
-0.10393698007744168,0.018866025954338308,0.004937493280333457,0.031096370246081938,0.1003514554652356,-0.033460219378023286,0.5105681800539424,0.05712489947169108,-0.0767300162524936,0.007515091941989511,-0.03065894017472797,-0.12840857620875956,0.004174837330465696,0.00043636566527000556,-0.03458107912261759,-0.7391601096036363,0.0,0.0,0.0,-0.002263463888569893,0.0,0.0,-0.004943970814655433,0.0,0.0,0.023431161264622927,0.0,0.0,0.009102702637291722,0.17136599718724133,0.3719751172102574,0.002030822793867992,0.0,0.0,0.0,0.0017590183993314243,0.01583697118332889,0.0,0.0,0.0,0.0,-0.041496901142212106,0.0,-0.01723914640412507,0.0,-0.02162007108692428,0.0,0.0,0.0,-0.0010646591965774697,0.0,0.004312235755550651,0.0,-0.0005674970225008416,0.0003437179298173194,0.004444747796441275,0.010185807054446178,0.0,-0.012265498464083952,-0.001758358930405121,0.0,-0.033021640464068455,-0.04884161821928752,-0.009606955449523493,0.0,0.0,-0.05303278226594312,0.0,0.029718188205468503,0.0,0.0,0.0,0.0,-0.005050699582517927,-0.019848344929968224,0.0,0.0017326474020877504,0.0077340269239922635,-0.012176432304828478,0.0030763353501237376,0.0,-0.04520372785971668,-0.15793006350035727
0.43476463373133595,0.007153004604745948,0.014699203342330472,0.0611696722951586,0.1003514554652356,-0.03289310353129138,0.6493697112189665,0.12632366458651353,0.056920036693295796,0.022850852182327356,-0.011442579037466403,-0.05643307791666951,0.005412271108868297,0.0013711847851335184,-0.0033494191147537457,-0.6017181498914131,0.0,0.0,0.0,0.003833000721000745,0.0,0.0,-0.006529967345346807,0.0,0.0,-0.005497899155513502,0.0,0.0,-0.006827026977968792,0.12915601802369003,-0.05602868546317277,0.003969669917723847,0.0,0.0,0.0,0.0027215001650033356,-0.0039864064205901405,0.0,0.0,0.0,0.0,-0.04588379707003355,0.0,0.008058484184269687,0.0,0.02366983015325069,0.0,0.0,0.0,-0.0022399917288816354,0.0,-0.000532644454441642,0.0,-0.010687645358577982,0.013874077533740307,0.013326151087497733,-0.0016273286135468931,0.0,-0.002493746345704243,0.0026083806045745788,0.0,0.08201171705175883,0.03976036648401898,-0.009396100574979561,0.0,0.0,0.08716075657196407,0.0,0.02839099170970085,0.0,0.0,0.0,0.0,0.00700448077274142,0.010855806869399246,0.0,-0.00982555880562196,0.01886463767727609,0.03282297107312707,0.0030763353501237376,0.0,-0.02671517167696598,0.06043135402566363
-0.10463174502411869,-0.01563185007645173,-0.005884095865919097,-0.03466566715637201,-0.04638708286063506,-0.0565704814039663,-0.2167044104679216,-0.1718158671649239,-0.057221576474566035,0.00243305640290414,-0.015408472396889859,-0.12635525198231196,0.00874090718599456,-0.00372133455431319,-0.09859660755442705,-0.7511295212411538,0.0,0.0,0.0,0.006077234781431863,0.0,0.0,-0.004943970814655433,0.0,0.0,-0.01309264085137838,0.0,0.0,-0.010659743877881097,-0.09779088966070529,-0.1112158413612583,0.006545410777490535,0.0,0.0,0.0,0.014803054869518797,-0.0021631425812232864,0.0,0.0,0.0,0.0,-0.034008513946573504,0.0,0.009629458599763052,0.0,0.021721287700347387,0.0,0.0,0.0,-0.003881930233482161,0.0,0.004312235755550651,0.0,-0.02712175795504923,-0.01720367039888467,0.0014868046474254375,-0.002628767299142269,0.0,0.024530996928167893,0.0026083806045745788,0.0,0.024996206022747713,0.010745301496681528,-0.03259746103313778,0.0,0.0,0.02948886854572887,0.0,-0.002846925838167325,0.0,0.0,0.0,0.0,-0.005050699582517927,0.010855806869399246,0.0,-0.006800207477437883,-0.002438169285848736,-0.03453489099990083,0.004990834270586981,0.0,-0.16044256728020959,-0.03845609316337274
0.1564806435479748,0.0036511853685320186,0.014699203342330472,0.07407386460791113,0.27909604767577995,-0.06848046066290861,0.44161304616960284,0.06445944892051256,0.033043356120265564,0.022850852182327356,-0.007286323756851093,-0.008593995485070869,0.008915437098404276,0.01960661733724738,0.05413510288133311,0.9148688304475765,0.0,0.0,0.0,-0.007344603647579196,0.0,0.0,0.003296147326435211,0.0,0.0,-0.0032240750007058584,0.0,0.0,-0.006827026977968792,0.14691031551078212,-0.03622628907648459,0.007526688457563168,0.0,0.0,0.0,0.0027215001650033356,-0.002023156552652921,0.0,0.0,0.0,0.0,0.0464829151008331,0.0,0.015912792868628504,0.0,-0.01651843509758138,0.0,0.0,0.0,-0.0022584885609871225,0.0,-0.0003355967949950232,0.0,-0.005012660003282618,0.02642849950531588,0.013326151087497733,-0.0016273286135468931,0.0,-0.0015732577396861927,-0.012291992751179695,0.0,-0.03916487689697644,0.04213098253405958,-0.006799426778135753,0.0,0.0,0.0269564347506345,0.0,0.11258342761618964,0.0,0.0,0.0,0.0,0.003367303438805626,0.03174799067866171,0.0,0.010348905385765174,0.015506412918154678,0.029582040274474752,0.006921170038737878,0.0,0.03855450550440564,0.06095679891307727
-0.09869645023790054,0.018866025954338308,0.0036228121257512874,0.030461234459852923,-0.11753290426289405,-0.0486978273880207,-0.007735569555255967,0.07185759593098631,-0.1346489771897443,-0.008266601136188463,0.013222529192301217,-0.19969918982266918,0.006875477744233544,0.011980763543837742,-0.08248655249459416,-0.6586053613691728,0.0,0.0,0.0,0.006077234781431863,0.0,0.0,0.005191169355388205,0.0,0.0,-0.014276135379009555,0.0,0.0,0.014212991837174796,0.01873592794681874,0.15842333498680428,0.003700907328298906,0.0,0.0,0.0,0.004430544283199991,0.004783687704708167,0.0,0.0,0.0,0.0,0.0072301294071240065,0.0,0.03815941538296164,0.0,-0.07269915802422366,0.0,0.0,0.0,-0.0020353367210244316,0.0,-0.0030801683968218925,0.0,0.012595231159859865,0.025572863230191416,-0.005079711767361457,-0.002628767299142269,0.0,0.0252674265681729,0.0026083806045745788,0.0,0.04551589656013292,-0.05493520915073196,-0.0025204773225781076,0.0,0.0,0.05107715237487049,0.0,0.025702421967236343,0.0,0.0,0.0,0.0,0.005303234561643817,0.010065389100821035,0.0,0.007948520244676521,0.007121671987991746,0.015013737179245593,0.004990834270586981,0.0,-0.1267142505984611,-0.12138943057430726
-0.07809979597227217,-0.005611100878919642,-0.005245919680284154,-0.029261027591616348,-0.015019905487061188,0.10404662461898348,0.015740686698922462,-0.05110537963326213,0.18761194594829447,-0.0029083787770978675,0.03477978535148556,0.5820805215119849,0.004242453889843038,0.003164473062976892,-0.029880806817977758,-0.6301484390186035,0.0,0.0,0.0,0.003691387393870176,0.0,0.0,0.01966266541113331,0.0,0.0,0.059700202494039956,0.0,0.0,0.05932013437018289,0.1638252471196187,0.47525591450382626,0.0026008783149537437,0.0,0.0,0.0,0.00240601367264873,0.01583697118332889,0.0,0.0,0.0,0.0,-0.0647177318937367,0.0,-0.037370559816601305,0.0,-0.025991704054007574,0.0,0.0,0.0,-0.0013850775187161765,0.0,-0.0009109764218330346,0.0,0.004540187650300026,0.01038467778861226,-0.0018465112662949784,-0.004564361944896368,0.0,-0.004314245043118942,-0.003157513363432385,0.0,-0.019496193169307997,-0.014359135096626677,0.02649428701616804,0.0,0.0,-0.035986175536840574,0.0,-0.012500362716545367,0.0,0.0,0.0,0.0,0.020087136374028543,0.008506511804515886,0.0,0.03854012902743202,0.016321389620220908,-0.005337745634891753,-0.003441161193358867,0.0,-0.07053439859211712,-0.03626132686433664
-0.1429345759767997,0.018866025954338308,0.0020139578096534305,0.018232781304095814,-0.11753290426289405,-0.05871668022723565,-0.03573777912697531,0.07866597503106107,-0.14239560404304608,-0.004102593233761398,0.045080432327545855,-0.11769618501764129,0.00874090718599456,-0.00039299843898064023,-0.08674854534497928,-0.7602621082453355,0.0,0.0,0.0,-0.005097035623136402,0.0,0.0,0.005191169355388205,0.0,0.0,-0.01309264085137838,0.0,0.0,-0.010659743877881097,-0.12738430263388245,-0.10366590563667581,0.006545410777490535,0.0,0.0,0.0,0.00240601367264873,-0.013197475986107408,0.0,0.0,0.0,0.0,-0.03411564900762064,0.0,-0.06274147755829698,0.0,0.030498472642755656,0.0,0.0,0.0,-0.003881930233482161,0.0,-0.0030801683968218925,0.0,-0.02712175795504923,0.012509466825615604,-0.0025443434516354366,-0.010606246624262832,0.0,-0.01252489377555667,-0.003157513363432385,0.0,-0.10680652528808801,-0.00987820732041187,-0.03259746103313778,0.0,0.0,-0.0443621081284176,0.0,0.025799446290792415,0.0,0.0,0.0,0.0,0.005303234561643817,0.008506511804515886,0.0,0.007948520244676521,0.007121671987991746,0.03282297107312707,0.004990834270586981,0.0,-0.18504726538745048,-0.045433620389259216
-0.027116279864361832,-0.0029109539040714253,-0.0034558177862177783,-0.022515311598402005,-0.016743699452805547,0.3110179502128655,-0.10856205926272264,-0.0916381564688072,0.054774155300542526,-0.0020358651439685072,0.008540715152373743,0.28746876283059397,0.006032199322741379,0.024989098012133868,-0.017733682449987912,1.0992457830150437,0.0,0.0,0.0,-0.005097035623136402,0.0,0.0,0.005771577028342511,0.0,0.0,-0.010259744630911758,0.0,0.0,-0.04449010077763717,-0.16203360698438632,-0.05875633131794457,0.006823002137953246,0.0,0.0,0.0,0.004430544283199991,0.0016354858359769122,0.0,0.0,0.0,0.0,0.06931513076010767,0.0,0.025721271528010035,0.0,-0.050307325638019595,0.0,0.0,0.0,-0.0039238982678562,0.0,-0.0004726007300304446,0.0,0.019149716403892236,0.015551874846553971,-0.001292557886406485,-0.0016610579142472151,0.0,0.004466846155113355,0.010154254881409306,0.0,0.0361520951088254,-0.036682300663315556,0.05624753569149671,0.0,0.0,0.011978512603486854,0.0,-0.049653913444431146,0.0,0.0,0.0,0.0,0.005896171878909279,0.03633019516355794,0.0,0.0004893357580472565,0.0032187982566721854,-0.029663053416152628,-0.003441161193358867,0.0,0.080213534836584,-0.02062744335088586
-0.0513602387063643,-0.005042637319029317,-0.03481390265288796,-0.13498776203576884,-0.14900244385675748,-0.1957982119364337,-0.05243721224186841,-0.08008223040062713,-0.030993265350235798,0.007198399163382663,-0.011242292618406634,-0.2660602043981896,0.006315838694665475,0.008374993645577412,-0.07355077843986776,0.8442852125982688,0.0,0.0,0.0,0.003691387393870176,0.0,0.0,-0.0025648569603523835,0.0,0.0,-0.01309264085137838,0.0,0.0,0.014212991837174796,0.09198254259569476,0.29187114306411516,0.006545410777490535,0.0,0.0,0.0,0.014803054869518797,0.0047075559981816254,0.0,0.0,0.0,0.0,0.013347137621171293,0.0,0.02832023447552355,0.0,-0.04956731845116948,0.0,0.0,0.0,-0.0013850775187161765,0.0,-0.0009340463231486025,0.0,-0.013851281473255794,-0.014479597706939027,0.004398834863575659,-0.002628767299142269,0.0,-0.003922800305432935,-0.003950893199338635,0.0,-0.018557958944232497,0.016790643965487448,-0.008417950035269909,0.0,0.0,-0.017264475943123202,0.0,-0.059110264730831925,0.0,0.0,0.0,0.0,-0.0026202262239229702,-0.06781574696872503,0.0,-0.0015915710328641213,-0.0001941005864580618,-0.02927249962251407,0.004990834270586981,0.0,-0.09224512607433949,0.03304217887927144
0.18994518852514705,0.0036511853685320186,0.014699203342330472,0.051858369757523545,0.26134223096609677,-0.06904757650964051,0.4838708868612397,0.06259968878870592,-0.022496847043741535,-0.025135937400560093,-0.01011555641251312,-0.01984008360818622,-0.020896898352081007,-0.053962947897526,0.022451682412134175,0.8965823888137556,0.0,0.0,0.0,-0.007344603647579196,0.0,0.0,-0.001821321298973634,0.0,0.0,-0.003113479074425195,0.0,0.0,-0.006827026977968792,0.14275947225437766,-0.034026213675928646,0.007526688457563168,0.0,0.0,0.0,-0.0028479345512984968,-0.0039229633318180225,0.0,0.0,0.0,0.0,0.05206219549625299,0.0,-0.012207293685795926,0.0,0.011195146252863953,0.0,0.0,0.0,0.002516677256369826,0.0,0.0007602199619956718,0.0,-0.0010446376433090971,-0.012964400131190537,0.013326151087497733,0.010185807054446178,0.0,-0.002353604477862286,-0.0041354982543951695,0.0,-0.0319860990035331,0.04213098253405958,-0.006799426778135753,0.0,0.0,-0.018992033574310667,0.0,0.11254759583064455,0.0,0.0,0.0,0.0,0.0019536713347787357,0.012004770633779948,0.0,-6.388118480943556e-06,-0.010593529221066605,0.02915554502250279,0.006921170038737878,0.0,0.04645282533369198,0.051910423490406074
-0.07799360294030606,-0.01563185007645173,-0.005884095865919097,-0.027318708194332023,-0.027669419160215123,0.10404662461898348,-0.047592410642210065,0.02434165101879581,0.15547785180668505,0.00243305640290414,-0.039345813366968074,-0.1442516810695258,0.006875477744233544,-0.0038902532666353494,-0.09359477613957133,-0.8163888664858284,0.0,0.0,0.0,0.006077234781431863,0.0,0.0,0.01966266541113331,0.0,0.0,-0.01268071093727157,0.0,0.0,-0.010659743877881097,-0.10295206932150536,-0.10795515138453597,0.003700907328298906,0.0,0.0,0.0,0.00240601367264873,0.01583697118332889,0.0,0.0,0.0,0.0,-0.034008513946573504,0.0,-0.03937286437326776,0.0,-0.06054679227032615,0.0,0.0,0.0,-0.0020353367210244316,0.0,-0.0009109764218330346,0.0,0.0008199193181462443,0.01038467778861226,0.0014868046474254375,-0.004564361944896368,0.0,-0.004314245043118942,-0.003157513363432385,0.0,-0.09904478532205231,-0.018077027836521785,-0.03259746103313778,0.0,0.0,-0.05303278226594312,0.0,-0.014815761299553388,0.0,0.0,0.0,0.0,-0.01913060607050336,0.009296929573094099,0.0,0.04419594712903241,-0.015438220213500733,-0.008169699914117791,-0.006075798242453717,0.0,-0.1436224943865321,-0.032484664629325796
-0.035062078901758054,-0.0029109539040714253,-0.005245919680284154,-0.04522952635845775,-0.016743699452805547,0.3110179502128655,-0.09352801103701142,-0.04487139924424308,0.054774155300542526,-0.0029083787770978675,0.007202601490232258,0.5117570503311563,0.004920246399038817,0.026649560388964624,-0.00830724038398449,0.9659876581308642,0.0,0.0,0.0,-0.003096002330342727,0.0,0.0,0.005771577028342511,0.0,0.0,0.04290438663835825,0.0,0.0,0.05932013437018289,0.133693429980432,0.24339686274985264,0.003977378251227169,0.0,0.0,0.0,0.004430544283199991,-0.0013629048633140937,0.0,0.0,0.0,0.0,0.06931513076010767,0.0,0.02838361553687401,0.0,-0.007609663394802975,0.0,0.0,0.0,-0.0021726223062007556,0.0,-0.0004726007300304446,0.0,0.007079846431002392,0.026172146885133717,-0.0018465112662949784,-0.0016610579142472151,0.0,0.004466846155113355,0.010154254881409306,0.0,0.029002443923123473,-0.01979127595887284,0.0195391670357569,0.0,0.0,0.01297797616991719,0.0,-0.03130659197072076,0.0,0.0,0.0,0.0,0.005896171878909279,0.03633019516355794,0.0,0.0004893357580472565,0.0032187982566721854,-0.03360423188178434,-0.003441161193358867,0.0,0.025177453757306244,-0.03626132686433664
-0.14445205607827277,0.018866025954338308,0.004937493280333457,0.0330768691184695,-0.11753290426289405,-0.05871668022723565,-0.013102474347013575,0.05712489947169108,-0.11682177909041322,0.007515091941989511,0.03439164488176508,-0.19642347326948095,0.006315838694665475,0.003164473062976892,-0.07928948198758594,-0.6711160286840469,0.0,0.0,0.0,0.003691387393870176,0.0,0.0,0.005191169355388205,0.0,0.0,0.053028427555862914,0.0,0.0,0.014212991837174796,0.04892557338248996,0.46381884592172185,0.0026008783149537437,0.0,0.0,0.0,0.00240601367264873,0.01583697118332889,0.0,0.0,0.0,0.0,-0.029728753079799206,0.0,-0.054326290133866174,0.0,-0.04013214583576827,0.0,0.0,0.0,-0.0013850775187161765,0.0,-0.0030801683968218925,0.0,-0.00027897942939318285,0.012509466825615604,0.004444747796441275,-0.010606246624262832,0.0,-0.01252489377555667,-0.003157513363432385,0.0,-0.03590607653394138,-0.050594117374712,-0.009606955449523493,0.0,0.0,-0.035986175536840574,0.0,0.028571927731720542,0.0,0.0,0.0,0.0,-0.005050699582517927,0.008506511804515886,0.0,0.007948520244676521,-0.002438169285848736,-0.005337745634891753,0.004990834270586981,0.0,-0.08307789149715746,-0.1562111509080085
0.13759943730516877,-0.0020670869478379536,-0.008930626580838758,-0.05244241458613355,-0.017803256690320814,0.3110179502128655,-0.009403479496963636,-0.045555076954371984,0.0332478649196172,-0.0044250528659360135,0.008761494898298222,0.4913369502999281,0.004920246399038817,0.02706231902637076,-0.01780636079004724,0.7480109153764252,0.0,0.0,0.0,-0.003096002330342727,0.0,0.0,0.003296147326435211,0.0,0.0,0.04290438663835825,0.0,0.0,0.05932013437018289,0.1498332687099898,0.23451672843080418,0.003977378251227169,0.0,0.0,0.0,0.004430544283199991,0.0024277878631835054,0.0,0.0,0.0,0.0,0.07715097087597154,0.0,0.025721271528010035,0.0,-0.02848427772512218,0.0,0.0,0.0,-0.0021726223062007556,0.0,-0.0003355967949950232,0.0,0.0077216979912524105,0.026172146885133717,-0.0028094380399292735,-0.0016610579142472151,0.0,0.0031687178096191874,0.010154254881409306,0.0,0.02102985318352087,-0.01979127595887284,0.0195391670357569,0.0,0.0,0.019514098615536705,0.0,-0.026549790702617183,0.0,0.0,0.0,0.0,0.003367303438805626,0.03633019516355794,0.0,-0.004743528675474654,0.0008838808665082411,0.026841473726910047,0.0028266681231162117,0.0,0.02788959072057399,0.013893385474951364
-0.14299157391363088,0.018866025954338308,0.0036228121257512874,0.0330768691184695,-0.11753290426289405,-0.04989072623804297,-0.026167565800836932,0.07389281114347068,-0.14289153328785506,0.007515091941989511,0.03439164488176508,-0.16499549310520953,0.006875477744233544,-0.004464118221904461,-0.09751633641187533,-0.7669447490180284,0.0,0.0,0.0,0.006077234781431863,0.0,0.0,0.005191169355388205,0.0,0.0,-0.01268071093727157,0.0,0.0,-0.010659743877881097,0.046944816885829015,-0.10795515138453597,0.003700907328298906,0.0,0.0,0.0,0.00240601367264873,0.01583697118332889,0.0,0.0,0.0,0.0,-0.029728753079799206,0.0,-0.04534835264133721,0.0,-0.02721263704130685,0.0,0.0,0.0,-0.0020353367210244316,0.0,-0.0030801683968218925,0.0,0.0008199193181462443,0.012509466825615604,-0.005079711767361457,0.027352951820467295,0.0,-0.01263371328408646,-0.003157513363432385,0.0,-0.07762538249143483,-0.05493520915073196,-0.01364122146805681,0.0,0.0,-0.035986175536840574,0.0,0.026256529148712522,0.0,0.0,0.0,0.0,0.005303234561643817,0.008506511804515886,0.0,0.007948520244676521,0.007121671987991746,-0.008169699914117791,0.004990834270586981,0.0,-0.11369756401196596,-0.14045042864180418
0.3072361080770883,-0.0032807893759262967,0.0022149438650088645,0.0009630825800385082,-0.02825186514001155,-0.04823849525049974,0.04927628824143085,0.08551713416763139,0.06416245649510938,-0.0029083787770978675,0.013336862998383377,0.41600171128096686,0.004242453889843038,0.011980763543837742,-0.02546540865142481,-0.40671430252771756,0.0,0.0,0.0,0.003691387393870176,0.0,0.0,0.006856465712614146,0.0,0.0,0.061628747007454535,0.0,0.0,0.05932013437018289,0.19032797018998177,0.36601415646895624,-0.0030493056106354237,0.0,0.0,0.0,-0.007173262172799986,0.004783687704708167,0.0,0.0,0.0,0.0,0.0053683674019297575,0.0,0.026311435875280766,0.0,-0.009813484535165184,0.0,0.0,0.0,-0.0013850775187161765,0.0,-0.000532644454441642,0.0,0.004540187650300026,0.03966848071609186,-0.002831317274985634,-0.0016610579142472151,0.0,0.005035767482862542,0.0026083806045745788,0.0,0.04533109419184786,-0.019666746401149144,0.02649428701616804,0.0,0.0,0.05107715237487049,0.0,-0.019004319383797902,0.0,0.0,0.0,0.0,0.00700448077274142,0.010065389100821035,0.0,0.011468826263581821,0.004242105625629651,0.015013737179245593,0.0028266681231162117,0.0,-0.0566738946495912,-0.04002975619384268
-0.10498209881211697,0.018866025954338308,0.0036228121257512874,0.028088203240527215,-0.11308256842108862,-0.05871668022723565,-0.02433831774995302,0.05712489947169108,0.18541793955610889,-0.008266601136188463,0.03477978535148556,-0.19229548444438002,0.006875477744233544,0.004245716814856987,-0.06601197057877015,-0.5705647980988222,0.0,0.0,0.0,-0.005097035623136402,0.0,0.0,0.01966266541113331,0.0,0.0,-0.014276135379009555,0.0,0.0,0.014212991837174796,0.04363253787253476,0.22353194244878316,0.003700907328298906,0.0,0.0,0.0,0.00240601367264873,0.01583697118332889,0.0,0.0,0.0,0.0,-0.03411564900762064,0.0,-0.06274147755829698,0.0,-0.010464662324799614,0.0,0.0,0.0,-0.0020353367210244316,0.0,-0.0009109764218330346,0.0,0.012595231159859865,0.012509466825615604,-0.005079711767361457,-0.010606246624262832,0.0,-0.004314245043118942,-0.003157513363432385,0.0,-0.04366781649997708,-0.05493520915073196,-0.0025204773225781076,0.0,0.0,-0.035986175536840574,0.0,0.025702421967236343,0.0,0.0,0.0,0.0,0.020087136374028543,0.008506511804515886,0.0,0.03854012902743202,0.016321389620220908,0.012536782335645733,0.004990834270586981,0.0,-0.12921541779805543,-0.12138943057430726
-0.03431772488648765,-0.0029109539040714253,-0.008930626580838758,-0.05291004737615519,-0.08308979837436721,-0.18746622578296718,-0.09618410314196196,-0.04487139924424308,-0.04288915428427866,-0.0044250528659360135,0.007172690017538644,0.4922438765560651,0.004242453889843038,0.02706231902637076,-0.009441107515633838,0.887228899576763,0.0,0.0,0.0,-0.003096002330342727,0.0,0.0,0.002693099808370002,0.0,0.0,0.059700202494039956,0.0,0.0,0.05932013437018289,0.14713546533105218,0.25770695322737763,0.0026008783149537437,0.0,0.0,0.0,0.004430544283199991,0.0016354858359769122,0.0,0.0,0.0,0.0,0.07715097087597154,0.0,0.025721271528010035,0.0,-0.027217522809648547,0.0,0.0,0.0,-0.0013850775187161765,0.0,-0.0009340463231486025,0.0,0.0051820392105500455,0.026172146885133717,-0.0028094380399292735,-0.0016610579142472151,0.0,0.007948220557378014,0.010154254881409306,0.0,0.026314409475340656,-0.014359135096626677,0.023384188030334263,0.0,0.0,0.011978512603486854,0.0,-0.04799897474691175,0.0,0.0,0.0,0.0,0.0027512375351191175,0.03633019516355794,0.0,-0.00601832387833405,0.0003150640118260999,0.026841473726910047,0.0028266681231162117,0.0,-0.045998339816933485,0.013893385474951364
0.4763954408973722,-0.0032807893759262967,-0.0034558177862177783,-0.020552571878216883,-0.038155793133623224,-0.06658933424318124,-0.19646629201122356,-0.08187430393064954,-0.048269289608296656,-0.0020358651439685072,0.024631276566960184,0.23969037557432227,0.006032199322741379,-0.00039299843898064023,-0.06281514799374043,-0.5573469603115127,0.0,0.0,0.0,0.006077234781431863,0.0,0.0,0.003035257008794134,0.0,0.0,-0.010259744630911758,0.0,0.0,-0.04449010077763717,-0.2121985340862263,-0.10637860265155415,0.006823002137953246,0.0,0.0,0.0,0.00240601367264873,0.005161874290905445,0.0,0.0,0.0,0.0,-0.06910462782155816,0.0,-0.05232398557719972,0.0,-0.06236394988717269,0.0,0.0,0.0,-0.0039238982678562,0.0,-0.0011054211199055626,0.0,-0.01805290674281291,0.01038467778861226,-0.001292557886406485,-0.010606246624262832,0.0,-0.0046792014972840456,-0.003157513363432385,0.0,-0.0324005852072658,-0.036682300663315556,-0.02365289142975527,0.0,0.0,-0.014874213892467535,0.0,-0.03366944794946389,0.0,0.0,0.0,0.0,0.0031007811093277165,0.008506511804515886,0.0,0.0033910904652768104,0.0006377994128049934,0.02437871383543085,-0.003441161193358867,0.0,0.07462439880574015,-0.02439930453594799
0.5335492032012905,0.007153004604745948,0.0024843960322769518,0.018839347329343947,-0.03516577501205401,-0.0565704814039663,0.027895902905343342,0.18502423191784978,-0.028768692933918198,0.0037296302125103633,-0.0193832234299752,-0.04892869472755162,0.03412318436497601,0.01971729068063246,0.11673331925775719,-0.3930241499427591,0.0,0.0,0.0,0.022495010824226416,0.0,0.0,-0.002890720960756318,0.0,0.0,-0.004584128851182199,0.0,0.0,-0.010659743877881097,-0.10782422351644169,-0.04844563467704752,0.01922484268284819,0.0,0.0,0.0,0.004430544283199991,-0.0039864064205901405,0.0,0.0,0.0,0.0,-0.04285266363032553,0.0,0.02081441003598056,0.0,0.03978215157497489,0.0,0.0,0.0,0.013824879133906346,0.0,0.0015475895678677878,0.0,-0.0016846454378269841,0.015035132799840197,0.0022263005201810073,-0.002628767299142269,0.0,0.00923016133923936,0.0014525573772911867,0.0,0.12120796175703287,0.024691368236811784,-0.01940777053667802,0.0,0.0,0.08716075657196407,0.0,0.01610497017268299,0.0,0.0,0.0,0.0,-0.0029531248660263996,-0.02315872179992251,0.0,-0.004041605830641726,-0.000501467635009389,0.00491980938358126,-0.022296487475462964,0.0,0.12084676733355895,-0.05094952809851356
-0.07910686575617447,0.018866025954338308,0.009019995476665764,0.0502844416423418,0.1003514554652356,-0.044187899367476656,0.0056801721385141505,0.0831762637780831,0.09066105989370069,-0.025135937400560093,-0.03179371173410855,-0.07466820634468119,0.03412318436497601,-0.00884147271104352,0.12770174077178956,-0.7909176191966026,0.0,0.0,0.0,-0.01886678327193183,0.0,0.0,0.01966266541113331,0.0,0.0,-0.004584128851182199,0.0,0.0,-0.010659743877881097,0.180581953673964,-0.07736603153536475,0.01922484268284819,0.0,0.0,0.0,0.00240601367264873,-0.013197475986107408,0.0,0.0,0.0,0.0,-0.04588379707003355,0.0,-0.04206498653737262,0.0,0.03867889694024841,0.0,0.0,0.0,0.013824879133906346,0.0,-0.0009109764218330346,0.0,-0.0016846454378269841,0.010094632513074811,-0.015229886957140257,-0.010606246624262832,0.0,-0.01263371328408646,-0.003157513363432385,0.0,-0.06941619482367922,0.050163562816501174,-0.007853933401982578,0.0,0.0,-0.06140871485752015,0.0,0.013792367828282512,0.0,0.0,0.0,0.0,0.020087136374028543,0.009296929573094099,0.0,0.0036157530864592705,0.030943921671867346,0.03282297107312707,0.018314971854844576,0.0,0.07552306306528017,0.04622415635095545
0.169730862501134,-0.0020670869478379536,-0.021363147181576808,-0.08138302826985905,-0.08414935561188248,-0.1957982119364337,-0.010805138776657276,0.013387740195961827,-0.025713765713576434,-0.007918239079720928,0.0028478852579608043,0.24522920451486438,0.022428769923775273,0.029385368316168458,0.06396594919715312,0.6487253870861779,0.0,0.0,0.0,0.022495010824226416,0.0,0.0,0.0019123873639223154,0.0,0.0,-0.004818902659602554,0.0,0.0,0.05932013437018289,0.058608303613578765,-0.030020311945505605,0.01922484268284819,0.0,0.0,0.0,0.004430544283199991,-0.002023156552652921,0.0,0.0,0.0,0.0,0.07715097087597154,0.0,0.03504066451205736,0.0,0.02701972733044427,0.0,0.0,0.0,0.013824879133906346,0.0,-0.0005430142585683352,0.0,0.005446183226414492,0.026172146885133717,-0.005027239844086467,-0.002628767299142269,0.0,0.004751366923659883,0.010154254881409306,0.0,0.04529137936919423,0.019951224930521507,-0.0034457650714431005,0.0,0.0,0.02196611589851246,0.0,-0.024109632855366457,0.0,0.0,0.0,0.0,0.0019536713347787357,0.04102795622384346,0.0,0.014226398665889126,-0.0004213330112256054,0.03139315734143101,-0.0074364684946178275,0.0,0.10593816207155557,0.030401371289093395
-0.10579731811425754,-0.01563185007645173,-0.011694063032368718,-0.07780769643130427,-0.022191637976557762,0.0895192880021218,-0.23777883547339895,-0.1609245613742795,-0.06788751594758399,0.003891701938711141,-0.007468230294309845,-0.18282532073274227,0.008105584127563816,-0.006221432933279784,-0.053654783158549324,-0.9030003677081996,0.0,0.0,0.0,-0.005097035623136402,0.0,0.0,-0.004943970814655433,0.0,0.0,-0.00961634318130648,0.0,0.0,-0.010659743877881097,0.06858028824371476,-0.10823852666332873,-0.022539470731615115,0.0,0.0,0.0,-0.02396685074112566,-0.0021631425812232864,0.0,0.0,0.0,0.0,0.0015577031664381442,0.0,0.02042999537817387,0.0,-0.01731635822705678,0.0,0.0,0.0,-0.0039238982678562,0.0,0.004312235755550651,0.0,-0.010180836007863188,-0.030274152067628707,0.0023781612797647406,-0.0016610579142472151,0.0,0.024530996928167893,0.0014525573772911867,0.0,0.04728400136324308,0.01760653205879606,-0.012099054295059825,0.0,0.0,0.02948886854572887,0.0,-0.03953543801106197,0.0,0.0,0.0,0.0,-0.005050699582517927,-0.02315872179992251,0.0,-0.00795826141744782,-0.002438169285848736,-0.023223222068988303,-0.006075798242453717,0.0,0.04154607185126242,-0.08387012136135735
-0.06315586200285722,-0.005611100878919642,-0.005245919680284154,-0.02679878575026965,-0.03921535037113849,-0.046508791917967446,0.028796578694024823,-0.05110537963326213,0.18761194594829447,-0.0029083787770978675,0.03477978535148556,0.5508805294094733,0.0050889187829132095,0.003164473062976892,-0.027582793272545016,-0.43758457395409495,0.0,0.0,0.0,-0.003096002330342727,0.0,0.0,0.01966266541113331,0.0,0.0,0.053028427555862914,0.0,0.0,0.05932013437018289,0.2510529220518138,0.46557140324390134,0.0026008783149537437,0.0,0.0,0.0,0.00240601367264873,0.01583697118332889,0.0,0.0,0.0,0.0,-0.0647177318937367,0.0,-0.032914050432361265,0.0,0.013025383967487893,0.0,0.0,0.0,-0.0021551213109233204,0.0,-0.0009109764218330346,0.0,-0.00027897942939318285,0.0054601941059188586,-0.0018465112662949784,0.011771249226311687,0.0,-0.004314245043118942,-0.003157513363432385,0.0,-0.021224215314311234,-0.014359135096626677,-0.009606955449523493,0.0,0.0,-0.035986175536840574,0.0,-0.00773879317594114,0.0,0.0,0.0,0.0,0.020087136374028543,0.008506511804515886,0.0,0.03854012902743202,0.016321389620220908,-0.00303514775791353,-0.003441161193358867,0.0,-0.06735950675235941,-0.035699835119429923
-0.12700450120778128,-0.01563185007645173,-0.005884095865919097,0.0018488560539844843,-0.04007315909677717,0.10404662461898348,-0.018105735159765983,0.085456060304254,0.12411022828159146,0.00243305640290414,-0.03204110793632499,-0.13039660325380495,-0.05688223356107071,0.010581368073878689,0.11080837666072293,-0.748739378835079,0.0,0.0,0.0,0.022495010824226416,0.0,0.0,-0.018726348010603147,0.0,0.0,-0.004584128851182199,0.0,0.0,-0.010659743877881097,-0.047209152753946104,-0.05870638807049008,0.01922484268284819,0.0,0.0,0.0,0.00240601367264873,-0.013197475986107408,0.0,0.0,0.0,0.0,-0.034008513946573504,0.0,-0.0271115607767742,0.0,0.017320939736181994,0.0,0.0,0.0,0.004383569859558201,0.0,0.0012753669905662506,0.0,-0.001352349591473615,0.010094632513074811,0.0014868046474254375,-0.004564361944896368,0.0,-0.004257095193803961,-0.003157513363432385,0.0,0.11239403295161236,0.022009735451432703,-0.01940777053667802,0.0,0.0,-0.06140871485752015,0.0,0.022066065198327378,0.0,0.0,0.0,0.0,0.020087136374028543,0.007038601562567047,0.0,-0.03419833180180323,-0.015438220213500733,-0.02995144436586363,-0.022296487475462964,0.0,0.15747151879094928,-0.03470845741743185
-0.14648954935474662,0.018866025954338308,0.004474343409281123,0.025573263056303593,-0.11753290426289405,-0.05871668022723565,-0.04657189694680746,0.08064384272447236,-0.07692586033225031,0.006800388881085246,-0.03859918227730799,-0.084448343010394,0.00874090718599456,-0.007578898308866442,-0.10003752934932773,-0.778854840004276,0.0,0.0,0.0,0.006077234781431863,0.0,0.0,-0.004943970814655433,0.0,0.0,-0.011497216409640392,0.0,0.0,-0.010659743877881097,-0.26535366376011826,-0.10365036316822945,0.006545410777490535,0.0,0.0,0.0,0.00478298608018833,-0.013197475986107408,0.0,0.0,0.0,0.0,-0.041496901142212106,0.0,-0.047403930849643484,0.0,0.030498472642755656,0.0,0.0,0.0,-0.003881930233482161,0.0,0.004312235755550651,0.0,-0.0007389875821402041,-0.0029655501503655685,0.004025900328918179,-0.010606246624262832,0.0,-0.012265498464083952,-0.001758358930405121,0.0,-0.1055686564593247,0.016004804121597743,-0.03259746103313778,0.0,0.0,-0.06140871485752015,0.0,0.026256529148712522,0.0,0.0,0.0,0.0,-0.005050699582517927,-0.019848344929968224,0.0,-0.00795826141744782,-0.002438169285848736,0.0002745573235784383,0.004990834270586981,0.0,-0.181989478976752,0.016822288568687976
-0.09933397195078358,-0.005611100878919642,-0.0034558177862177783,-0.022095653684198368,-0.038155793133623224,-0.06658933424318124,-0.16269537621973393,-0.08187430393064954,-0.13040971713757168,-0.0020358651439685072,0.02425983483882725,0.30050742017394266,0.004802092939411107,-0.00039299843898064023,-0.04736482841718205,-0.7150915196669292,0.0,0.0,0.0,0.006077234781431863,0.0,0.0,0.005191169355388205,0.0,0.0,-0.014276135379009555,0.0,0.0,-0.04449010077763717,-0.2178984579669391,-0.1074807980956936,0.003700907328298906,0.0,0.0,0.0,0.00240601367264873,0.005161874290905445,0.0,0.0,0.0,0.0,-0.06910462782155816,0.0,-0.05232398557719972,0.0,-0.04640635048856546,0.0,0.0,0.0,-0.0020353367210244316,0.0,-0.0030801683968218925,0.0,0.010080865191655913,0.01038467778861226,-0.001292557886406485,-0.010606246624262832,0.0,-0.01252489377555667,-0.003157513363432385,0.0,-0.0324005852072658,-0.015634087614912296,0.03565747592157671,0.0,0.0,-0.014874213892467535,0.0,-0.021662369486953985,0.0,0.0,0.0,0.0,0.005303234561643817,0.008506511804515886,0.0,0.007948520244676521,0.0026713361461863086,0.02437871383543085,-0.003441161193358867,0.0,-0.11343375285956062,-0.02062744335088586
-0.1065572392124651,0.018866025954338308,0.004474343409281123,0.025573263056303593,-0.11753290426289405,-0.0565704814039663,-0.02794935395363016,0.08064384272447236,-0.07692586033225031,0.006800388881085246,-0.03859918227730799,-0.07742913622026296,0.00874090718599456,-0.006209525712423928,-0.10003752934932773,-0.6895329698498582,0.0,0.0,0.0,0.006077234781431863,0.0,0.0,-0.004943970814655433,0.0,0.0,-0.011497216409640392,0.0,0.0,-0.010659743877881097,-0.2534831173448439,-0.10365036316822945,0.006545410777490535,0.0,0.0,0.0,0.014803054869518797,-0.013197475986107408,0.0,0.0,0.0,0.0,-0.041496901142212106,0.0,0.009629458599763052,0.0,0.030498472642755656,0.0,0.0,0.0,-0.003881930233482161,0.0,0.004312235755550651,0.0,-0.0007389875821402041,-0.015078881361881326,0.004025900328918179,-0.002628767299142269,0.0,-0.012265498464083952,-0.001758358930405121,0.0,-0.1055686564593247,0.016004804121597743,-0.03259746103313778,0.0,0.0,-0.06140871485752015,0.0,-0.021205286629033877,0.0,0.0,0.0,0.0,-0.005050699582517927,-0.019848344929968224,0.0,-0.00795826141744782,-0.002438169285848736,0.0002745573235784383,0.004990834270586981,0.0,-0.10593436944945696,0.016822288568687976
-0.13931615628955957,0.018866025954338308,0.0020139578096534305,0.01808319876652097,-0.11308256842108862,-0.06658933424318124,-0.021237366417306846,0.14557271113293807,-0.13656897192160303,-0.004102593233761398,-0.032042060433813566,-0.10429347719930945,-0.05688223356107071,-0.0010628635137503928,0.06010854825666753,-0.6040461865048457,0.0,0.0,0.0,-0.01886678327193183,0.0,0.0,0.005191169355388205,0.0,0.0,-0.009851116989726834,0.0,0.0,-0.010659743877881097,-0.07977394010547753,-0.06525317477284644,-0.022539470731615115,0.0,0.0,0.0,-0.0038954507080979435,-0.013197475986107408,0.0,0.0,0.0,0.0,-0.03411564900762064,0.0,-0.03883482412371256,0.0,0.027201379313316728,0.0,0.0,0.0,0.004383569859558201,0.0,-0.0030801683968218925,0.0,0.005446183226414492,0.003957570530307205,-0.0025443434516354366,-0.010606246624262832,0.0,0.02474863594522747,-0.003157513363432385,0.0,0.12125477226702137,0.016820692214906355,-0.012943314289637234,0.0,0.0,-0.06140871485752015,0.0,-0.03377099901858894,0.0,0.0,0.0,0.0,0.005303234561643817,0.007038601562567047,0.0,0.012496645525641184,0.0026713361461863086,0.02237115393812073,-0.022296487475462964,0.0,0.1420320454023016,-0.04313988021570122
-0.09823417730880694,0.018866025954338308,0.003319057079092187,0.019463338468835734,0.08445739888735906,-0.044187899367476656,-0.011407203406568747,0.07866597503106107,-0.1257888065837033,-0.007480427769193771,0.04546952529475493,-0.11709799510815369,0.01563595531764457,-0.00039299843898064023,-0.07167538353907286,-0.8490236263459586,0.0,0.0,0.0,-0.005097035623136402,0.0,0.0,0.005191169355388205,0.0,0.0,-0.011452737585237936,0.0,0.0,-0.010659743877881097,-0.1276446923488868,-0.08429733652421782,-0.007999381816910702,0.0,0.0,0.0,-0.0038954507080979435,-0.013197475986107408,0.0,0.0,0.0,0.0,0.0072301294071240065,0.0,-0.05951131514463693,0.0,0.03847727234205926,0.0,0.0,0.0,-0.012508223978296222,0.0,-0.0030801683968218925,0.0,0.02166408237209619,0.006372404842848,-0.00460102894733506,-0.010606246624262832,0.0,0.02504978755111332,-0.003157513363432385,0.0,-0.10680652528808801,-0.0263612400792969,0.06482085868936631,0.0,0.0,-0.0443621081284176,0.0,0.013792367828282512,0.0,0.0,0.0,0.0,0.005303234561643817,0.008506511804515886,0.0,0.007948520244676521,-0.007500860063654691,0.03529992591672693,0.004990834270586981,0.0,0.08021839469418536,0.01580136529368681
-0.14709076368439244,-0.01563185007645173,-0.005884095865919097,-0.02888918908075677,-0.049784960213162636,-0.0565704814039663,0.0034631209094508637,0.0867981151156484,-0.0717752317435174,0.00243305640290414,-0.019304693427554802,-0.15753969108603463,0.008105584127563816,-0.00372133455431319,-0.06888485470492317,-0.6738040666744494,0.0,0.0,0.0,0.006077234781431863,0.0,0.0,-0.004943970814655433,0.0,0.0,-0.009851116989726834,0.0,0.0,-0.010659743877881097,-0.040192622579605125,-0.07599097366491721,-0.022539470731615115,0.0,0.0,0.0,-0.02396685074112566,-0.0039864064205901405,0.0,0.0,0.0,0.0,0.01587482866485556,0.0,0.0300227590736521,0.0,-0.03186140756019048,0.0,0.0,0.0,-0.0039238982678562,0.0,-0.0030801683968218925,0.0,0.02166408237209619,-0.030274152067628707,0.0014868046474254375,-0.002628767299142269,0.0,0.02474863594522747,0.0026083806045745788,0.0,0.13505421691739372,0.01156118958999014,-0.02365289142975527,0.0,0.0,0.08716075657196407,0.0,0.016556474694721074,0.0,0.0,0.0,0.0,-0.005050699582517927,0.010855806869399246,0.0,-0.006800207477437883,-0.002438169285848736,-0.011472306372250933,0.004990834270586981,0.0,0.10183682404213958,-0.036582387643867155
-0.10894027431723773,-0.01563185007645173,-0.005884095865919097,-0.03466566715637201,-0.04638708286063506,-0.0565704814039663,-0.18291241473658781,-0.09172912269776924,-0.08035410032181307,0.00243305640290414,-0.015019379429680796,-0.13746849441879028,0.006875477744233544,-0.004254740315632107,-0.09859660755442705,-0.7927215183756205,0.0,0.0,0.0,0.006077234781431863,0.0,0.0,0.005191169355388205,0.0,0.0,-0.01309264085137838,0.0,0.0,-0.010659743877881097,-0.10792985921252121,-0.11608055963207382,0.006545410777490535,0.0,0.0,0.0,0.014803054869518797,-0.0021631425812232864,0.0,0.0,0.0,0.0,0.0015577031664381442,0.0,0.009629458599763052,0.0,-0.02721263704130685,0.0,0.0,0.0,-0.0020353367210244316,0.0,-0.0030801683968218925,0.0,-0.02712175795504923,-0.01720367039888467,0.0014868046474254375,-0.002628767299142269,0.0,-0.012265498464083952,0.0026083806045745788,0.0,-0.04200914884077371,0.010745301496681528,-0.03259746103313778,0.0,0.0,0.02948886854572887,0.0,-0.002846925838167325,0.0,0.0,0.0,0.0,-0.005050699582517927,0.010121115915129795,0.0,-0.006800207477437883,-0.002438169285848736,-0.011472306372250933,0.004990834270586981,0.0,-0.1709561164360556,-0.03845609316337274
-0.06800064192358708,-0.005611100878919642,-0.004769900075494968,-0.022180527848994956,-0.03921535037113849,-0.03371115863363805,-0.0063847008128811444,-0.16425702326301878,0.11720542842717574,-0.002676362043194555,-0.039344860869479484,0.19967594206340245,0.019284576133639195,0.03416259700107909,-0.030092198299994485,-0.5713094378413492,0.0,0.0,0.0,-0.005097035623136402,0.0,0.0,0.01966266541113331,0.0,0.0,-0.004818902659602554,0.0,0.0,-0.04449010077763717,-0.1324173048574622,-0.07591191738952037,0.01922484268284819,0.0,0.0,0.0,0.00240601367264873,-0.013197475986107408,0.0,0.0,0.0,0.0,-0.0647177318937367,0.0,-0.027467875109233375,0.0,0.04021016012724837,0.0,0.0,0.0,0.013824879133906346,0.0,-0.0009109764218330346,0.0,0.019149716403892236,0.0030453597933780643,-0.0016992053113433566,-0.004564361944896368,0.0,0.0252674265681729,-0.003157513363432385,0.0,0.04257736039585823,0.01739597708288189,-0.0046653285481365915,0.0,0.0,-0.06140871485752015,0.0,0.01567653986884688,0.0,0.0,0.0,0.0,0.020087136374028543,0.009241202758785339,0.0,0.03854012902743202,0.016321389620220908,0.004858003957615637,-0.003441161193358867,0.0,0.1280598320721247,-0.03178319540652291
-0.0868582800335919,0.018866025954338308,0.014699203342330472,0.061583556165392496,-0.03516577501205401,-0.0565704814039663,0.030199301853784014,0.16577518537142524,0.09223641768793031,0.022850852182327356,-0.011449223601458674,-0.06674885800796804,0.03412318436497601,0.03246024312974167,0.13317565766041004,-0.5435270739024501,0.0,0.0,0.0,0.022495010824226416,0.0,0.0,-0.018726348010603147,0.0,0.0,-0.004584128851182199,0.0,0.0,-0.010659743877881097,0.11216200540984614,-0.05161792173941296,0.01922484268284819,0.0,0.0,0.0,0.014803054869518797,-0.0039864064205901405,0.0,0.0,0.0,0.0,-0.04285266363032553,0.0,0.017093289234830625,0.0,0.031004966632566616,0.0,0.0,0.0,0.013824879133906346,0.0,0.0012753669905662506,0.0,-0.0016846454378269841,-0.005307531326464738,0.013326151087497733,-0.002628767299142269,0.0,0.00851419038760792,0.0014525573772911867,0.0,0.09063724073196762,0.050163562816501174,-0.007853933401982578,0.0,0.0,0.08716075657196407,0.0,0.01610497017268299,0.0,0.0,0.0,0.0,-0.01913060607050336,-0.02315872179992251,0.0,-0.034248692921177444,-0.015438220213500733,-0.029889638939898006,0.018314971854844576,0.0,0.10697771553226598,0.060616480785097224
-0.10305926377134939,0.018866025954338308,0.0020139578096534305,0.016252282431708252,0.08445739888735906,-0.03536194537828398,-0.03187228223877409,0.07866597503106107,-0.14289153328785506,-0.004102593233761398,0.045080432327545855,-0.11224851611644401,0.009967177508929925,0.021984959652131077,-0.07194508821160461,-0.8486345307925,0.0,0.0,0.0,-0.005097035623136402,0.0,0.0,0.005191169355388205,0.0,0.0,-0.011497216409640392,0.0,0.0,-0.010659743877881097,-0.12738430263388245,-0.09714882579442063,0.006545410777490535,0.0,0.0,0.0,0.00240601367264873,-0.013197475986107408,0.0,0.0,0.0,0.0,-0.03411564900762064,0.0,-0.03357216659439833,0.0,0.03179432773921721,0.0,0.0,0.0,0.004290554468585548,0.0,-0.0030801683968218925,0.0,0.0008199193181462443,0.0007274081166471448,-0.0025443434516354366,0.027352951820467295,0.0,-0.01263371328408646,-0.003157513363432385,0.0,-0.10680652528808801,-0.00987820732041187,-0.03259746103313778,0.0,0.0,-0.0443621081284176,0.0,0.025697895221667363,0.0,0.0,0.0,0.0,0.005303234561643817,0.008506511804515886,0.0,0.007948520244676521,-0.007500860063654691,0.02237115393812073,-0.006075798242453717,0.0,-0.1838686115423766,-0.03946219185521227
-0.10121575929981201,-0.005611100878919642,-0.0034558177862177783,-0.019633411842851667,-0.03921535037113849,-0.05776338025398857,0.006349711562804624,-0.08255798164077843,-0.14305089619678613,-0.0020358651439685072,0.03572975854390656,0.3095441721175253,0.0072756571566018734,-0.009415337666312633,-0.0444241475900271,-0.6546709913133997,0.0,0.0,0.0,-0.005097035623136402,0.0,0.0,0.005191169355388205,0.0,0.0,-0.010259744630911758,0.0,0.0,-0.04449010077763717,-0.2087884467490871,-0.10353130435775577,0.006823002137953246,0.0,0.0,0.0,-0.0038954507080979435,0.01583697118332889,0.0,0.0,0.0,0.0,-0.06910462782155816,0.0,-0.019924512199641007,0.0,-0.07441212632287798,0.0,0.0,0.0,0.004336940190788434,0.0,-0.0030801683968218925,0.0,-0.016493999842526457,0.006275522207038125,-0.001292557886406485,0.027352951820467295,0.0,-0.01252489377555667,-0.003157513363432385,0.0,-0.0324005852072658,-0.036682300663315556,-0.0046653285481365915,0.0,0.0,-0.035986175536840574,0.0,-0.03366944794946389,0.0,0.0,0.0,0.0,0.005303234561643817,0.008506511804515886,0.0,0.007948520244676521,0.0026713361461863086,0.02437871383543085,-0.003441161193358867,0.0,0.12801990497692567,-0.01842787600190104
-0.10891202471709159,-0.01563185007645173,-0.004769900075494968,-0.027318708194332023,-0.049784960213162636,-0.03371115863363805,-0.03438894313439557,0.025683705830190223,0.18541793955610889,0.00243305640290414,0.01974477709360977,-0.17383695643821115,0.006875477744233544,-0.0038902532666353494,-0.08441384799726134,-0.6396486660663192,0.0,0.0,0.0,0.006077234781431863,0.0,0.0,0.01966266541113331,0.0,0.0,-0.01422056636921071,0.0,0.0,-0.010659743877881097,-0.10183787353108123,-0.10826436100726351,-0.007673929877057868,0.0,0.0,0.0,-0.0038954507080979435,0.01583697118332889,0.0,0.0,0.0,0.0,0.01587482866485556,0.0,-0.044557889384038506,0.0,-0.02721263704130685,0.0,0.0,0.0,-0.0020353367210244316,0.0,-0.0009109764218330346,0.0,-0.025562851054762775,0.01361484020227232,-0.0016992053113433566,-0.004564361944896368,0.0,-0.004314245043118942,-0.003157513363432385,0.0,-0.10680652528808801,-0.005376183921114737,-0.03259746103313778,0.0,0.0,-0.035986175536840574,0.0,-0.002846925838167325,0.0,0.0,0.0,0.0,0.020087136374028543,0.009296929573094099,0.0,0.04419594712903241,0.020771725462026346,-0.011472306372250933,-0.006075798242453717,0.0,-0.1785365411289356,-0.031370468838901655
-0.11405247635375489,0.018866025954338308,0.0020139578096534305,0.01387925121238254,0.08445739888735906,-0.044187899367476656,-0.025153253664696177,0.07866597503106107,0.1044563903237713,-0.004102593233761398,0.045080432327545855,-0.12880942745411963,0.00874090718599456,-0.00039299843898064023,-0.07167538353907286,-0.8124582422805215,0.0,0.0,0.0,-0.005097035623136402,0.0,0.0,0.01966266541113331,0.0,0.0,-0.014737309066999998,0.0,0.0,-0.010659743877881097,-0.12738430263388245,-0.09643488127762405,-0.0043389947986952684,0.0,0.0,0.0,-0.0038954507080979435,0.01583697118332889,0.0,0.0,0.0,0.0,0.0072301294071240065,0.0,-0.05951131514463693,0.0,0.030498472642755656,0.0,0.0,0.0,-0.003881930233482161,0.0,-0.0009109764218330346,0.0,0.012595231159859865,0.006372404842848,-0.0025443434516354366,-0.010606246624262832,0.0,-0.01263371328408646,-0.003157513363432385,0.0,-0.10680652528808801,-0.02001007117380199,-0.0136098981515191,0.0,0.0,-0.035986175536840574,0.0,0.025799446290792415,0.0,0.0,0.0,0.0,0.020087136374028543,0.008506511804515886,0.0,0.03854012902743202,0.006149193410379908,0.03529992591672693,0.004990834270586981,0.0,-0.16399744671572344,-0.04355991486975363
-0.14176900288666083,0.018866025954338308,0.0036228121257512874,0.02848073558746536,0.08445739888735906,-0.044187899367476656,-0.024378409804480684,0.07389281114347068,-0.13172966457002813,-0.008266601136188463,0.03439164488176508,-0.1775578498736373,0.00874090718599456,-0.00039299843898064023,-0.08252727344568336,-0.8743334388086889,0.0,0.0,0.0,-0.005097035623136402,0.0,0.0,0.005191169355388205,0.0,0.0,-0.014737309066999998,0.0,0.0,-0.010659743877881097,0.10287820658048885,-0.10148222036058897,-0.0043389947986952684,0.0,0.0,0.0,-0.0038954507080979435,-0.013197475986107408,0.0,0.0,0.0,0.0,0.0072301294071240065,0.0,-0.05951131514463693,0.0,0.030498472642755656,0.0,0.0,0.0,-0.003881930233482161,0.0,-0.0030801683968218925,0.0,-0.02712175795504923,0.006372404842848,-0.005079711767361457,-0.010606246624262832,0.0,-0.01252489377555667,-0.003157513363432385,0.0,-0.07762538249143483,-0.05056099985594639,0.005346341413561867,0.0,0.0,-0.0443621081284176,0.0,0.025799446290792415,0.0,0.0,0.0,0.0,0.005303234561643817,0.008506511804515886,0.0,0.007948520244676521,-0.007500860063654691,0.03529992591672693,0.004990834270586981,0.0,-0.12203344842284533,-0.12326313609381287
-0.10511931472465773,0.018866025954338308,0.009019995476665764,0.03971023090095847,0.08445739888735906,-0.044187899367476656,0.2890453308264549,0.07389281114347068,0.18773041516921699,-0.025135937400560093,0.03477978535148556,-0.1071597171911882,0.007454131687433127,-0.00039299843898064023,-0.0533960861026487,-0.7518547744828685,0.0,0.0,0.0,-0.005097035623136402,0.0,0.0,0.01966266541113331,0.0,0.0,-0.0032240750007058584,0.0,0.0,-0.006827026977968792,0.11550668082726846,-0.08830201221523502,0.007526688457563168,0.0,0.0,0.0,0.00240601367264873,-0.013197475986107408,0.0,0.0,0.0,0.0,-0.04588379707003355,0.0,-0.05475318312888287,0.0,0.02604082537299535,0.0,0.0,0.0,-0.004483371841257532,0.0,-0.0009109764218330346,0.0,-0.017360780312956882,0.0031422424291879386,-0.015229886957140257,-0.010606246624262832,0.0,-0.004314245043118942,-0.003157513363432385,0.0,-0.07025738686566448,-0.03977515216978382,-0.012099054295059825,0.0,0.0,-0.0443621081284176,0.0,0.013792367828282512,0.0,0.0,0.0,0.0,0.020087136374028543,0.008506511804515886,0.0,0.03854012902743202,0.006149193410379908,0.03282297107312707,0.0030763353501237376,0.0,0.058886651970696556,0.044329814346272506
-0.08782893077566514,0.018866025954338308,0.004474343409281123,0.02320023183697788,-0.11753290426289405,-0.06658933424318124,-0.02378642149343456,0.08064384272447236,0.10854323054656037,0.006800388881085246,-0.03898732274702847,-0.07454392639006847,-0.04134196156357494,-0.014867377890759162,-0.044800023447104605,-0.6804750883992863,0.0,0.0,0.0,0.006077234781431863,0.0,0.0,-0.018726348010603147,0.0,0.0,-0.00961634318130648,0.0,0.0,-0.010659743877881097,-0.22969149968546249,-0.09183275383022149,-0.022539470731615115,0.0,0.0,0.0,-0.0038954507080979435,-0.013197475986107408,0.0,0.0,0.0,0.0,0.009573384053026062,0.0,-0.04773512909769805,0.0,0.031920588298253755,0.0,0.0,0.0,0.004383569859558201,0.0,0.0012753669905662506,0.0,-0.011739742908149633,0.01332479492673487,0.004025900328918179,-0.010606246624262832,0.0,-0.004257095193803961,-0.001758358930405121,0.0,-0.1055686564593247,0.016820692214906355,-0.01940777053667802,0.0,0.0,-0.06140871485752015,0.0,-0.03321236509154378,0.0,0.0,0.0,0.0,-0.01913060607050336,-0.019848344929968224,0.0,-0.034248692921177444,-0.015438220213500733,-0.0030280491345547056,0.004990834270586981,0.0,0.08783750057213499,0.016822288568687976
-0.10009152579675383,0.006772018302144395,0.0014591230652919508,0.012923434482536975,-0.11812702953062156,-0.05871668022723565,-0.02548647179733914,0.1366878354863903,-0.14289153328785506,-0.0028114328178612718,0.045080432327545855,0.2672201608750224,0.004802092939411107,0.00014040732233827722,-0.04353321237909099,-0.7503134520226816,0.0,0.0,0.0,-0.005097035623136402,0.0,0.0,0.005191169355388205,0.0,0.0,-0.014737309066999998,0.0,0.0,-0.04449010077763717,-0.17532663043381258,-0.09095189892575624,-0.0043389947986952684,0.0,0.0,0.0,-0.0038954507080979435,0.01583697118332889,0.0,0.0,0.0,0.0,0.009490992110682822,0.0,-0.04909382316353966,0.0,-0.04958039116463044,0.0,0.0,0.0,-0.0020353367210244316,0.0,-0.0030801683968218925,0.0,-0.025562851054762775,0.006372404842848,-0.0017521340237954576,-0.010606246624262832,0.0,-0.01263371328408646,-0.003157513363432385,0.0,0.12010756237638143,-0.013925830463577205,0.09171290334054288,0.0,0.0,-0.035986175536840574,0.0,0.025799446290792415,0.0,0.0,0.0,0.0,0.005303234561643817,0.009241202758785339,0.0,0.007948520244676521,0.0026713361461863086,0.026855668679030706,-0.003441161193358867,0.0,-0.12976783681503865,-0.023031379552220375
-0.13058330016830724,-0.01563185007645173,-0.03481390265288796,-0.03642793308296888,-0.01097033012797671,0.0895192880021218,0.005177318690957685,0.05617984211617987,0.0899239420748222,0.007198399163382663,-0.011449223601458674,-0.1632628222448695,0.006315838694665475,0.0016354471548792522,-0.07574221996797803,-0.7622365396965036,0.0,0.0,0.0,0.003691387393870176,0.0,0.0,-0.018726348010603147,0.0,0.0,0.0547510435603096,0.0,0.0,0.014212991837174796,0.05635455454377437,0.40770297033192876,0.003854991035821216,0.0,0.0,0.0,0.014803054869518797,0.004783687704708167,0.0,0.0,0.0,0.0,0.008217621564912637,0.0,0.018727470780045323,0.0,-0.06903248630617304,0.0,0.0,0.0,-0.0013850775187161765,0.0,0.0012753669905662506,0.0,-0.01013947767002864,-0.015078881361881326,0.004398834863575659,-0.0016610579142472151,0.0,0.00851419038760792,0.0014525573772911867,0.0,0.04443948888294744,0.02709874528250941,-0.009606955449523493,0.0,0.0,0.07527233611940312,0.0,-0.012500362716545367,0.0,0.0,0.0,0.0,-0.01913060607050336,-0.02315872179992251,0.0,-0.034248692921177444,-0.015438220213500733,-0.008640352093024899,0.004990834270586981,0.0,-0.09484071711697252,0.03304217887927144
-0.13675371881960047,0.018866025954338308,0.004474343409281123,0.02320023183697788,0.1003514554652356,-0.044187899367476656,-0.037410203121493964,0.08064384272447236,0.02885324973627161,0.006800388881085246,-0.03859918227730799,-0.08005751736464581,0.00874090718599456,0.0001808665162884713,-0.099217305130636,-0.9551755816363947,0.0,0.0,0.0,0.006077234781431863,0.0,0.0,-0.018726348010603147,0.0,0.0,-0.012625141927472721,0.0,0.0,-0.010659743877881097,-0.26535366376011826,-0.10095790706198887,-0.007673929877057868,0.0,0.0,0.0,-0.0038954507080979435,0.01583697118332889,0.0,0.0,0.0,0.0,0.010966049426937628,0.0,-0.05951131514463693,0.0,0.030498472642755656,0.0,0.0,0.0,-0.003881930233482161,0.0,-0.0009109764218330346,0.0,-0.0007389875821402041,0.015739629239275663,0.004025900328918179,-0.010606246624262832,0.0,-0.012374317972613742,-0.003157513363432385,0.0,-0.10680652528808801,0.014199574888829093,-0.03259746103313778,0.0,0.0,-0.05303278226594312,0.0,0.025799446290792415,0.0,0.0,0.0,0.0,-0.01913060607050336,0.009296929573094099,0.0,-0.03309063898116751,-0.005266024003659734,0.03529992591672693,0.004990834270586981,0.0,-0.16063774562407981,0.016822288568687976
-0.03699442206895368,-0.005042637319029317,-0.005884095865919097,-0.04929972054789917,-0.14900244385675748,-0.1957982119364337,-0.055577309851981865,-0.07136107050767593,-0.029343471690698328,0.00243305640290414,-0.015199710325451239,-0.07831462199550632,0.009967177508929925,0.006740318698793192,-0.07451938136292613,0.8719952526460196,0.0,0.0,0.0,0.006077234781431863,0.0,0.0,-0.0025648569603523835,0.0,0.0,-0.01309264085137838,0.0,0.0,-0.010659743877881097,-0.10468480498469573,-0.06803956039289817,0.006545410777490535,0.0,0.0,0.0,0.014803054869518797,-0.002023156552652921,0.0,0.0,0.0,0.0,-0.13735878844460736,0.0,0.009629458599763052,0.0,0.018753560969074427,0.0,0.0,0.0,0.004290554468585548,0.0,0.0013076648524080452,0.0,-0.02712175795504923,-0.014479597706939027,0.0014868046474254375,-0.002628767299142269,0.0,0.007891898295197475,0.0032637813385840886,0.0,-0.034935560611871405,0.010745301496681528,-0.028200885136794394,0.0,0.0,0.0269564347506345,0.0,-0.0434213419810493,0.0,0.0,0.0,0.0,-0.0026202262239229702,-0.0781339093876925,0.0,-0.0015915710328641213,-0.0001941005864580618,-0.02021115685009246,-0.006075798242453717,0.0,-0.17144742143288477,-0.03845609316337274
-0.03226658924752141,0.006085941591931931,0.014699203342330472,0.07422374282005563,-0.1323033548245191,-0.1957982119364337,-0.027406924431931507,0.1166620768585393,0.04180954253308801,0.022850852182327356,-0.011318921494327902,-0.013495801652136085,0.02840117874415895,0.028513788985949227,0.13187761712325116,0.8810441232946216,0.0,0.0,0.0,0.022495010824226416,0.0,0.0,-0.005496740026992867,0.0,0.0,-0.004584128851182199,0.0,0.0,-0.010659743877881097,0.13413578998227801,-0.04144672987242869,0.01922484268284819,0.0,0.0,0.0,0.004430544283199991,-0.0039229633318180225,0.0,0.0,0.0,0.0,0.03729131249685579,0.0,0.028368944481186632,0.0,0.02149656506844406,0.0,0.0,0.0,-0.012508223978296222,0.0,0.0006616410220426226,0.0,-0.0016846454378269841,0.038127285201766996,0.013326151087497733,-0.002628767299142269,0.0,-0.0022132580397857047,-0.012291992751179695,0.0,0.03888345572917668,0.050163562816501174,-0.006799426778135753,0.0,0.0,-0.018992033574310667,0.0,-0.07378678123442578,0.0,0.0,0.0,0.0,-0.005615401789437407,0.036114545548144666,0.0,-0.00030148814004138077,-0.0029595617720257618,-0.027799037460423927,0.018314971854844576,0.0,0.06579150692810512,0.060616480785097224
0.545536430980212,0.007153004604745948,0.009019995476665764,0.04190344646429767,-0.11753290426289405,-0.05776338025398857,-0.004443127918263174,0.07389281114347068,-0.03756608655499382,-0.025135937400560093,-0.029832758659636156,-0.08708305478941612,-0.05688223356107071,0.011643314046489543,0.08611959784778572,-0.4522504815532918,0.0,0.0,0.0,-0.01886678327193183,0.0,0.0,-0.002890720960756318,0.0,0.0,-0.010024970822491402,0.0,0.0,-0.010659743877881097,0.14249610443603786,-0.08208397548684668,0.006823002137953246,0.0,0.0,0.0,0.00240601367264873,-0.013197475986107408,0.0,0.0,0.0,0.0,-0.041496901142212106,0.0,-0.02467186162041284,0.0,0.026098124678590254,0.0,0.0,0.0,0.004383569859558201,0.0,0.0015475895678677878,0.0,-0.0016846454378269841,0.010094632513074811,-0.015229886957140257,0.027352951820467295,0.0,-0.004615080669619686,-0.0018140760924767296,0.0,-0.06823215808140269,-0.07598342219913523,-0.007853933401982578,0.0,0.0,-0.06140871485752015,0.0,-0.033663869613581865,0.0,0.0,0.0,0.0,0.0031007811093277165,0.0056758230034639045,0.0,-0.003991244711267516,0.0050881352546104305,0.00491980938358126,-0.022296487475462964,0.0,0.06588660945276972,0.04622415635095545
-0.05041315012069991,-0.005042637319029317,-0.03481390265288796,-0.13498776203576884,-0.14144475884197036,-0.1957982119364337,-0.08849160074995074,-0.08511910243636253,-0.029105779547713873,0.007198399163382663,0.0012755471054676061,-0.10633054775737988,0.01975885463037563,0.022975516361379022,0.10454215230695992,0.9596514041796019,0.0,0.0,0.0,-0.00693827678365617,0.0,0.0,-0.0025648569603523835,0.0,0.0,0.02015177475833796,0.0,0.0,0.014212991837174796,0.07472214388741041,0.23036543797436165,0.007221595514456508,0.0,0.0,0.0,0.014803054869518797,-0.0013629048633140937,0.0,0.0,0.0,0.0,0.05652027973247622,0.0,0.025265956965037147,0.0,-0.030200287488909957,0.0,0.0,0.0,-0.0021726223062007556,0.0,-0.0009340463231486025,0.0,-0.0048353275461100334,-0.014479597706939027,0.004398834863575659,-0.002628767299142269,0.0,0.007948220557378014,0.010154254881409306,0.0,0.02610349635753767,0.017240918191549052,-0.006469865719688673,0.0,0.0,0.01297797616991719,0.0,-0.06250049346005562,0.0,0.0,0.0,0.0,-0.0026202262239229702,0.04102795622384346,0.0,0.005291195171740243,-0.0001941005864580618,0.026841473726910047,0.018314971854844576,0.0,0.044499238708046444,0.03352951431192831
0.16095457372045882,0.0036511853685320186,0.003319057079092187,0.020417825728211485,-0.21022014823355364,-0.19699111078645598,-0.035101438883760515,0.059949160173490515,0.018250314350622025,-0.007480427769193771,0.023847133100558717,-0.08135636792727896,0.02840117874415895,-0.045272019492296145,0.09595049083082163,0.5468028734611942,0.0,0.0,0.0,-0.01886678327193183,0.0,0.0,0.003296147326435211,0.0,0.0,-0.010024970822491402,0.0,0.0,-0.010659743877881097,-0.14500557937871625,-0.04828418589771168,0.006823002137953246,0.0,0.0,0.0,0.00240601367264873,-0.0039229633318180225,0.0,0.0,0.0,0.0,-0.09154836797717983,0.0,-0.02467186162041284,0.0,0.02149656506844406,0.0,0.0,0.0,-0.012508223978296222,0.0,-0.0003355967949950232,0.0,-0.0016846454378269841,-0.012968324943253479,-0.00460102894733506,0.027352951820467295,0.0,-0.0023756834618299423,-0.012291992751179695,0.0,-0.06256843033372497,-0.04543249351699083,-0.014999602206138543,0.0,0.0,-0.015476127110315601,0.0,-0.07391430442717642,0.0,0.0,0.0,0.0,0.003367303438805626,0.016161023893959438,0.0,0.0029797644597951414,0.0008838808665082411,0.015218943673573463,-0.022296487475462964,0.0,0.07560455069132481,0.015822001778864163
-0.027149484700034622,-0.0029109539040714253,-0.0034558177862177783,-0.023295852212151053,-0.1252460843173592,-0.18746622578296718,-0.02485901800712874,0.05488702818177257,0.05510288317370317,-0.0020358651439685072,-0.00839940792637131,0.22339073245390845,0.022428769923775273,-0.07849907740574519,0.04976112581123284,0.6692627621087754,0.0,0.0,0.0,-0.01886678327193183,0.0,0.0,0.005771577028342511,0.0,0.0,-0.009851116989726834,0.0,0.0,-0.04449010077763717,-0.12745050736989605,-0.03458899814334854,-0.022539470731615115,0.0,0.0,0.0,-0.007173262172799986,-0.002023156552652921,0.0,0.0,0.0,0.0,0.07715097087597154,0.0,0.01582118670977982,0.0,0.02701972733044427,0.0,0.0,0.0,0.013824879133906346,0.0,-0.0004726007300304446,0.0,0.004910222183909059,0.01910976190210319,-0.001292557886406485,-0.0016610579142472151,0.0,0.004466846155113355,0.010154254881409306,0.0,0.06961968483474353,0.00952530106097646,0.05448658503136436,0.0,0.0,0.0269564347506345,0.0,-0.024286596655606743,0.0,0.0,0.0,0.0,0.005896171878909279,0.023254869346299244,0.0,0.015668516164848934,0.0032187982566721854,0.02920461242546133,0.006108527692007499,0.0,0.12591664722489856,-0.02112052750999086
0.17035245136474433,0.002494760109459599,0.0014591230652919508,0.01410483025078058,-0.2152646093430866,-0.15269557554011146,-0.04647206315503357,0.053042152220354064,-0.02392175583722984,-0.0028114328178612718,0.023847133100558717,0.2069371481296906,0.004802092939411107,0.015470379478054396,-0.03283627900664407,0.7274120361371005,0.0,0.0,0.0,-0.005097035623136402,0.0,0.0,0.0019123873639223154,0.0,0.0,-0.01268071093727157,0.0,0.0,-0.04449010077763717,-0.19090796845615268,-0.06706422869276456,0.003700907328298906,0.0,0.0,0.0,0.00240601367264873,0.0047075559981816254,0.0,0.0,0.0,0.0,-0.16642545931487737,0.0,-0.03493086066023994,0.0,-0.027915546719159794,0.0,0.0,0.0,-0.0020353367210244316,0.0,-0.0005430142585683352,0.0,0.0008199193181462443,-0.010553490630712686,-0.0017521340237954576,0.027352951820467295,0.0,-0.0023652781741897557,-0.012291992751179695,0.0,-0.068347832261416,-0.018300039758362783,0.08313958034267327,0.0,0.0,-0.013748569479128133,0.0,0.11359305051897271,0.0,0.0,0.0,0.0,0.0019536713347787357,0.02705022961837619,0.0,-0.007668688815060191,-0.0004213330112256054,0.015645438925545423,-0.003441161193358867,0.0,-0.09383182889651476,-0.023031379552220375
0.1931568290804284,0.0036511853685320186,0.014699203342330472,0.06570706124778322,0.27723628754397334,-0.06848046066290861,0.42578338241974933,0.053316236154093505,-0.020280810313612105,0.022850852182327356,-0.01011555641251312,-0.03266247748039791,0.011137685202833652,-0.022772316092197722,0.041277135663322306,0.9034298161772074,0.0,0.0,0.0,0.00875702742595981,0.0,0.0,-0.001821321298973634,0.0,0.0,-0.004546973044574673,0.0,0.0,0.009102702637291722,0.1334606596172004,-0.031641539024193005,0.004097485096005883,0.0,0.0,0.0,0.0027215001650033356,-0.0039229633318180225,0.0,0.0,0.0,0.0,0.05206219549625299,0.0,0.013810488893992284,0.0,0.013450591349608458,0.0,0.0,0.0,-0.004483371841257532,0.0,-0.0005430142585683352,0.0,-0.0010446376433090971,0.023395951621333327,0.013326151087497733,-0.0016273286135468931,0.0,-0.002353604477862286,-0.0021533143671400913,0.0,-0.030216328624070796,-0.05651986228398828,-0.006799426778135753,0.0,0.0,-0.018992033574310667,0.0,0.11254759583064455,0.0,0.0,0.0,0.0,-0.0018606393664559384,-0.025632139208289127,0.0,-0.0016620478404377166,0.010679426121527419,0.02915554502250279,0.006921170038737878,0.0,0.045188581358293095,0.06095679891307727
0.17038594804726687,0.0036511853685320186,0.014699203342330472,0.06548015273891536,-0.21653024420716574,-0.15150267669008918,0.18115183644357946,0.06606734330720852,0.025762536966925747,0.022850852182327356,-0.006105352261311459,-0.03266247748039791,0.011137685202833652,0.02181924029950986,0.07279759475553853,0.7000412999343011,0.0,0.0,0.0,-0.01886678327193183,0.0,0.0,-0.003139187929938296,0.0,0.0,-0.0032240750007058584,0.0,0.0,0.009102702637291722,0.10856404969148438,-0.043327122409073396,0.007526688457563168,0.0,0.0,0.0,0.014803054869518797,-0.002023156552652921,0.0,0.0,0.0,0.0,0.05206219549625299,0.0,0.02547206171353599,0.0,0.013450591349608458,0.0,0.0,0.0,-0.004483371841257532,0.0,-0.0003355967949950232,0.0,-0.00730568284263423,-0.0025244593903057545,0.013326151087497733,-0.002628767299142269,0.0,0.0031465154793723815,0.010154254881409306,0.0,0.04028464426271535,-0.03977515216978382,-0.006799426778135753,0.0,0.0,0.0269564347506345,0.0,0.1015859720564628,0.0,0.0,0.0,0.0,-0.0032069556560053586,0.04102795622384346,0.0,0.004195636052896174,-0.0007358309242505765,0.03139315734143101,0.006921170038737878,0.0,0.05749847370934375,0.060616480785097224
0.17011747061127086,0.0036511853685320186,0.014699203342330472,0.07407386460791113,0.27723628754397334,-0.06975640365987892,0.2204952154186497,0.07535079594182094,0.025494059530929727,0.022850852182327356,-0.006105352261311459,-0.01216214870914831,-0.020896898352081007,0.012604032499425172,0.05797862200534427,0.7918923737640533,0.0,0.0,0.0,-0.01886678327193183,0.0,0.0,-0.003139187929938296,0.0,0.0,-0.003113479074425195,0.0,0.0,-0.006827026977968792,0.13190701771724844,-0.043232633434335546,0.007526688457563168,0.0,0.0,0.0,0.014803054869518797,-0.002023156552652921,0.0,0.0,0.0,0.0,0.05206219549625299,0.0,0.02403558737461807,0.0,0.01220512874280678,0.0,0.0,0.0,0.002516677256369826,0.0,0.00046983551299303265,0.0,-0.0025359139402300586,0.0072468906451108326,0.013326151087497733,-0.002628767299142269,0.0,0.0031465154793723815,0.0032637813385840886,0.0,0.03916705781412802,0.04213098253405958,-0.006799426778135753,0.0,0.0,0.0269564347506345,0.0,0.10155014027091772,0.0,0.0,0.0,0.0,-0.0032069556560053586,-0.08752200235708087,0.0,-0.0026871301517081884,0.009436365285590425,0.02915554502250279,0.006921170038737878,0.0,0.052084204050259944,0.060616480785097224
-0.04103075678028891,0.006085941591931931,0.003319057079092187,0.008314769266136921,-0.06059866511306034,0.3110179502128655,-0.03273571701399482,0.12930548049984766,0.055062553098161215,-0.003977937284976505,-0.008283406987441372,-0.16579096362082066,-0.05688223356107071,-0.07849907740574519,0.04487796150288742,0.8884243700619147,0.0,0.0,0.0,-0.01886678327193183,0.0,0.0,0.005771577028342511,0.0,0.0,-0.010259744630911758,0.0,0.0,-0.010659743877881097,-0.06368778480791652,-0.04186635808914003,0.006823002137953246,0.0,0.0,0.0,0.004430544283199991,-0.002023156552652921,0.0,0.0,0.0,0.0,0.032454271591014175,0.0,0.020322739671857538,0.0,0.017176316880646948,0.0,0.0,0.0,0.004383569859558201,0.0,-0.0004726007300304446,0.0,0.005446183226414492,0.027589554771415767,-0.00460102894733506,-0.0016610579142472151,0.0,0.004426516079571404,0.010154254881409306,0.0,0.07207250051013499,-0.04543249351699083,0.016641143944822922,0.0,0.0,0.0269564347506345,0.0,0.011664106101831698,0.0,0.0,0.0,0.0,0.005896171878909279,0.023254869346299244,0.0,0.015668516164848934,0.0032187982566721854,0.02920461242546133,-0.022296487475462964,0.0,0.12266166330969074,0.013597452215663643
0.49508460347965494,0.007153004604745948,0.014699203342330472,0.0611696722951586,0.1003514554652356,-0.04204170054420729,0.03747166787710588,0.12632366458651353,0.019067318708407,0.022850852182327356,-0.010245358084170448,-0.05102160139311967,-0.05688223356107071,-0.0015477114506044047,0.07706212156208989,-0.483285046506247,0.0,0.0,0.0,-0.01886678327193183,0.0,0.0,-0.006529967345346807,0.0,0.0,-0.004584128851182199,0.0,0.0,-0.010659743877881097,0.16329041324483315,-0.06110686191117161,0.01922484268284819,0.0,0.0,0.0,0.004430544283199991,-0.0039864064205901405,0.0,0.0,0.0,0.0,-0.041496901142212106,0.0,0.029915503367335762,0.0,0.02833456053459864,0.0,0.0,0.0,0.004383569859558201,0.0,0.000745702236218301,0.0,-0.0016846454378269841,0.015035132799840197,0.013326151087497733,-0.002628767299142269,0.0,0.009287629074646626,0.0014985845981329495,0.0,0.09068405124195612,0.050163562816501174,-0.007853933401982578,0.0,0.0,0.08716075657196407,0.0,0.01567653986884688,0.0,0.0,0.0,0.0,-0.006670934069277549,0.0063452578941279834,0.0,-0.010933251626257686,0.006238055991189079,0.004858003957615637,0.018314971854844576,0.0,0.08784173329312712,0.060616480785097224
0.1887463847494779,0.0036511853685320186,0.009019995476665764,0.043264657888527784,0.2632019910979034,-0.11524483775624574,-0.04088837345759309,0.05517599628590014,-0.02010964478004337,-0.025135937400560093,-0.01011555641251312,-0.07200365783158137,-0.05688223356107071,-0.056231894350046725,0.05155040145796139,0.7512188672517229,0.0,0.0,0.0,-0.01886678327193183,0.0,0.0,-0.001821321298973634,0.0,0.0,-0.010024970822491402,0.0,0.0,-0.010659743877881097,0.09859859996132071,-0.05201706299159851,0.006823002137953246,0.0,0.0,0.0,0.00240601367264873,-0.0039229633318180225,0.0,0.0,0.0,0.0,-0.15776192394280433,0.0,-0.02467186162041284,0.0,0.01493988102463856,0.0,0.0,0.0,0.004383569859558201,0.0,0.0007602199619956718,0.0,-0.0016846454378269841,-0.012968324943253479,-0.015229886957140257,0.027352951820467295,0.0,-0.002343199190222099,-0.0041354982543951695,0.0,-0.03338728753707177,-0.07598342219913523,-0.006799426778135753,0.0,0.0,-0.018992033574310667,0.0,-0.07391430442717642,0.0,0.0,0.0,0.0,0.0019536713347787357,0.012004770633779948,0.0,-6.388118480943556e-06,-0.010593529221066605,0.015218943673573463,-0.022296487475462964,0.0,0.06257979114068209,0.04622415635095545
0.17018703217692266,0.0036511853685320186,0.014699203342330472,0.07407386460791113,0.27723628754397334,-0.06975640365987892,-0.015194666727280237,0.06638244923601928,0.025563621096581526,0.022850852182327356,0.008761494898298222,-0.033643144276622836,0.019081062121179854,0.009485101020592447,0.10240214321049952,0.7436560677842481,0.0,0.0,0.0,0.008272560780513128,0.0,0.0,-0.003139187929938296,0.0,0.0,0.048079268622132555,0.0,0.0,0.014212991837174796,0.16350006247908516,0.21830913754049153,0.003854991035821216,0.0,0.0,0.0,0.014803054869518797,0.0024277878631835054,0.0,0.0,0.0,0.0,0.05206219549625299,0.0,0.025265956965037147,0.0,-0.02575949189737135,0.0,0.0,0.0,-0.0013850775187161765,0.0,-0.0003355967949950232,0.0,0.0020875639464680434,-0.0025244593903057545,0.013326151087497733,-0.002628767299142269,0.0,0.0031687178096191874,0.0032637813385840886,0.0,0.02961228681239975,0.039685437015945554,-0.00801203289268566,0.0,0.0,0.019514098615536705,0.0,0.11631437508109764,0.0,0.0,0.0,0.0,-0.0032069556560053586,-0.08752200235708087,0.0,-0.0026871301517081884,0.009436365285590425,0.026841473726910047,0.018314971854844576,0.0,-0.05514031773934476,0.06097714585482343
-0.10596637052756616,0.018866025954338308,0.0036228121257512874,0.02848073558746536,0.08445739888735906,-0.043234599394229564,-0.004770413763582426,0.07389281114347068,-0.10539391217394951,-0.008266601136188463,-0.029461316931503233,-0.1267943999909697,-0.05688223356107071,0.011643314046489543,0.08611959784778572,-0.759379893056772,0.0,0.0,0.0,-0.01886678327193183,0.0,0.0,-0.004943970814655433,0.0,0.0,-0.010024970822491402,0.0,0.0,-0.010659743877881097,0.09739957515410248,-0.07907977010381625,0.006823002137953246,0.0,0.0,0.0,0.00240601367264873,-0.013197475986107408,0.0,0.0,0.0,0.0,-0.041496901142212106,0.0,-0.02467186162041284,0.0,0.017320939736181994,0.0,0.0,0.0,0.004383569859558201,0.0,-0.0030801683968218925,0.0,-0.0016846454378269841,0.0007274081166471448,-0.005079711767361457,0.027352951820467295,0.0,-0.012374317972613742,-0.0018140760924767296,0.0,-0.06823215808140269,-0.07598342219913523,-0.007853933401982578,0.0,0.0,-0.06140871485752015,0.0,0.01610497017268299,0.0,0.0,0.0,0.0,0.005303234561643817,0.0056758230034639045,0.0,-0.007907900298073612,-0.007500860063654691,-0.029889638939898006,-0.022296487475462964,0.0,0.07518559023827404,-0.1213687940891299
0.16263236373331036,0.0036511853685320186,0.014699203342330472,0.07407386460791113,0.27723628754397334,-0.06848046066290861,0.5208792648418866,0.07535079594182094,0.02862539886746353,0.022850852182327356,-0.006105352261311459,-0.01216214870914831,-0.020896898352081007,-0.06385827760523832,-0.0014647723654946866,0.7788508472819485,0.0,0.0,0.0,-0.007344603647579196,0.0,0.0,-0.003139187929938296,0.0,0.0,-0.004586593524804916,0.0,0.0,-0.006827026977968792,0.12309407189673091,-0.03049344669634896,-0.008824393364039578,0.0,0.0,0.0,-0.009239096994892892,-0.002023156552652921,0.0,0.0,0.0,0.0,0.05206219549625299,0.0,0.00921050171534996,0.0,0.01220512874280678,0.0,0.0,0.0,0.002516677256369826,0.0,-0.0003355967949950232,0.0,0.003400041863372373,0.007374081482906255,0.013326151087497733,-0.0016273286135468931,0.0,0.0031465154793723815,0.003416281166674267,0.0,0.03932215287734292,0.03995468067190117,0.007043911110276278,0.0,0.0,0.0269564347506345,0.0,0.11254759583064455,0.0,0.0,0.0,0.0,0.003367303438805626,0.014222777801642862,0.0,-0.002520271021251471,0.015506412918154678,0.02915554502250279,0.006921170038737878,0.0,0.04430433587396711,0.06114208464880807
-0.10358217120234982,0.018866025954338308,0.0020139578096534305,0.016252282431708252,-0.030715439170248573,-0.06658933424318124,-0.018953414964177615,0.11811749581597278,-0.14411789815459328,-0.004102593233761398,-0.0316529674666045,-0.09676915710239038,0.022114265387938686,0.0024250392435018987,0.10054040155982641,-0.6507247924799869,0.0,0.0,0.0,-0.01886678327193183,0.0,0.0,0.005191169355388205,0.0,0.0,-0.010259744630911758,0.0,0.0,-0.010659743877881097,-0.06961091461668571,-0.07926165506687567,0.006823002137953246,0.0,0.0,0.0,0.00240601367264873,-0.013197475986107408,0.0,0.0,0.0,0.0,-0.03547141149573406,0.0,-0.04206498653737262,0.0,-0.06104087649528287,0.0,0.0,0.0,0.004336940190788434,0.0,-0.0030801683968218925,0.0,-0.0076655134261368885,0.0007274081166471448,-0.0025443434516354366,-0.010606246624262832,0.0,-0.012265498464083952,-0.003157513363432385,0.0,-0.09741330087805587,-0.04543249351699083,0.018697431861324235,0.0,0.0,-0.06140871485752015,0.0,0.015997840767675915,0.0,0.0,0.0,0.0,0.005303234561643817,0.006380506702708124,0.0,0.009222366988407608,0.0026713361461863086,0.013926896700424504,-0.022296487475462964,0.0,0.14164663043354075,-0.041685984643318325
0.1895126640980499,0.0036511853685320186,0.009019995476665764,0.043264657888527784,0.27909604767577995,-0.11524483775624574,-0.03658265473404948,0.05517599628590014,-0.020338969256623304,-0.025135937400560093,-0.01011555641251312,-0.06313978686055093,-0.05688223356107071,-0.056231894350046725,0.06799273986061423,0.7340432354089024,0.0,0.0,0.0,-0.01886678327193183,0.0,0.0,-0.001821321298973634,0.0,0.0,-0.010024970822491402,0.0,0.0,-0.010659743877881097,0.11111270890845322,-0.05201706299159851,0.006823002137953246,0.0,0.0,0.0,0.00240601367264873,-0.0039229633318180225,0.0,0.0,0.0,0.0,-0.13307902757783308,0.0,-0.02467186162041284,0.0,0.01493988102463856,0.0,0.0,0.0,0.004383569859558201,0.0,-0.0005430142585683352,0.0,-0.0016846454378269841,-0.012968324943253479,-0.015229886957140257,0.027352951820467295,0.0,-0.002343199190222099,-0.0041354982543951695,0.0,-0.03338728753707177,-0.07598342219913523,-0.006799426778135753,0.0,0.0,-0.018992033574310667,0.0,-0.07391430442717642,0.0,0.0,0.0,0.0,0.0019536713347787357,0.012004770633779948,0.0,-6.388118480943556e-06,0.014201199040420831,-0.003702848400644298,0.018314971854844576,0.0,0.06070407692523069,0.04622415635095545
-0.027912438092877166,0.006085941591931931,0.003319057079092187,0.020567703940355987,-0.12694476403462207,-0.18746622578296718,-0.03036406211548507,0.09477290574669738,0.05854346325109856,-0.007480427769193771,-0.008253159430784907,-0.15486118632258775,-0.05688223356107071,-0.05740109901677924,0.027687631005110302,0.6834730468218188,0.0,0.0,0.0,-0.01886678327193183,0.0,0.0,0.005771577028342511,0.0,0.0,-0.010259744630911758,0.0,0.0,-0.010659743877881097,-0.1352324795848998,-0.044817161489965986,0.006823002137953246,0.0,0.0,0.0,0.004430544283199991,-0.002023156552652921,0.0,0.0,0.0,0.0,0.032454271591014175,0.0,0.020322739671857538,0.0,0.016073062245920474,0.0,0.0,0.0,0.004383569859558201,0.0,-0.0004726007300304446,0.0,0.005446183226414492,-0.008027824656488092,-0.00460102894733506,-0.0016610579142472151,0.0,-0.0022132580397857047,0.003416281166674267,0.0,-0.06256843033372497,-0.04543249351699083,-0.014999602206138543,0.0,0.0,0.0269564347506345,0.0,-0.02414546464091156,0.0,0.0,0.0,0.0,0.005896171878909279,0.012042343025001854,0.0,0.008212628893317055,0.0032187982566721854,0.02915554502250279,0.018314971854844576,0.0,0.1323866994046614,0.016221399947739214
0.18696127174934626,0.0036511853685320186,0.009019995476665764,0.043264657888527784,0.2632019910979034,-0.0709493025099012,-0.030294371232665287,0.05517599628590014,-0.026476367644694257,-0.025135937400560093,-0.01011555641251312,-0.029942726101617172,0.03412318436497601,-0.056231894350046725,0.08374536340093292,0.8935984720379548,0.0,0.0,0.0,-0.01886678327193183,0.0,0.0,0.0019123873639223154,0.0,0.0,-0.010024970822491402,0.0,0.0,-0.010659743877881097,0.11111270890845322,-0.044800867009090785,0.006823002137953246,0.0,0.0,0.0,0.00240601367264873,-0.0039229633318180225,0.0,0.0,0.0,0.0,0.0464829151008331,0.0,-0.02467186162041284,0.0,0.027520653286296708,0.0,0.0,0.0,0.013824879133906346,0.0,-0.0005430142585683352,0.0,-0.0016846454378269841,-0.012968324943253479,-0.015229886957140257,0.027352951820467295,0.0,-0.002353604477862286,-0.0041354982543951695,0.0,-0.03338728753707177,-0.07598342219913523,-0.006799426778135753,0.0,0.0,-0.018992033574310667,0.0,0.10155014027091772,0.0,0.0,0.0,0.0,0.0019536713347787357,0.012004770633779948,0.0,0.007510491591741483,-0.010593529221066605,0.02915554502250279,0.018314971854844576,0.0,0.07316764313278179,0.04622415635095545
0.1808726576020151,0.0036511853685320186,0.009019995476665764,0.05440794672473251,-0.12557484244146505,-0.1957982119364337,-0.10035564420211054,0.0902409721364582,-0.02304163941782978,-0.025135937400560093,-0.004677961638219567,-0.17979408354942625,-0.05688223356107071,-0.07854814480870373,0.01601234187763567,0.6276014025613342,0.0,0.0,0.0,-0.01886678327193183,0.0,0.0,0.0019123873639223154,0.0,0.0,-0.010259744630911758,0.0,0.0,-0.010659743877881097,0.04444976313484254,-0.04186028789495959,0.006823002137953246,0.0,0.0,0.0,0.004430544283199991,-0.0013629048633140937,0.0,0.0,0.0,0.0,0.032454271591014175,0.0,0.029915503367335762,0.0,0.017176316880646948,0.0,0.0,0.0,0.004383569859558201,0.0,-0.0005430142585683352,0.0,0.005446183226414492,0.027589554771415767,-0.015229886957140257,-0.002628767299142269,0.0,0.004686398380444195,0.003416281166674267,0.0,0.041501779485069744,-0.07598342219913523,0.019390272671689416,0.0,0.0,0.015012073528119107,0.0,-0.02414546464091156,0.0,0.0,0.0,0.0,0.0019536713347787357,0.014222777801642862,0.0,0.007510491591741483,-0.0004213330112256054,0.02915554502250279,0.018314971854844576,0.0,0.0751111176877643,0.0466235545198305
0.19183336574181592,0.0036511853685320186,0.009019995476665764,0.06570706124778322,0.27909604767577995,-0.06904757650964051,0.5052815735722155,0.05517599628590014,-0.021458599625261983,0.022850852182327356,-0.011313179655737858,-0.054285195873543336,-0.020896898352081007,-0.053962947897526,0.022451682412134175,0.8418764391333776,0.0,0.0,0.0,-0.007344603647579196,0.0,0.0,-0.001821321298973634,0.0,0.0,-0.004546973044574673,0.0,0.0,-0.006827026977968792,0.12738563656206964,-0.034026213675928646,0.004097485096005883,0.0,0.0,0.0,0.0017590183993314243,-0.0039229633318180225,0.0,0.0,0.0,0.0,-0.15776192394280433,0.0,-0.013742944669339233,0.0,0.011195146252863953,0.0,0.0,0.0,0.002516677256369826,0.0,-0.0005430142585683352,0.0,-0.0010446376433090971,0.02111732831317002,-0.015229886957140257,0.010185807054446178,0.0,-0.002343199190222099,-0.0041354982543951695,0.0,-0.0319860990035331,-0.05651986228398828,-0.006799426778135753,0.0,0.0,-0.018992033574310667,0.0,0.11254759583064455,0.0,0.0,0.0,0.0,0.0019536713347787357,0.012004770633779948,0.0,-6.388118480943556e-06,0.010679426121527419,0.015218943673573463,0.006921170038737878,0.0,0.03190193916263999,0.055610849901606696
0.17396248269550088,-0.0030252678767836725,-0.03481390265288796,-0.13452012924574722,-0.03947971239858932,0.3110179502128655,-0.03414387339734878,-0.08874696673033404,0.025703849741375764,0.007198399163382663,-0.006105352261311459,-0.2755776459213113,0.0069936312038612536,0.00907234238318631,-0.04170511006543985,0.664573586732471,0.0,0.0,0.0,-0.00693827678365617,0.0,0.0,-0.003139187929938296,0.0,0.0,0.04119558013885767,0.0,0.0,0.014212991837174796,0.0820565066889647,0.2050936085189877,-0.008466698189362801,0.0,0.0,0.0,-0.02396685074112566,-0.002023156552652921,0.0,0.0,0.0,0.0,0.027664263119588712,0.0,0.0084715711434564,0.0,-0.06826492113310004,0.0,0.0,0.0,-0.0021726223062007556,0.0,0.00046983551299303265,0.0,0.0032628409860649297,-0.027550079375683066,0.004398834863575659,-0.0016610579142472151,0.0,0.0031465154793723815,0.0032637813385840886,0.0,0.0227897356686777,0.01518201548826751,-0.006469865719688673,0.0,0.0,0.0269564347506345,0.0,-0.006813862627650784,0.0,0.0,0.0,0.0,-0.0032069556560053586,-0.08752200235708087,0.0,-0.0026871301517081884,-0.0007358309242505765,-0.029295463979916687,0.004990834270586981,0.0,0.047342524568637696,0.03370423528944475
0.17631427186812487,0.0036511853685320186,0.014699203342330472,0.07407386460791113,-0.1313950998764275,-0.1957982119364337,-0.014015856899578266,0.10306595494103278,0.011523296812603091,0.022850852182327356,-0.006088885533045079,-0.036902733113764304,0.02183941235305044,0.009485101020592447,0.06798483792700855,0.515577506167968,0.0,0.0,0.0,-0.00693827678365617,0.0,0.0,-0.003139187929938296,0.0,0.0,0.01916999337767102,0.0,0.0,0.014212991837174796,0.13190701771724844,0.18993944466587132,0.007221595514456508,0.0,0.0,0.0,0.014803054869518797,-0.002023156552652921,0.0,0.0,0.0,0.0,0.0534744480880378,0.0,0.027630856905103744,0.0,0.014049994025514184,0.0,0.0,0.0,-0.004246501734476941,0.0,0.00046983551299303265,0.0,-0.0009932106856114647,-0.0025244593903057545,0.013326151087497733,-0.002628767299142269,0.0,0.004707208955724568,0.0032637813385840886,0.0,0.032000006988039655,0.041927272927348734,-0.006469865719688673,0.0,0.0,0.0269564347506345,0.0,-0.06250049346005562,0.0,0.0,0.0,0.0,-0.0032069556560053586,-0.08752200235708087,0.0,-0.0026871301517081884,-0.0007358309242505765,0.02767530485179585,0.018314971854844576,0.0,0.04723463121948909,0.06097714585482343
0.3732493334195723,0.007153004604745948,0.0020139578096534305,0.013465367342148645,-0.11308256842108862,-0.04989072623804297,-0.01720939120449875,0.07866597503106107,0.06904418831668763,-0.004102593233761398,-0.032120188146305184,-0.09950641813325295,0.00934904196142431,0.0024250392435018987,-0.07690474445461869,-0.4951104371397257,0.0,0.0,0.0,-0.005097035623136402,0.0,0.0,0.006856465712614146,0.0,0.0,-0.010024970822491402,0.0,0.0,-0.010659743877881097,-0.05473645156036086,-0.09309283832787217,0.006823002137953246,0.0,0.0,0.0,0.00240601367264873,0.01583697118332889,0.0,0.0,0.0,0.0,-0.03411564900762064,0.0,-0.025156979169967515,0.0,-0.08855256810463868,0.0,0.0,0.0,0.004336940190788434,0.0,-0.000532644454441642,0.0,-0.010180836007863188,0.0007274081166471448,-0.0025443434516354366,0.027352951820467295,0.0,-0.002493746345704243,-0.003157513363432385,0.0,-0.09786074857977578,-0.04543249351699083,0.06482085868936631,0.0,0.0,-0.05303278226594312,0.0,0.01369081675915746,0.0,0.0,0.0,0.0,0.00700448077274142,0.006380506702708124,0.0,0.01274267300731291,0.004242105625629651,0.013926896700424504,-0.006075798242453717,0.0,0.1157803474140262,-0.03946219185521227
0.15625540127800464,0.0036511853685320186,0.009019995476665764,0.04303774937965993,0.2632019910979034,-0.11334311175598505,0.507141654313071,0.05517599628590014,0.03312652249686994,-0.025135937400560093,-0.010148489869045882,-0.03604150574659556,-0.020896898352081007,-0.053962947897526,0.022451682412134175,0.7902244424399576,0.0,0.0,0.0,-0.007344603647579196,0.0,0.0,-0.003139187929938296,0.0,0.0,-0.004546973044574673,0.0,0.0,-0.006827026977968792,0.11111270890845322,-0.034026213675928646,0.004097485096005883,0.0,0.0,0.0,0.0017590183993314243,-0.0039229633318180225,0.0,0.0,0.0,0.0,0.0464829151008331,0.0,-0.013742944669339233,0.0,0.011195146252863953,0.0,0.0,0.0,0.002516677256369826,0.0,-0.0003355967949950232,0.0,-0.0010446376433090971,-0.014500051114733844,-0.015229886957140257,0.010185807054446178,0.0,-0.0015732577396861927,-0.0041354982543951695,0.0,-0.0319860990035331,-0.05651986228398828,-0.006799426778135753,0.0,0.0,-0.018992033574310667,0.0,-0.06291684886744958,0.0,0.0,0.0,0.0,0.003367303438805626,0.012004770633779948,0.0,0.010435651731327019,-0.009288315343332758,0.02915554502250279,0.006921170038737878,0.0,0.043742312081513086,0.0465644744789355
-0.03612539240649323,-0.005042637319029317,-0.021363147181576808,-0.11341672521903572,-0.0958976942946882,-0.1957982119364337,-0.10364787828461576,-0.09661698282841596,-0.03082849367871205,-0.007918239079720928,-0.0046509210848209755,-0.23331249121751294,-0.05688223356107071,-0.07606475222937445,-0.0004299965250171801,0.9149936008591282,0.0,0.0,0.0,-0.01886678327193183,0.0,0.0,-0.0025648569603523835,0.0,0.0,-0.009851116989726834,0.0,0.0,-0.010659743877881097,0.05019581886339942,-0.05346270916732379,-0.022539470731615115,0.0,0.0,0.0,0.004430544283199991,-0.0013629048633140937,0.0,0.0,0.0,0.0,0.027664263119588712,0.0,0.029915503367335762,0.0,0.017176316880646948,0.0,0.0,0.0,0.004383569859558201,0.0,-0.0009340463231486025,0.0,0.005446183226414492,0.015634416454782498,-0.005027239844086467,-0.002628767299142269,0.0,0.007845600610865859,0.003416281166674267,0.0,0.02561091515848724,0.01760653205879606,0.019390272671689416,0.0,0.0,0.015012073528119107,0.0,-0.08552610847242925,0.0,0.0,0.0,0.0,0.0027512375351191175,0.014222777801642862,0.0,-0.0014247119024074042,0.0003150640118260999,-0.026826350831104073,-0.022296487475462964,0.0,0.060404505279406544,0.030401371289093395
-0.035419361932628006,-0.0029109539040714253,-0.0034558177862177783,-0.022515311598402005,-0.027850545319049912,0.32554528682972717,-0.09978871905429974,-0.05787838744658472,0.05831805521064076,-0.0020358651439685072,0.019673547341597437,0.24574298216854873,0.006032199322741379,0.01545226228311586,-0.02330820004814229,1.0316854865919567,0.0,0.0,0.0,-0.005097035623136402,0.0,0.0,0.005771577028342511,0.0,0.0,-0.010259744630911758,0.0,0.0,-0.04449010077763717,-0.18218930982073595,-0.05164135330622267,0.006823002137953246,0.0,0.0,0.0,0.00240601367264873,0.002564739151872885,0.0,0.0,0.0,0.0,-0.1865779305614617,0.0,-0.037370559816601305,0.0,-0.04387314611776701,0.0,0.0,0.0,-0.0039238982678562,0.0,-0.0004726007300304446,0.0,0.019149716403892236,0.0024884784419781578,-0.001292557886406485,-0.004564361944896368,0.0,-0.0022334230775566794,-0.012291992751179695,0.0,-0.032684134194503965,-0.036682300663315556,0.05624753569149671,0.0,0.0,-0.008439406607002105,0.0,0.01163275328947973,0.0,0.0,0.0,0.0,0.005896171878909279,0.02705022961837619,0.0,0.0004893357580472565,0.0032187982566721854,0.015764461425283396,-0.003441161193358867,0.0,0.06101844531980242,-0.02062744335088586
0.16393159345443883,0.0036511853685320186,0.009019995476665764,-0.022103588528917577,-0.1323033548245191,-0.18573652245043487,-0.04117603318647865,0.09462751707081185,0.029924628588592003,-0.007918239079720928,-0.010148489869045882,-0.0835910271948315,-0.05688223356107071,-0.05374850177071744,0.05155040145796139,0.5678450332503482,0.0,0.0,0.0,-0.01886678327193183,0.0,0.0,-0.003139187929938296,0.0,0.0,-0.010024970822491402,0.0,0.0,-0.010659743877881097,0.09371891124255587,-0.054331027134961886,0.006823002137953246,0.0,0.0,0.0,0.00240601367264873,-0.0039229633318180225,0.0,0.0,0.0,0.0,-0.1344347900659465,0.0,-0.020781550052963216,0.0,0.013057357908447469,0.0,0.0,0.0,0.004383569859558201,0.0,0.00046983551299303265,0.0,-0.0016846454378269841,-0.012968324943253479,-0.015229886957140257,0.011771249226311687,0.0,-0.0015732577396861927,-0.0041354982543951695,0.0,-0.03338728753707177,-0.07598342219913523,-0.006799426778135753,0.0,0.0,-0.018992033574310667,0.0,-0.08552610847242925,0.0,0.0,0.0,0.0,0.003367303438805626,0.012004770633779948,0.0,-0.002520271021251471,0.005334216708313679,-0.0192384702207726,-0.022296487475462964,0.0,0.05836409532201537,0.035108710767446705
0.18193732779701344,0.0036511853685320186,0.003319057079092187,0.02064473423707934,0.2632019910979034,-0.06975640365987892,-0.03052208894179127,0.09448173492664083,-0.02335777931279883,-0.007480427769193771,0.014529577792870906,-0.13234613913689874,0.02840117874415895,-0.06758826995095314,0.04289095372053524,0.780390512428688,0.0,0.0,0.0,-0.01886678327193183,0.0,0.0,0.0019123873639223154,0.0,0.0,-0.010259744630911758,0.0,0.0,-0.010659743877881097,-0.07016516803997543,-0.04448228950746291,0.006823002137953246,0.0,0.0,0.0,0.004430544283199991,-0.0039229633318180225,0.0,0.0,0.0,0.0,0.02546273860380947,0.0,0.029915503367335762,0.0,0.02373300092445245,0.0,0.0,0.0,-0.012508223978296222,0.0,-0.0005430142585683352,0.0,0.005446183226414492,-0.008027824656488092,-0.00460102894733506,-0.002628767299142269,0.0,0.00473055634837951,-0.0041354982543951695,0.0,0.07207250051013499,-0.04543249351699083,0.05448658503136436,0.0,0.0,-0.015476127110315601,0.0,0.10155014027091772,0.0,0.0,0.0,0.0,0.0019536713347787357,0.011925098488384729,0.0,5.460432020960512e-05,-0.010593529221066605,0.02915554502250279,0.018314971854844576,0.0,0.09540676812936492,0.016221399947739214
0.1874097300918475,0.0036511853685320186,-0.021363147181576808,-0.11311116993534825,-0.10137547547834555,-0.18746622578296718,-0.04093903453308448,-0.10024484712238747,-0.022132034267673673,-0.007918239079720928,-0.006088885533045079,-0.23627676129382977,-0.05688223356107071,-0.07606475222937445,-0.0004299965250171801,0.5629147069859162,0.0,0.0,0.0,-0.01886678327193183,0.0,0.0,-0.001821321298973634,0.0,0.0,-0.009851116989726834,0.0,0.0,-0.010659743877881097,0.07696774395427473,-0.05346270916732379,-0.022539470731615115,0.0,0.0,0.0,-0.007173262172799986,-0.002023156552652921,0.0,0.0,0.0,0.0,0.027664263119588712,0.0,0.018250560010264292,0.0,0.017176316880646948,0.0,0.0,0.0,0.004383569859558201,0.0,-0.0005430142585683352,0.0,0.005446183226414492,0.029730033940682937,-0.005027239844086467,-0.0016610579142472151,0.0,0.004707208955724568,0.003416281166674267,0.0,0.02561091515848724,0.01760653205879606,-0.0034457650714431005,0.0,0.0,0.0269564347506345,0.0,-0.08552610847242925,0.0,0.0,0.0,0.0,0.0019536713347787357,0.014222777801642862,0.0,-6.388118480943556e-06,-0.0004213330112256054,-0.026826350831104073,-0.022296487475462964,0.0,0.0660237253531717,0.030401371289093395
0.18059902379462175,0.0036511853685320186,0.014699203342330472,0.06548015273891536,0.27909604767577995,-0.06975640365987892,-0.02067131641226471,0.05072911348382947,0.010996978938623413,0.022850852182327356,-0.011501159385160812,-0.04551496107490099,0.019927527014250022,0.01633430210754018,0.0957657935902674,0.8238387956174333,0.0,0.0,0.0,0.008272560780513128,0.0,0.0,-0.003139187929938296,0.0,0.0,0.053028427555862914,0.0,0.0,0.014212991837174796,0.1728158000241874,0.2223839901338289,0.0026008783149537437,0.0,0.0,0.0,0.004430544283199991,-0.0039229633318180225,0.0,0.0,0.0,0.0,0.0464829151008331,0.0,0.028368944481186632,0.0,0.009593160373736491,0.0,0.0,0.0,-0.0021551213109233204,0.0,-0.0003355967949950232,0.0,0.0020875639464680434,0.038127285201766996,0.013326151087497733,-0.002628767299142269,0.0,-0.0023756834618299423,-0.003950893199338635,0.0,-0.026440644555405006,-0.050594117374712,-0.00801203289268566,0.0,0.0,-0.018992033574310667,0.0,0.11631437508109764,0.0,0.0,0.0,0.0,-0.0032069556560053586,-0.06781574696872503,0.0,-0.0026871301517081884,0.009436365285590425,0.02767530485179585,0.018314971854844576,0.0,-0.055863954142302004,0.06097714585482343
-0.11794330671344887,0.018866025954338308,0.0036228121257512874,0.028088203240527215,-0.11308256842108862,-0.06658933424318124,0.02641533341858458,0.07389281114347068,0.12498426853307008,-0.008266601136188463,-0.011449223601458674,-0.12494973581007031,-0.044620792945034154,0.011643314046489543,0.11194911723147086,-0.5449595862561553,0.0,0.0,0.0,-0.01886678327193183,0.0,0.0,-0.018726348010603147,0.0,0.0,-0.010259744630911758,0.0,0.0,-0.010659743877881097,0.11214245636626453,-0.08313211427135353,0.006823002137953246,0.0,0.0,0.0,0.00240601367264873,-0.0039864064205901405,0.0,0.0,0.0,0.0,-0.041496901142212106,0.0,-0.04206498653737262,0.0,0.02476584842802544,0.0,0.0,0.0,-0.0039660870157907525,0.0,-0.0009109764218330346,0.0,-0.007997809272490258,0.010094632513074811,-0.005079711767361457,-0.010606246624262832,0.0,0.00851419038760792,-0.003157513363432385,0.0,-0.06823215808140269,-0.07598342219913523,-0.007853933401982578,0.0,0.0,0.08716075657196407,0.0,-0.033663869613581865,0.0,0.0,0.0,0.0,0.020087136374028543,0.006721577383669955,0.0,-0.03419833180180323,0.016321389620220908,0.00491980938358126,0.018314971854844576,0.0,0.05815097372618156,-0.1213687940891299
0.18702500579412662,0.0036511853685320186,0.009019995476665764,0.06570706124778322,0.27723628754397334,-0.06975640365987892,-0.02550883525887534,0.04886935335202283,-0.02640418230850449,0.022850852182327356,0.013158345654777935,-0.04983660660685799,0.02840117874415895,0.023828296507585393,0.0984818091103868,0.842250374419632,0.0,0.0,0.0,-0.01886678327193183,0.0,0.0,0.0019123873639223154,0.0,0.0,-0.010024970822491402,0.0,0.0,0.014212991837174796,0.13213764986405183,0.041179665217576676,0.006823002137953246,0.0,0.0,0.0,0.004430544283199991,-0.0039229633318180225,0.0,0.0,0.0,0.0,0.05206219549625299,0.0,0.03747003781254184,0.0,0.022629746289725975,0.0,0.0,0.0,-0.012508223978296222,0.0,-0.0005430142585683352,0.0,-0.0016846454378269841,0.038127285201766996,-0.015229886957140257,-0.002628767299142269,0.0,-0.0023652781741897557,-0.012291992751179695,0.0,-0.03379778177154548,-0.07598342219913523,-0.006469865719688673,0.0,0.0,-0.015476127110315601,0.0,0.1015522221918756,0.0,0.0,0.0,0.0,0.0019536713347787357,0.02705022961837619,0.0,-0.007668688815060191,0.014201199040420831,0.029262080951286594,0.018314971854844576,0.0,0.05396712898498541,0.05527053177362665
0.16095457372045882,0.0036511853685320186,0.003319057079092187,0.020417825728211485,-0.21022014823355364,-0.16152152952930415,-0.03561682168263722,0.059949160173490515,0.018250314350622025,-0.007480427769193771,0.014496459316919421,-0.07410841545854992,0.022114265387938686,-0.045272019492296145,0.07807939743530028,0.6127827532732347,0.0,0.0,0.0,-0.01886678327193183,0.0,0.0,0.003296147326435211,0.0,0.0,-0.010259744630911758,0.0,0.0,-0.010659743877881097,-0.10502042193597787,-0.052273433244085094,0.006823002137953246,0.0,0.0,0.0,0.00240601367264873,0.0047075559981816254,0.0,0.0,0.0,0.0,-0.09154836797717983,0.0,-0.04040079769065908,0.0,-0.05518213508498181,0.0,0.0,0.0,0.004336940190788434,0.0,-0.0003355967949950232,0.0,0.005446183226414492,-0.012968324943253479,-0.00460102894733506,-0.010606246624262832,0.0,-0.0023756834618299423,-0.0041354982543951695,0.0,-0.06103346736367073,-0.04543249351699083,0.05448658503136436,0.0,0.0,-0.013748569479128133,0.0,0.10155014027091772,0.0,0.0,0.0,0.0,0.003367303438805626,0.010874717172761835,0.0,0.0029797644597951414,0.0008838808665082411,0.013407826606617202,0.018314971854844576,0.0,0.08862839312851792,0.016221399947739214
0.19195802530475925,0.0036511853685320186,0.014699203342330472,0.06570706124778322,-0.21653024420716574,-0.15150267669008918,-0.02964970836971255,0.053316236154093505,-0.017893608049913943,0.022850852182327356,-0.011313179655737858,-0.046019281392532176,0.02840117874415895,0.010117472872317172,0.0717533735412472,0.7889735678135378,0.0,0.0,0.0,-0.01886678327193183,0.0,0.0,-0.001821321298973634,0.0,0.0,-0.010024970822491402,0.0,0.0,0.014212991837174796,0.14820354082936246,-0.04846257215870598,0.006823002137953246,0.0,0.0,0.0,0.004430544283199991,-0.0039229633318180225,0.0,0.0,0.0,0.0,0.05206219549625299,0.0,0.029915503367335762,0.0,0.022629746289725975,0.0,0.0,0.0,-0.012508223978296222,0.0,-0.0005430142585683352,0.0,-0.0016846454378269841,0.027589554771415767,0.013326151087497733,-0.002628767299142269,0.0,-0.002343199190222099,-0.0041354982543951695,0.0,-0.04056606543051511,-0.07598342219913523,-0.006799426778135753,0.0,0.0,-0.018992033574310667,0.0,0.10155014027091772,0.0,0.0,0.0,0.0,-0.0018606393664559384,0.0264616839574641,0.0,0.0067095189556667005,0.0005072299116864198,0.02915554502250279,0.018314971854844576,0.0,0.053299799495130855,0.060616480785097224
0.5358630113346957,0.007153004604745948,0.003319057079092187,0.017303023940461657,0.08445739888735906,-0.03536194537828398,-0.042176942201232324,0.07866597503106107,-0.04803384151085603,-0.007480427769193771,-0.03897062400544091,-0.06326352315228924,0.00874090718599456,-0.009415337666312633,-0.08674854534497928,-0.7027682330948962,0.0,0.0,0.0,-0.005097035623136402,0.0,0.0,0.003035257008794134,0.0,0.0,-0.01268071093727157,0.0,0.0,-0.010659743877881097,-0.2013863775318025,-0.10186553754757963,0.003700907328298906,0.0,0.0,0.0,0.00240601367264873,-0.013197475986107408,0.0,0.0,0.0,0.0,-0.04588379707003355,0.0,-0.03357216659439833,0.0,0.030498472642755656,0.0,0.0,0.0,-0.003881930233482161,0.0,-0.0011054211199055626,0.0,-0.0007389875821402041,0.0007274081166471448,-0.00460102894733506,0.027352951820467295,0.0,-0.004615080669619686,-0.003157513363432385,0.0,-0.10680652528808801,-0.024384280468587566,-0.03259746103313778,0.0,0.0,-0.06140871485752015,0.0,0.025799446290792415,0.0,0.0,0.0,0.0,0.0031007811093277165,0.008506511804515886,0.0,0.0033910904652768104,-0.009534396797036005,0.03282297107312707,0.004990834270586981,0.0,-0.1590012777636291,0.013927659774181221
0.5522892174317671,0.007153004604745948,0.014699203342330472,0.061796272856344134,0.1003514554652356,-0.043234599394229564,0.03199131260406591,0.0831762637780831,-0.030813300103438607,0.022850852182327356,-0.010149176842673906,-0.05369668472855834,-0.05688223356107071,0.011643314046489543,0.11194911723147086,-0.5381014031620915,0.0,0.0,0.0,-0.01886678327193183,0.0,0.0,-0.002890720960756318,0.0,0.0,-0.004584128851182199,0.0,0.0,-0.010659743877881097,0.1881870231705491,-0.08208397548684668,0.01922484268284819,0.0,0.0,0.0,0.00240601367264873,-0.0039864064205901405,0.0,0.0,0.0,0.0,-0.041496901142212106,0.0,-0.02467186162041284,0.0,0.026098124678590254,0.0,0.0,0.0,0.004383569859558201,0.0,0.0015475895678677878,0.0,-0.0016846454378269841,0.010094632513074811,0.013326151087497733,0.027352951820467295,0.0,-0.004615080669619686,-0.003157513363432385,0.0,-0.06823215808140269,0.050163562816501174,-0.007853933401982578,0.0,0.0,0.08716075657196407,0.0,-0.033663869613581865,0.0,0.0,0.0,0.0,-0.0029531248660263996,0.006721577383669955,0.0,-0.003991244711267516,0.00967072857483161,0.00491980938358126,0.018314971854844576,0.0,0.07644461003985123,0.060616480785097224
-0.04103574606798482,0.006085941591931931,0.009019995476665764,0.04318762759180443,-0.21207990836536028,-0.1957982119364337,-0.022041297836964013,0.053316236154093505,0.05510288317370317,-0.025135937400560093,0.007135713954216643,-0.20023920726189945,0.02840117874415895,0.0066381475206503185,0.04344025454542899,0.6919064508454698,0.0,0.0,0.0,-0.01886678327193183,0.0,0.0,0.005771577028342511,0.0,0.0,-0.010259744630911758,0.0,0.0,0.014212991837174796,0.08953266773065183,-0.04743916310246932,0.006823002137953246,0.0,0.0,0.0,0.004430544283199991,-0.002023156552652921,0.0,0.0,0.0,0.0,0.03104201899922936,0.0,0.029915503367335762,0.0,0.022629746289725975,0.0,0.0,0.0,-0.012508223978296222,0.0,-0.0004726007300304446,0.0,0.005446183226414492,-0.008027824656488092,-0.015229886957140257,-0.002628767299142269,0.0,0.004466846155113355,0.003416281166674267,0.0,-0.04056606543051511,-0.07598342219913523,0.019390272671689416,0.0,0.0,0.02196611589851246,0.0,-0.07391430442717642,0.0,0.0,0.0,0.0,0.005896171878909279,0.022931548749418607,0.0,0.0004893357580472565,0.0032187982566721854,0.02915554502250279,0.018314971854844576,0.0,0.06841501570396824,0.0466235545198305
0.16393159345443883,0.0036511853685320186,0.014699203342330472,0.0516314612486557,0.2632019910979034,-0.07143928803547857,0.5042432166170641,0.06445944892051256,0.029924628588592003,-0.025135937400560093,-0.010148489869045882,-0.04268533042293874,-0.020896898352081007,-0.053962947897526,0.022451682412134175,0.7868914281827007,0.0,0.0,0.0,-0.007344603647579196,0.0,0.0,-0.003139187929938296,0.0,0.0,-0.003113479074425195,0.0,0.0,-0.006827026977968792,0.14275947225437766,-0.034026213675928646,0.007526688457563168,0.0,0.0,0.0,0.0017590183993314243,-0.0039229633318180225,0.0,0.0,0.0,0.0,-0.15776192394280433,0.0,-0.018806139602760584,0.0,0.011195146252863953,0.0,0.0,0.0,0.002516677256369826,0.0,0.00046983551299303265,0.0,-0.0010446376433090971,-0.014500051114733844,0.013326151087497733,-0.0039495986537648456,0.0,-0.0015732577396861927,-0.0041354982543951695,0.0,-0.0319860990035331,0.04213098253405958,-0.006799426778135753,0.0,0.0,-0.018992033574310667,0.0,0.11254759583064455,0.0,0.0,0.0,0.0,0.003367303438805626,0.012004770633779948,0.0,-0.002520271021251471,-0.009288315343332758,0.015218943673573463,0.006921170038737878,0.0,0.04662365449907914,0.051910423490406074
-0.03509528373743084,-0.0029109539040714253,-0.008580344508358312,-0.050967304373833816,-0.13635293018360353,-0.18746622578296718,-0.023370154023071254,-0.002344500016448579,0.05510288317370317,-0.004280872132582256,0.007135713954216643,0.038173190917597355,0.016706764302958213,-0.0573520316138207,0.0036492094944808556,0.5915082803734113,0.0,0.0,0.0,-0.01886678327193183,0.0,0.0,0.005771577028342511,0.0,0.0,-0.010259744630911758,0.0,0.0,-0.04449010077763717,0.07689885180276901,-0.0412687408512539,0.006823002137953246,0.0,0.0,0.0,0.004430544283199991,-0.002023156552652921,0.0,0.0,0.0,0.0,-0.004384558313131028,0.0,0.017893366371373065,0.0,0.020558146630495124,0.0,0.0,0.0,-0.012508223978296222,0.0,-0.0004726007300304446,0.0,0.005446183226414492,0.015634416454782498,-0.002717898605445418,-0.0016610579142472151,0.0,0.004466846155113355,0.003416281166674267,0.0,-0.0318104774600344,-0.03974843992104991,-0.0034457650714431005,0.0,0.0,0.02196611589851246,0.0,-0.024286596655606743,0.0,0.0,0.0,0.0,0.005896171878909279,0.012042343025001854,0.0,0.008212628893317055,0.0032187982566721854,-0.02223591612959152,-0.0074364684946178275,0.0,0.08273887515617918,-0.07944060684956791
-0.041393029098854776,0.006085941591931931,0.009019995476665764,0.054330916428009156,-0.12785301898271367,-0.1957982119364337,-0.021833001754513377,0.09462751707081185,0.058646783083801404,-0.025135937400560093,-0.006238004947926505,-0.03821477480227945,0.03412318436497601,-0.06836097387452983,0.058861361254822844,0.7486418354963418,0.0,0.0,0.0,-0.01886678327193183,0.0,0.0,0.005771577028342511,0.0,0.0,-0.010259744630911758,0.0,0.0,-0.010659743877881097,0.11111270890845322,-0.038706998052298915,0.006823002137953246,0.0,0.0,0.0,0.004430544283199991,-0.002023156552652921,0.0,0.0,0.0,0.0,0.04512715261271968,0.0,0.029915503367335762,0.0,0.02865383450757862,0.0,0.0,0.0,0.013824879133906346,0.0,-0.0004726007300304446,0.0,-0.007997809272490258,0.027589554771415767,-0.015229886957140257,-0.002628767299142269,0.0,-0.0022334230775566794,0.003416281166674267,0.0,-0.03338728753707177,-0.07598342219913523,-0.0034457650714431005,0.0,0.0,0.0269564347506345,0.0,-0.02414546464091156,0.0,0.0,0.0,0.0,0.005896171878909279,0.013172396486019967,0.0,0.015668516164848934,0.0032187982566721854,0.02915554502250279,0.018314971854844576,0.0,0.0912039397133732,0.04622415635095545
