original_shape2D_Elongation,original_shape2D_MajorAxisLength,original_shape2D_MaximumDiameter,original_shape2D_MeshSurface,original_shape2D_MinorAxisLength,original_shape2D_Perimeter,original_shape2D_PerimeterSurfaceRatio,original_shape2D_PixelSurface,original_shape2D_Sphericity,original_firstorder_10Percentile,original_firstorder_90Percentile,original_firstorder_Energy,original_firstorder_Entropy,original_firstorder_InterquartileRange,original_firstorder_Kurtosis,original_firstorder_Maximum,original_firstorder_MeanAbsoluteDeviation,original_firstorder_Mean,original_firstorder_Median,original_firstorder_Minimum,original_firstorder_Range,original_firstorder_RobustMeanAbsoluteDeviation,original_firstorder_RootMeanSquared,original_firstorder_Skewness,original_firstorder_TotalEnergy,original_firstorder_Uniformity,original_firstorder_Variance,original_glcm_Autocorrelation,original_glcm_JointAverage,original_glcm_ClusterProminence,original_glcm_ClusterShade,original_glcm_ClusterTendency,original_glcm_Contrast,original_glcm_Correlation,original_glcm_DifferenceAverage,original_glcm_DifferenceEntropy,original_glcm_DifferenceVariance,original_glcm_JointEnergy,original_glcm_JointEntropy,original_glcm_Imc1,original_glcm_Imc2,original_glcm_Idm,original_glcm_Idmn,original_glcm_Id,original_glcm_Idn,original_glcm_InverseVariance,original_glcm_MaximumProbability,original_glcm_SumEntropy,original_glcm_SumSquares,original_glrlm_GrayLevelNonUniformity,original_glrlm_GrayLevelNonUniformityNormalized,original_glrlm_GrayLevelVariance,original_glrlm_HighGrayLevelRunEmphasis,original_glrlm_LongRunEmphasis,original_glrlm_LongRunHighGrayLevelEmphasis,original_glrlm_LongRunLowGrayLevelEmphasis,original_glrlm_LowGrayLevelRunEmphasis,original_glrlm_RunEntropy,original_glrlm_RunLengthNonUniformity,original_glrlm_RunLengthNonUniformityNormalized,original_glrlm_RunPercentage,original_glrlm_RunVariance,original_glrlm_ShortRunEmphasis,original_glrlm_ShortRunHighGrayLevelEmphasis,original_glrlm_ShortRunLowGrayLevelEmphasis,original_glszm_GrayLevelNonUniformity,original_glszm_GrayLevelNonUniformityNormalized,original_glszm_GrayLevelVariance,original_glszm_HighGrayLevelZoneEmphasis,original_glszm_LargeAreaEmphasis,original_glszm_LargeAreaHighGrayLevelEmphasis,original_glszm_LargeAreaLowGrayLevelEmphasis,original_glszm_LowGrayLevelZoneEmphasis,original_glszm_SizeZoneNonUniformity,original_glszm_SizeZoneNonUniformityNormalized,original_glszm_SmallAreaEmphasis,original_glszm_SmallAreaHighGrayLevelEmphasis,original_glszm_SmallAreaLowGrayLevelEmphasis,original_glszm_ZoneEntropy,original_glszm_ZonePercentage,original_glszm_ZoneVariance,original_gldm_DependenceEntropy,original_gldm_DependenceNonUniformity,original_gldm_DependenceNonUniformityNormalized,original_gldm_DependenceVariance,original_gldm_GrayLevelNonUniformity,original_gldm_GrayLevelVariance,original_gldm_HighGrayLevelEmphasis,original_gldm_LargeDependenceEmphasis,original_gldm_LargeDependenceHighGrayLevelEmphasis,original_gldm_LargeDependenceLowGrayLevelEmphasis,original_gldm_LowGrayLevelEmphasis,original_gldm_SmallDependenceEmphasis,original_gldm_SmallDependenceHighGrayLevelEmphasis,original_gldm_SmallDependenceLowGrayLevelEmphasis,original_ngtdm_Busyness,original_ngtdm_Coarseness,original_ngtdm_Complexity,original_ngtdm_Contrast,original_ngtdm_Strength,filename,image_path,mask_path
0.6406234901080174,193.1657558353892,213.243991709028,17481.5,123.74652067262015,1442.531096016661,0.08251758121537975,17475.0,0.32491450176520353,57.0,123.0,155981816.0,2.163464031361776,40.0,2.783063160316258,206.0,21.896320487268753,90.68188841201717,91.0,6.0,200.0,16.362159040650553,94.47750025462875,0.008502574950695804,155981816.0,0.2566335836398206,702.7931683938427,18.339445778897417,4.148163337043764,61.44452306376505,-0.33957464647851376,4.649667800249885,0.12092096783642861,0.9493056418338334,0.12092096783642861,0.532002377762036,0.10629908737393001,0.20425071757406532,2.7873970104627084,-0.708175809703395,0.9761806874383939,0.9395395160817858,0.9985253540507752,0.9395395160817858,0.9879079032163571,0.12092096783642861,0.27787216591481634,2.666476042626282,1.1926471920215784,567.8016194331984,0.22987919815109245,1.478456621154256,18.77327935222672,106.19473684210526,1896.5465587044534,7.904762152251814,0.08293899201605968,6.329609421528744,197.97732793522266,0.080152764346244,0.1413447782546495,56.14054401809569,0.18597785011295198,3.60591662682483,0.014441529602264042,567.8016194331984,0.22987919815109245,1.478456621154256,18.77327935222672,106.19473684210526,1896.5465587044534,7.904762152251814,0.08293899201605968,197.97732793522266,0.080152764346244,0.18597785011295198,3.60591662682483,0.014441529602264042,6.329609421528744,0.1413447782546495,56.14054401809569,3.0801805287587385,10515.68303290415,0.6017558244866466,0.238369876443151,4484.671874105866,1.2039761981657835,18.319656652360514,7.622145922746781,139.0394277539342,0.6032627072797009,0.0797615610033554,0.1612494039103481,2.985747893816563,0.012925019360523312,10.882033318894655,0.0019761195423974327,4.41270085604924,0.004010383282874582,0.07400333639527988,001.jpg,/mnt/wangbd8/workspace/DataSets/ThyroidAgent/train_val_test/500_TestData_Malignancy_Cls/images/001.jpg,/mnt/wangbd8/workspace/DataSets/ThyroidAgent/train_val_test/500_TestData_Malignancy_Cls/masks/001.jpg
0.6308749467707147,111.99229379694083,122.0,5958.0,70.65313238787529,1102.4722215136405,0.1850406548361263,5971.0,0.24819185550903336,39.0,106.0,33152715.0,2.0807912725463904,37.0,2.9969166648035714,194.0,21.16840141855736,69.85613800033495,66.0,17.0,177.0,15.546008561847707,74.51368036394393,0.6431416568403091,33152715.0,0.2661116683520396,672.4085450581625,11.600212464589234,3.2605347025495752,53.020874197886556,5.509329455276447,4.165278459772166,0.28877478753541075,0.8703316859941127,0.2862960339943343,0.8737573698043536,0.20680936845452574,0.15621827576659794,3.1356828020685317,-0.46996469133811675,0.9242916384618775,0.8570998583569404,0.995560675784805,0.8572651085930121,0.9682168712621969,0.2841271246458924,0.2717776203966006,2.8383906296909767,1.1135133118268945,478.5488877392654,0.24756797089460186,1.2686139314206464,13.877909984480082,17.93740300051733,181.10605276771858,2.6263291876502284,0.11362583699629188,4.880772116317825,395.79875840662186,0.20475879896876453,0.3237313682800201,8.395600254677586,0.4246052422092181,6.571267641069109,0.04443068692744219,478.5488877392654,0.24756797089460186,1.2686139314206464,13.877909984480082,17.93740300051733,181.10605276771858,2.6263291876502284,0.11362583699629188,395.79875840662186,0.20475879896876453,0.4246052422092181,6.571267641069109,0.04443068692744219,4.880772116317825,0.3237313682800201,8.395600254677586,3.4273483831877147,2440.065818120918,0.4086527915124632,0.4486533345266931,1588.9527717300284,1.1590983731142213,12.126277005526713,5.983084910400268,67.70289733712946,0.7900817756343872,0.12614970230262598,0.26838050577792666,3.662814715569698,0.031132987087817882,13.63905459356576,0.0025404283797887243,7.786173171099399,0.010607343295360661,0.08179052785631642,002.jpg,/mnt/wangbd8/workspace/DataSets/ThyroidAgent/train_val_test/500_TestData_Malignancy_Cls/images/002.jpg,/mnt/wangbd8/workspace/DataSets/ThyroidAgent/train_val_test/500_TestData_Malignancy_Cls/masks/002.jpg
0.8823442580906341,313.14348251495716,330.62516540638586,67465.5,276.3003537555773,1094.8355697996833,0.01622808057154669,67466.0,0.8410017607441779,45.0,128.0,551504886.0,2.414932264269768,45.0,4.577944569468292,251.0,26.55203254238023,83.72848545934248,79.0,12.0,239.0,18.421129820553716,90.41327508646498,0.9984386115300554,551504886.0,0.22006813373609568,1164.1010345454633,16.769452878490206,3.8633535750431625,258.0538039002131,20.005227106178122,7.538426455466526,0.16261832470083942,0.9577672044916207,0.16261832470083948,0.6405367842525596,0.13617360517233182,0.15932769047530715,3.1924148697999835,-0.6774643785133736,0.9808244739770877,0.9186908376495801,0.9986670629122881,0.9186908376495801,0.9864484729415965,0.16261832470083948,0.2543013633386914,3.0297965450991473,1.9252611950418417,2319.5383791503036,0.2070277025303734,2.0947042489160483,17.845769368082827,65.58461263834344,1018.3771867190289,6.760690932106604,0.09961822890292243,6.330421441276628,1046.0573009639415,0.09336462879006975,0.16606883467227937,29.324952957714775,0.1731739740970965,3.0692563945987796,0.02112049643872168,2319.5383791503036,0.2070277025303734,2.0947042489160483,17.845769368082827,65.58461263834344,1018.3771867190289,6.760690932106604,0.09961822890292243,1046.0573009639415,0.09336462879006975,0.1731739740970965,3.0692563945987796,0.02112049643872168,6.330421441276628,0.16606883467227937,29.324952957714775,3.401221525300639,37655.08819257107,0.5581342927188668,0.2550834361801074,14847.116710639433,1.9275104185721155,16.86870423620787,7.37257285151039,122.74769513532742,0.7267465449337954,0.09861536504383785,0.16740448686910608,2.8703577439829777,0.016971397150836582,46.306228197096466,0.00043233489771331583,10.030246464848872,0.005627011210813916,0.033477969558106994,003.png,/mnt/wangbd8/workspace/DataSets/ThyroidAgent/train_val_test/500_TestData_Malignancy_Cls/images/003.png,/mnt/wangbd8/workspace/DataSets/ThyroidAgent/train_val_test/500_TestData_Malignancy_Cls/masks/003.png
0.6841989891839687,252.34713154664857,263.4008352302627,30472.5,172.65565232769092,2270.3170260292372,0.07450379936103822,30434.0,0.27256649453111514,19.0,97.0,118568078.0,2.2585253572304866,47.0,2.2996287443979493,149.0,24.333543349217003,55.234540316751,52.0,4.0,145.0,18.758955513068038,62.417212831446214,0.4409691464359304,118568078.0,0.2245510501300178,845.0540136432619,8.682763719460967,2.6928453809187753,77.89583579391558,4.710446997533458,5.801136778787861,0.07574688308633262,0.9742220920323013,0.07574688308633264,0.38701283240344453,0.0700092927890381,0.19481461271705364,2.6929274819943756,-0.8015461127129999,0.9862732737217133,0.9621265584568336,0.9979527869436126,0.9621265584568336,0.9891790167019524,0.07574688308633264,0.276338340558524,2.617180598908045,1.4692209154685485,620.8969634936882,0.2118379268146326,1.6586954287286073,11.139883998635279,253.63561924257934,1917.8532923916753,92.0489432882217,0.21994124113878463,6.871304843146352,180.17911975435004,0.06147359937030026,0.09630676217388447,145.81881977626895,0.18185377608549683,2.5349161769560227,0.02905870612316986,620.8969634936882,0.2118379268146326,1.6586954287286073,11.139883998635279,253.63561924257934,1917.8532923916753,92.0489432882217,0.21994124113878463,180.17911975435004,0.06147359937030026,0.18185377608549683,2.5349161769560227,0.02905870612316986,6.871304843146352,0.09630676217388447,145.81881977626895,2.9893288986537625,21321.490044029702,0.7005812592504995,0.18074848919870468,6833.986659656963,1.4957826750015846,8.85660774134192,8.06216731287376,69.34665177104554,2.4504519433674328,0.29537987484757544,0.1455736639577081,1.3938048089490556,0.03988063118977557,46.64628801269795,0.001961335133425761,1.052796296605794,0.007534451077010676,0.026257983315744055,004.jpg,/mnt/wangbd8/workspace/DataSets/ThyroidAgent/train_val_test/500_TestData_Malignancy_Cls/images/004.jpg,/mnt/wangbd8/workspace/DataSets/ThyroidAgent/train_val_test/500_TestData_Malignancy_Cls/masks/004.jpg
0.8749019447889506,125.7813225200729,126.87395319765204,10520.5,110.04632369093802,451.29646455628216,0.04289686465056625,10521.0,0.8056774178598457,73.0,168.0,163157898.0,2.576073369174656,54.0,2.8276571991228097,254.0,29.760459997986658,119.04514779963881,118.0,42.0,212.0,22.062197391108644,124.53044513307317,0.4554785964973001,163157898.0,0.18928606232527048,1336.0845504034953,20.193210232737066,4.253221773417966,214.4747129617694,11.62120740193464,8.619067924828045,0.2058088093864205,0.9533571254115109,0.2058088093864205,0.7333946767743547,0.1634515433653645,0.12569156126278005,3.4833643032825705,-0.6445819635083757,0.9816295834677718,0.8970955953067897,0.997962289015976,0.8970955953067897,0.9812901082375981,0.2058088093864205,0.19840353914214273,3.2775554938961533,2.206219183553616,413.2907644719399,0.18262959101720722,2.327234660680013,22.368979231109147,39.13168360583297,700.5682722050376,3.7227516383183765,0.07980912270883705,5.972386310000857,286.5024304021211,0.12660292991697794,0.21509362227925102,17.51719656195685,0.21903147219889013,5.275757581905869,0.017661212526882745,413.2907644719399,0.18262959101720722,2.327234660680013,22.368979231109147,39.13168360583297,700.5682722050376,3.7227516383183765,0.07980912270883705,286.5024304021211,0.12660292991697794,0.21903147219889013,5.275757581905869,0.017661212526882745,5.972386310000857,0.21509362227925102,17.51719656195685,3.6800644532930717,5241.744415930045,0.49821731925958035,0.3008243067320806,1991.4786617241707,2.222322573251169,20.461172892310618,6.904761904761905,137.40442923676457,0.5926071612459014,0.0844016428953273,0.18787821183030762,4.0280074771092735,0.01556929705482169,8.660202923630798,0.0026411543358197237,8.71624900273106,0.009566250365482547,0.11760067882366954,005.png,/mnt/wangbd8/workspace/DataSets/ThyroidAgent/train_val_test/500_TestData_Malignancy_Cls/images/005.png,/mnt/wangbd8/workspace/DataSets/ThyroidAgent/train_val_test/500_TestData_Malignancy_Cls/masks/005.png
0.7735485022408377,180.39145008288168,188.2153022471871,19174.0,139.54153602866594,1908.1088732275343,0.09951543096002578,19181.0,0.25725163425033354,70.0,187.0,314912854.0,2.73733067954244,72.0,2.410322186401644,255.0,37.10057876779527,120.17319222146917,110.0,39.0,216.0,28.085710729685452,128.13258010170617,0.5910432070484808,314912854.0,0.17071913533945263,1976.361954821974,21.2528921172989,4.270271724509012,379.1401830798424,26.10066442776875,12.334124321289476,0.2634382566585956,0.9581763130719047,0.17530266343825668,0.6984262528365096,0.23270723285004896,0.1312099306829885,3.5216138893913365,-0.7035635962552333,0.9890007092790376,0.9198040323145009,0.9975587068504241,0.9215010825422447,0.9846322866654729,0.1410576620747842,0.23077750874361044,3.2811107048802444,3.1493906444870183,494.6826979472141,0.1450682398672182,3.664321772258581,27.821114369501466,68.98445747800587,1204.5870967741935,7.23384613396787,0.07669313425381014,6.4934940561338035,401.17478005865104,0.11764656306705308,0.17778009488556384,37.344657252689615,0.3113742397634655,10.065461833212431,0.021761748739904673,494.6826979472141,0.1450682398672182,3.664321772258581,27.821114369501466,68.98445747800587,1204.5870967741935,7.23384613396787,0.07669313425381014,401.17478005865104,0.11764656306705308,0.3113742397634655,10.065461833212431,0.021761748739904673,6.4934940561338035,0.17778009488556384,37.344657252689615,3.778028217148296,10506.696261925865,0.5477658235715481,0.3186006728408795,3274.5637349460403,3.2236465679241166,21.959126218653875,7.3116625827641935,151.07105990302904,0.708216025712488,0.09312461039192105,0.18783054990760534,4.699708623695903,0.016102217160291844,13.122600242660678,0.002121360488723588,6.6093205602687775,0.011531097067660371,0.0832140949197576,006.jpg,/mnt/wangbd8/workspace/DataSets/ThyroidAgent/train_val_test/500_TestData_Malignancy_Cls/images/006.jpg,/mnt/wangbd8/workspace/DataSets/ThyroidAgent/train_val_test/500_TestData_Malignancy_Cls/masks/006.jpg
0.8175380330800291,71.55230419087215,80.49844718999243,3145.0,58.49673003054955,915.0580079512725,0.29095644131995946,3169.0,0.21725342452884597,23.0,118.0,22893205.0,2.473422197357547,53.0,2.6314641916617396,207.0,29.73856330073574,76.81066582518145,83.0,0.0,207.0,22.039178734378098,84.99476530574312,-0.25992448712570787,22893205.0,0.20462240657537456,1324.2317448706558,14.668732782369148,3.5359848484848486,192.09771829570025,-2.3696330775036905,8.799572428833795,0.13739669421487605,0.9692520602179264,0.13739669421487605,0.5773801718113302,0.11851884263369988,0.1511835461109973,3.193953356053695,-0.7280909259204698,0.9870066696156699,0.931301652892562,0.9983244305583551,0.931301652892562,0.9862603305785124,0.13739669421487605,0.2513774104683196,3.056556661838821,2.2342422807621674,151.95180722891567,0.2288430831760778,1.9030338220351284,17.710843373493976,46.81475903614458,635.7650602409639,13.866972075281472,0.1301037829511546,5.599270499128534,86.08734939759036,0.12964962258673246,0.20952982013253393,24.03714027797939,0.31410882027356046,6.700738984011305,0.02265796781046305,151.95180722891567,0.2288430831760778,1.9030338220351284,17.710843373493976,46.81475903614458,635.7650602409639,13.866972075281472,0.1301037829511546,86.08734939759036,0.12964962258673246,0.31410882027356046,6.700738984011305,0.02265796781046305,5.599270499128534,0.20952982013253393,24.03714027797939,3.5914856660078707,1592.2881035026821,0.5024575902501364,0.34505799865193754,648.448406437362,2.1475840674505235,15.202272010097822,7.006311139160618,101.92426633007258,1.487019091374848,0.19483180193994784,0.2003611374075243,3.3962518845762775,0.031096208046288997,2.0015107925915836,0.013476303776044158,4.705621649814485,0.007529834393781858,0.4831950142000631,007.jpg,/mnt/wangbd8/workspace/DataSets/ThyroidAgent/train_val_test/500_TestData_Malignancy_Cls/images/007.jpg,/mnt/wangbd8/workspace/DataSets/ThyroidAgent/train_val_test/500_TestData_Malignancy_Cls/masks/007.jpg
0.4787239765188294,168.42726428991057,180.94197965093673,10336.0,80.63016971505382,1370.0945878777134,0.13255559093244132,10333.0,0.26304535158345493,23.0,84.0,35327255.0,2.0535932425897583,33.0,7.2454585953756165,242.0,19.85781785520209,52.35391464240782,50.0,0.0,242.0,13.724432323456423,58.47116297162914,1.2270182759060229,35327255.0,0.28525212523050175,677.9445208702908,7.682804841452436,2.58667600280084,116.89722997907046,9.376054432245489,4.220524254705641,0.2528758627588276,0.8869424347839656,0.2074622386716015,0.7777067064450709,0.20983528228419512,0.20207581730355856,2.9281832523827216,-0.556586333092753,0.9462904575116202,0.9005804908893483,0.9975510282113983,0.9020306091827548,0.9814555255687596,0.18318187122803511,0.32389716915074523,2.666581894646698,1.118350029366117,545.2850799289521,0.24213369446223448,1.773011516899129,10.516429840142095,46.79884547069272,303.40008880994674,13.948167558192443,0.2279369225199783,5.597895206621985,323.1589698046181,0.143498654442548,0.21794251427465403,25.745743866119398,0.33761089816657436,4.676222841967205,0.06390874763039685,545.2850799289521,0.24213369446223448,1.773011516899129,10.516429840142095,46.79884547069272,303.40008880994674,13.948167558192443,0.2279369225199783,323.1589698046181,0.143498654442548,0.33761089816657436,4.676222841967205,0.06390874763039685,5.597895206621985,0.21794251427465403,25.745743866119398,3.1953452751753284,5090.548437046356,0.49264961163711957,0.36008650260465663,2947.5102100067743,1.1564337541480991,8.027194425626632,6.934772089422239,51.017613471402306,1.8623061658908757,0.25990840732079795,0.20654429712786435,2.0457649171478653,0.048759073559098795,14.557669873366354,0.002000094846266783,11.238905024385597,0.004839769208839427,0.18184835521830153,008.jpg,/mnt/wangbd8/workspace/DataSets/ThyroidAgent/train_val_test/500_TestData_Malignancy_Cls/images/008.jpg,/mnt/wangbd8/workspace/DataSets/ThyroidAgent/train_val_test/500_TestData_Malignancy_Cls/masks/008.jpg
0.8033361378340962,241.68639253761913,255.068618218706,36704.5,194.15541314822627,1688.0357133746506,0.04598988443854706,36685.0,0.40233050053751457,61.0,114.0,296971626.0,1.8761408532060029,29.0,4.4069580307119,241.0,16.921215999481642,87.37396756167371,86.0,28.0,213.0,11.913122368303707,89.97321031478864,0.5984891556678338,296971626.0,0.3186970403927851,460.9683668807796,9.832601551928866,3.016734321928589,39.904752455412755,2.7815710298741982,3.1066035954945765,0.1789412641868942,0.8910736137663068,0.17159583574959267,0.6759869839859284,0.149496133340293,0.23178524659976313,2.6702810446400953,-0.5761810683781516,0.9406439420316018,0.9149366249689337,0.9978262679116676,0.9153089590294461,0.9829050592077682,0.16627699690411973,0.3769640736751995,2.4807907081030467,0.8213862149203677,1833.4998477929985,0.27907151412374404,1.1277767120970974,11.036377473363775,62.428462709284624,566.6165905631659,9.58220516103589,0.1559880985217245,5.782006025085621,684.572907153729,0.10419678952111554,0.17909227204579528,31.250602341254123,0.22926663877897613,2.9845015328873896,0.0349802432953027,1833.4998477929985,0.27907151412374404,1.1277767120970974,11.036377473363775,62.428462709284624,566.6165905631659,9.58220516103589,0.1559880985217245,684.572907153729,0.10419678952111554,0.22926663877897613,2.9845015328873896,0.0349802432953027,5.782006025085621,0.17909227204579528,31.250602341254123,2.911666258422184,19835.97821998092,0.5407108687469243,0.2854424176267275,11691.400926809323,0.822969179293288,9.928935532233883,7.264631320703285,70.36290036799782,1.1137050955342434,0.1538644432980033,0.1778338103675435,1.8868505141368712,0.02738848596470678,48.572412726416964,0.0005589299151555511,7.223054412839632,0.003759775069484995,0.03406831054891503,009.jpg,/mnt/wangbd8/workspace/DataSets/ThyroidAgent/train_val_test/500_TestData_Malignancy_Cls/images/009.jpg,/mnt/wangbd8/workspace/DataSets/ThyroidAgent/train_val_test/500_TestData_Malignancy_Cls/masks/009.jpg
0.45914681089668946,155.26711137471366,153.44380078712857,8259.5,71.29039902484088,1367.4671708797364,0.16556294822685833,8266.0,0.2355943667178013,76.0,141.0,103231598.0,2.1466844549624833,33.0,5.538707932622893,251.0,20.55662938249256,108.40188724897169,105.0,44.0,207.0,13.828546946673194,111.7528543694276,1.0103435977337862,103231598.0,0.2708278437805536,737.7313005757219,15.455925129631972,3.795055014544075,98.85626103600053,7.617562304718043,4.439426660462209,0.2254963955988365,0.9033225659292047,0.2128493739724295,0.7738147385996612,0.18019153959838133,0.18789367493609996,3.0276424404350744,-0.5563926741272974,0.9503025721132482,0.894840015176426,0.9977761612623225,0.8955566797352558,0.9807440988672809,0.20297767098070627,0.2974579486530922,2.778425759396724,1.1662307640152618,457.3326653306613,0.22912458182898865,1.739186790414496,19.407815631262526,36.105210420841686,503.0450901803607,3.42500036779909,0.07866384389148667,5.50458905132415,322.9238476953908,0.16178549483737012,0.2414710863779337,18.954989136589806,0.36998331112162813,8.357496962764527,0.02570672476643181,457.3326653306613,0.22912458182898865,1.739186790414496,19.407815631262526,36.105210420841686,503.0450901803607,3.42500036779909,0.07866384389148667,322.9238476953908,0.16178549483737012,0.36998331112162813,8.357496962764527,0.02570672476643181,5.50458905132415,0.2414710863779337,18.954989136589806,3.3444258110146516,3861.1921122671183,0.4671173617550349,0.3907687934138129,2238.6629566900556,1.277567458346771,16.139124122913138,6.726348899104766,101.64964916525527,0.6108068871081511,0.0879189002849753,0.22128800709734653,4.091680780708122,0.017944041452610728,8.490662078668267,0.002394532031356029,9.939519895999323,0.005704867457897108,0.1473012112462314,010.jpg,/mnt/wangbd8/workspace/DataSets/ThyroidAgent/train_val_test/500_TestData_Malignancy_Cls/images/010.jpg,/mnt/wangbd8/workspace/DataSets/ThyroidAgent/train_val_test/500_TestData_Malignancy_Cls/masks/010.jpg
0.6134332288514444,296.1766905927764,297.83384629689084,42018.5,181.68462362086206,887.0365799264603,0.02111061984427003,42019.0,0.8191881748574408,99.0,183.0,846417611.0,2.470007061736577,41.0,3.4707006839309282,255.0,25.791397394027594,137.97950926961613,136.0,19.0,236.0,17.622313784736246,141.92845958899548,0.16378515594209075,846417611.0,0.21747665518664946,1105.3426630210417,38.155237935897134,6.032720667319965,181.71493650303452,3.4823133009160254,7.2327450853451545,0.18666794139439277,0.949681210434938,0.1866201391046631,0.6946400347112002,0.15184086507494898,0.1504270462894282,3.328687950045829,-0.651983802548903,0.9798171536040787,0.9066947106766415,0.9984699537140617,0.9066978974959569,0.9844486281662124,0.18657831210114964,0.2628169889337699,3.1417363629660433,1.8548532566848865,1609.8906973832477,0.20156387847542853,2.0506482543335376,38.33516965068236,48.504194315763115,1821.4885438838112,1.6100563099449992,0.03524659596820419,6.156006303537656,869.0513334168023,0.10880823005093306,0.19008067778861942,20.826872966178655,0.18841754520152704,6.961074534850414,0.007445830805270316,1609.8906973832477,0.20156387847542853,2.0506482543335376,38.33516965068236,48.504194315763115,1821.4885438838112,1.6100563099449992,0.03524659596820419,869.0513334168023,0.10880823005093306,0.18841754520152704,6.961074534850414,0.007445830805270316,6.156006303537656,0.19008067778861942,20.826872966178655,3.5197710565210563,22080.407268140603,0.5254862625988387,0.2765249650398436,9138.151574287822,1.8559180208912993,38.24162878697732,7.140079487850734,272.76605821176133,0.23914596279440656,0.03382404513347938,0.17640432502756692,6.7190252557705366,0.006146803478424338,19.736036036036033,0.0006247761301884826,9.695410808230385,0.006158299532551261,0.03401614457633116,011.png,/mnt/wangbd8/workspace/DataSets/ThyroidAgent/train_val_test/500_TestData_Malignancy_Cls/images/011.png,/mnt/wangbd8/workspace/DataSets/ThyroidAgent/train_val_test/500_TestData_Malignancy_Cls/masks/011.png
0.7062534778169013,320.0991457296373,325.28141662259156,56686.0,226.07113491777545,2648.6084399516894,0.046724207740036154,56637.0,0.31865818605524104,75.0,162.0,824056635.0,2.4514353431782245,37.0,4.46027331624106,255.0,25.511266179441193,115.66475978600562,113.0,37.0,218.0,16.44060632096924,120.62252342086524,0.834089964660007,824056635.0,0.22611242123980024,1171.4565000628013,19.114150268336317,4.148470483005367,265.36252386112903,17.38353142939942,7.713597082382608,0.09622540250447227,0.9753578515540705,0.09622540250447228,0.4569149064563275,0.08696607441732458,0.19013801847152303,2.9848875523654743,-0.7808579395612519,0.9890154797774949,0.9518872987477638,0.99904727324253,0.9518872987477638,0.991252236135957,0.09622540250447228,0.32906976744186045,2.8886621498610046,1.95245562122177,1172.6442119032047,0.19173384759699227,2.4928162351502947,22.940483976455198,179.77616088947025,2928.2441137998694,16.830827437591257,0.07746599980889335,7.075722287229068,368.36919555264876,0.06023041130684251,0.10798594558327596,94.01996080464839,0.1477980001164874,3.9417550381240116,0.0099808189128948,1172.6442119032047,0.19173384759699227,2.4928162351502947,22.940483976455198,179.77616088947025,2928.2441137998694,16.830827437591257,0.07746599980889335,368.36919555264876,0.06023041130684251,0.1477980001164874,3.9417550381240116,0.0099808189128948,7.075722287229068,0.10798594558327596,94.01996080464839,3.228191434382644,37908.043734661085,0.6693158842216411,0.19012715763989507,12806.329201758568,1.9629970201706215,19.223246287762418,7.94093966841464,148.78621749033317,0.6976922688061896,0.0866577659846,0.14746249507094888,2.9919438215693317,0.012387663808920892,23.537063657897377,0.0009079017023802135,4.202079804511803,0.004128689147700705,0.04485866811727329,012.jpg,/mnt/wangbd8/workspace/DataSets/ThyroidAgent/train_val_test/500_TestData_Malignancy_Cls/images/012.jpg,/mnt/wangbd8/workspace/DataSets/ThyroidAgent/train_val_test/500_TestData_Malignancy_Cls/masks/012.jpg
0.6035205835554368,173.62400637056385,186.27130750601393,13509.5,104.78566164399558,1620.6286424872058,0.11996214830209895,13520.0,0.25423834900376,20.0,82.0,37551552.0,1.9746100494809051,30.0,3.4013190163816382,140.0,18.78452776513427,46.86213017751479,43.0,1.0,139.0,12.696402534955812,52.701818344386695,0.8441544774280095,37551552.0,0.30266164962711395,581.4224120303912,6.420600199554839,2.343080819709878,49.38268890157327,5.68354101199776,3.8328125676250973,0.11052268017499424,0.9439445681233147,0.11052268017499424,0.5014905091568533,0.09830741734193017,0.2506873191321832,2.5245678896691626,-0.701598632843916,0.9667841904009644,0.9447386599125029,0.997012900535811,0.9447386599125029,0.9842110456892865,0.11052268017499424,0.419602425358815,2.4140452094941693,0.9858338119500227,480.5888140859658,0.2488807944515618,1.370331860905003,8.522009321595029,110.89798032107716,626.7767995857068,39.3468319523563,0.2760885263824155,6.123461880016889,173.01139306059036,0.08959678563469206,0.14282544378698225,61.876227519006974,0.23738366461199567,2.635738598194814,0.053254245496026996,480.5888140859658,0.2488807944515618,1.370331860905003,8.522009321595029,110.89798032107716,626.7767995857068,39.3468319523563,0.2760885263824155,173.01139306059036,0.08959678563469206,0.23738366461199567,2.635738598194814,0.053254245496026996,6.123461880016889,0.14282544378698225,61.876227519006974,2.8992713935574,8152.709023668639,0.6030110224606982,0.254794102972585,4091.9855029585797,1.0400322117572915,6.675739644970414,7.622485207100592,48.505917159763314,2.5240396326429977,0.32307694362261674,0.16628862590401053,1.2619165023011178,0.05011172976477464,33.06188957011477,0.002429422098522949,1.7751008669139026,0.007548951753977975,0.0425922948289169,013.jpg,/mnt/wangbd8/workspace/DataSets/ThyroidAgent/train_val_test/500_TestData_Malignancy_Cls/images/013.jpg,/mnt/wangbd8/workspace/DataSets/ThyroidAgent/train_val_test/500_TestData_Malignancy_Cls/masks/013.jpg
0.8433657228940945,325.60713007243953,330.82019285406386,69862.5,274.60589263301443,1131.6051224213827,0.016197604185670178,69863.0,0.828003339948889,39.0,143.0,613953409.0,2.6168580626006324,50.0,5.038754621946716,255.0,33.96427538784779,82.3019767258778,70.0,8.0,247.0,21.90529655384004,93.74413199409304,1.4269109949430276,613953409.0,0.20527714157730256,2014.3469103390084,17.652605708701024,3.804018511598494,844.331803282741,65.7131915911491,12.905550399503122,0.17735491103509732,0.9728875342555235,0.17672252723562049,0.6754926597729979,0.14612405940255271,0.1477959127423455,3.4338308150379038,-0.6853499763575275,0.9859669166797553,0.9117019747621374,0.9985465200277645,0.9117441336821025,0.9852771764726692,0.17616919141107826,0.2722124809566242,3.2540659625555968,3.2707263276345544,2213.2982721554263,0.17623204651289326,3.525104892121544,19.93279719722908,65.42614857870849,940.4326777609682,8.96081037572621,0.11881198972682842,6.4659673784420795,1347.1963532128354,0.10726939670458122,0.17976611367963014,34.48158651829025,0.22425190829644667,4.796571004742431,0.028819320132934517,2213.2982721554263,0.17623204651289326,3.525104892121544,19.93279719722908,65.42614857870849,940.4326777609682,8.96081037572621,0.11881198972682842,1347.1963532128354,0.10726939670458122,0.22425190829644667,4.796571004742431,0.028819320132934517,6.4659673784420795,0.17976611367963014,34.48158651829025,3.6506645512669116,37689.82976682937,0.5394819828353974,0.2829146975250147,14341.276942015087,3.289725903256936,17.824370553798147,7.254984755879364,125.74498661666404,0.8771732027267038,0.12043038735811969,0.1771323876730172,3.329684127824774,0.02141729969946388,58.403807038380265,0.0004428628691192016,10.03855402231789,0.010058048651441847,0.03384864363485926,014.png,/mnt/wangbd8/workspace/DataSets/ThyroidAgent/train_val_test/500_TestData_Malignancy_Cls/images/014.png,/mnt/wangbd8/workspace/DataSets/ThyroidAgent/train_val_test/500_TestData_Malignancy_Cls/masks/014.png
0.5690591915212891,163.9094652291011,165.73774464496614,11924.5,93.27418776595913,484.7106781186553,0.04064830207712318,11925.0,0.7986241403982483,52.0,140.0,121909963.0,2.4014566807736335,60.0,1.9350188616413084,190.0,29.59086937665089,95.21400419287211,96.0,16.0,174.0,23.900068904610784,101.10913753919739,0.10796785124804316,121909963.0,0.20815094339622642,1157.3510994800663,20.441758241758244,4.31720202874049,109.19293573801306,2.5725397183931964,7.3714114580393275,0.15731191885038037,0.9582102008600107,0.1573119188503804,0.6278398519125983,0.13256487903799172,0.15484286407395842,3.1506601668410616,-0.6861355564417685,0.9812099478644044,0.9213440405748098,0.997579816633071,0.9213440405748098,0.9825208979055132,0.1573119188503804,0.24843617920540997,2.9933482479906837,1.882180844222427,365.1717791411043,0.18669313862019646,2.1102883059204336,21.432515337423315,67.75920245398773,1286.8098159509202,5.273620640485232,0.07998884037254983,6.287213627465858,182.03783231083844,0.09306637643703397,0.16402515723270442,30.590356712710307,0.17129738690726873,3.5612278230522585,0.016999896125631103,365.1717791411043,0.18669313862019646,2.1102883059204336,21.432515337423315,67.75920245398773,1286.8098159509202,5.273620640485232,0.07998884037254983,182.03783231083844,0.09306637643703397,0.17129738690726873,3.5612278230522585,0.016999896125631103,6.287213627465858,0.16402515723270442,30.590356712710307,3.3700778028808056,6692.0752201257865,0.5611803119602337,0.2524668486214944,2482.2,1.8913331733537264,20.63496855345912,7.3917819706498955,151.2036897274633,0.5603701231715608,0.07642994552118541,0.16646168180759377,3.4659771721406942,0.013268010684745984,11.029472698812192,0.002765400148183706,4.0789729217116415,0.010561218034495426,0.06153233790568905,015.png,/mnt/wangbd8/workspace/DataSets/ThyroidAgent/train_val_test/500_TestData_Malignancy_Cls/images/015.png,/mnt/wangbd8/workspace/DataSets/ThyroidAgent/train_val_test/500_TestData_Malignancy_Cls/masks/015.png
0.8190895190577616,161.58506673074518,165.85837331892532,16683.5,132.3526345954024,560.5096679918787,0.03359664746557249,16684.0,0.8168934369723149,66.0,147.0,201068102.0,2.370323022007669,42.0,3.4737591591540236,241.0,25.191988660730743,105.07072644449772,102.0,25.0,216.0,17.745900250860803,109.77956324104404,0.6769974664390886,201068102.0,0.2245631936696169,1011.694949819917,15.385136360887707,3.711011670798815,153.7143420029653,11.555170394477013,6.634195990747425,0.18008103041664145,0.94714596138157,0.18008103041664147,0.6802542779706968,0.1476518529007221,0.15619214897721528,3.202773882144345,-0.6479382947227216,0.976506061564367,0.9099594847916792,0.9978038898729678,0.9099594847916792,0.9819918969583359,0.18008103041664147,0.2423656044022495,3.0226928517277063,1.7035692552910164,680.43616,0.2177395712,1.7907953664,16.33312,50.18048,728.8752,5.653208806550769,0.10990315338876291,6.03298060233153,335.60032,0.1073921024,0.1873052025893071,21.676840345600002,0.18978703446836004,3.2010268229291854,0.02177949721320927,680.43616,0.2177395712,1.7907953664,16.33312,50.18048,728.8752,5.653208806550769,0.10990315338876291,335.60032,0.1073921024,0.18978703446836004,3.2010268229291854,0.02177949721320927,6.03298060233153,0.1873052025893071,21.676840345600002,3.413547156387858,8824.010189403021,0.5288905651763978,0.27467543560499047,3746.6123231838887,1.7065602061556773,15.523795252936946,7.1673459602013905,109.80825941021338,0.787493399872447,0.1098402870576203,0.17548416313700418,2.784547404033139,0.019384778261258333,18.27026183262365,0.0015578562351925924,6.556738015806566,0.008293789861491417,0.061781625834722846,016.png,/mnt/wangbd8/workspace/DataSets/ThyroidAgent/train_val_test/500_TestData_Malignancy_Cls/images/016.png,/mnt/wangbd8/workspace/DataSets/ThyroidAgent/train_val_test/500_TestData_Malignancy_Cls/masks/016.png
0.6346097611730355,147.49784771629294,156.0,10363.0,93.60357391277341,1410.4032457428002,0.13609989826718133,10374.0,0.25586117051013296,57.0,134.0,91588121.0,2.240428467625402,40.0,3.261964469150292,206.0,23.804173422389002,89.13871216502795,83.0,12.0,194.0,16.847740552944483,93.96074526247408,0.7585432867701507,91588121.0,0.25129482587398627,882.9116438398426,17.36929585977637,4.007907726402739,104.22359690057793,9.93423681877601,5.41357076396792,0.18968469829757223,0.9322948241160935,0.18766999093381687,0.7034760096709546,0.15446467280047338,0.18468045806615552,3.049714354841124,-0.6133011297339493,0.9657299536480874,0.9063664752694671,0.9976885062968276,0.9065007890937175,0.981251316428107,0.18590712199053086,0.2942480104764783,2.853962214762854,1.4008138655663729,481.42782608695654,0.20931644612476372,1.7545593572778828,21.774347826086956,47.74521739130435,690.7421739130435,4.277803893695158,0.06910032856540362,5.6568446736969085,336.9034782608696,0.1464797731568998,0.22170811644495855,27.401195463137995,0.34437545622596727,8.802757770318278,0.02000800667743367,481.42782608695654,0.20931644612476372,1.7545593572778828,21.774347826086956,47.74521739130435,690.7421739130435,4.277803893695158,0.06910032856540362,336.9034782608696,0.1464797731568998,0.34437545622596727,8.802757770318278,0.02000800667743367,5.6568446736969085,0.22170811644495855,27.401195463137995,3.3845461526179133,5066.189897821477,0.48835453034716375,0.3661350808469618,2606.932523616734,1.4784244966050697,18.070657412762674,6.902255639097745,117.53585887796415,0.5666437342016543,0.07925022110519335,0.20916072231861707,4.3191097401623715,0.015075625396123235,10.126167880439429,0.002431836666091174,6.149526440180428,0.006931648816366442,0.09255720683776832,017.jpg,/mnt/wangbd8/workspace/DataSets/ThyroidAgent/train_val_test/500_TestData_Malignancy_Cls/images/017.jpg,/mnt/wangbd8/workspace/DataSets/ThyroidAgent/train_val_test/500_TestData_Malignancy_Cls/masks/017.jpg
0.8303931641892394,140.97310755189957,153.79206741571556,12838.0,117.06310484561185,1448.0184694319496,0.11279159288299966,12849.0,0.27738279272515526,59.0,131.0,128072501.0,2.2773652313632797,35.0,5.116218367914485,242.0,22.352753485514235,95.22741069343918,94.0,17.0,225.0,14.829553007471933,99.83740419717894,0.8732564920800016,128072501.0,0.2502767391598339,899.2475294539475,19.89269590454692,4.303410190261207,155.193842706098,10.895974714060063,5.7329460654472575,0.23951950983553694,0.919792083582099,0.14455014511447922,0.6058824497902187,0.2186247653829199,0.20333631493351684,2.939458204841377,-0.7001877237390738,0.9787057798472255,0.9347936043149162,0.9978845824883823,0.9361223082159877,0.9874287972962262,0.11492345396317186,0.32368590777168654,2.7547903541807486,1.4931163938206988,388.6320324379118,0.19697518116467908,2.3886147738514545,23.470349721236694,97.63051191079575,1812.521540800811,6.616872144063271,0.07501979625549605,6.365027735171447,212.6776482513938,0.10779404371586103,0.15355280566581056,55.218928417570304,0.30274460018518323,8.260976727058699,0.02744376082144551,388.6320324379118,0.19697518116467908,2.3886147738514545,23.470349721236694,97.63051191079575,1812.521540800811,6.616872144063271,0.07501979625549605,212.6776482513938,0.10779404371586103,0.30274460018518323,8.260976727058699,0.02744376082144551,6.365027735171447,0.15355280566581056,55.218928417570304,3.2424467550582223,7572.991283368356,0.5893837095002222,0.28984055239204787,3215.8058214647053,1.5180811650008894,20.225776325005835,7.54152074091369,148.12880379796093,0.5202523817700653,0.06978868284226492,0.17730735638744044,3.9011293572348906,0.01319975980323933,6.7052423328588375,0.0028355206056878573,5.799158687789311,0.0044672998369938224,0.13103901057210854,018.jpg,/mnt/wangbd8/workspace/DataSets/ThyroidAgent/train_val_test/500_TestData_Malignancy_Cls/images/018.jpg,/mnt/wangbd8/workspace/DataSets/ThyroidAgent/train_val_test/500_TestData_Malignancy_Cls/masks/018.jpg
0.6939614115625473,289.3872886595805,290.84875794818174,45139.5,200.82361132646082,2096.1261171702326,0.046436626838361805,45123.0,0.35930717929560624,53.0,135.0,500762864.0,2.3580670368165184,39.0,3.231909153728838,249.0,24.883648325099085,100.43188617778073,106.0,8.0,241.0,16.889814048197458,105.34576332023238,-0.38181807424142666,500762864.0,0.239947596513289,1011.1660882957119,22.225768825284312,4.54383033130706,138.0938892243176,-6.9650859149513975,6.552240239799557,0.23474125748637312,0.9308260210875053,0.20733047710908234,0.7683115673135551,0.19175533074809337,0.16540303764287467,3.2774464868976496,-0.6071879049912751,0.9708715912414492,0.89898461298926,0.9977060789009824,0.8999398099339778,0.9813447209423073,0.19180634375880107,0.3262824970278818,3.020724653855088,1.6967453743214822,2000.2430406852247,0.2141587837992746,1.815620732820087,23.373447537473233,49.98404710920771,1047.3489293361883,4.2473200263599376,0.07245676613198217,5.925720141100925,1223.6929336188437,0.13101637404912672,0.2069897834807083,26.643975750725623,0.31612536052888895,7.515342596839222,0.023152009112973354,2000.2430406852247,0.2141587837992746,1.815620732820087,23.373447537473233,49.98404710920771,1047.3489293361883,4.2473200263599376,0.07245676613198217,1223.6929336188437,0.13101637404912672,0.31612536052888895,7.515342596839222,0.023152009112973354,5.925720141100925,0.2069897834807083,26.643975750725623,3.491963847400305,22815.697205416305,0.50563342874845,0.3430813928409179,10827.15539746914,1.69901411622166,22.295038007224697,7.030583072933981,154.65250537419942,0.5501640042740711,0.07695829971396399,0.19931077277663276,4.54768693964891,0.015013967060909966,32.48516018769545,0.0005252123092454919,8.559842532964625,0.007238570681831923,0.025139085213474723,019.jpg,/mnt/wangbd8/workspace/DataSets/ThyroidAgent/train_val_test/500_TestData_Malignancy_Cls/images/019.jpg,/mnt/wangbd8/workspace/DataSets/ThyroidAgent/train_val_test/500_TestData_Malignancy_Cls/masks/019.jpg
0.5251993389186599,110.05991363476709,114.33722053644648,4771.0,57.80339388242447,823.0508652763352,0.17251118534402332,4778.0,0.29749725609932137,44.0,111.0,36080928.0,2.2419755003084916,41.0,5.068184573236367,238.0,23.279082252426313,81.87526161573881,83.0,18.0,220.0,17.1811783364488,86.8991996990182,0.7077041217132883,36080928.0,0.23807019090042422,847.9124436841735,15.54519526107942,3.761847301448003,145.3279777187157,8.636924809004377,5.783444708838796,0.20864414216761737,0.9303601307138246,0.15730583589293548,0.6604823937699121,0.18389901616164225,0.18431744445007084,2.9552353811210414,-0.6805823272444926,0.976002758251226,0.9264499393438814,0.9979808735520805,0.9285761298815269,0.9860694373638648,0.12470290332016966,0.2538394032470382,2.7489898954706478,1.4980222127516034,193.30805687203792,0.2290379820758743,2.1261693919723275,21.06516587677725,72.96445497630332,993.9857819905213,8.21316233093202,0.07733943504995469,5.824521062986025,105.70379146919431,0.12524145908672313,0.17664294683968187,40.91597785314796,0.32388619293096177,9.19739443317687,0.018350960843177517,193.30805687203792,0.2290379820758743,2.1261693919723275,21.06516587677725,72.96445497630332,993.9857819905213,8.21316233093202,0.07733943504995469,105.70379146919431,0.12524145908672313,0.32388619293096177,9.19739443317687,0.018350960843177517,5.824521062986025,0.17664294683968187,40.91597785314796,3.250509079968115,2628.2737547090833,0.5500782240914783,0.31972654070096984,1137.4993721222268,1.4911463714762145,15.91460862285475,7.324822101297614,108.76098786102972,0.7517649798706827,0.09817916118123915,0.188061020417655,3.6390167899167483,0.016160287557128037,3.0247396063982426,0.006995377165466731,6.513280528937925,0.004674353073694101,0.37503120757477704,020.jpg,/mnt/wangbd8/workspace/DataSets/ThyroidAgent/train_val_test/500_TestData_Malignancy_Cls/images/020.jpg,/mnt/wangbd8/workspace/DataSets/ThyroidAgent/train_val_test/500_TestData_Malignancy_Cls/masks/020.jpg
0.7065182283568596,109.426668560614,116.72617529928752,6414.0,77.31193600643827,1161.602163828547,0.18110417272038462,6430.0,0.24440607547508114,50.0,106.0,40735880.0,1.9340962738648577,29.0,7.239053721035568,226.0,19.085209155179964,75.23670295489892,69.0,34.0,192.0,12.14730635439242,79.5945010878356,1.7056123681193456,40735880.0,0.34075975513303935,674.7231318977672,7.088925619834711,2.456694214876033,141.7959349861109,15.278521004930674,4.318779427634723,0.10446280991735536,0.9527664078487512,0.10446280991735538,0.48298479905817093,0.09355033126152586,0.30110033467659314,2.432867523128528,-0.7060897904184441,0.9642189749681511,0.9477685950413224,0.9987260632936908,0.9477685950413224,0.9895537190082645,0.10446280991735538,0.48958677685950414,2.328404713211175,1.1058105593880199,252.42885375494072,0.24943562624006,1.5691230920651784,10.193675889328063,115.58300395256917,648.2628458498024,30.596896328680426,0.22288149366209667,5.823031676638376,123.21936758893281,0.12175826836851068,0.15738724727838257,75.21280210595386,0.32316807496135974,4.098944543258015,0.052305684381403636,252.42885375494072,0.24943562624006,1.5691230920651784,10.193675889328063,115.58300395256917,648.2628458498024,30.596896328680426,0.22288149366209667,123.21936758893281,0.12175826836851068,0.32316807496135974,4.098944543258015,0.052305684381403636,5.823031676638376,0.15738724727838257,75.21280210595386,2.8824113472014146,3751.2444790046657,0.5833972751173664,0.29811763966051436,2191.0852255054433,1.162651645063841,7.493001555209953,7.50855365474339,52.469673405909795,2.0188914624155636,0.2618830568760538,0.18001555209953343,1.607050285121825,0.04273222928218578,6.67407535933372,0.005392408863677724,4.8105707912091775,0.003292371493603541,0.38442512393635386,021.jpg,/mnt/wangbd8/workspace/DataSets/ThyroidAgent/train_val_test/500_TestData_Malignancy_Cls/images/021.jpg,/mnt/wangbd8/workspace/DataSets/ThyroidAgent/train_val_test/500_TestData_Malignancy_Cls/masks/021.jpg
0.7200299632992903,209.553111062537,215.9837956884729,24784.5,150.8845188676106,683.4802307403561,0.027576922299838855,24785.0,0.8165241901991884,123.0,201.0,672386189.0,2.405329555347469,44.0,3.1353310683494744,255.0,25.039606658823278,161.68969134557193,160.0,61.0,194.0,17.643853995383587,164.70808981869965,0.29776418136655425,672386189.0,0.22151667788614526,985.198564298519,26.3253878015106,4.974924876147162,136.54965616238667,5.346817194087157,6.4913938294519395,0.1893527166409486,0.9433139050150948,0.1891902866888654,0.7006295299111706,0.1535597520635335,0.1519152469122924,3.265610087971904,-0.6390621403268752,0.9764397333280137,0.9054210996507757,0.9976909603536919,0.9054319283142479,0.9810824479670416,0.18904816048079265,0.24153333874766508,3.075524645503394,1.6701866365232223,1008.4767441860465,0.20940131731437842,1.8591984015077097,26.904900332225914,46.5218023255814,1222.1891611295682,2.307672280656295,0.05331622281464572,6.052621623497138,534.4584717607974,0.11097559629584662,0.19431107524712526,20.03650272727398,0.20228078300124325,5.644482871798232,0.011141212000671521,1008.4767441860465,0.20940131731437842,1.8591984015077097,26.904900332225914,46.5218023255814,1222.1891611295682,2.307672280656295,0.05331622281464572,534.4584717607974,0.11097559629584662,0.20228078300124325,5.644482871798232,0.011141212000671521,6.052621623497138,0.19431107524712526,20.03650272727398,3.47288958301867,12896.603308452693,0.5203390481522168,0.2841553942481089,5490.29086140811,1.6848155692312776,26.48589872907,7.103449667137381,187.4192858583821,0.36340503470943586,0.051597726820014685,0.17931320467128414,4.800060520476094,0.009412867885830404,20.29532111590444,0.0010178372643918226,6.232106693071388,0.008560409951258598,0.033160655331672395,022.png,/mnt/wangbd8/workspace/DataSets/ThyroidAgent/train_val_test/500_TestData_Malignancy_Cls/images/022.png,/mnt/wangbd8/workspace/DataSets/ThyroidAgent/train_val_test/500_TestData_Malignancy_Cls/masks/022.png
0.6829523859371475,143.33352214475624,141.79210133149166,10987.5,97.88997093353623,443.3969696196705,0.040354673002927915,10988.0,0.8380340320714533,63.0,136.0,117969219.0,2.251888619946877,38.0,2.8852322045997645,186.0,22.472041843575855,99.72033127047689,99.0,14.0,172.0,15.92152228585898,103.61557150434751,-0.1083167196026235,117969219.0,0.24347035631682923,792.0421894789021,21.50096392178463,4.50105572385936,78.0392361901502,-1.0424389602888695,5.163586838951847,0.19774166896171852,0.926234078486389,0.19774166896171852,0.7173883742847049,0.15863990131795266,0.162238107782007,3.1386239068177293,-0.607456016190952,0.9671180952101295,0.9011291655191409,0.9969578204775121,0.9011291655191409,0.9780287034486981,0.19774166896171852,0.26365555861562473,2.940882237856013,1.3403321269783914,544.5740329035127,0.24214052152223775,1.3693710222674929,21.922632281013783,39.61849710982659,835.7376611827478,2.6896570830421984,0.0673453280823223,5.73250449354545,257.99866607381057,0.11471705917021369,0.20467783036039316,15.74816889122798,0.20263631204059324,4.5521727477934135,0.013430245644267787,544.5740329035127,0.24214052152223775,1.3693710222674929,21.922632281013783,39.61849710982659,835.7376611827478,2.6896570830421984,0.0673453280823223,257.99866607381057,0.11471705917021369,0.20263631204059324,4.5521727477934135,0.013430245644267787,5.73250449354545,0.20467783036039316,15.74816889122798,3.3431648540077123,5591.376228613032,0.5088620521125803,0.29074610830705344,2675.252275209319,1.3368087355845983,21.619585001820166,7.002184200946487,150.8309064433928,0.4681700322481256,0.06698278933130102,0.18292682926829268,3.992461473122194,0.01223880124087818,12.755057058715257,0.0019820132478140674,5.148713699824386,0.009141939192333177,0.050089901046561684,023.png,/mnt/wangbd8/workspace/DataSets/ThyroidAgent/train_val_test/500_TestData_Malignancy_Cls/images/023.png,/mnt/wangbd8/workspace/DataSets/ThyroidAgent/train_val_test/500_TestData_Malignancy_Cls/masks/023.png
0.6405503540597346,239.45794463923332,253.87004549572208,27014.5,153.38487122107722,2027.4570696119204,0.07505069757396658,27007.0,0.2873768181136458,41.0,112.0,165269352.0,2.140999977223128,36.0,3.0318258694570686,180.0,21.37737698218006,73.51145999185397,70.0,16.0,164.0,15.257462069286897,78.22723677802558,0.5664954809290841,165269352.0,0.26049935182516026,715.5658237913326,13.041160670374154,3.4465819241100135,67.69430150254934,5.555733414274183,4.759970291203169,0.1110354481140998,0.9544096418454788,0.11103544811409982,0.5030313039637538,0.09870657737620087,0.2105382437842671,2.730078470508043,-0.7230739051220872,0.9770278000647741,0.94448227594295,0.998291762336706,0.94448227594295,0.9876627279873221,0.11103544811409982,0.3417319260015889,2.619043022393945,1.2177514348293172,866.2881162724423,0.24687606619334349,1.3250348958152716,14.758335708178969,124.1895126816757,1505.5805072670275,15.007205985628792,0.11053201671568219,6.395862120210711,262.6329438586492,0.07484552404065238,0.12992927759469766,64.95348158596535,0.19009420608220576,3.1849571999066733,0.017990999488235404,866.2881162724423,0.24687606619334349,1.3250348958152716,14.758335708178969,124.1895126816757,1505.5805072670275,15.007205985628792,0.11053201671568219,262.6329438586492,0.07484552404065238,0.19009420608220576,3.1849571999066733,0.017990999488235404,6.395862120210711,0.12992927759469766,64.95348158596535,3.0160225208247455,16868.17510275114,0.6245852965065034,0.22639732882885266,7035.305994742104,1.2196526440844395,13.193246195430815,7.734772466397601,100.14936868219351,0.9146625196251715,0.11725862996424796,0.15761140115937022,2.1774848496068917,0.017918868867437977,24.48618687291381,0.0013574949711564364,3.1970384376787626,0.004774928263058762,0.04080745027809569,024.jpg,/mnt/wangbd8/workspace/DataSets/ThyroidAgent/train_val_test/500_TestData_Malignancy_Cls/images/024.jpg,/mnt/wangbd8/workspace/DataSets/ThyroidAgent/train_val_test/500_TestData_Malignancy_Cls/masks/024.jpg
0.8561669700428256,115.93712719051891,119.40686747419514,8998.5,99.26153890217627,399.3969696196704,0.04438483854194259,8999.0,0.8419479175823683,67.0,127.0,89133923.0,2.0229361536823025,30.0,5.235272373733478,226.0,19.107129150834396,96.27747527503055,94.0,38.0,188.0,12.718222095758868,99.52321218342499,1.0099441964414613,89133923.0,0.2952371231231986,635.5175179729137,12.252921348314606,3.355674157303371,88.27973082069575,8.247676085447727,4.146006047216261,0.17651685393258426,0.9183269317621571,0.17629213483146067,0.6730028095021356,0.14543793712915035,0.2112133442747128,2.82562014142878,-0.5997421857995116,0.9545263191369735,0.9118764044943819,0.9978475488852706,0.91189138576779,0.982372829417773,0.17609550561797752,0.35719101123595504,2.6485838950586262,1.0806307252872112,436.628074385123,0.261924459739126,1.3438888706961667,13.474505098980204,50.49850029994001,569.8182363527294,6.134021481890319,0.12047068666387659,5.7908319767213925,172.69406118776246,0.10359571756914364,0.185242804756084,21.356637850594247,0.19798370645520033,2.917867357138392,0.02458015036488227,436.628074385123,0.261924459739126,1.3438888706961667,13.474505098980204,50.49850029994001,569.8182363527294,6.134021481890319,0.12047068666387659,172.69406118776246,0.10359571756914364,0.19798370645520033,2.917867357138392,0.02458015036488227,5.7908319767213925,0.185242804756084,21.356637850594247,3.062459390493876,4783.441826869652,0.5315525977185968,0.2774531590050485,2656.838870985665,1.0846397584075502,12.393932659184355,7.1917990887876435,87.26025113901545,0.8587423544351993,0.11959914296557851,0.176081292983171,2.2768270548579475,0.02117240732439379,11.452569198971261,0.0023069138842300428,7.081183009153266,0.0051576334031769935,0.12188479667707318,025.png,/mnt/wangbd8/workspace/DataSets/ThyroidAgent/train_val_test/500_TestData_Malignancy_Cls/images/025.png,/mnt/wangbd8/workspace/DataSets/ThyroidAgent/train_val_test/500_TestData_Malignancy_Cls/masks/025.png
0.8942565330376905,110.73554619026643,116.40017182117903,8580.5,99.02598562014269,388.9116882454317,0.04532506127212071,8581.0,0.8443261385588304,113.0,179.0,186767815.0,2.0818011218106127,33.0,2.7596367655211003,240.0,19.834205573732884,145.4461018529309,144.0,69.0,171.0,14.227785931762037,147.53058618759493,0.12100048199025554,186767815.0,0.27123402330086954,610.7053166422305,19.60360891614577,4.317018516334473,45.38400715167293,0.8238774849875341,4.038143284865166,0.17030310178087038,0.9190660466431195,0.1703031017808704,0.6583976778324863,0.14129995530468492,0.19384131300656482,2.875885948203615,-0.6167667683434517,0.9607567244990924,0.9148484491095648,0.9973799522802942,0.9148484491095648,0.9810774331354588,0.1703031017808704,0.3180799622597004,2.7055828464227467,1.052111596661509,395.77102199223805,0.25599678007259896,1.2035650152544897,20.67529107373868,57.32923673997413,1052.2930142302716,3.906160395270657,0.06560886682184731,5.806847229675709,157.5666235446313,0.10191890268087407,0.18016548187856893,26.521710661741945,0.19816777440703914,4.142920077223273,0.014098146831901744,395.77102199223805,0.25599678007259896,1.2035650152544897,20.67529107373868,57.32923673997413,1052.2930142302716,3.906160395270657,0.06560886682184731,157.5666235446313,0.10191890268087407,0.19816777440703914,4.142920077223273,0.014098146831901744,5.806847229675709,0.18016548187856893,26.521710661741945,3.1137374609722883,4619.751194499476,0.5383697930893224,0.2747764433123097,2327.4591539447615,1.0559026745969815,19.77380258711106,7.242629064211631,141.63256030765646,0.47544418355851836,0.06558964249181005,0.1746882647710057,3.512326975617967,0.011592343199931741,9.40455249105678,0.0026450786002321725,4.674445715059941,0.006326152047223746,0.0704248208002858,026.png,/mnt/wangbd8/workspace/DataSets/ThyroidAgent/train_val_test/500_TestData_Malignancy_Cls/images/026.png,/mnt/wangbd8/workspace/DataSets/ThyroidAgent/train_val_test/500_TestData_Malignancy_Cls/masks/026.png
0.69894342145025,66.47816955056823,75.28612089887484,2299.0,46.464479277423976,776.4062043356627,0.33771474742743046,2321.0,0.2189199904005701,80.0,121.0,22731829.0,1.449937102627223,20.0,4.289446502504883,167.0,12.631172103572258,97.59370960792762,94.0,65.0,102.0,8.525705205851722,98.96454219469344,1.0483802666398998,22731829.0,0.4516681792471971,269.4484567687531,6.149239543726236,2.3871197718631176,15.397955714929445,2.8142901340616993,1.9200398209457992,0.1164448669201521,0.8856413037485923,0.1164448669201521,0.5190546612737912,0.10288545988810018,0.3833630085370614,2.0250448489828337,-0.6020149356471998,0.9084031878068816,0.9417775665399241,0.9955213512723019,0.9417775665399241,0.9805925221799747,0.1164448669201521,0.5731939163498099,1.908599982062683,0.5091211719664879,170.2943722943723,0.36860253743370625,0.5995952099848204,7.012987012987013,68.90259740259741,365.5800865800866,15.75733164983165,0.22612734487734487,4.91282565830774,73.93506493506493,0.16003260808455613,0.1990521327014218,43.66393527107813,0.3777256925635137,2.7177466202131213,0.08147662146806028,170.2943722943723,0.36860253743370625,0.5995952099848204,7.012987012987013,68.90259740259741,365.5800865800866,15.75733164983165,0.22612734487734487,73.93506493506493,0.16003260808455613,0.3777256925635137,2.7177466202131213,0.08147662146806028,4.91282565830774,0.1990521327014218,43.66393527107813,2.5522258191639215,1205.2947005601034,0.5192997417320566,0.3611166129977477,1048.3218440327446,0.5003455514817875,6.2843601895734595,7.130978026712624,43.47953468332615,1.5930753027909426,0.22423117430226433,0.20352817272248552,1.3548518358944899,0.04508895564385295,7.1324193107221,0.011126077973625302,1.141127626523279,0.005518675621686239,0.11149894980611805,027.jpg,/mnt/wangbd8/workspace/DataSets/ThyroidAgent/train_val_test/500_TestData_Malignancy_Cls/images/027.jpg,/mnt/wangbd8/workspace/DataSets/ThyroidAgent/train_val_test/500_TestData_Malignancy_Cls/masks/027.jpg
0.6315069532055437,188.28707635799705,194.48907424325924,16756.5,118.90459791881828,602.4091629284906,0.035950775097931584,16757.0,0.7617369424720641,41.0,120.0,118856992.0,2.320466519293255,42.0,2.7156030652832692,182.0,24.569254728884275,78.60368801098049,76.0,7.0,175.0,17.640391657684464,84.21980522590746,0.3859813898923145,118856992.0,0.2282742401612632,914.4358233622321,14.817968326609261,3.6594508339856686,94.5850807649016,5.453635255438169,5.889028528116083,0.18347684711266332,0.9395712854002202,0.18347684711266338,0.6876243057440754,0.14981309368625975,0.1595082811712514,3.159343953097337,-0.6365758181597915,0.9734828391524142,0.9082615764436683,0.9971772792751898,0.9082615764436683,0.9796136836541486,0.18347684711266338,0.2682603721322334,2.975867105984675,1.5181263438071868,679.0294025649046,0.2123958093728197,1.7513490370478502,16.208945886768845,47.29590240850798,640.1501407569597,5.47204052507772,0.120229070957963,5.981626386971764,349.5029715358148,0.1093221681375711,0.1907859402040938,19.822827723324053,0.1905161333251591,3.313725454620522,0.026253865302268958,679.0294025649046,0.2123958093728197,1.7513490370478502,16.208945886768845,47.29590240850798,640.1501407569597,5.47204052507772,0.120229070957963,349.5029715358148,0.1093221681375711,0.1905161333251591,3.313725454620522,0.026253865302268958,5.981626386971764,0.1907859402040938,19.822827723324053,3.360347037038003,8791.348153010682,0.5246373547180689,0.27703224901056567,3825.191442382288,1.5246877398629641,14.959360267350958,7.133198066479681,104.43730978098705,0.8072019551141655,0.11450499204177306,0.17665254321577054,2.743440552207038,0.020939145094359544,22.664561216975432,0.0015293861504715367,4.892843065161857,0.009725978920131145,0.03994042234290945,028.png,/mnt/wangbd8/workspace/DataSets/ThyroidAgent/train_val_test/500_TestData_Malignancy_Cls/images/028.png,/mnt/wangbd8/workspace/DataSets/ThyroidAgent/train_val_test/500_TestData_Malignancy_Cls/masks/028.png
0.4534376717317928,222.41382713190237,224.18296099391677,16963.5,100.85080793564725,1884.6774157224543,0.11110191975255426,16969.0,0.24497718345722114,33.0,94.0,70292960.0,1.9594210833683174,29.0,5.813687270318106,194.0,19.942464424898027,58.50598149566857,51.0,13.0,181.0,12.316286387901831,64.36174212963549,1.5569558928535687,70292960.0,0.32315935780964883,719.4839791901816,9.11482496194825,2.8223135464231355,121.8255039431455,14.842083391615597,4.68911344541514,0.09162861491628616,0.9616676182232956,0.09162861491628614,0.4418826858500872,0.08323281184480907,0.28095744644375403,2.429327255811874,-0.7396476669194701,0.9706869286803852,0.9541856925418568,0.9985903290012877,0.9541856925418568,0.9898190427870792,0.09162861491628614,0.4269710806697108,2.3376986408955904,1.1951855150828568,520.509028794534,0.2540307607586793,1.6090525893072147,11.834065397755003,181.59346022449975,1323.31429965837,35.93841931701101,0.16256459790683803,6.374401279653166,172.34504636408005,0.08411178446270377,0.12074960221580529,113.00854873081443,0.2458303121076288,3.589916741406264,0.0336833533053468,520.509028794534,0.2540307607586793,1.6090525893072147,11.834065397755003,181.59346022449975,1323.31429965837,35.93841931701101,0.16256459790683803,172.34504636408005,0.08411178446270377,0.2458303121076288,3.589916741406264,0.0336833533053468,6.374401279653166,0.12074960221580529,113.00854873081443,2.7933719725882753,11021.826919677058,0.649527191919209,0.22926137428482882,5483.691142671931,1.2447717619773733,9.397312746773528,7.838588013436266,70.98644587188403,1.419417996238706,0.17885176745870723,0.1587339003804323,1.6550343436724486,0.027173147606759564,18.01768554101259,0.0022258702819623706,2.9325651178476004,0.004033249975931249,0.09561466335522596,029.jpg,/mnt/wangbd8/workspace/DataSets/ThyroidAgent/train_val_test/500_TestData_Malignancy_Cls/images/029.jpg,/mnt/wangbd8/workspace/DataSets/ThyroidAgent/train_val_test/500_TestData_Malignancy_Cls/masks/029.jpg
0.754552768988278,103.09085457635348,110.13627921806692,6180.0,77.78748977795541,1075.7270555095809,0.17406586658731082,6199.0,0.25905804149585876,50.0,97.0,34877248.0,1.7096620959291506,27.0,3.2891739207378747,152.0,15.486733194715956,72.53331182448782,71.0,27.0,125.0,11.364657703845971,75.00846647916096,0.5572831005191056,34877248.0,0.3589373950249978,365.1887193270275,6.361550229474759,2.4106748257691657,18.434642211657923,1.4893359282389904,2.3479922630914136,0.14720380758116605,0.8820102281248884,0.14720380758116605,0.6027983684125702,0.1255348466147731,0.2801898624399659,2.385841712806383,-0.5849286579116527,0.9278352185071331,0.9263980962094169,0.9960215187140224,0.9263980962094169,0.9789708846312619,0.14720380758116605,0.418493965663777,2.238637905225219,0.6237990176681449,342.0575296108291,0.28938877293640364,0.9208151889166603,7.324027072758037,58.76903553299493,348.09813874788495,13.817242197781537,0.277751222034217,5.469787440904459,139.04230118443317,0.11763308052828525,0.19067591547023713,31.26424640905173,0.2835738531993993,2.2945051299787593,0.08030621328227079,342.0575296108291,0.28938877293640364,0.9208151889166603,7.324027072758037,58.76903553299493,348.09813874788495,13.817242197781537,0.277751222034217,139.04230118443317,0.11763308052828525,0.2835738531993993,2.2945051299787593,0.08030621328227079,5.469787440904459,0.19067591547023713,31.26424640905173,2.781510019753017,3262.8928859493467,0.5263579425632112,0.31722604801689286,2225.0529117599613,0.6448065805617167,6.5375060493628006,7.1745442813357,45.53476367155993,1.8256795450879175,0.2591022297503182,0.18891935975336524,1.3166998261368321,0.0506394276058066,17.445472986344747,0.003516086848876613,2.4842343009639887,0.006164790558900534,0.06360073679288235,030.jpg,/mnt/wangbd8/workspace/DataSets/ThyroidAgent/train_val_test/500_TestData_Malignancy_Cls/images/030.jpg,/mnt/wangbd8/workspace/DataSets/ThyroidAgent/train_val_test/500_TestData_Malignancy_Cls/masks/030.jpg
0.9064209637637154,188.35462248460587,215.5203006679417,24716.5,170.72857844184722,1732.2022356160044,0.07008282870212224,24694.0,0.3217361223741578,8.0,89.0,74533693.0,2.170923741638568,48.0,4.1371715833508205,240.0,25.906997153377965,45.129059690613104,41.0,0.0,240.0,19.808302208151503,54.93898078138878,0.784523657203686,74533693.0,0.24595515785277894,981.6595807388848,6.917646571712488,2.331256210665783,129.03068109579567,11.350139821310842,6.050022306486982,0.11845809870818153,0.9615924535941089,0.1074445180523352,0.4972378017225443,0.10691377424868291,0.2060801535140532,2.717542683003495,-0.7430353795267446,0.9796728748080422,0.9473132266385292,0.9988421547604265,0.9475619686430387,0.9903071561319327,0.10255354974053217,0.3126035110963895,2.603585412703015,1.5421201012987908,691.8949263502456,0.22647951762692162,2.0323196391309355,10.151554828150573,182.76530278232406,762.0677577741408,122.81584364076296,0.2669808688675203,6.418767626401584,254.12667757774142,0.08318385518093008,0.1237142625739046,117.42811189298219,0.22592272948396078,3.18498462580157,0.05114950973852256,691.8949263502456,0.22647951762692162,2.0323196391309355,10.151554828150573,182.76530278232406,762.0677577741408,122.81584364076296,0.2669808688675203,254.12667757774142,0.08318385518093008,0.22592272948396078,3.18498462580157,0.05114950973852256,6.418767626401584,0.1237142625739046,117.42811189298219,2.9982297915431304,15822.879808860453,0.6407580711452358,0.22743223905996945,6073.616668016522,1.5688421861457407,7.065886450149834,7.804081963229934,51.6687049485705,3.499780856005805,0.42451032038679004,0.15807258623327303,1.3278776670896213,0.05923972046980769,20.233502744130156,0.001801547379933714,6.221135711219726,0.0036650507232835177,0.15235387147935725,031.jpg,/mnt/wangbd8/workspace/DataSets/ThyroidAgent/train_val_test/500_TestData_Malignancy_Cls/images/031.jpg,/mnt/wangbd8/workspace/DataSets/ThyroidAgent/train_val_test/500_TestData_Malignancy_Cls/masks/031.jpg
0.5140218942730446,186.18666815747451,186.6815470259447,13968.5,95.70402385469181,533.7817459305207,0.03821324737305514,13969.0,0.7849032009690093,88.0,157.0,213036119.0,2.198136539504331,33.0,4.623532535878725,242.0,21.96492808818701,119.94910158207459,116.0,48.0,194.0,14.245798820859346,123.49346098422775,1.0841469003695945,213036119.0,0.26821250870067004,862.8479355161326,19.85480498882561,4.30105976497729,142.83407522358692,13.80405875062068,5.613661429299931,0.19090188162353108,0.9342235164308472,0.1909018816235311,0.7033543184831453,0.15445835321612644,0.18534125172167756,3.0503909607354385,-0.609587388259335,0.96492157290177,0.9045490591882344,0.9976719282728836,0.9045490591882344,0.9809098118376468,0.1909018816235311,0.33256434287362124,2.8594890791119094,1.4511408277308655,671.523670793882,0.24454612920389002,1.5865343963198275,20.84923525127458,44.10233066278223,844.3022578295703,3.0208930148999795,0.0670916087868343,5.816756982318806,312.02694828841953,0.11362962428565897,0.19657813730403034,18.2243985690104,0.19445488266403396,4.1032038082244044,0.013577016445388753,671.523670793882,0.24454612920389002,1.5865343963198275,20.84923525127458,44.10233066278223,844.3022578295703,3.0208930148999795,0.0670916087868343,312.02694828841953,0.11362962428565897,0.19445488266403396,4.1032038082244044,0.013577016445388753,5.816756982318806,0.19657813730403034,18.2243985690104,3.259329075072143,7234.104445558021,0.5178684548327025,0.28196619227235525,3746.660534039659,1.4573507240532266,20.007301882740354,7.07760040088768,139.97909657097858,0.47692708210741125,0.06729683256139585,0.17897169128467003,3.6360234169311405,0.01210133410929197,14.60312346529412,0.0015252603432911282,6.642607940733139,0.007463762596939025,0.060134986476628315,032.png,/mnt/wangbd8/workspace/DataSets/ThyroidAgent/train_val_test/500_TestData_Malignancy_Cls/images/032.png,/mnt/wangbd8/workspace/DataSets/ThyroidAgent/train_val_test/500_TestData_Malignancy_Cls/masks/032.png
0.8185612778989179,318.1985613494458,345.3983207834109,61809.5,260.46502100379956,1140.4335495461276,0.018450781021463167,61810.0,0.7727919014972662,75.0,161.0,905028925.0,2.4789965870039206,45.0,3.0031262689703055,233.0,26.806066349165228,116.27566736773984,114.0,20.0,213.0,18.93538462506726,121.00459376947224,0.3652489469349234,905028925.0,0.20803913784462624,1122.0808915017167,28.398663914308468,5.16066349170229,157.19477496776508,6.881788855202853,7.248714901176385,0.1838499422980024,0.9505285332399304,0.18375241779497098,0.6887621823502831,0.1500849912525048,0.14347558508063252,3.3272202182860413,-0.6559324432543515,0.9803717920177252,0.9081335435528175,0.9981797592486695,0.9081400451863529,0.9832959735679043,0.18366708385481853,0.23428636444906784,3.142849833269326,1.8581412108685973,2330.2366899646217,0.2010731460837537,1.9809577789037232,28.922512727586504,48.76831478125809,1343.6349987056692,2.3811906673045597,0.04849629987915883,6.164835360678952,1221.020191560963,0.105360271944168,0.18749393302054684,20.322029480959973,0.1851507629735715,5.272820500716791,0.010104062007080748,2330.2366899646217,0.2010731460837537,1.9809577789037232,28.922512727586504,48.76831478125809,1343.6349987056692,2.3811906673045597,0.04849629987915883,1221.020191560963,0.105360271944168,0.1851507629735715,5.272820500716791,0.010104062007080748,6.164835360678952,0.18749393302054684,20.322029480959973,3.525705135075168,32676.39802620935,0.5286587611423613,0.274138994352039,12858.899110176348,1.8671363173820144,28.52988189613331,7.16482769778353,203.65759585827536,0.341465486960422,0.04778126044664872,0.1753437955023459,5.017507055672401,0.00855644595243048,39.48368424661461,0.00043991743473574687,7.7792093611448685,0.007439814415339072,0.018461251538468042,033.png,/mnt/wangbd8/workspace/DataSets/ThyroidAgent/train_val_test/500_TestData_Malignancy_Cls/images/033.png,/mnt/wangbd8/workspace/DataSets/ThyroidAgent/train_val_test/500_TestData_Malignancy_Cls/masks/033.png
0.6771502359840476,90.49506740471377,96.25487000666512,4172.0,61.27875624849422,825.8620484583787,0.19795351113575713,4188.0,0.27724873471019784,36.0,116.0,24311029.0,2.1404935983397206,35.0,8.209805810862074,241.0,26.521840953686752,66.48638968481376,54.0,22.0,219.0,15.828234076355432,76.19006326424807,2.107274244818695,24311029.0,0.2924035243279339,1384.4857268892154,11.83202232935803,3.1214158842933264,571.7246092245075,50.67912560720103,8.652781019401818,0.2976401928444557,0.9334913551471263,0.14894696777467648,0.5926001989199292,0.2754549936351852,0.25990979224711414,2.6810367365442502,-0.7271826335262362,0.9763573019742744,0.9392853411346778,0.9972681246068744,0.9421762665990019,0.9874579450829133,0.0878355042431419,0.4072570413600609,2.50264486760068,2.237605303061569,125.2081447963801,0.18885089712877842,4.759598606817132,22.001508295625943,142.46757164404224,1190.2850678733032,25.81521764570026,0.110848801296397,5.800915758021912,126.50829562594268,0.19081190893807343,0.15830945558739254,102.56634112050669,0.4409352870992075,13.190592878115659,0.03841468895330453,125.2081447963801,0.18885089712877842,4.759598606817132,22.001508295625943,142.46757164404224,1190.2850678733032,25.81521764570026,0.110848801296397,126.50829562594268,0.19081190893807343,0.4409352870992075,13.190592878115659,0.03841468895330453,5.800915758021912,0.15830945558739254,102.56634112050669,3.0682956990136083,2491.9255014326645,0.5950156402656792,0.33671521580282593,1224.5859598853867,2.3225855539409,12.339780324737346,7.537249283667622,79.95773638968481,1.2080716703644387,0.15259333651613038,0.19185768863419292,3.4783773745091797,0.02495086142405992,3.0992145558593145,0.009570591683320364,5.86034746395051,0.006574866778241908,0.6007434997480192,034.jpg,/mnt/wangbd8/workspace/DataSets/ThyroidAgent/train_val_test/500_TestData_Malignancy_Cls/images/034.jpg,/mnt/wangbd8/workspace/DataSets/ThyroidAgent/train_val_test/500_TestData_Malignancy_Cls/masks/034.jpg
0.3207180813214584,512.918233401687,482.0124479720415,64433.5,164.50215169138102,2050.2468247691872,0.03181957870935441,64418.0,0.4388889487031484,21.0,88.0,241495264.0,2.0878469509435287,34.0,3.439127214121105,255.0,20.49062801518222,55.50178521531249,56.0,0.0,255.0,14.325555687870112,61.22808698959958,0.15058664770809957,241495264.0,0.26702868527901014,668.4304743192934,8.532456181423733,2.756176741427479,50.99305229001738,1.5271424246333865,4.067892997117577,0.32410919136582855,0.852409367091984,0.3111235972592905,0.9244910900399876,0.2273112985942674,0.14463385313560792,3.2356415222431707,-0.448380331316088,0.9197189889032978,0.8455873168418716,0.9973577099567303,0.8462030403770816,0.9741493392047998,0.302506712255795,0.266032994646564,2.8906457055971106,1.0980005471208514,5278.471858868341,0.2645452743381116,1.1361829804375467,9.84508595198717,21.082543978349122,139.24141733072722,8.371792204655678,0.20009628731755397,4.9187479690148495,3886.0034581265977,0.1947578538629077,0.3097426185227731,10.659416028709916,0.40145043313811213,4.234751286989392,0.0794062577844297,5278.471858868341,0.2645452743381116,1.1361829804375467,9.84508595198717,21.082543978349122,139.24141733072722,8.371792204655678,0.20009628731755397,3886.0034581265977,0.1947578538629077,0.40145043313811213,4.234751286989392,0.0794062577844297,4.9187479690148495,0.3097426185227731,10.659416028709916,3.4166865542625957,26949.38750038809,0.41835181937328214,0.43014098746406954,17201.45384830327,1.1061470810866563,8.681331304914776,6.0969915241081685,49.71439659722438,1.6495308434644076,0.24778996744810602,0.25655613855340637,2.4462503579054853,0.05672761470525921,126.39957189625831,0.00021237987926580695,17.641273950244514,0.006876190713148343,0.0219811891044992,035.jpg,/mnt/wangbd8/workspace/DataSets/ThyroidAgent/train_val_test/500_TestData_Malignancy_Cls/images/035.jpg,/mnt/wangbd8/workspace/DataSets/ThyroidAgent/train_val_test/500_TestData_Malignancy_Cls/masks/035.jpg
0.8673970069501288,426.8197956197456,471.20271646076066,122152.5,370.222213227633,3093.0621920333933,0.025321317140733046,122078.0,0.40055989031472505,41.0,158.0,1329340664.0,2.7501509565846702,61.0,3.280314271502376,255.0,35.75259369457302,94.22642900440702,89.0,22.0,233.0,25.2955973606412,104.35167922287731,0.7525135168077959,1329340664.0,0.16810541567961812,2010.6530337117272,21.621898388441004,4.298192050302426,532.1732335612697,34.86608606832752,12.698036386022304,0.1082624373901491,0.9830923143551479,0.08801274064049774,0.4353126216759914,0.10051619487509758,0.14411167027745828,3.2425649830603005,-0.8190123129183263,0.9944155769413634,0.9577153664742365,0.9991398175483813,0.9581521297074533,0.992777882834026,0.07968350617110975,0.20520352843126738,3.1340235061804287,3.2015747058531137,1683.963740106755,0.1549754960525267,3.5541593324554133,26.648260629486472,318.02429596907785,5559.723357261181,38.02748974011696,0.07535457623435193,7.554335131223827,616.9692619179091,0.056779795869492826,0.08900866659021281,191.802193506365,0.17901857261254403,6.051419942831219,0.013595355409758463,1683.963740106755,0.1549754960525267,3.5541593324554133,26.648260629486472,318.02429596907785,5559.723357261181,38.02748974011696,0.07535457623435193,616.9692619179091,0.056779795869492826,0.17901857261254403,6.051419942831219,0.013595355409758463,7.554335131223827,0.08900866659021281,191.802193506365,3.445393818094808,87872.73359655302,0.7198081029878686,0.17109821028623495,20521.972935336424,3.2219348823613996,21.780091416962925,8.134684382116351,173.16785989285538,0.7525072918736866,0.09085093533677789,0.14340467205848356,3.343580879983836,0.012544627662985449,37.645209385413445,0.0006189105665257832,4.535319110110098,0.004982410632182764,0.034081834594292516,036.jpg,/mnt/wangbd8/workspace/DataSets/ThyroidAgent/train_val_test/500_TestData_Malignancy_Cls/images/036.jpg,/mnt/wangbd8/workspace/DataSets/ThyroidAgent/train_val_test/500_TestData_Malignancy_Cls/masks/036.jpg
0.6110243063688513,76.04244262356059,78.39005038906404,2620.5,46.46378075865429,838.8498551495585,0.3201106106275743,2646.0,0.2163280224179875,75.0,127.0,29196418.0,1.819988574415665,27.0,4.284089148713743,220.0,16.387090655528187,102.91232048374906,103.0,56.0,164.0,11.4105156743816,105.0436651100056,0.45022223758159063,29196418.0,0.33838895430516197,443.2258723931329,7.239917695473252,2.5629629629629638,31.589918600935945,1.351702890819477,2.8088340192043897,0.1242798353909465,0.9152574079616878,0.11522633744855967,0.5292953664447448,0.11100272654913716,0.2893308100052499,2.353389972043034,-0.6758211708787192,0.9536673155231329,0.9432921810699592,0.9975349017780886,0.9438957475994516,0.9857224508459078,0.1073045267489712,0.42386831275720166,2.2137399886109357,0.7332784636488341,128.39793814432988,0.26473801679243275,1.2208056116484218,10.482474226804124,91.14639175257732,677.3340206185567,18.18988305631531,0.1841795006662459,5.138226060663679,96.43917525773196,0.19884366032522052,0.18329554043839758,61.38205547879689,0.4547065062979183,6.095014774860833,0.05439712303985339,128.39793814432988,0.26473801679243275,1.2208056116484218,10.482474226804124,91.14639175257732,677.3340206185567,18.18988305631531,0.1841795006662459,96.43917525773196,0.19884366032522052,0.4547065062979183,6.095014774860833,0.05439712303985339,5.138226060663679,0.18329554043839758,61.38205547879689,2.8351319026140422,1463.817082388511,0.5532188519986814,0.3788384926490963,895.3771730914588,0.7739329291807426,7.651171579743008,7.313681027966743,51.66477702191988,1.7904671300366959,0.23458982925495722,0.20683211556227432,2.0005039052658105,0.04056162179605472,3.193361188486537,0.013738460420149742,2.318612535630236,0.003558648515381343,0.3655660133155241,037.jpg,/mnt/wangbd8/workspace/DataSets/ThyroidAgent/train_val_test/500_TestData_Malignancy_Cls/images/037.jpg,/mnt/wangbd8/workspace/DataSets/ThyroidAgent/train_val_test/500_TestData_Malignancy_Cls/masks/037.jpg
0.4815402647755666,317.06557421558347,324.18050527445354,34721.5,152.67984055898913,1606.3473298325873,0.046263765385498534,34684.0,0.4112109924986178,47.0,118.0,259301252.0,2.2591026775095795,36.0,6.060718876700502,255.0,22.31839997161183,81.3076923076923,79.0,0.0,255.0,15.165061231594771,86.46447683768693,0.788991132230362,259301252.0,0.25169160771051186,865.1649264125334,15.565700131137984,3.77415124581087,165.161967705679,9.313684621348102,5.555841137116042,0.2699111175870611,0.9073386214220959,0.19589100976249452,0.7420946598887198,0.23153782988129135,0.17984771586213372,3.120338872002439,-0.6176541628997511,0.968753087945131,0.9083435688010948,0.997887032419268,0.9095877826578688,0.9840832800464587,0.16876451827027375,0.2773131283695177,2.8845831663589587,1.4564380636757757,1420.5461478599223,0.2210966767097155,2.1385706732880134,18.26832684824903,58.22568093385214,807.3389883268483,7.476088317001703,0.09927335996717428,6.094518833377377,691.8295719844358,0.10767775439446471,0.1852439165032868,29.08416827506851,0.25926485376287106,5.719283819627536,0.026535081808180285,1420.5461478599223,0.2210966767097155,2.1385706732880134,18.26832684824903,58.22568093385214,807.3389883268483,7.476088317001703,0.09927335996717428,691.8295719844358,0.10767775439446471,0.25926485376287106,5.719283819627536,0.026535081808180285,6.094518833377377,0.1852439165032868,29.08416827506851,3.318352766400561,18489.856533271824,0.5330946988026706,0.3032300584092241,8729.671721831392,1.4618814523191814,15.719669011648023,7.2175642947756895,109.25847653096528,0.7737457789810205,0.10559483962733232,0.18395770063686104,3.1823959814964313,0.01906855902127369,26.237298547105315,0.0006994290409334374,11.145237576418555,0.004799957264340484,0.05763268097914617,038.jpg,/mnt/wangbd8/workspace/DataSets/ThyroidAgent/train_val_test/500_TestData_Malignancy_Cls/images/038.jpg,/mnt/wangbd8/workspace/DataSets/ThyroidAgent/train_val_test/500_TestData_Malignancy_Cls/masks/038.jpg
0.7206114775544912,137.14169139068224,138.1774221788784,10563.5,98.82587686736156,443.88225099390905,0.04202037686315228,10564.0,0.8208070360297229,52.0,147.0,113122989.0,2.578269205676755,52.0,3.489059252206541,237.0,30.02592166088568,96.32042786823173,92.0,19.0,218.0,21.36828877543071,103.48114837453869,0.7673674577062526,113122989.0,0.1950183092729467,1430.7232441940585,21.266411849020542,4.360726230291448,294.62849317577906,20.80006353185341,9.198569892269388,0.19665551839464882,0.9581371367266113,0.19608217869087435,0.7165514736901204,0.15820729759448884,0.13356575703737048,3.46158552194684,-0.6561422436928132,0.9828333044458774,0.9020162446249402,0.9980532431573856,0.9020544672718586,0.9821786908743431,0.19558050645007166,0.21557572861920687,3.262678191163451,2.348806352666009,383.915270018622,0.17873150373306423,2.5955761108163498,23.670856610800744,41.4366852886406,788.7402234636871,3.442012805730093,0.07331994336461393,6.10976678862363,248.03072625698323,0.11547054295017842,0.20333207118515714,17.249338521130912,0.20612489934504433,5.492672992074553,0.014674924107224646,383.915270018622,0.17873150373306423,2.5955761108163498,23.670856610800744,41.4366852886406,788.7402234636871,3.442012805730093,0.07331994336461393,248.03072625698323,0.11547054295017842,0.20612489934504433,5.492672992074553,0.014674924107224646,6.10976678862363,0.20333207118515714,17.249338521130912,3.653911644642661,5389.769784172662,0.5102016077406912,0.2908908410050293,2060.173419159409,2.3534077498956614,21.459674365770542,7.016281711472927,146.38318818629307,0.5479498294341015,0.07705393673782779,0.1827485380116959,4.141981151920568,0.013786656858392296,8.52249451754386,0.0027182964587395457,8.253604442801842,0.009782350359278527,0.12022152999952478,039.png,/mnt/wangbd8/workspace/DataSets/ThyroidAgent/train_val_test/500_TestData_Malignancy_Cls/images/039.png,/mnt/wangbd8/workspace/DataSets/ThyroidAgent/train_val_test/500_TestData_Malignancy_Cls/masks/039.png
0.8174311272638487,96.33843320904565,104.546640309481,5802.5,78.75003405690319,1009.9036790187213,0.17404630401012,5810.0,0.26738223691224033,47.0,121.0,47109631.0,2.341846957083382,40.0,6.3585496638948396,235.0,25.388836862078264,83.20877796901894,78.0,24.0,211.0,16.691156375643132,90.0464892361282,1.4698024006941317,47109631.0,0.23800059841036136,1184.6694926546609,16.279673321234117,3.8038112522686025,333.84727693316154,27.71423386919662,7.484515400146904,0.24174228675136114,0.9374231881596975,0.18148820326678763,0.7152065160239973,0.2088043188263543,0.1803054996525044,3.1310262675449914,-0.654477993073116,0.975934565348303,0.915178819259101,0.9976722925890475,0.9169933454325467,0.983924000983892,0.14981347045775356,0.2885662431941924,2.904884405574753,1.9315644217245662,240.03209459459458,0.202729809623813,2.9230249041271,22.58445945945946,48.28378378378378,658.4434121621622,5.396964187295288,0.07603085494082518,5.891441015003674,151.44256756756758,0.12790757395909422,0.20378657487091223,24.204206423484298,0.3184049576188562,9.76074743001911,0.01832233295054488,240.03209459459458,0.202729809623813,2.9230249041271,22.58445945945946,48.28378378378378,658.4434121621622,5.396964187295288,0.07603085494082518,151.44256756756758,0.12790757395909422,0.3184049576188562,9.76074743001911,0.01832233295054488,5.891441015003674,0.20378657487091223,24.204206423484298,3.42547103708763,2962.7328743545613,0.5099368114207506,0.3430063307076351,1382.7834767641996,1.9811004529551695,16.785714285714285,7.06368330464716,108.33098106712565,0.7128819020819266,0.09580021836617605,0.19874737043411742,4.146863645056417,0.01666578554617274,4.594124574083217,0.0051177140290106565,7.42521929959168,0.007111351214757799,0.27621254482883206,040.jpg,/mnt/wangbd8/workspace/DataSets/ThyroidAgent/train_val_test/500_TestData_Malignancy_Cls/images/040.jpg,/mnt/wangbd8/workspace/DataSets/ThyroidAgent/train_val_test/500_TestData_Malignancy_Cls/masks/040.jpg
0.9261585377182006,122.04682058908459,125.25174649480941,10614.5,113.03470488994215,447.29646455628216,0.04214013515062247,10615.0,0.8165057306662773,75.0,162.0,160948102.0,2.460829295349294,52.0,2.319534207058571,215.0,28.311418785661562,118.45897315120114,119.0,36.0,179.0,21.582509308757682,123.13540142588828,0.11155743796941271,160948102.0,0.20235832610959215,1129.7987642776588,19.706689536878216,4.234419668381933,126.07389450684289,2.7986689576368313,7.296294116935562,0.19077568134171907,0.9490386261964284,0.19077568134171907,0.7030913079058034,0.15438032075032193,0.1386663035125229,3.3285405518428055,-0.6468099502535598,0.9790290650814264,0.9046121593291405,0.9970649895178199,0.9046121593291405,0.9788027020731425,0.19077568134171907,0.21526586620926244,3.137764870501089,1.8717674495693202,408.2011304757419,0.1922756149202741,1.9997843416507493,20.79934055581724,41.82807348092322,786.4422986340085,3.524190445215612,0.08541522807113111,5.995045234689094,241.2609514837494,0.11364152213082873,0.2,16.828073480923223,0.19187873477706902,4.102261565109851,0.018899128942240644,408.2011304757419,0.1922756149202741,1.9997843416507493,20.79934055581724,41.82807348092322,786.4422986340085,3.524190445215612,0.08541522807113111,241.2609514837494,0.11364152213082873,0.19187873477706902,4.102261565109851,0.018899128942240644,5.995045234689094,0.2,16.828073480923223,3.52813188103245,5457.561658031088,0.5141367553491369,0.2835233160621762,2148.0336316533208,1.874319070965131,19.92020725388601,7.043523316062176,138.62072538860104,0.5888917813003675,0.08388204184170135,0.17996545768566496,3.655346208195949,0.015527252584710024,12.441330773184966,0.0025799175957549846,4.793513705477695,0.012511436097149654,0.05796613131144303,041.png,/mnt/wangbd8/workspace/DataSets/ThyroidAgent/train_val_test/500_TestData_Malignancy_Cls/images/041.png,/mnt/wangbd8/workspace/DataSets/ThyroidAgent/train_val_test/500_TestData_Malignancy_Cls/masks/041.png
0.7705155960878788,175.34070610837566,190.03157632351525,17992.0,135.10274868556462,1691.966737603816,0.09403994762137706,18014.0,0.2810300963199682,2.0,62.0,24402081.0,1.6486075537426825,34.0,2.9372241580269605,134.0,18.582690308263373,29.015154879538137,26.0,0.0,134.0,13.938667776456601,36.805129740557554,0.7058243618079578,24402081.0,0.3621937819257043,512.738362535688,3.6292738707833045,1.7220411663807889,25.17467845547666,4.3851017416860545,2.7317216993390976,0.07632933104631218,0.9456353675767519,0.07632933104631216,0.38911141705974017,0.07050316426833465,0.3290152030025489,2.032806882619923,-0.7369693914755635,0.9522237130358908,0.961835334476844,0.9979370451068564,0.961835334476844,0.9890958098505269,0.07632933104631216,0.472041166380789,1.9564775515736121,0.7020127575963524,513.2237762237762,0.27607518893156335,0.9709744056580653,6.461538461538462,306.6885422270038,655.0295857988166,245.41074846094077,0.35172703365011054,6.077317630225205,148.85906401291015,0.08007480581651973,0.10319751304540913,212.78941896436822,0.2290652719792367,2.0227604856639623,0.0591240221520907,513.2237762237762,0.27607518893156335,0.9709744056580653,6.461538461538462,306.6885422270038,655.0295857988166,245.41074846094077,0.35172703365011054,148.85906401291015,0.08007480581651973,0.2290652719792367,2.0227604856639623,0.0591240221520907,6.077317630225205,0.10319751304540913,212.78941896436822,2.36266741522639,12388.633507272121,0.6877225217759588,0.19910199250551447,6524.558787609637,0.7457205638105215,3.8260242033973575,8.003330742755635,28.08615521261241,4.883625436388981,0.581938569384306,0.15056499266002984,0.7081436660375263,0.07753884238870454,41.29562444046554,0.0024408043299820035,1.4514751091986666,0.0037905599141177296,0.0585989241308857,042.jpg,/mnt/wangbd8/workspace/DataSets/ThyroidAgent/train_val_test/500_TestData_Malignancy_Cls/images/042.jpg,/mnt/wangbd8/workspace/DataSets/ThyroidAgent/train_val_test/500_TestData_Malignancy_Cls/masks/042.jpg
0.3556688024988802,241.0614965999125,234.68276459936294,15825.0,85.73805382427875,1795.0966799187272,0.11343422937875053,15830.0,0.2484213672344123,47.0,99.0,91873512.0,1.8353723756947282,29.0,14.319842237358563,240.0,17.31848871199003,72.24687302590019,68.0,26.0,214.0,11.903186436716911,76.18240902001914,2.3077858062530474,91873512.0,0.3407909767751085,584.1487820729488,6.509144158802473,2.373543768304588,158.03309599935469,12.956627078454943,3.658261123804964,0.15652456882525217,0.9179379491080495,0.11109664822648879,0.5078631519479034,0.14418210357809202,0.29410579468320974,2.34596999942733,-0.7046110540946211,0.9602520385815841,0.9487923278650868,0.9981769090264466,0.9498850200672524,0.9892612398990532,0.09011733015149873,0.45655711031565244,2.2159908906272623,0.9536964231575539,491.7353846153846,0.25217199211045366,2.603136094674556,11.373846153846154,176.45128205128205,937.2748717948718,51.47320761704492,0.24033637614589998,6.264224433031908,202.75179487179489,0.10397527942143327,0.1231838281743525,110.55019066403682,0.3054811497635619,5.690696376114605,0.05282554754362956,491.7353846153846,0.25217199211045366,2.603136094674556,11.373846153846154,176.45128205128205,937.2748717948718,51.47320761704492,0.24033637614589998,202.75179487179489,0.10397527942143327,0.3054811497635619,5.690696376114605,0.05282554754362956,6.264224433031908,0.1231838281743525,110.55019066403682,2.6591229732643766,10303.724320909665,0.6508985673347861,0.24833645863803228,5394.721162349969,1.018360988854654,6.792924826279217,7.830827542640556,48.37397346809855,2.3070175821515986,0.28808907283579765,0.16447673194356707,1.5254088580051943,0.043372168551421626,15.750617289453038,0.002239713271425942,4.687077930327913,0.0029065139123536443,0.15968450523050884,043.jpg,/mnt/wangbd8/workspace/DataSets/ThyroidAgent/train_val_test/500_TestData_Malignancy_Cls/images/043.jpg,/mnt/wangbd8/workspace/DataSets/ThyroidAgent/train_val_test/500_TestData_Malignancy_Cls/masks/043.jpg
0.7518989603275662,158.2850477991054,174.7741399635541,14151.0,119.01436287554647,1501.969696196674,0.10613876730949573,14152.0,0.28076135329310636,55.0,137.0,149421447.0,2.4347555135152397,46.0,3.697476074747726,245.0,26.375892824046186,97.23565573770492,97.0,16.0,229.0,18.826690368232743,102.75372126059446,0.5270126082064255,149421447.0,0.21389356724903263,1103.5544861584765,21.247265568032667,4.412826308881435,194.12432103027888,9.929316142085938,7.227514613465876,0.1305964707598075,0.964502718356677,0.13059647075980746,0.5590717421504057,0.1135410325848902,0.16623732367267155,3.1034553799792874,-0.7247221894901567,0.9851983659091272,0.9347017646200962,0.9987069656360414,0.9347017646200962,0.9881275935672902,0.13059647075980746,0.25288026833892374,2.9728589092194833,1.8395277710564206,437.6666666666667,0.19635112905637805,2.1865828737827417,22.78734858681023,74.19380888290713,1483.313593539704,5.371052624387906,0.0697645299043134,6.42440695189068,191.46388515029162,0.08589676318990203,0.15750423968343696,33.883557840376895,0.19905268789142108,4.4158594309154084,0.014770339553750176,437.6666666666667,0.19635112905637805,2.1865828737827417,22.78734858681023,74.19380888290713,1483.313593539704,5.371052624387906,0.0697645299043134,191.46388515029162,0.08589676318990203,0.19905268789142108,4.4158594309154084,0.014770339553750176,6.42440695189068,0.15750423968343696,33.883557840376895,3.4088728854525643,8115.0305257207465,0.5734193418400754,0.25789232610107937,3027.0217637083097,1.8459761234002725,21.25650084793669,7.467071791972866,156.2853306953081,0.5355711275661887,0.07135003858781333,0.16773051315872117,3.623987186734502,0.011989273503332362,7.301157590218384,0.0027141447658306974,5.728911847802634,0.0052277148711644865,0.12523854830982342,044.jpg,/mnt/wangbd8/workspace/DataSets/ThyroidAgent/train_val_test/500_TestData_Malignancy_Cls/images/044.jpg,/mnt/wangbd8/workspace/DataSets/ThyroidAgent/train_val_test/500_TestData_Malignancy_Cls/masks/044.jpg
0.6980795177746318,164.18444275180983,164.20109622045769,14753.5,114.61379662228003,515.5391052434015,0.034943512064486495,14754.0,0.835200698873974,93.0,155.0,234232715.0,2.095603414678625,33.0,3.8382145830498846,237.0,19.94177209686511,123.43466178663414,122.0,51.0,186.0,13.958131269726055,125.9995188274431,0.4525399604842887,234232715.0,0.27649555001973625,639.7630143664304,12.886338797814206,3.445765027322404,68.7430661760402,3.765766432318456,4.227988369315298,0.17581967213114755,0.9201510735815818,0.17581967213114758,0.6708461210046054,0.14490711502284334,0.19725617460210815,2.9073359983338305,-0.6111147456824635,0.9605089694675721,0.9120901639344263,0.9972950819672133,0.9120901639344263,0.980464480874317,0.17581967213114758,0.3171448087431694,2.7315163262026867,1.1009520103616113,663.844494047619,0.24696595760700113,1.3191464655523666,13.618675595238095,52.142113095238095,647.0003720238095,6.083011396708981,0.1273771462019828,5.873699998418527,275.5572916666667,0.10251387338789683,0.18218788125254168,22.014756390837587,0.18479840172011422,2.614302908957675,0.024920758255877452,663.844494047619,0.24696595760700113,1.3191464655523666,13.618675595238095,52.142113095238095,647.0003720238095,6.083011396708981,0.1273771462019828,275.5572916666667,0.10251387338789683,0.18479840172011422,2.614302908957675,0.024920758255877452,5.873699998418527,0.18218788125254168,22.014756390837587,3.1232785612939935,7899.81008540057,0.5354351420225409,0.27051077001305895,4079.4153449911887,1.103792279691215,12.99586552799241,7.217025891283719,92.69791243052731,0.8732865928667792,0.12221818761167653,0.17360640428960883,2.300242495443797,0.021672594022484407,20.785273234757167,0.0014964130055268596,5.1314572960442995,0.006841389579942862,0.046612574848222954,045.png,/mnt/wangbd8/workspace/DataSets/ThyroidAgent/train_val_test/500_TestData_Malignancy_Cls/images/045.png,/mnt/wangbd8/workspace/DataSets/ThyroidAgent/train_val_test/500_TestData_Malignancy_Cls/masks/045.png
0.6377728207832857,124.27172027817299,128.01562404644207,7586.0,79.25712558540184,1290.2955980044942,0.1700890585294614,7603.0,0.23928866985141914,54.0,106.0,54871663.0,1.9125189355214358,26.0,7.916620104727759,229.0,17.072660267276138,81.62843614362751,82.0,17.0,212.0,11.190503619510423,84.95355672334966,1.0919541628461957,54871663.0,0.3293591284541263,553.9052126931142,14.854445210199863,3.7498277050310134,76.71618359268089,4.749148665659278,3.293142541492096,0.12019297036526533,0.9295744763749505,0.12019297036526533,0.5299152983930093,0.10574662024003978,0.2722578359181933,2.466873404485341,-0.667031575212532,0.9567246172275707,0.9399035148173673,0.998809970590443,0.9399035148173673,0.9890733663304304,0.12019297036526533,0.4292212267401792,2.3466804341200787,0.8533338779643402,309.8196721311475,0.2539505509271701,1.6496069604944907,18.012295081967213,82.06311475409836,1155.3524590163934,7.104940334467121,0.08446293740629221,5.979036771280627,117.03934426229509,0.09593388873958614,0.16046297514139155,43.22569940876109,0.24569585298916086,5.6543654568971595,0.018554082481706854,309.8196721311475,0.2539505509271701,1.6496069604944907,18.012295081967213,82.06311475409836,1155.3524590163934,7.104940334467121,0.08446293740629221,117.03934426229509,0.09593388873958614,0.24569585298916086,5.6543654568971595,0.018554082481706854,5.979036771280627,0.16046297514139155,43.22569940876109,2.878898115028759,4344.963961594108,0.5714802001307521,0.2765935395646467,2504.1174536367225,0.9619061707316328,15.308693936603973,7.454031303432855,110.31382349072734,0.6579940539112359,0.08769417481237846,0.17360837096467768,2.943414149385477,0.014815802580416997,5.099810458355134,0.0036793777723576767,6.01126786664776,0.002503624139700758,0.2727417137787228,046.jpg,/mnt/wangbd8/workspace/DataSets/ThyroidAgent/train_val_test/500_TestData_Malignancy_Cls/images/046.jpg,/mnt/wangbd8/workspace/DataSets/ThyroidAgent/train_val_test/500_TestData_Malignancy_Cls/masks/046.jpg
0.5430681663121166,151.8771621462563,164.14932226482082,9661.0,82.47965195145542,1209.5260453827952,0.12519677521817568,9662.0,0.2880718013767454,41.0,92.0,49977389.0,1.8791730667406958,26.0,14.69591063568578,237.0,17.068078726019138,67.39546677706478,65.0,16.0,221.0,10.938112964767017,71.92059390591075,2.389139122794808,49977389.0,0.330887881219412,630.4228856804839,10.944963990110717,3.1679565731484463,168.4919870970497,13.776162420974218,3.8259992924671833,0.18993872944211543,0.9054075394560929,0.12630334300763196,0.5535865726759411,0.1739861949872119,0.2802354357794495,2.4191382267378407,-0.6889000864781117,0.9598476794871901,0.9428931843617808,0.9982022623398051,0.9443853237306962,0.9889529833096425,0.0973647986909838,0.4399656024938192,2.275413252944158,1.0039845054773247,348.6379821958457,0.25863351794944045,2.808206905053315,18.0459940652819,123.20474777448071,1091.1416913946587,18.1839421165694,0.0998247423419857,6.058392418960722,148.6587537091988,0.11028097456172019,0.13951562823432,71.82945830288195,0.3167106736431171,9.155779410722502,0.02292216619922679,348.6379821958457,0.25863351794944045,2.808206905053315,18.0459940652819,123.20474777448071,1091.1416913946587,18.1839421165694,0.0998247423419857,148.6587537091988,0.11028097456172019,0.3167106736431171,9.155779410722502,0.02292216619922679,6.058392418960722,0.13951562823432,71.82945830288195,2.74484270691646,5969.99606706686,0.6178840889119085,0.2750705581205285,3197.038708341958,1.1003526845549731,11.393810805216312,7.678741461395156,79.66932312150693,1.0137421971316567,0.1275502493052006,0.17244531842958669,2.668730881575013,0.0195873300387422,7.014385744843177,0.0032236399372354437,5.829983572759383,0.0027964988073167405,0.26429048443733016,047.jpg,/mnt/wangbd8/workspace/DataSets/ThyroidAgent/train_val_test/500_TestData_Malignancy_Cls/images/047.jpg,/mnt/wangbd8/workspace/DataSets/ThyroidAgent/train_val_test/500_TestData_Malignancy_Cls/masks/047.jpg
0.813491298428252,134.62851424755968,147.05441169852742,11346.0,109.51912486071373,1379.9768388716157,0.12162672650023054,11371.0,0.2736242122300992,33.0,77.0,42678742.0,1.6914237706444353,22.0,20.268305881171194,236.0,16.3778085199788,55.25846451499429,50.0,14.0,222.0,9.383456481610029,61.2641588487158,3.4080531703590835,42678742.0,0.38725800483854395,699.7992588858002,8.191218001275395,2.680103853511888,339.3287683996771,27.55585596879182,4.231186911399107,0.19814156873462696,0.9105320051907076,0.1285414958549695,0.5596207243127553,0.1816186525779938,0.3358586264111626,2.2082547794488026,-0.6577641761517049,0.9408355275481427,0.9423934536919439,0.9981258013133713,0.9441043393762715,0.9887928111486459,0.09601831607502556,0.4531292702924296,2.0668952193255867,1.1073321200334334,396.80897435897435,0.2543647271531887,3.344549638395793,15.46923076923077,151.69294871794872,906.0762820512821,31.451441395575323,0.1494110782845902,6.028973927643844,201.18589743589743,0.128965318869165,0.1371911001670917,98.56193252794215,0.352167587694692,8.352490044527814,0.04073171940914055,396.80897435897435,0.2543647271531887,3.344549638395793,15.46923076923077,151.69294871794872,906.0762820512821,31.451441395575323,0.1494110782845902,201.18589743589743,0.128965318869165,0.352167587694692,8.352490044527814,0.04073171940914055,6.028973927643844,0.1371911001670917,98.56193252794215,2.541960630845858,7123.402427227157,0.6264534717462982,0.2812353825483553,4403.510773019084,1.1956350907424405,8.579632398205963,7.710227772403482,58.03702400844253,1.4578524294362574,0.1837552145952431,0.17431770879136985,2.1669744672119133,0.028871548947012715,10.196757438913558,0.002625594920878871,6.0821356858274065,0.002983859546952963,0.2692054765426647,048.jpg,/mnt/wangbd8/workspace/DataSets/ThyroidAgent/train_val_test/500_TestData_Malignancy_Cls/images/048.jpg,/mnt/wangbd8/workspace/DataSets/ThyroidAgent/train_val_test/500_TestData_Malignancy_Cls/masks/048.jpg
0.7640460727264631,272.7570570386504,270.4755072090632,44357.5,208.39895823880866,893.0365799264601,0.02013270765770073,44358.0,0.8360249029548522,33.0,171.0,503236041.0,2.807666747541806,94.0,1.8333359485335756,228.0,46.69252611993793,92.53823436584156,84.0,9.0,219.0,38.670083407816776,106.5123312471212,0.39231622102681674,503236041.0,0.16836714913550277,2781.5518881490502,22.154239898532346,4.210987044754483,592.5577912422197,30.1819693639746,17.85520929376605,0.16789726399710092,0.9813686654452164,0.16785196593585794,0.6530388368657724,0.1397229815285685,0.1280065982835293,3.5884965691944193,-0.7210505187641644,0.9912176928224061,0.9160785468381952,0.9983376767262632,0.9160815667089447,0.984741073536598,0.16781233013227032,0.27738267802138067,3.4203596456846563,4.5057766394407865,1016.0509453781513,0.1334100506011228,4.3129479733069696,24.828518907563026,76.60110294117646,1234.9617909663866,12.854181568874242,0.13118995101347417,6.645138883454489,795.2150735294117,0.10441374389829461,0.17169394472248523,42.67843178172005,0.20105537882951008,4.90597291608995,0.033657481340527956,1016.0509453781513,0.1334100506011228,4.3129479733069696,24.828518907563026,76.60110294117646,1234.9617909663866,12.854181568874242,0.13118995101347417,795.2150735294117,0.10441374389829461,0.20105537882951008,4.90597291608995,0.033657481340527956,6.645138883454489,0.17169394472248523,42.67843178172005,3.7832242033870513,24416.620496866406,0.5504445758795798,0.2675845544878987,7468.430001352631,4.509951843316178,22.295572388295234,7.325172460435547,159.02923937057577,0.9752252095532726,0.13251683087948463,0.17167140087470129,3.966417181417858,0.02337002208970326,33.244346259348106,0.0009897399435874112,6.713762602842987,0.01637591663803882,0.03974964335433744,049.png,/mnt/wangbd8/workspace/DataSets/ThyroidAgent/train_val_test/500_TestData_Malignancy_Cls/images/049.png,/mnt/wangbd8/workspace/DataSets/ThyroidAgent/train_val_test/500_TestData_Malignancy_Cls/masks/049.png
0.7300418162934293,165.4144825021204,170.29386365926402,15484.5,120.75948924708565,532.9533188057746,0.034418503587831356,15485.0,0.8276836079858617,46.0,123.0,125263035.0,2.315900179646813,43.0,2.9560555376997386,204.0,24.227428166184968,84.80393929609299,85.0,9.0,195.0,17.686989711787863,89.94061650834507,0.3049264858078396,125263035.0,0.2285170281029617,897.6063777657695,16.645713913496614,3.905256644085461,99.1739376478296,4.24490653123886,5.782554921527436,0.20381709223553934,0.9319063059338935,0.20238405419489316,0.7321126766421778,0.1628577868431779,0.15317807193146293,3.217065162937701,-0.6103771239091574,0.969926772061005,0.8989512767066179,0.9975156593096446,0.8990468125759944,0.979774622199062,0.20113014590932776,0.2535825951016154,3.0082500128748717,1.496593003440744,696.2356766800867,0.21561959637042016,1.6732307793234529,18.31124187054816,38.72437287085785,600.8643542892536,3.7705064505414017,0.09222791412597522,5.8363696314374,380.73180551254256,0.11791012868149352,0.20852437843073943,15.726570936333884,0.21311282791850347,4.322972556716311,0.019862614716767518,696.2356766800867,0.21561959637042016,1.6732307793234529,18.31124187054816,38.72437287085785,600.8643542892536,3.7705064505414017,0.09222791412597522,380.73180551254256,0.11791012868149352,0.21311282791850347,4.322972556716311,0.019862614716767518,5.8363696314374,0.20852437843073943,15.726570936333884,3.4072369022122846,7814.24559250888,0.5046332316763887,0.2964610350783706,3538.586180174362,1.4972916533952414,16.81401356151114,6.968098159509203,114.26057474975784,0.6613719323221222,0.09429066618814377,0.1853334768413877,3.2704409284971123,0.017369171769988805,16.24389442089483,0.0015399746234856522,7.013179103269071,0.007910027480445208,0.05711162508435514,050.png,/mnt/wangbd8/workspace/DataSets/ThyroidAgent/train_val_test/500_TestData_Malignancy_Cls/images/050.png,/mnt/wangbd8/workspace/DataSets/ThyroidAgent/train_val_test/500_TestData_Malignancy_Cls/masks/050.png
0.7627047230623917,162.33051247344562,168.1903683330291,15322.5,123.81024856063546,562.2670273047594,0.03669551491628385,15323.0,0.78041773619098,51.0,131.0,134111727.0,2.358911181493721,37.0,5.241412657013326,241.0,25.385204171605015,87.07883573712719,81.0,15.0,226.0,16.36052467515048,93.55380953059655,1.2891178964600813,134111727.0,0.24413761288076086,1169.5916443535566,17.73240643120717,3.986228255139694,304.00041281041837,26.794547659693873,7.559599816901476,0.19003690036900367,0.9509559203090133,0.18990511333684762,0.7019873183796206,0.1539729482975227,0.17085772976794641,3.209444743221844,-0.6348580140001263,0.9744051926222438,0.9050606220347919,0.9981185218091981,0.9050694078369356,0.9827368971741666,0.1897897996837111,0.27299683711122824,3.0188929198462366,1.9374091793176196,653.2331571994716,0.21573089735781756,1.994651853506419,18.998018494055483,45.648282694848085,754.0099075297226,3.998212117064033,0.08634346689651935,5.933783359454036,352.4795244385733,0.11640671216597534,0.1976114337923383,20.040270879977104,0.19886834671231987,4.069660946046906,0.016335118202735355,653.2331571994716,0.21573089735781756,1.994651853506419,18.998018494055483,45.648282694848085,754.0099075297226,3.998212117064033,0.08634346689651935,352.4795244385733,0.11640671216597534,0.19886834671231987,4.069660946046906,0.016335118202735355,5.933783359454036,0.1976114337923383,20.040270879977104,3.4143574740311444,7916.845330548848,0.5166641865528192,0.2835300080863537,3740.9206421718986,1.9463476394270152,17.924427331462507,7.068393917640149,124.73575670560595,0.6200775280001128,0.08746698137767003,0.17960292080895096,3.3272168925435253,0.015527342560146887,14.371311129229989,0.0015635671207844635,8.6533694935748,0.007861208170439844,0.08944041712913,051.png,/mnt/wangbd8/workspace/DataSets/ThyroidAgent/train_val_test/500_TestData_Malignancy_Cls/images/051.png,/mnt/wangbd8/workspace/DataSets/ThyroidAgent/train_val_test/500_TestData_Malignancy_Cls/masks/051.png
0.8767679706587789,93.77317724111948,96.6902270139025,6040.5,82.21731831192233,331.49747468305867,0.05487914488586353,6041.0,0.8311150602001072,75.0,167.0,92273004.0,2.4442516298888433,60.0,1.9404948979352101,210.0,30.303197750865415,118.57043535838437,114.0,49.0,161.0,24.325282877312144,123.589880384097,0.2341523358054464,92273004.0,0.1995423536474712,1215.5103922785975,19.83875838926175,4.231291946308725,125.20867354387634,5.421403165082399,7.923767820143237,0.18406040268456375,0.9545968667253365,0.18406040268456378,0.6888795852889378,0.15018217084816,0.13942912199900906,3.276343061959716,-0.6557877749435593,0.9793400634084628,0.9079697986577182,0.9971683014971606,0.9079697986577182,0.9795488441461597,0.18406040268456378,0.24412751677852348,3.0922826592751553,2.02695705570695,222.42614601018676,0.1888167623176458,2.0489542287725446,21.065365025466892,42.37606112054329,789.5144312393888,3.761822668229714,0.07818350600002309,5.943594197852579,128.25636672325976,0.108876372430611,0.19500082767753682,16.077796530045745,0.1789119003695934,3.953430487790909,0.014613488960396994,222.42614601018676,0.1888167623176458,2.0489542287725446,21.065365025466892,42.37606112054329,789.5144312393888,3.761822668229714,0.07818350600002309,128.25636672325976,0.108876372430611,0.1789119003695934,3.953430487790909,0.014613488960396994,5.943594197852579,0.19500082767753682,16.077796530045745,3.490627943933935,3140.611322628704,0.5198826887317834,0.2763046018843646,1205.4353583843736,2.048250983505884,20.141367323290847,7.08839596093362,141.07002151961595,0.5814393668961266,0.08118274322364823,0.17701263587706229,3.646443745516746,0.014249284313865334,7.137244977853339,0.004733597059700446,4.721070719165304,0.013247490812515889,0.10762652647493802,052.png,/mnt/wangbd8/workspace/DataSets/ThyroidAgent/train_val_test/500_TestData_Malignancy_Cls/images/052.png,/mnt/wangbd8/workspace/DataSets/ThyroidAgent/train_val_test/500_TestData_Malignancy_Cls/masks/052.png
0.7371557690512871,230.92652057841542,235.1276249188938,30668.5,170.22881687131968,758.5512985522216,0.024733889774596788,30669.0,0.8184011734568977,62.0,174.0,495535734.0,2.72032569720692,67.0,2.205617387225658,253.0,35.32228915368359,119.92050604845284,123.0,32.0,221.0,27.240398033621485,127.11233046558641,0.09600477778731994,495535734.0,0.16701596694834456,1776.6167854754353,21.349672131147543,4.305081967213114,290.49629892936656,4.3780295549671795,11.453404891158291,0.1896393442622951,0.9674244397894884,0.1895737704918033,0.7009672834796594,0.15370112980381623,0.11505807309862938,3.5820029203492805,-0.6832505575826742,0.9877760816936639,0.9052196721311474,0.9981224201865331,0.9052240437158469,0.9827665176353699,0.18951639344262297,0.18527868852459017,3.3920059658195543,2.9107610588551465,964.5166386554622,0.16210363674881717,2.899424503919215,23.518655462184874,51.5746218487395,896.406218487395,6.599672785489856,0.10535409200717326,6.296759679082339,687.1152941176471,0.11548156203657933,0.19400697772995534,25.0062280629899,0.2110162676207554,5.002014673801011,0.026652303348458067,964.5166386554622,0.16210363674881717,2.899424503919215,23.518655462184874,51.5746218487395,896.406218487395,6.599672785489856,0.10535409200717326,687.1152941176471,0.11548156203657933,0.2110162676207554,5.002014673801011,0.026652303348458067,6.296759679082339,0.19400697772995534,25.0062280629899,3.770134737257402,15967.820959274837,0.5206501992003273,0.2861728106565934,5122.212690338779,2.909111427213527,21.490723531905182,7.108643907528775,148.91978871172844,0.7489624073541727,0.10518354664382276,0.179886675289199,4.000914785469221,0.019413361876338242,21.28863247466184,0.001115442923384994,7.808286789467706,0.011787328573534652,0.044970279132055216,053.png,/mnt/wangbd8/workspace/DataSets/ThyroidAgent/train_val_test/500_TestData_Malignancy_Cls/images/053.png,/mnt/wangbd8/workspace/DataSets/ThyroidAgent/train_val_test/500_TestData_Malignancy_Cls/masks/053.png
0.7898675121517993,157.7726307107141,164.1584600317632,15197.0,124.61947530511632,1602.971788237711,0.10547948859891498,15214.0,0.27262017030272745,12.0,95.0,58581619.0,2.3023191650160255,44.0,3.4999129204405897,227.0,25.668238757833578,53.14177731037203,51.0,0.0,227.0,18.62542187524472,62.05245653187789,0.5961801700850017,58581619.0,0.22490618873122836,1026.4588659354233,8.335612265619712,2.6143640425099846,128.34748915355686,9.653067323968157,6.148116685894368,0.145265010492114,0.9538356268536761,0.14499424626006904,0.5983812671947097,0.12424167904358845,0.1719697400030587,2.9790577094158115,-0.6889893140055856,0.9779243348503004,0.9275299532931699,0.9985618872328839,0.9275480042419728,0.9868207561296303,0.14475732755702972,0.2386109794896094,2.8334582434979625,1.573345424096621,543.5889190236343,0.2106117470064449,2.0025330399286294,11.834560247965905,84.03254552499031,495.6334753971329,42.82274829750159,0.2156414315263322,6.108994235993617,277.57962030220847,0.10754731511127798,0.1696463783357434,49.286065533288664,0.2568296836023389,4.070897524108798,0.0433710757541604,543.5889190236343,0.2106117470064449,2.0025330399286294,11.834560247965905,84.03254552499031,495.6334753971329,42.82274829750159,0.2156414315263322,277.57962030220847,0.10754731511127798,0.2568296836023389,4.070897524108798,0.0433710757541604,6.108994235993617,0.1696463783357434,49.286065533288664,3.2918445379159262,8464.854607598265,0.5563858687786424,0.28661566912460795,3421.7227553569082,1.6444556153774013,8.699355856448008,7.365978703825424,59.28316024714079,2.535946582690377,0.32131207516321364,0.17731475395469087,1.849966405211574,0.048908328177726404,15.135471642170357,0.0021288245275734832,8.184632034031445,0.005153410634638001,0.16762700963802765,054.jpg,/mnt/wangbd8/workspace/DataSets/ThyroidAgent/train_val_test/500_TestData_Malignancy_Cls/images/054.jpg,/mnt/wangbd8/workspace/DataSets/ThyroidAgent/train_val_test/500_TestData_Malignancy_Cls/masks/054.jpg
0.8930717235591098,116.78866183255248,122.57650672131263,9494.5,104.30065151495965,419.88225099390905,0.044223734898510614,9495.0,0.8226468983871431,73.0,145.0,119184811.0,2.2083908830991152,41.0,2.65155183091954,227.0,22.605187564420287,108.61137440758294,107.0,36.0,191.0,16.847780049641926,112.03738703076023,0.24182687457959062,119184811.0,0.24234122279928377,755.945441976196,15.975508465552124,3.8441060589926526,66.44208815647333,2.775777942812878,4.9693413993675835,0.17591310829517626,0.9316212218333645,0.17591310829517623,0.6710543340094244,0.1449676866251058,0.17096191611919603,3.022094028503471,-0.6304611138603359,0.9685613736997197,0.9120434458524118,0.9978547181915223,0.9120434458524118,0.9824086891704824,0.17591310829517623,0.25822596102651474,2.846180920208297,1.28631362691569,399.7266514806378,0.2276347673579942,1.457108981377224,16.71867881548975,48.89009111617312,754.2972665148063,4.440995779649918,0.09503223327528092,5.866929231309057,183.40774487471526,0.104446323960544,0.18493944181147973,19.65254532458839,0.16467907838762055,2.8067831601407076,0.01820145882820773,399.7266514806378,0.2276347673579942,1.457108981377224,16.71867881548975,48.89009111617312,754.2972665148063,4.440995779649918,0.09503223327528092,183.40774487471526,0.104446323960544,0.16467907838762055,2.8067831601407076,0.01820145882820773,5.866929231309057,0.18493944181147973,19.65254532458839,3.231973010306576,5050.386624539231,0.5318995918419411,0.2644534345146041,2301.0299104791998,1.2886449091439993,16.14218009478673,7.181990521327014,114.89499736703529,0.6574365707588206,0.09213781991450062,0.17207302088818677,2.815862149669417,0.016325954655358917,9.46530270614978,0.0025794757673940406,6.674284671597508,0.006229845276345615,0.10095862222254089,055.png,/mnt/wangbd8/workspace/DataSets/ThyroidAgent/train_val_test/500_TestData_Malignancy_Cls/images/055.png,/mnt/wangbd8/workspace/DataSets/ThyroidAgent/train_val_test/500_TestData_Malignancy_Cls/masks/055.png
0.7382330389570305,225.83260026296517,225.84286572747877,29426.5,166.71708678769704,725.5807358037443,0.024657391664103592,29427.0,0.8380858213046412,98.0,177.0,571141946.0,2.329670031585882,44.0,2.5234820954983683,235.0,24.6793121348006,136.0412546301016,133.0,57.0,178.0,18.18497217888957,139.31537036481834,0.27130431071277133,571141946.0,0.22395397104577125,901.5494585543568,17.055022042992377,3.9510440518095757,90.16703204229705,3.5470201412501545,5.943559086048628,0.1664673114384334,0.9455101171062376,0.16646731143843338,0.6495593266664321,0.138755945660893,0.15966173348578527,3.122752478584468,-0.6600896556752848,0.976673927618327,0.9167663442807833,0.9974389644394087,0.9167663442807833,0.9815036320623962,0.16646731143843338,0.23690236150507502,2.9562851671460364,1.527506599371765,1107.4661504864007,0.2198662200687712,1.6135842728864966,16.72880682946198,62.225332539209845,1100.3605320627357,5.368996510009603,0.10229239624511044,6.142382018200988,486.31864204883857,0.09654926385722426,0.17116933428484046,28.09440610004135,0.17944054715127059,2.9761536998621336,0.020629737519987347,1107.4661504864007,0.2198662200687712,1.6135842728864966,16.72880682946198,62.225332539209845,1100.3605320627357,5.368996510009603,0.10229239624511044,486.31864204883857,0.09654926385722426,0.17944054715127059,2.9761536998621336,0.020629737519987347,6.142382018200988,0.17116933428484046,28.09440610004135,3.3354278285966505,16205.728106840657,0.5507094881177373,0.26143610469395573,6590.29350596391,1.5255086172699341,17.13535188772216,7.324599857273932,126.19424338192816,0.6706979533099587,0.09349609288159708,0.1697477373387252,2.885924868695793,0.016574089632750633,34.237783401601924,0.0009343328507201097,4.50091235346049,0.008996167721716462,0.023303517993567377,056.png,/mnt/wangbd8/workspace/DataSets/ThyroidAgent/train_val_test/500_TestData_Malignancy_Cls/images/056.png,/mnt/wangbd8/workspace/DataSets/ThyroidAgent/train_val_test/500_TestData_Malignancy_Cls/masks/056.png
0.7483279866679645,185.55152116702942,187.94946129212502,20061.5,138.85339625810133,1538.8641404993896,0.07670733197913364,20053.0,0.3262769196269488,61.0,123.0,185170359.0,2.0288429040161238,34.0,2.966834010510102,207.0,19.182417856829407,93.12905799630978,94.0,33.0,174.0,14.10107473446256,96.09395258564733,0.10426777959698455,185170359.0,0.280423473814936,561.0262802526081,11.386724313326551,3.236749745676501,41.87043507436669,0.4584423639068147,3.7708643557983166,0.13016276703967447,0.933267438066423,0.13016276703967455,0.5578844053370787,0.11322042111624997,0.21889837693485079,2.680612381866151,-0.6726274875773234,0.9663897788109297,0.9349186164801628,0.9979974958916974,0.9349186164801628,0.9855374703289251,0.13016276703967455,0.3198372329603255,2.5504496148264786,0.9752567807094978,740.8523035230352,0.25096622748070296,1.2514926034253568,12.225271002710027,88.27134146341463,989.890243902439,12.054857435521637,0.1504284500611446,6.186538535309667,239.260162601626,0.08105019058320664,0.14720989378147908,42.12619791551912,0.18075045909220952,2.382063060067839,0.02926732560900092,740.8523035230352,0.25096622748070296,1.2514926034253568,12.225271002710027,88.27134146341463,989.890243902439,12.054857435521637,0.1504284500611446,239.260162601626,0.08105019058320664,0.18075045909220952,2.382063060067839,0.02926732560900092,6.186538535309667,0.14720989378147908,42.12619791551912,2.962937175817633,11838.113249887798,0.5903412581602652,0.24224532859064957,5623.331920410911,0.9897239377933422,11.474492594624246,7.562409614521518,85.73021493043434,1.0826220692319548,0.14426126207726395,0.16254702815317187,1.9143685899034224,0.02392693341214062,21.748444470532988,0.0014627893787908523,3.95854837101061,0.004535409186979983,0.048704667570696684,057.jpg,/mnt/wangbd8/workspace/DataSets/ThyroidAgent/train_val_test/500_TestData_Malignancy_Cls/images/057.jpg,/mnt/wangbd8/workspace/DataSets/ThyroidAgent/train_val_test/500_TestData_Malignancy_Cls/masks/057.jpg
0.5035359256966934,389.8036352579906,401.69266859130005,58990.5,196.2801343195685,1752.8742417671601,0.0297145174522535,58978.0,0.49118513093274535,13.0,105.0,315167419.0,2.4436272394896097,46.0,3.4389599287918386,229.0,27.900844878855676,63.91696903930279,65.0,0.0,229.0,19.393370674204167,73.10139033804128,0.36749772276205955,315167419.0,0.20955404276669512,1258.4343381834833,11.399532590709816,3.099665648828918,187.95290121029498,8.31971815003504,7.525218160503373,0.35879633578410464,0.9089813099777887,0.2379522696644547,0.8301760415334752,0.3021750531456393,0.13867649514083594,3.4156397097796996,-0.599638134717256,0.9728023422201256,0.8905913450446477,0.9967254771190764,0.892095632883064,0.9791146329315997,0.20045792428637924,0.22519233721703827,3.113394511731868,1.9710036240718694,2549.783116370809,0.20116632081820976,2.1955331473765702,14.18051282051282,53.012228796844184,452.00757396449706,22.0068295429619,0.17646524096014327,5.902663915414182,1866.5176331360947,0.14725977381744337,0.21491064464715656,31.36092039105385,0.3494915307337666,5.656979607112775,0.056710915577003335,2549.783116370809,0.20116632081820976,2.1955331473765702,14.18051282051282,53.012228796844184,452.00757396449706,22.0068295429619,0.17646524096014327,1866.5176331360947,0.14725977381744337,0.3494915307337666,5.656979607112775,0.056710915577003335,5.902663915414182,0.21491064464715656,31.36092039105385,3.5930623184798844,29288.07480755536,0.49659321793813554,0.3632885197258158,12359.078334294143,1.9863434927655759,11.599308216623148,6.969107124690563,75.88236291498525,1.9064462748411484,0.2518034387377759,0.20692932581263823,2.7354691579911155,0.044458149618643174,71.60146600388768,0.0003916657879399644,11.368468208219783,0.009840745669619998,0.024328324338596913,058.jpg,/mnt/wangbd8/workspace/DataSets/ThyroidAgent/train_val_test/500_TestData_Malignancy_Cls/images/058.jpg,/mnt/wangbd8/workspace/DataSets/ThyroidAgent/train_val_test/500_TestData_Malignancy_Cls/masks/058.jpg
0.7171516614859037,230.15414901760929,227.72132091659753,29759.5,165.05543036585277,730.9949493661175,0.024563415022635374,29760.0,0.8365720888208198,35.0,131.0,236708516.0,2.5670154944416663,48.0,5.1626648556748265,254.0,30.493529716224423,79.76297043010753,74.0,11.0,243.0,20.817255462012582,89.18472508323408,1.2005961644001513,236708516.0,0.20218404268195747,1591.7837363378353,16.317217379552673,3.713747550510169,570.5203363092949,40.82794176982642,10.264001097600843,0.1628150550712886,0.9687699384572798,0.16281505507128857,0.6410017277046169,0.13630631291342182,0.1481107186092043,3.3458352013732946,-0.6968287278114021,0.9859375285035422,0.9185924724643556,0.998665450368268,0.9185924724643556,0.9864320787440592,0.16281505507128857,0.22295425366578822,3.183020146302009,2.6067040381680324,907.2369002208392,0.18213951018286273,2.8481142213126205,17.950411563942982,67.09496085123469,938.5408552499498,9.161069961526932,0.1353606410900112,6.456838277208453,475.8849628588637,0.09554004474179155,0.16737231182795698,31.397874460593304,0.18305131725218612,3.121756274002062,0.033586132729730316,907.2369002208392,0.18213951018286273,2.8481142213126205,17.950411563942982,67.09496085123469,938.5408552499498,9.161069961526932,0.1353606410900112,475.8849628588637,0.09554004474179155,0.18305131725218612,3.121756274002062,0.033586132729730316,6.456838277208453,0.16737231182795698,31.397874460593304,3.5473931495946203,16560.721034946237,0.5564758412280322,0.259317004675396,6016.997110215054,2.5999080412114117,16.411021505376343,7.362903225806452,118.22997311827957,0.9209837216079271,0.12665092161713645,0.16879480286738352,2.8336357526881724,0.022712727656366036,21.050890897019542,0.001106842572564716,9.760394107075138,0.007553679551552338,0.08241639844300261,059.png,/mnt/wangbd8/workspace/DataSets/ThyroidAgent/train_val_test/500_TestData_Malignancy_Cls/images/059.png,/mnt/wangbd8/workspace/DataSets/ThyroidAgent/train_val_test/500_TestData_Malignancy_Cls/masks/059.png
0.8286632556337978,84.91859487512752,93.30058949438637,4553.5,70.3689192930707,1000.2712113868691,0.2196708491022003,4576.0,0.23914418926286066,41.0,91.0,19699330.0,1.7145117307666302,22.0,4.5592924515660975,146.0,15.334844842657343,62.42045454545455,58.0,26.0,120.0,10.054865915804756,65.6119159450935,1.2219638305535576,19699330.0,0.3630062709362316,408.610368324857,4.50886607559496,1.9673355109659356,31.30486086167401,4.29346261745307,2.66022115868897,0.10639290713952403,0.923088002440511,0.10639290713952404,0.48893907479546767,0.09507345644992467,0.3092506307636732,2.216352680073517,-0.670976754713696,0.945155751449066,0.946803546430238,0.9959079651100183,0.946803546430238,0.9822678488100793,0.10639290713952404,0.47316845543630426,2.1099597729339945,0.6916535164571234,214.91689008042894,0.28809234595231764,1.0118163718563349,6.705093833780161,86.43163538873995,316.85120643431634,40.15539246350909,0.32536900506404526,5.561158285133491,83.43163538873995,0.11183865333611252,0.16302447552447552,48.80508736496345,0.2956363742192433,2.3914562554131717,0.06836998305050304,214.91689008042894,0.28809234595231764,1.0118163718563349,6.705093833780161,86.43163538873995,316.85120643431634,40.15539246350909,0.32536900506404526,83.43163538873995,0.11183865333611252,0.2956363742192433,2.3914562554131717,0.06836998305050304,5.561158285133491,0.16302447552447552,48.80508736496345,2.685352942370276,2611.237762237762,0.5706376228666439,0.2949158577436549,1661.1166958041958,0.7398829385758472,4.807473776223776,7.44493006993007,32.94471153846154,3.2807905982905985,0.42160353535353534,0.17936577311577312,1.0236985236985237,0.06670928030303029,17.3562124248497,0.006604508847386195,1.1523956953295367,0.007631659681114508,0.07852780164750504,060.jpg,/mnt/wangbd8/workspace/DataSets/ThyroidAgent/train_val_test/500_TestData_Malignancy_Cls/images/060.jpg,/mnt/wangbd8/workspace/DataSets/ThyroidAgent/train_val_test/500_TestData_Malignancy_Cls/masks/060.jpg
0.9054107720327075,184.8436031159187,190.58856209122308,23727.5,167.35938940249133,690.6518036156098,0.02910765161165777,23728.0,0.7906272390018441,100.0,194.0,531647864.0,2.5430274048366273,47.0,2.6848553110498217,255.0,28.00817678321266,145.548971679029,143.0,55.0,200.0,19.956407372580237,149.68609884057116,0.17373788530414289,531647864.0,0.1969863825877363,1221.4250292864533,20.714898496559925,4.335577168096492,168.9732986944214,4.054144459982236,7.874405335307155,0.2037288711458422,0.9495604143384746,0.2034740507941901,0.7301105230283865,0.16232718179924555,0.13067211658081232,3.4523854579179996,-0.6413038070527097,0.9805993229541,0.8982884566380701,0.9975157209289401,0.8983054446615136,0.9796549114692323,0.20325108298649452,0.23795973838443896,3.2473179164035706,2.0195335516132493,942.1971830985915,0.1895768980077649,2.1594735819342614,21.035613682092556,37.75975855130785,769.022736418511,3.045207307462816,0.09438208772032547,6.029513263386273,601.3424547283702,0.120994457691825,0.2094571813890762,14.966338716403044,0.20510875290135863,4.307128380043989,0.022335285341279834,942.1971830985915,0.1895768980077649,2.1594735819342614,21.035613682092556,37.75975855130785,769.022736418511,3.045207307462816,0.09438208772032547,601.3424547283702,0.120994457691825,0.20510875290135863,4.307128380043989,0.022335285341279834,6.029513263386273,0.2094571813890762,14.966338716403044,3.6375809834802677,11963.700944032367,0.5042018267039938,0.29214393265278005,4674.092886041807,2.0249242464695407,20.850092717464598,6.954146999325691,144.62006911665543,0.5799665650292422,0.08578845709773758,0.1841799655353263,3.855255394470668,0.01672248664273622,22.752696820998842,0.0011251935497217545,6.599157820898223,0.010925764979932421,0.03565155584803077,061.png,/mnt/wangbd8/workspace/DataSets/ThyroidAgent/train_val_test/500_TestData_Malignancy_Cls/images/061.png,/mnt/wangbd8/workspace/DataSets/ThyroidAgent/train_val_test/500_TestData_Malignancy_Cls/masks/061.png
0.6897969607699613,142.75908703684433,152.9477034806342,10705.5,98.4747843603096,1318.2783540617816,0.12314028808199351,10715.0,0.27822829144967226,56.0,118.0,87379597.0,2.0763255199185093,33.0,5.270864115195581,246.0,19.67681349972531,86.73327111525899,86.0,19.0,227.0,13.9013772050422,90.30440406927586,0.6700735145221547,87379597.0,0.2756653889896219,632.2250759540281,16.604878520956348,3.9580389120123898,76.54855990496749,4.58123141017068,4.05674566580481,0.3015196979963217,0.8616331623582706,0.23957022553479818,0.8509627508777035,0.24412580503352765,0.18368132798747294,3.062441238176575,-0.5162225501551467,0.9387605118792042,0.8861191835318819,0.9970887352809101,0.8880650469460846,0.9786517808974493,0.20669704987147636,0.3066498886845417,2.7502183206961717,1.0895663409502827,641.832006067501,0.2433947690813428,1.5180323073717288,19.496018202502846,33.82442169131589,519.2643155100493,2.778557477542345,0.07484140199219338,5.408427430406306,427.9935532802427,0.16230320564286793,0.24610359309379376,17.3137747313723,0.37678195516214336,8.567537279119161,0.025991382602817494,641.832006067501,0.2433947690813428,1.5180323073717288,19.496018202502846,33.82442169131589,519.2643155100493,2.778557477542345,0.07484140199219338,427.9935532802427,0.16230320564286793,0.37678195516214336,8.567537279119161,0.025991382602817494,5.408427430406306,0.24610359309379376,17.3137747313723,3.2987114377351734,4954.640877274848,0.46240232172420426,0.39907599627127055,2953.7546430237985,1.1069207736438662,17.017452169855343,6.688100793280448,108.69491367242183,0.5401006089893831,0.0793526311355845,0.22504277492611605,4.298636387203816,0.017023758169371767,10.325713674344208,0.0018200549158893424,10.056581241468995,0.005092971921665199,0.1049415727479786,062.jpg,/mnt/wangbd8/workspace/DataSets/ThyroidAgent/train_val_test/500_TestData_Malignancy_Cls/images/062.jpg,/mnt/wangbd8/workspace/DataSets/ThyroidAgent/train_val_test/500_TestData_Malignancy_Cls/masks/062.jpg
0.5925920476946159,317.1505440545789,317.47913317255984,46451.5,187.9408903287644,948.6934341759527,0.020423311070168943,46452.0,0.8053393289205464,71.0,153.0,625819147.0,2.444519209277906,44.0,3.8201038550996844,255.0,26.1985263573845,111.16509515198484,108.0,28.0,227.0,18.175454924640697,116.07059600016699,0.6636102390159874,625819147.0,0.21654166218893361,1114.7048756841348,17.43597336907181,3.958432406726903,200.2088790475347,12.775093103125373,7.246903767077588,0.1797587652933293,0.9515909698307126,0.1797587652933293,0.6795490296652764,0.14744555159354705,0.15111697129047127,3.2813197190171715,-0.6576210891020534,0.9797163490624691,0.9101206173533353,0.9982202102446205,0.9101206173533353,0.9836582940642427,0.1797587652933293,0.23738705633133025,3.1015609537238453,1.8566656330927291,1752.4107688690335,0.20602054653997573,2.0138641157244006,18.43322360686574,52.281683517517045,855.2929696684694,5.3092781785515974,0.09976897969239859,6.185272619024574,882.03644486245,0.10369579648041971,0.18311375182984585,22.458220028528288,0.18512766613519602,3.523758910732787,0.021141975506764166,1752.4107688690335,0.20602054653997573,2.0138641157244006,18.43322360686574,52.281683517517045,855.2929696684694,5.3092781785515974,0.09976897969239859,882.03644486245,0.10369579648041971,0.18512766613519602,3.523758910732787,0.021141975506764166,6.185272619024574,0.18311375182984585,22.458220028528288,3.479001220561315,24815.69908722983,0.5342224034967241,0.27106987229271773,10058.793292000344,1.8570919828287287,17.52200120554551,7.207827434771377,124.69340394385603,0.709484409428767,0.09859000024044304,0.17388200005740692,3.113403800338701,0.017515753983323466,38.956076775271995,0.0005774173111392957,8.373056280049612,0.007273907885516336,0.03049817163313291,063.png,/mnt/wangbd8/workspace/DataSets/ThyroidAgent/train_val_test/500_TestData_Malignancy_Cls/images/063.png,/mnt/wangbd8/workspace/DataSets/ThyroidAgent/train_val_test/500_TestData_Malignancy_Cls/masks/063.png
0.9092623332665637,126.2944170954505,131.0953851209111,11117.5,114.83475636674991,457.88225099390905,0.04118572079999182,11118.0,0.8163092014195619,95.0,153.0,175102917.0,1.9282115612259056,33.0,2.399845367687349,189.0,18.232599091315677,123.55774419859686,124.0,62.0,127.0,13.64917434222267,125.49700331616835,0.0712562062292969,175102917.0,0.29196215669544456,482.9816898924718,12.631914119359536,3.4416393740902476,26.65423096349308,0.38837072938240913,3.308519526375144,0.16038937409024745,0.9075274798547002,0.16038937409024745,0.6352402478661139,0.13466462276918612,0.2132739012983374,2.6825931523597513,-0.6069841876803709,0.9505049058142676,0.9198053129548762,0.995665152051615,0.9198053129548762,0.9770872322728218,0.16038937409024745,0.30685953420669576,2.522203778269505,0.8672272251163475,512.0894653255691,0.2710902410405342,1.0115356774236397,13.456855479089466,60.14822657490736,732.7644256220223,6.6375577907181915,0.11153182165754956,5.793825147312368,175.88724192694548,0.09311129800261804,0.16990465911135097,25.507306097181285,0.17875932476085438,2.49730840015063,0.0220958580889468,512.0894653255691,0.2710902410405342,1.0115356774236397,13.456855479089466,60.14822657490736,732.7644256220223,6.6375577907181915,0.11153182165754956,175.88724192694548,0.09311129800261804,0.17875932476085438,2.49730840015063,0.0220958580889468,5.793825147312368,0.16990465911135097,25.507306097181285,2.925174564489898,6144.496132397913,0.5526620014748977,0.26139597011644466,3246.0352581399534,0.8704061010505919,12.782155063860406,7.338010433531211,92.69059183306351,0.8041014071275808,0.1098629349803122,0.16962982950570646,2.2127131178669224,0.018947494220250112,23.536070570054946,0.0020277357333981644,2.321687202700444,0.009177964434235571,0.025859133672067876,064.png,/mnt/wangbd8/workspace/DataSets/ThyroidAgent/train_val_test/500_TestData_Malignancy_Cls/images/064.png,/mnt/wangbd8/workspace/DataSets/ThyroidAgent/train_val_test/500_TestData_Malignancy_Cls/masks/064.png
0.46108471352796804,234.71261393604803,230.13908837917995,19854.5,108.22239835810326,640.9533188057746,0.03228252128261979,19855.0,0.7793059797958832,56.0,135.0,186499464.0,2.3323158338851324,45.0,2.623586867791607,206.0,24.98992650632979,92.0097708385797,88.0,14.0,192.0,18.437458854996798,96.91786718195188,0.34474545287694847,186499464.0,0.22664110570967136,927.275049330512,19.05625601296268,4.191224872145425,98.49058358088818,5.149403949970639,6.115568235423121,0.15600789913413338,0.9502492209974109,0.15600789913413338,0.6246730628059385,0.13166943454188745,0.1668273289861692,3.087070356547867,-0.6760285375564983,0.9783952678168272,0.9219960504329333,0.9980974646447057,0.9219960504329333,0.9843992100865866,0.15600789913413338,0.26745658008000406,2.9310624574137365,1.567894033639314,672.4345779730154,0.2109929645349907,1.7403666389057602,19.963915908377786,68.91465327894572,1239.7649827423909,5.429318858567611,0.08202256181674054,6.2632945981366746,287.95073737056794,0.09035165904316533,0.16051372450264417,30.101792375264704,0.15530374534091934,3.1057038633850227,0.015047760148452407,672.4345779730154,0.2109929645349907,1.7403666389057602,19.963915908377786,68.91465327894572,1239.7649827423909,5.429318858567611,0.08202256181674054,287.95073737056794,0.09035165904316533,0.15530374534091934,3.1057038633850227,0.015047760148452407,6.2632945981366746,0.16051372450264417,30.101792375264704,3.295952066868171,11241.186451775371,0.5661640116734007,0.24506527524755942,4499.959153865525,1.568607143670229,19.130848652732308,7.421959204230673,140.65499874087132,0.579851884924204,0.07872648868253009,0.16397772741263048,3.175340664260332,0.013312331560563618,16.476747891074822,0.0014940160162580246,5.579593681205775,0.006772323855404917,0.051854623923640826,065.png,/mnt/wangbd8/workspace/DataSets/ThyroidAgent/train_val_test/500_TestData_Malignancy_Cls/images/065.png,/mnt/wangbd8/workspace/DataSets/ThyroidAgent/train_val_test/500_TestData_Malignancy_Cls/masks/065.png
0.7651444749201273,229.73685103159588,247.13154391942766,30894.5,175.78188225237392,2217.380951166202,0.0717726764040914,30908.0,0.2809992787319053,5.0,91.0,98075596.0,2.2095893595604674,51.0,5.221252725624815,239.0,27.74401382887289,44.673029636340104,37.0,0.0,239.0,21.04375113481036,56.33068419274597,1.0814127123381365,98075596.0,0.2464631234048122,1177.4664047335593,7.0924525799177625,2.326386125480833,243.4917485096732,20.2924965046883,6.8447797532769465,0.1232590529247911,0.9646215940086075,0.09613343944820266,0.46023622919194773,0.11401741474464983,0.2162247871619377,2.678787239235843,-0.7727570821007389,0.98271588258069,0.9544454357701939,0.9988185696801898,0.9550150329398239,0.9914433015805876,0.08458568223018083,0.3215280541185834,2.5690604339428096,1.7420097015504343,654.0719107719401,0.19197884084882305,3.1072869277835675,12.977986498385677,278.88464925154096,1208.9321984150279,180.9104241860976,0.2568413517610025,6.678891201162317,330.1945993542706,0.09691652461234829,0.11023036107156724,196.5850841974977,0.2868273071077441,5.92895473094598,0.04953963378859938,654.0719107719401,0.19197884084882305,3.1072869277835675,12.977986498385677,278.88464925154096,1208.9321984150279,180.9104241860976,0.2568413517610025,330.1945993542706,0.09691652461234829,0.2868273071077441,5.92895473094598,0.04953963378859938,6.678891201162317,0.11023036107156724,196.5850841974977,2.974213967878528,20949.479293386827,0.6778011936517027,0.22355961690554815,7617.682218195936,1.8100365539587806,7.362106897890514,7.9493982140546136,53.100491782062896,3.6133045983741914,0.43202392461047856,0.15752843564413385,1.56592863408251,0.05837454270132254,21.63899470453903,0.001768886214053546,5.104838586129129,0.0035970126649282237,0.14430529743562756,066.jpg,/mnt/wangbd8/workspace/DataSets/ThyroidAgent/train_val_test/500_TestData_Malignancy_Cls/images/066.jpg,/mnt/wangbd8/workspace/DataSets/ThyroidAgent/train_val_test/500_TestData_Malignancy_Cls/masks/066.jpg
0.8276238722029584,250.74720438691736,255.87692353942353,40657.5,207.52437223876717,1492.9919907732667,0.03672119512447314,40641.0,0.47875992404809453,39.0,116.0,257515862.0,2.25859903308983,40.0,4.202922971442159,253.0,24.231306606093685,73.44341920720454,67.0,12.0,241.0,16.944320135330187,79.60123389797279,0.978838578977964,257515862.0,0.24574409150594564,942.42061323459,13.424561839651957,3.4643380981976386,145.55044061589496,13.781946410099973,5.979226153075403,0.2875326289620882,0.9082356162211803,0.2826600372902424,0.8759332657611254,0.20763593228116708,0.14418366792448167,3.3507421869391307,-0.5139666404633689,0.9494791849812954,0.8591572405220634,0.9976450922576899,0.8594820799668531,0.9764762314544789,0.27839651957737727,0.2732628962088254,3.049312185148778,1.5666896955093725,2575.0186516084873,0.22031302631831684,1.8180356901501553,15.35361054072553,22.233658453114305,253.7860198494182,3.0561291062303866,0.1154930875870557,5.351294486967477,2019.9267624914442,0.17282056489488742,0.28759134863807484,10.143044204941061,0.36150093695132196,6.133623328957715,0.04187518229945645,2575.0186516084873,0.22031302631831684,1.8180356901501553,15.35361054072553,22.233658453114305,253.7860198494182,3.0561291062303866,0.1154930875870557,2019.9267624914442,0.17282056489488742,0.36150093695132196,6.133623328957717,0.04187518229945645,5.351294486967478,0.28759134863807484,10.143044204941061,3.5463809264241233,17646.690115892816,0.4342090528257872,0.4019716362410552,9987.285622893138,1.5797349661579927,13.566177013360893,6.281710587830024,80.68007676976453,0.7871694379964123,0.12230997699805182,0.23916050840831235,3.571163767295752,0.028477598368055804,51.08672569178016,0.0004135654578561448,17.020583033774898,0.007368781917341112,0.03802329077766032,067.jpg,/mnt/wangbd8/workspace/DataSets/ThyroidAgent/train_val_test/500_TestData_Malignancy_Cls/images/067.jpg,/mnt/wangbd8/workspace/DataSets/ThyroidAgent/train_val_test/500_TestData_Malignancy_Cls/masks/067.jpg
0.5541298583694722,292.1930440450154,295.447118787779,36417.5,161.91289011320933,854.5512985522216,0.023465402582610602,36418.0,0.7916292962587546,117.0,195.0,921567250.0,2.3233739101619006,42.0,2.5860369587458574,252.0,24.072365291839166,156.31078038332691,156.0,57.0,195.0,17.58251080232777,159.07629615797882,-0.010571205357103423,921567250.0,0.22592863476341057,872.2079352963235,24.05890951212113,4.7613144322788825,85.84574759982893,-0.256635840880187,5.740428114857837,0.18525055848203206,0.9374753277407734,0.18525055848203206,0.69142958462946,0.15093278906412727,0.15476434813939735,3.175878939144743,-0.6332359407891675,0.973285129650238,0.9073747207589841,0.9977408468477802,0.9073747207589841,0.9814749441517969,0.18525055848203206,0.2522408229680907,2.9906283806627134,1.4814196683349674,1525.6832460732985,0.22188528884137557,1.5629831282037223,24.00130890052356,49.17684700407214,1200.8436591041302,2.707092942393977,0.05960839778352036,5.990148213582753,739.1038394415358,0.10749037804559858,0.1888077324400022,21.12506552539949,0.1901418344266343,4.549999622392164,0.012289100427496199,1525.6832460732985,0.22188528884137557,1.5629831282037223,24.00130890052356,49.17684700407214,1200.8436591041302,2.707092942393977,0.05960839778352036,739.1038394415358,0.10749037804559858,0.1901418344266343,4.549999622392164,0.012289100427496199,5.990148213582753,0.1888077324400022,21.12506552539949,3.375156267434372,19193.268493602063,0.5270269782415856,0.2764301204615899,8227.869020813883,1.480482340044475,24.16928441979241,7.153330770498106,173.20377285957494,0.4034559425861191,0.057025358824432375,0.17621017689665064,4.248761296306466,0.010309706958689163,30.000734457710458,0.0006795433456774938,6.385072443995431,0.0074631194169503595,0.022341862193369977,068.png,/mnt/wangbd8/workspace/DataSets/ThyroidAgent/train_val_test/500_TestData_Malignancy_Cls/images/068.png,/mnt/wangbd8/workspace/DataSets/ThyroidAgent/train_val_test/500_TestData_Malignancy_Cls/masks/068.png
0.8102525300962085,230.96954134502056,253.4284909002932,30599.5,187.14365524996373,836.4507934888334,0.027335439908783912,30600.0,0.7413472818867703,44.0,110.0,191951570.0,2.091770537303459,37.0,2.7935174880404623,179.0,20.871935349651842,74.99679738562091,73.0,11.0,168.0,15.341499319283136,79.20181263192785,0.4332839913774883,191951570.0,0.2658284164210346,648.4075060831304,13.417387870611078,3.520451479153641,51.189395767774926,3.4973921970942508,4.25279402490454,0.15755701076047254,0.9285512606654829,0.157425384185067,0.6287888002242641,0.13277425917465663,0.19569898156086735,2.84134301627947,-0.6385110933502978,0.9645751676508373,0.9213004705650072,0.9975762246669097,0.9213092456700342,0.9825097531636083,0.15731021093158712,0.30912501233999146,2.6831499084247175,1.1025877589162532,1215.028439815742,0.24334637288518768,1.3131278642893962,14.354296014420187,67.97035850190267,847.6827558582015,7.676621067680695,0.11095302811691471,6.06620168185614,448.571800520729,0.08984013629495875,0.16316993464052287,30.410865538210533,0.17610351053764242,2.676031219987095,0.021638230637084404,1215.028439815742,0.24334637288518768,1.3131278642893962,14.354296014420187,67.97035850190267,847.6827558582015,7.676621067680695,0.11095302811691471,448.571800520729,0.08984013629495875,0.17610351053764242,2.676031219987095,0.021638230637084404,6.06620168185614,0.16316993464052287,30.410865538210533,3.0723693827252325,17223.47790849673,0.5628587551796318,0.25461340082874107,8134.34954248366,1.1097905762740825,13.512156862745098,7.403071895424836,98.72627450980391,0.8068855071658292,0.109267836856965,0.167060639070443,2.316579520697168,0.0185499966370293,38.21419329883157,0.0008215883673934291,4.587168154439283,0.006148664642358859,0.02466185041532939,069.png,/mnt/wangbd8/workspace/DataSets/ThyroidAgent/train_val_test/500_TestData_Malignancy_Cls/images/069.png,/mnt/wangbd8/workspace/DataSets/ThyroidAgent/train_val_test/500_TestData_Malignancy_Cls/masks/069.png
0.6467470703118343,134.13406466466282,135.32922818075923,9123.5,86.7508133508888,412.8111831820435,0.04524701958481323,9124.0,0.8202272929002172,56.0,120.0,70925676.0,2.041590096656888,35.0,3.764099202536843,190.0,20.903818902351944,84.13327487943884,79.0,26.0,164.0,14.543314890787508,88.16761715888475,0.932451886325995,70925676.0,0.291189982973157,695.1207735364534,9.402301394113742,2.8837685328612523,75.94601505378816,8.737918260762584,4.493537881730802,0.1488161097587962,0.9358876509496658,0.14881610975879617,0.6068696720246491,0.12666987523505413,0.22136716916174198,2.7576036397760144,-0.6477140349944325,0.9637203722473603,0.9255919451206018,0.997023677804824,0.9255919451206018,0.9813979862801504,0.14881610975879617,0.34996680681566716,2.6087875300172207,1.1605884978723995,365.3522012578616,0.2553125096141591,1.3333255199215144,10.350104821802935,81.07896575821104,639.8539482879105,15.720342932887108,0.19436694524070988,6.01993364202185,129.17470300489168,0.09026883508378175,0.15683910565541428,40.42608878672853,0.16836641815085304,1.7946502916116809,0.03959390260579086,365.3522012578616,0.2553125096141591,1.3333255199215144,10.350104821802935,81.07896575821104,639.8539482879105,15.720342932887108,0.19436694524070988,129.17470300489168,0.09026883508378175,0.16836641815085304,1.7946502916116809,0.03959390260579086,6.01993364202185,0.15683910565541428,40.42608878672853,2.9895212489040723,5225.196185883385,0.5726869997680167,0.2461916877716362,2656.8174046470845,1.1608789086637397,9.51085050416484,7.462516440157826,69.69848750548006,1.3616636259209223,0.18428351605145932,0.16412148667738322,1.6096862974328998,0.031374622319579104,18.526948190365072,0.0027625363256571314,3.3006529059639376,0.00819444648320342,0.06618347661830715,070.png,/mnt/wangbd8/workspace/DataSets/ThyroidAgent/train_val_test/500_TestData_Malignancy_Cls/images/070.png,/mnt/wangbd8/workspace/DataSets/ThyroidAgent/train_val_test/500_TestData_Malignancy_Cls/masks/070.png
0.7430938896787238,116.50046759371446,122.88612614937456,7897.5,86.57078561360339,376.3259018078049,0.04765126961795567,7898.0,0.8371159913087796,76.0,155.0,109599257.0,2.309859596323573,50.0,2.2391441883638428,202.0,26.47231727826829,113.6732084071917,110.0,39.0,163.0,20.64833463116006,117.79998639272033,0.31855947244371086,109599257.0,0.22527450365674637,955.2384845402585,17.853702280297206,4.041378426851141,89.63502850177998,4.944365104329542,6.242446716949567,0.15859595183192415,0.9504468381048568,0.15859595183192413,0.6309400200005852,0.13344327589445013,0.166148693309554,3.0689122851475252,-0.6714615030481365,0.9772651209811564,0.920702024084038,0.9975600622795089,0.920702024084038,0.9823782275742307,0.15859595183192413,0.27478862413528055,2.9103163333156026,1.6002606671953732,274.1187969924812,0.2061043586409633,1.7380637684436655,18.609774436090227,57.760902255639095,990.0097744360902,4.904757336581249,0.08670275817093755,6.135204788042273,120.10225563909775,0.09030244784894567,0.16839706254748038,22.49695064729493,0.16624470759425533,3.059218394008183,0.015898587229663554,274.1187969924812,0.2061043586409633,1.7380637684436655,18.609774436090227,57.760902255639095,990.0097744360902,4.904757336581249,0.08670275817093755,120.10225563909775,0.09030244784894567,0.16624470759425533,3.059218394008183,0.015898587229663554,6.135204788042273,0.16839706254748038,22.49695064729493,3.2951917767616186,4379.189161813118,0.5544681136760088,0.2552706542475822,1779.2180298809826,1.5991162101550405,18.016080020258293,7.347936186376298,131.37515826791594,0.6172341151050612,0.08444468435850748,0.16763737655102556,3.0460805829886612,0.014427472971875414,8.356185376513404,0.0037967402739777396,4.255757967057938,0.008981036487594326,0.09082141914889887,071.png,/mnt/wangbd8/workspace/DataSets/ThyroidAgent/train_val_test/500_TestData_Malignancy_Cls/images/071.png,/mnt/wangbd8/workspace/DataSets/ThyroidAgent/train_val_test/500_TestData_Malignancy_Cls/masks/071.png
0.7271610764050094,250.76310049875934,278.21754078418564,33225.5,182.34516608133538,1139.7716446627544,0.03430412317836464,33222.0,0.5669213939063573,32.0,101.0,158011296.0,2.1162849965535804,37.0,4.210043047269528,228.0,21.961972341059624,63.14923845644452,58.0,8.0,220.0,15.649169341308802,68.9653874809613,0.9645137357495451,158011296.0,0.27295362646329946,768.3983527702409,10.430600661668741,3.048790481682703,98.79509819553166,10.231076000314728,4.825000066858295,0.2830910249795125,0.8891597585517367,0.278416851306644,0.8695005026765424,0.2055750818880066,0.16480554440362688,3.1884168911823334,-0.49012164820223825,0.9347792362359456,0.8612589917139649,0.9971997885038242,0.8615706032921562,0.9747247875605541,0.27432694934288404,0.27814368531277506,2.890800240156696,1.2770227729594514,2232.160815281187,0.2381987851116409,1.5187561860420742,12.174581154625974,25.871518514566215,215.6261871731939,4.75551184618648,0.16236066296491758,5.238159094090468,1655.4533134137232,0.17665706044325294,0.2820721208837517,13.303127833457369,0.3733921839828608,4.932110111130773,0.06635899970342264,2232.160815281187,0.2381987851116409,1.5187561860420742,12.174581154625974,25.871518514566215,215.6261871731939,4.75551184618648,0.16236066296491758,1655.4533134137232,0.17665706044325294,0.3733921839828608,4.932110111130773,0.06635899970342264,5.238159094090468,0.2820721208837517,13.303127833457369,3.38423865704711,14465.131900547829,0.4354082204728141,0.40794680093893954,9068.065378363735,1.286138046207075,10.606254891337066,6.34134007585335,63.28634639696587,1.044064521168693,0.1635688378748512,0.23898320390102945,2.795799637455769,0.040037781133819825,55.326528231822756,0.00047808463941554003,14.038128775600546,0.007189946903441246,0.03715106631440665,072.jpg,/mnt/wangbd8/workspace/DataSets/ThyroidAgent/train_val_test/500_TestData_Malignancy_Cls/images/072.jpg,/mnt/wangbd8/workspace/DataSets/ThyroidAgent/train_val_test/500_TestData_Malignancy_Cls/masks/072.jpg
0.8475874844815943,142.24345312122705,149.18780110987626,13111.5,120.56377061499641,1059.033621333632,0.08077135501915357,13103.0,0.3832846032006648,34.0,123.0,78627581.0,2.3300488649918156,44.0,3.679325024424657,229.0,27.62542630885897,69.20605968098909,59.0,12.0,217.0,19.16036201338457,77.46438669862371,1.0853736833068377,78627581.0,0.24269532639757135,1211.2525100252867,12.592682544656848,3.2775775618928233,210.55160225341896,22.28100101244765,7.6217620489544755,0.2210905672203071,0.943619859242455,0.21811344406142275,0.7667922373540073,0.1735170927399717,0.1731954956508144,3.226175330335392,-0.6025460505814021,0.9685508914847392,0.891240990285177,0.9978126850483664,0.8914394651624359,0.98019405904865,0.21550846129739892,0.29904418677530553,2.9962420718518374,1.960713154043695,555.694587628866,0.1790253181794027,2.613260907110213,17.114046391752577,43.1923324742268,366.27738402061857,7.899527026658195,0.13592989008079367,5.771906877774272,485.89561855670104,0.15653853690615369,0.2368923147370831,25.37272813512993,0.34690104875233063,7.001994755397428,0.04690908001352546,555.694587628866,0.1790253181794027,2.613260907110213,17.114046391752577,43.1923324742268,366.27738402061857,7.899527026658195,0.13592989008079367,485.89561855670104,0.15653853690615369,0.34690104875233063,7.001994755397428,0.04690908001352546,5.771906877774272,0.2368923147370831,25.37272813512993,3.4781977610896826,6186.206899183393,0.47212141488082066,0.3747802045504369,3180.036861787377,2.0192450624374274,12.87758528581241,6.756544302831412,77.94848507975273,1.0563045779796283,0.15123598289946735,0.21525180832209756,3.3490294843420085,0.031000598297502516,15.42594207067466,0.001879523989714616,9.937844939656355,0.008931272944850306,0.11603059806001437,073.jpg,/mnt/wangbd8/workspace/DataSets/ThyroidAgent/train_val_test/500_TestData_Malignancy_Cls/images/073.jpg,/mnt/wangbd8/workspace/DataSets/ThyroidAgent/train_val_test/500_TestData_Malignancy_Cls/masks/073.jpg
0.6429063614013653,203.0964474649204,201.06217943710845,20738.5,130.5719980532155,619.6812408671325,0.0298807165835105,20739.0,0.8238065738237512,63.0,140.0,220308204.0,2.2927285715701884,40.0,2.8983281819699767,205.0,23.73752133604255,98.75345966536477,95.0,20.0,185.0,17.069587284239425,103.0674257813621,0.4789390672002558,220308204.0,0.23459923045363962,870.6484613177591,21.27289048473968,4.459507981949633,95.6878327948982,6.3341864564230725,5.722249388313254,0.17953321364452424,0.9391596655610565,0.17943616866417586,0.6793806987592818,0.14733587501964568,0.16331600456431136,3.124324576532106,-0.637162902771984,0.9726984965690465,0.910291620165947,0.9978106541047487,0.9102980898313036,0.9820572653606765,0.179351254306371,0.27148333252462514,2.944330021992015,1.4754456504894446,868.888163051999,0.22704158950927592,1.5694702603023682,21.910112359550563,51.22785471648811,1051.1925790436374,3.364699918291504,0.06406861552554904,5.99281335988991,395.726417559446,0.10340381958699922,0.18453155889869327,21.860914524438837,0.18317576654297826,4.039495943460629,0.012539840387533125,868.888163051999,0.22704158950927592,1.5694702603023682,21.910112359550563,51.22785471648811,1051.1925790436374,3.364699918291504,0.06406861552554904,395.726417559446,0.10340381958699922,0.18317576654297826,4.039495943460629,0.012539840387533125,5.99281335988991,0.18453155889869327,21.860914524438837,3.331219352121824,11041.191619653793,0.5323878499278554,0.27162307229754584,4865.353440378031,1.475410702188077,21.383383962582574,7.193451950431554,152.87236607358116,0.45902132228882037,0.06382886649524556,0.1742155145163969,3.759650363512652,0.011228166890499026,18.979211740479105,0.0011868226801419312,6.29369434957253,0.007225837569247824,0.041507063359343996,074.png,/mnt/wangbd8/workspace/DataSets/ThyroidAgent/train_val_test/500_TestData_Malignancy_Cls/images/074.png,/mnt/wangbd8/workspace/DataSets/ThyroidAgent/train_val_test/500_TestData_Malignancy_Cls/masks/074.png
0.8769250851457209,69.90442959116075,81.88406438373708,3229.0,61.30094787129169,900.0874452027954,0.2787511443799304,3252.0,0.22379699483986445,62.0,116.0,28557119.0,1.9099469230980088,30.0,11.648183711276644,234.0,19.238821714785413,89.36562115621156,85.0,41.0,193.0,12.586798653089375,93.70913459486789,2.3486987943150295,28557119.0,0.31672741081654354,795.1876618835378,10.009430784776018,2.9968002694509934,210.53083417148838,18.81859481619818,4.3404777400603365,0.22600202088245197,0.9010169615486077,0.16268103738632536,0.6703961766735101,0.199536900957361,0.25521270031710863,2.5618940376118213,-0.6178814143888087,0.9480481009700877,0.9248489291304263,0.9973462714832346,0.9268889637363872,0.9842630256237532,0.12822078140788143,0.37083192994274167,2.3571315385835914,1.1416199402356972,178.45922746781116,0.25530647706410753,2.8664738713183153,16.300429184549355,52.62660944206009,445.2274678111588,8.46505386658982,0.12211022134705628,5.3766990938014665,123.42346208869814,0.17657147652174268,0.21494464944649447,30.982151080329352,0.41744285437550704,9.606697540200733,0.04070497008696567,178.45922746781116,0.25530647706410753,2.8664738713183153,16.300429184549355,52.62660944206009,445.2274678111588,8.46505386658982,0.12211022134705628,123.42346208869814,0.17657147652174268,0.41744285437550704,9.606697540200733,0.04070497008696567,5.3766990938014665,0.21494464944649447,30.982151080329352,3.022810064640969,1628.108856088561,0.5006484797320297,0.39822102095559697,1029.9975399753998,1.345990886108123,10.78290282902829,7.003690036900369,65.73985239852398,1.0680885452160456,0.14625891141044817,0.21760967609676096,3.311261445947793,0.027889168331587364,3.6034689420037647,0.00801278300067882,5.846797061759518,0.005495623578308075,0.44171594435609635,075.jpg,/mnt/wangbd8/workspace/DataSets/ThyroidAgent/train_val_test/500_TestData_Malignancy_Cls/images/075.jpg,/mnt/wangbd8/workspace/DataSets/ThyroidAgent/train_val_test/500_TestData_Malignancy_Cls/masks/075.jpg
0.5256666959472064,180.80011871402655,185.22418848519757,13175.0,95.04060103126501,1737.6408357960142,0.1318892474987487,13201.0,0.23416405476386734,18.0,91.0,46741583.0,2.214040334850236,37.0,4.765288204594866,186.0,23.62573830855668,50.88470570411332,45.0,0.0,186.0,15.701309174777881,59.504292077956954,1.1792745149588606,46741583.0,0.25774063584408335,951.5075011045877,7.972939152197716,2.5385186923197245,183.29824313275913,18.1868644028906,6.235501186933375,0.1200531831690912,0.9622210192288367,0.1200531831690912,0.5295137193459981,0.10564041638005985,0.21198262649377797,2.8181606317705645,-0.7240108030412173,0.9793675511174189,0.9399734084154545,0.9981530279512448,0.9399734084154545,0.9866607574256566,0.1200531831690912,0.35061786328797123,2.6981074486014753,1.5888885925256169,405.9774358974359,0.20819355687047994,2.0861299145299146,11.77897435897436,100.09076923076923,562.4292307692308,40.68349050453515,0.22266837098087097,6.289343971055127,178.56307692307692,0.09157080867850098,0.1477160821149913,54.2613409598948,0.21703770168937098,3.3204632345047598,0.03374951152974903,405.9774358974359,0.20819355687047994,2.0861299145299146,11.77897435897436,100.09076923076923,562.4292307692308,40.68349050453515,0.22266837098087097,178.56307692307692,0.09157080867850098,0.21703770168937098,3.3204632345047598,0.03374951152974903,6.289343971055127,0.1477160821149913,54.2613409598948,3.119160839242058,7807.586470721915,0.5914390175533607,0.25148205132210194,3402.434133777744,1.577862367169676,8.10218922808878,7.566169229603818,56.18506173774714,2.517036019891127,0.3154823437025746,0.16538309387335975,1.5866937689905647,0.04621048588123368,17.152506287263297,0.0030148510131244566,3.475509960562051,0.006309263850890034,0.11489800819821437,076.jpg,/mnt/wangbd8/workspace/DataSets/ThyroidAgent/train_val_test/500_TestData_Malignancy_Cls/images/076.jpg,/mnt/wangbd8/workspace/DataSets/ThyroidAgent/train_val_test/500_TestData_Malignancy_Cls/masks/076.jpg
0.8336794160173248,126.95602014829086,138.19189556555045,10423.5,105.84062073711084,447.29646455628216,0.04291231012196308,10424.0,0.8091261771726872,25.0,81.0,35035106.0,1.8552902369197088,32.0,2.267474508540374,124.0,17.293262632899225,54.08154259401381,54.0,4.0,120.0,12.984847087842171,57.974166912198655,-0.0239492634275126,35035106.0,0.3060124291071611,436.1907798153385,7.876175700572094,2.6768641520411136,21.547015264493705,-0.5008563803468505,3.000445956240476,0.15814990788325414,0.8998606249824056,0.15814990788325414,0.6298651184008509,0.13313851451977238,0.22307760032536916,2.598413998230319,-0.5987587151063918,0.9441715329103795,0.920925046058373,0.9939173112352595,0.920925046058373,0.9736416820194577,0.15814990788325414,0.34587413943566375,2.4402640903470663,0.7896489660309327,510.68427095292765,0.293159742223265,0.8586762381679872,8.05166475315729,63.38117106773823,494.0212399540758,14.114568822553897,0.23826556320959305,5.719047710416097,159.55797933409875,0.09159470685080295,0.16711435149654644,27.57379445613933,0.17795737833661693,1.4382516780065189,0.04480823779940931,510.68427095292765,0.293159742223265,0.8586762381679872,8.05166475315729,63.38117106773823,494.0212399540758,14.114568822553897,0.23826556320959305,159.55797933409875,0.09159470685080295,0.17795737833661693,1.4382516780065189,0.04480823779940931,5.719047710416097,0.16711435149654644,27.57379445613933,2.85351818762779,5804.8777820414425,0.5568762262127247,0.25916607816309134,3189.873561013047,0.7903807108897409,7.991653875671528,7.36550268610898,58.771392939370685,1.6786131896478214,0.22972462053381085,0.16872921463289844,1.3540014496461157,0.0394171540272685,40.76300124314675,0.002037821091467846,1.5474339598343132,0.012461537781535775,0.017587715601426208,077.png,/mnt/wangbd8/workspace/DataSets/ThyroidAgent/train_val_test/500_TestData_Malignancy_Cls/images/077.png,/mnt/wangbd8/workspace/DataSets/ThyroidAgent/train_val_test/500_TestData_Malignancy_Cls/masks/077.png
0.5254710855771763,653.0901217176449,635.4439393054276,174830.5,343.179975238701,1856.173664916289,0.010616989969806694,174831.0,0.798536781703901,20.0,110.0,905991662.0,2.4487697441593466,48.0,3.1781100245511613,236.0,27.246545814214386,63.51738536071978,60.0,0.0,236.0,19.89078666970949,71.98680183950407,0.5587768210013719,905991662.0,0.20565531386428254,1147.641396017846,11.168966782054515,3.054566607826506,177.0480582342748,10.844664414045909,7.503392203912882,0.14903372228972286,0.961049287186324,0.14903372228972286,0.6074169025596401,0.1268226719101926,0.15173032682168486,3.1812860924502027,-0.700839716270215,0.9837115151894085,0.9254831388551386,0.9985244185911908,0.9254831388551386,0.9864514797918433,0.14903372228972286,0.2485672038696958,3.032252370160482,1.9131064815506513,5440.09954081439,0.20644755572139162,1.9003881044421111,12.27460058441805,90.32852643163447,816.7168608401959,32.40653540515109,0.20081055800236738,6.432048945154794,2312.287085879094,0.08774950043182778,0.15072269791970533,46.3092721192962,0.16360087883740107,1.9808048094390442,0.03497896958168526,5440.09954081439,0.20644755572139162,1.9003881044421111,12.27460058441805,90.32852643163447,816.7168608401959,32.40653540515109,0.20081055800236738,2312.287085879094,0.08774950043182778,0.16360087883740107,1.9808048094390442,0.03497896958168526,6.432048945154794,0.15072269791970533,46.3092721192962,3.3881773454944075,101881.42336885336,0.5827423246955823,0.23879760882493026,35954.924178206384,1.9131938481432875,11.248291206936985,7.520994560461245,83.06518866791359,1.8742767406735785,0.2411806303434327,0.16160177542884271,1.864908905679707,0.03713581537579584,155.44077235654507,0.00018958042616273597,8.019952748240135,0.006269425978863664,0.012520507730378555,078.png,/mnt/wangbd8/workspace/DataSets/ThyroidAgent/train_val_test/500_TestData_Malignancy_Cls/images/078.png,/mnt/wangbd8/workspace/DataSets/ThyroidAgent/train_val_test/500_TestData_Malignancy_Cls/masks/078.png
0.6289113697214246,87.26606431388332,87.09190547921202,3739.5,54.88262003784229,262.7695526217007,0.07026863287115943,3740.0,0.8249671571177996,102.0,171.0,71529412.0,2.1021935220337076,35.0,2.5858462544162997,213.0,20.206517772884556,135.9914438502674,136.0,69.0,144.0,14.617475855474352,138.2950152028139,0.09183608056894599,71529412.0,0.2683408161514485,631.8384294660987,16.51370420624152,3.939348710990502,47.87017027673519,0.8698781636195957,4.186371166248442,0.20542740841248303,0.9064495309062104,0.20488466757123477,0.734044402815265,0.16344968140670768,0.1801078485701504,3.0063706837828876,-0.572888082832611,0.9542100919539706,0.8976119402985073,0.995892680678938,0.8976481230212572,0.9743969546208351,0.20440976933514252,0.3191316146540027,2.7987908902222647,1.0979496436652312,197.84548825710755,0.24455560971212303,1.267376745849001,16.903584672435105,36.761433868974045,607.1619283065513,2.8869559925329833,0.08752344654384209,5.507674533976536,99.92954264524104,0.12352230240450067,0.21631016042780749,15.389384871371359,0.22422630637285682,3.754291509261272,0.02093326035143873,197.84548825710755,0.24455560971212303,1.267376745849001,16.903584672435105,36.761433868974045,607.1619283065513,2.8869559925329833,0.08752344654384209,99.92954264524104,0.12352230240450067,0.22422630637285682,3.754291509261272,0.02093326035143873,5.507674533976536,0.21631016042780749,15.389384871371359,3.22082298926421,1857.3625668449197,0.496621007177786,0.305353026966742,1003.5946524064171,1.0909045154279506,16.640641711229947,6.896791443850267,114.1903743315508,0.5724465498320541,0.08399234390725989,0.1894979203802733,3.1667557932263812,0.016375129681502232,6.222531337938092,0.005491371279100413,3.9411610066059897,0.010139550499903283,0.09769540692989524,079.png,/mnt/wangbd8/workspace/DataSets/ThyroidAgent/train_val_test/500_TestData_Malignancy_Cls/images/079.png,/mnt/wangbd8/workspace/DataSets/ThyroidAgent/train_val_test/500_TestData_Malignancy_Cls/masks/079.png
0.59758369171452,204.27488751938003,217.51321798916038,18970.0,122.07134140839945,1876.5697679841485,0.09892302414254868,18968.0,0.2601799836155057,58.0,109.0,132520200.0,1.7856349171713264,26.0,4.584341258915764,204.0,16.53857725884666,80.81779839730072,77.0,25.0,179.0,11.223305251650075,83.58537030521231,1.044706503364922,132520200.0,0.3463621543069008,454.99759127272625,8.094465908472548,2.7170920171954074,40.69744042419828,5.294129312787008,2.9633044343252815,0.11579692006312237,0.9247852495026925,0.11579692006312235,0.5171573281779596,0.1023879933670172,0.2898286793325132,2.343973610303437,-0.6615090478858958,0.9494309192879831,0.9421015399684388,0.9982185089221058,0.9421015399684388,0.9871336755485419,0.11579692006312235,0.40245959623442346,2.2281766902403164,0.7697753385971009,723.414858403825,0.2660591608693729,1.1799664572828128,10.760573740345714,111.03346818683339,752.6399411548364,21.68992454000112,0.1684607775008986,6.018212299630677,251.7752850312615,0.09259848658744446,0.14334668916069168,62.36757856561126,0.2460944550394125,3.282808267112692,0.03924071805038419,723.414858403825,0.2660591608693729,1.1799664572828128,10.760573740345714,111.03346818683339,752.6399411548364,21.68992454000112,0.1684607775008986,251.7752850312615,0.09259848658744446,0.2460944550394125,3.282808267112692,0.03924071805038419,6.018212299630677,0.14334668916069168,62.36757856561126,2.6860853861044096,11429.674082665542,0.6025766597778122,0.25732609704177123,6569.797342893294,0.8058921652058536,8.345212990299451,7.619358920286799,60.40879375790806,1.4044850008750864,0.18195500062284156,0.1670708561788275,1.5777947654529265,0.02948348098441034,23.89188427990957,0.0015159281345528478,3.8187179883254494,0.0032980482562265066,0.06723291765376377,080.jpg,/mnt/wangbd8/workspace/DataSets/ThyroidAgent/train_val_test/500_TestData_Malignancy_Cls/images/080.jpg,/mnt/wangbd8/workspace/DataSets/ThyroidAgent/train_val_test/500_TestData_Malignancy_Cls/masks/080.jpg
0.6752904046847398,435.819690142904,448.5186729669123,99727.0,294.30485492617953,3293.846030004982,0.033028628455733976,99695.0,0.3398662307575696,14.0,86.0,268133891.0,2.0793877248565567,32.0,6.911918077408275,249.0,22.977831071261157,41.58949796880486,31.0,2.0,247.0,14.58556437344864,51.86079456718801,1.8240061505877203,268133891.0,0.29183146648333136,959.8556718428539,6.110178065560501,2.14825981384055,240.1298646214558,24.963322643544668,6.238300311128311,0.2576689599352489,0.9206680483902407,0.20002023472278432,0.7618532427104547,0.21766086563669118,0.2153030136941823,2.9163025193303866,-0.5869217536063956,0.9546238690173455,0.905385520589653,0.9975251422221414,0.9069822560752345,0.9822113822202349,0.17170084929628135,0.31893970052610277,2.6600300483650097,1.62399231776589,4161.874933361765,0.22187199772693067,2.482711735710537,9.707911291182429,97.02969399722785,319.66041155773536,67.52460638018096,0.34725540748368633,5.920341371930609,2606.86128585137,0.13897330663457566,0.18815386930136918,68.78260538395895,0.3410863476269129,4.590486537983756,0.09139069547617557,4161.874933361765,0.22187199772693067,2.482711735710537,9.707911291182429,97.02969399722785,319.66041155773536,67.52460638018096,0.34725540748368633,2606.86128585137,0.13897330663457566,0.3410863476269129,4.590486537983756,0.09139069547617557,5.920341371930609,0.18815386930136918,68.78260538395895,3.145581127911404,53141.73706805758,0.5330431522950757,0.33663111368252835,29094.13805105572,1.6702865748658187,6.3528361502582875,7.220392196198405,40.383268970359595,3.5692206239881346,0.46633190486305726,0.19452162428740993,1.6635070297741443,0.07778860356512617,185.692630638268,0.00022398784169865374,11.100393441293052,0.006695256861385452,0.023410684130277488,081.jpg,/mnt/wangbd8/workspace/DataSets/ThyroidAgent/train_val_test/500_TestData_Malignancy_Cls/images/081.jpg,/mnt/wangbd8/workspace/DataSets/ThyroidAgent/train_val_test/500_TestData_Malignancy_Cls/masks/081.jpg
0.6657992395492806,193.43523151455494,200.5691900566984,19510.5,128.78903004442972,615.8233764908636,0.03156369014073773,19511.0,0.8040498237594537,45.0,140.0,202066732.0,2.5844604889803335,56.0,2.3952058146289925,210.0,30.26542520570757,95.04002870175798,96.0,10.0,200.0,22.78948315719226,101.76715754089912,0.00446417629426462,202066732.0,0.185218182743466,1323.9472983231983,20.778895768833852,4.321826625386997,181.0996164341489,0.36678238462529045,8.583130513407903,0.18028895768833847,0.9588541988015127,0.18018575851393187,0.6810521767323245,0.1478220501170975,0.1278262635508823,3.42529909405767,-0.6744581993181927,0.9845647344241352,0.9099174406604748,0.9978014430116984,0.9099243206054352,0.9819823623229196,0.1800954592363261,0.20087719298245615,3.24447507202734,2.190854867774061,670.439536167863,0.18510202544667673,2.2068925984862737,21.07730535615682,49.918553285477635,1010.9378796245169,4.607289406562163,0.09531609416830521,6.2150521410642465,380.03202650469353,0.1049232541426542,0.1856388703808108,20.900908110781376,0.17923335327185425,3.6298605512508932,0.020077720694287215,670.439536167863,0.18510202544667673,2.2068925984862737,21.07730535615682,49.918553285477635,1010.9378796245169,4.607289406562163,0.09531609416830521,380.03202650469353,0.1049232541426542,0.17923335327185425,3.6298605512508932,0.020077720694287215,6.2150521410642465,0.1856388703808108,20.900908110781376,3.621906459450484,10359.987955512275,0.5309819053617075,0.2700253214044802,3613.7919635077646,2.192084960708943,20.887038081082466,7.180206037619804,149.56911485828508,0.6555699739472247,0.09198839410013478,0.17385919054208737,3.6256584604695923,0.016547136665791322,16.176769687413525,0.0015743042180113198,5.982365270220234,0.010729543014079447,0.0487750991676687,082.png,/mnt/wangbd8/workspace/DataSets/ThyroidAgent/train_val_test/500_TestData_Malignancy_Cls/images/082.png,/mnt/wangbd8/workspace/DataSets/ThyroidAgent/train_val_test/500_TestData_Malignancy_Cls/masks/082.png
0.7244062788799905,199.15582210016353,210.39486685753528,22307.0,144.26972800486485,1980.9717882376908,0.08880493962602282,22293.0,0.26726816076367776,31.0,119.0,148275082.0,2.451618191956311,57.0,3.50775401562777,233.0,29.20568005838828,73.55160812811197,72.0,6.0,227.0,22.589033446782132,81.55485660024942,0.6186180006936812,148275082.0,0.20694238024278624,1241.3555768559013,13.925610317825887,3.463058498387839,200.67979292371632,11.955877862503444,7.864370873460531,0.1330262551819438,0.9667326123632114,0.11432519576232152,0.5273536997130779,0.11995600479585068,0.17284175899343995,3.0335250404123175,-0.7574924101963996,0.9875454101520055,0.9446732431412845,0.9987013841462147,0.9454122524182405,0.9897404069905222,0.10284167562311275,0.25868263473053893,2.8955084041003216,1.9993492821606194,492.6801925722146,0.16942234957779043,3.0895091612759185,18.769257221458048,163.29057771664375,1752.6898211829437,27.335122317025032,0.14835997734592335,6.730626392043657,280.792984869326,0.09655879809811761,0.13044453415870452,104.52158762811501,0.27551708681669407,6.824482358004226,0.03812724760585581,492.6801925722146,0.16942234957779043,3.0895091612759185,18.769257221458048,163.29057771664375,1752.6898211829437,27.335122317025032,0.14835997734592335,280.792984869326,0.09655879809811761,0.27551708681669407,6.824482358004226,0.03812724760585581,6.730626392043657,0.13044453415870452,104.52158762811501,3.3192905452342534,14080.976136006819,0.6316321776345408,0.24988423176180635,4613.3664827524335,2.039158336813519,14.125330821334051,7.752612927824877,104.12694567801552,1.1932779152961313,0.15323954350518312,0.16478017514217216,2.7025448945109827,0.02473972808853424,11.248625897469992,0.0023527034111455536,5.059885263893492,0.004831690432577974,0.12102348005615579,083.jpg,/mnt/wangbd8/workspace/DataSets/ThyroidAgent/train_val_test/500_TestData_Malignancy_Cls/images/083.jpg,/mnt/wangbd8/workspace/DataSets/ThyroidAgent/train_val_test/500_TestData_Malignancy_Cls/masks/083.jpg
0.7005035156468118,55.102073727761194,66.48308055437865,1503.5,38.59919636572654,642.2224381515887,0.42715160502267285,1529.0,0.21402828584407407,47.0,94.0,9296523.0,1.8297141686518257,25.0,12.239418855707898,232.0,18.07384163422576,72.53433616742969,68.0,29.0,203.0,10.186836364388293,77.97520610113231,2.601809606775687,9296523.0,0.3675104508818179,818.9028432643622,6.875,2.3783682634730536,319.0033346184073,29.004425799215973,5.269415697049017,0.39595808383233533,0.8602181959578534,0.22979041916167664,0.8281697160593848,0.3431544470938363,0.2877834338807415,2.6650719020532687,-0.5465288947532774,0.9301799771890294,0.9016158858753082,0.9954253590321169,0.9069610778443112,0.9784237469117708,0.13879012807717897,0.47979041916167664,2.3856587948323726,1.4163434452203376,122.78571428571429,0.2923469387755102,2.2710884353741494,10.847619047619048,34.983333333333334,179.3761904761905,10.893923899056976,0.21882583024391414,4.755648617368726,107.86666666666666,0.25682539682539685,0.27468933943754087,21.730266439909293,0.5141806187025801,6.637130716363904,0.08912442309650993,122.78571428571429,0.2923469387755102,2.2710884353741494,10.847619047619048,34.983333333333334,179.3761904761905,10.893923899056976,0.21882583024391414,107.86666666666666,0.25682539682539685,0.5141806187025801,6.637130716363904,0.08912442309650993,4.755648617368726,0.27468933943754087,21.730266439909293,3.0747546743761993,666.7763243950294,0.43608654309681455,0.49216606261931417,561.9234793982995,1.3612645171335434,7.236102027468934,6.497710922171354,38.52714192282538,2.0445204061446782,0.2893664073070548,0.26215391323304993,2.6093307172443865,0.06147251402249785,2.8240107294025,0.013323864007703268,7.991955731550091,0.007493335307962059,0.8711705702944395,084.jpg,/mnt/wangbd8/workspace/DataSets/ThyroidAgent/train_val_test/500_TestData_Malignancy_Cls/images/084.jpg,/mnt/wangbd8/workspace/DataSets/ThyroidAgent/train_val_test/500_TestData_Malignancy_Cls/masks/084.jpg
0.8565864628926103,121.21753152974219,129.2594290564522,9741.5,103.83329657363532,439.5391052434014,0.04512026949067407,9742.0,0.7960133102145784,69.0,149.0,122515046.0,2.3526598945677057,45.0,2.5950901493558516,200.0,25.04535648345672,107.9195237117635,108.0,8.0,192.0,18.489223936782945,112.14260779774526,-0.10479198550028633,122515046.0,0.21906387844785954,929.3408855050319,24.731953401289786,4.823538589556897,95.63484809819555,-1.250624154272744,6.05903191894457,0.19731641356355317,0.936922817248428,0.19731641356355317,0.7165283442882395,0.15838264650197,0.14684130616327373,3.2357183511377476,-0.6232086338950238,0.9729164187311882,0.9013417932182235,0.9975937022736152,0.9013417932182235,0.9802683586436447,0.19731641356355317,0.22685666736009985,3.0384019375741964,1.5640870831270308,430.41234567901233,0.21254930650815423,1.662871879286694,24.81679012345679,38.944197530864194,958.0538271604938,2.2118956629931352,0.05968283160543596,5.832683588493446,238.5427160493827,0.11779887212315196,0.20786286183535208,15.79978320377991,0.2121075916781577,5.189482040880298,0.013388407434462403,430.41234567901233,0.21254930650815423,1.662871879286694,24.81679012345679,38.944197530864194,958.0538271604938,2.2118956629931352,0.05968283160543596,238.5427160493827,0.11779887212315196,0.2121075916781577,5.189482040880298,0.013388407434462403,5.832683588493445,0.20786286183535208,15.79978320377991,3.4519205994536795,4923.1866146581815,0.5053568686777028,0.2954537896872971,2134.120303839047,1.5697309724541284,24.877951139396426,6.9739273249846025,173.60285362348594,0.40625751781319597,0.05853590828044837,0.1849095554186911,4.590130933643559,0.011017297524882197,8.208743063403444,0.002502199891405244,6.67471541258261,0.008311635803301047,0.08012307186145692,085.png,/mnt/wangbd8/workspace/DataSets/ThyroidAgent/train_val_test/500_TestData_Malignancy_Cls/images/085.png,/mnt/wangbd8/workspace/DataSets/ThyroidAgent/train_val_test/500_TestData_Malignancy_Cls/masks/085.png
0.6663312649238918,68.26667948410407,75.0,2293.0,45.488222892796955,805.6782822743046,0.35136427486886374,2313.0,0.2106906690974825,44.0,149.0,21518886.0,2.4772753514550687,42.0,5.626165273191666,237.0,33.320067088239206,84.53869433635971,70.0,20.0,217.0,19.158398388315288,96.45440715117462,1.733282890114595,21518886.0,0.2344452837016439,2156.6618187881095,17.436962750716326,3.8006208213944603,931.1416684216629,77.24120592167803,12.606512307415832,0.6375358166189111,0.9037249320376691,0.32712511938872973,1.0411274272123099,0.5305249728838205,0.17677457036021413,3.4895876679408877,-0.5618130471524813,0.9667170240283041,0.8661793877789158,0.9940711948611362,0.874458771092009,0.9724040683926071,0.17591849729385547,0.34861509073543456,3.0699471713795696,3.3110120310086857,107.4695652173913,0.15575299306868304,5.548416299096829,29.444927536231884,29.952173913043477,375.21014492753625,3.478697183744673,0.08151949803002254,5.317815303216088,190.9855072463768,0.2767905902121403,0.29831387808041504,18.715103969754253,0.5418717185166926,20.061948986517336,0.032647849087778937,107.4695652173913,0.15575299306868304,5.548416299096829,29.444927536231884,29.952173913043477,375.21014492753625,3.478697183744673,0.08151949803002254,190.9855072463768,0.2767905902121403,0.5418717185166926,20.061948986517336,0.032647849087778937,5.317815303216088,0.29831387808041504,18.715103969754253,3.7136896017168364,961.2801556420234,0.4155988567410391,0.5286008199299846,542.2719412019023,3.51967796448914,18.784695201037614,6.304798962386511,92.12148724600087,0.734604212355548,0.10681872635765488,0.28195705433059515,7.856943843973676,0.023640973430955205,2.707980028669306,0.010376129071329721,10.42074551076459,0.01905498902809848,0.5077968705104554,086.jpg,/mnt/wangbd8/workspace/DataSets/ThyroidAgent/train_val_test/500_TestData_Malignancy_Cls/images/086.jpg,/mnt/wangbd8/workspace/DataSets/ThyroidAgent/train_val_test/500_TestData_Malignancy_Cls/masks/086.jpg
0.8329024688973728,206.20737408800844,221.96396103872357,27286.5,171.7506309827464,724.066017177983,0.026535686774704817,27287.0,0.8087246551108249,27.0,99.0,135550419.0,2.2341164514074925,41.0,3.0006414691324252,182.0,22.877385143631148,64.62436324989922,65.0,0.0,182.0,16.833420344470774,70.48107780519092,0.3038446240570758,135550419.0,0.24240205962239117,791.274003126451,10.829183726162812,3.0930249714138176,83.87318703460583,3.1499119032425913,5.215579067108458,0.16605805761499023,0.938287159179829,0.1660580576149902,0.6486073495424145,0.13848277911612683,0.17434987882233466,3.019297166165272,-0.6482208085863813,0.9719771018731274,0.9169709711925048,0.9974452606520771,0.9169709711925048,0.9815491047094455,0.1660580576149902,0.265058463354358,2.8532391085502837,1.3454092811808622,1069.1795639162035,0.22855484478755952,1.51748873727111,11.961522017956392,58.88392475416845,587.6412997007268,12.615024653138295,0.18302229691933775,6.077431485001173,447.41983753740914,0.0956434026373256,0.1714369479972148,24.859472152860548,0.17296766893937895,2.203065194897794,0.03273353888698799,1069.1795639162035,0.22855484478755952,1.51748873727111,11.961522017956392,58.88392475416845,587.6412997007268,12.615024653138295,0.18302229691933775,447.41983753740914,0.0956434026373256,0.17296766893937895,2.203065194897794,0.03273353888698799,6.077431485001173,0.1714369479972148,24.859472152860548,3.2324866398744057,15010.618866126728,0.5501014719876398,0.2588071913026759,6614.425000916187,1.346165880449099,10.948510279620333,7.319126323890497,78.45032433026716,1.43725743294777,0.19383165061323876,0.16896731451281238,1.9145197346721883,0.03225108428007626,38.42350049058767,0.0009519067822773914,5.000027369624615,0.007890732760748564,0.030580329887862575,087.png,/mnt/wangbd8/workspace/DataSets/ThyroidAgent/train_val_test/500_TestData_Malignancy_Cls/images/087.png,/mnt/wangbd8/workspace/DataSets/ThyroidAgent/train_val_test/500_TestData_Malignancy_Cls/masks/087.png
0.620259265682826,201.00499137668612,201.42740627829173,19605.5,124.6752083498861,615.9238815542519,0.03141587215598949,19606.0,0.8058734534409749,58.0,142.0,191927484.0,2.3097650085513526,44.0,2.967338520223848,199.0,25.703095945757244,93.63429562378863,88.0,20.0,179.0,18.306443634191986,98.94049661718836,0.750730358639504,191927484.0,0.23653292102714824,1021.8405538928166,19.746714579055443,4.257931211498973,130.78518266581727,12.741382187174583,6.623567685384684,0.15662217659137578,0.9538000617151658,0.15662217659137576,0.626167138357639,0.13209167039115566,0.17671245899548424,3.06009332180579,-0.6737261820160013,0.9774213826033648,0.9216889117043121,0.9975904280524404,0.9216889117043121,0.9825975359342916,0.15662217659137576,0.2763347022587269,2.903471145214417,1.6950474654940149,648.1992445703494,0.20402872035579142,1.9730552724477723,21.27824992130941,71.31948378973874,1275.3745672017626,5.424347129970444,0.0726051540908043,6.284858087518138,288.4819011646207,0.09080324241882931,0.16204223196980516,33.23539518032157,0.17624980989564842,3.738865968372393,0.014517032151377729,648.1992445703494,0.20402872035579142,1.9730552724477723,21.27824992130941,71.31948378973874,1275.3745672017626,5.424347129970444,0.0726051540908043,288.4819011646207,0.09080324241882931,0.17624980989564842,3.738865968372393,0.014517032151377729,6.284858087518138,0.16204223196980516,33.23539518032157,3.2764644509285468,11069.139447108028,0.5645791822456405,0.2531249268656389,4637.464449658268,1.6993836234744593,19.87978169947975,7.413648882995002,145.13460165255535,0.5330146664951472,0.07196559690471448,0.16653348748115657,3.379399163521371,0.012173382557361376,21.198194735350548,0.0015063797942576856,4.077998101456481,0.009447761652489855,0.03672425417687821,088.png,/mnt/wangbd8/workspace/DataSets/ThyroidAgent/train_val_test/500_TestData_Malignancy_Cls/images/088.png,/mnt/wangbd8/workspace/DataSets/ThyroidAgent/train_val_test/500_TestData_Malignancy_Cls/masks/088.png
0.861273914869006,139.0446247599276,148.92951352905172,12135.5,119.75550830847473,513.9238815542518,0.04234880157836528,12136.0,0.7598624260665641,72.0,154.0,154709986.0,2.3256011831697627,43.0,2.7985534832008168,213.0,25.05569098991913,108.5670731707317,104.0,39.0,174.0,17.903265078104997,112.90713555424185,0.5764343666346801,154709986.0,0.22904588743525908,961.2118822049295,16.277893508874257,3.8434713773852183,110.36189205108425,8.930135702087327,6.221218559259441,0.19873343888009334,0.9380888084715631,0.19856678610115827,0.7199395669223987,0.1593046703375502,0.15548868136221264,3.207305619136872,-0.6182763164549407,0.9712464933901602,0.9007332722273144,0.9969427887042596,0.9007443824125767,0.9779388754640818,0.19842096491959005,0.26639446712773934,3.0077317983153775,1.6049879995348832,532.2896305125149,0.21147780314362927,1.7376678475125604,17.4497417560588,38.95351609058403,596.6777910210568,3.824289569588926,0.09544351752752485,5.840423542773239,297.43702820818436,0.11817124680499974,0.20739947264337508,15.705563866147228,0.21078553520944399,3.910800460939455,0.020622113612594906,532.2896305125149,0.21147780314362927,1.7376678475125604,17.4497417560588,38.95351609058403,596.6777910210568,3.824289569588926,0.09544351752752485,297.43702820818436,0.11817124680499974,0.21078553520944399,3.910800460939455,0.020622113612594906,5.840423542773239,0.20739947264337508,15.705563866147228,3.417126121927196,6139.638925510877,0.5059030096828343,0.2943228501505026,2779.7008899143048,1.6111154172726676,16.475774555042847,6.977587343441002,113.08668424522084,0.6671292998838186,0.09557370714573458,0.1844832637515564,3.140083681242218,0.017619787338047355,17.750984563401925,0.0019314969523139412,5.249419206739386,0.011080306320528723,0.04981793841808244,089.png,/mnt/wangbd8/workspace/DataSets/ThyroidAgent/train_val_test/500_TestData_Malignancy_Cls/images/089.png,/mnt/wangbd8/workspace/DataSets/ThyroidAgent/train_val_test/500_TestData_Malignancy_Cls/masks/089.png
0.5075609947429419,95.2897307567775,95.35197952848173,3599.5,48.3653505316971,266.1837661840738,0.07395020591306399,3600.0,0.798995724630073,88.0,136.0,47575146.0,1.7525765104123812,27.0,3.0911280785400628,162.0,15.252944753086421,113.34055555555555,115.0,47.0,115.0,10.710508958089669,114.95789809027187,-0.47872251450450526,47575146.0,0.3427827160493827,369.236799691358,17.002251618350687,4.049113425274416,19.708266228656175,-1.4355665348511362,2.582808564356448,0.15508021390374332,0.8867154757087754,0.15508021390374332,0.6224088605791769,0.13103034115931256,0.25434712296423373,2.4860178597479132,-0.5837877178872509,0.933385537998114,0.9224598930481284,0.9958086428674664,0.9224598930481284,0.9778456837280367,0.15508021390374332,0.40669856459330145,2.3309376458441715,0.6844721945650477,186.80267558528428,0.31237905616268274,0.7920940481650094,16.60535117056856,62.98996655518395,1089.1521739130435,4.358764864362691,0.07737365291713118,5.5589370215660985,54.93311036789298,0.09186138857507187,0.1661111111111111,26.748761199539153,0.17862701323821153,2.743409529026601,0.01552078011344523,186.80267558528428,0.31237905616268274,0.7920940481650094,16.60535117056856,62.98996655518395,1089.1521739130435,4.358764864362691,0.07737365291713118,54.93311036789298,0.09186138857507187,0.17862701323821153,2.743409529026601,0.01552078011344523,5.5589370215660985,0.1661111111111111,26.748761199539153,2.739634925344397,2009.9288888888889,0.5583135802469136,0.2574061728395062,1234.0177777777778,0.6819659722222222,17.10472222222222,7.374444444444444,126.90083333333334,0.5227505401234568,0.0720264660493827,0.16811728395061726,2.8322376543209873,0.012501568930041155,6.3517548558617545,0.005622408421118391,2.3987812317146173,0.006996465715020576,0.08456077015643804,090.png,/mnt/wangbd8/workspace/DataSets/ThyroidAgent/train_val_test/500_TestData_Malignancy_Cls/images/090.png,/mnt/wangbd8/workspace/DataSets/ThyroidAgent/train_val_test/500_TestData_Malignancy_Cls/masks/090.png
0.9350733129472495,103.2870817034012,118.81077392223317,7539.5,96.58099367305259,1098.1118318204292,0.14564783232580797,7567.0,0.2803042185024332,12.0,79.0,19347874.0,2.0328126402740776,42.0,2.655736669000107,150.0,21.91445086071236,43.371745738073216,40.0,0.0,150.0,17.023425718413918,50.56555265824425,0.5360995086964114,19347874.0,0.26482812307319054,675.7667872656006,5.753001241893196,2.1778667034635024,46.14643984336304,4.692038309559225,4.167644442795941,0.1280529874430799,0.9403808161433028,0.12805298744307989,0.5520742143227919,0.11165541984998231,0.21560562957309415,2.614097963373671,-0.6779852613249381,0.9651538024702786,0.9359735062784601,0.9974389402511386,0.9359735062784601,0.9839933765696152,0.12805298744307989,0.2917069132054643,2.486044975930593,1.0739243575597552,295.0048076923077,0.23638205744575938,1.331854043392505,9.107371794871796,89.66266025641026,339.5,57.62268106067213,0.26508001010233156,5.756725280961621,133.21314102564102,0.10674129889875082,0.16492665521342673,52.89903781948553,0.26947597873454276,3.301537589140883,0.048185755257828124,295.0048076923077,0.23638205744575938,1.331854043392505,9.107371794871796,89.66266025641026,339.5,57.62268106067213,0.26508001010233156,133.21314102564102,0.10674129889875082,0.26947597873454276,3.301537589140883,0.048185755257828124,5.756725280961621,0.16492665521342673,52.89903781948553,2.9871383299729817,4276.823179595613,0.5651940239983629,0.28739079386475136,2003.954407294833,1.1612113059548959,6.211973040835206,7.417074137703185,41.743887934452225,3.3181331024106044,0.41607408885760383,0.17719483723184,1.3691981263674142,0.06162991157384891,15.589838040855172,0.004124437332071711,3.2333717085786913,0.006974999160099605,0.12075426348437629,091.jpg,/mnt/wangbd8/workspace/DataSets/ThyroidAgent/train_val_test/500_TestData_Malignancy_Cls/images/091.jpg,/mnt/wangbd8/workspace/DataSets/ThyroidAgent/train_val_test/500_TestData_Malignancy_Cls/masks/091.jpg
0.7790877519680084,194.76144574985545,219.32852071721086,22212.5,151.7362569392941,2137.1870837143315,0.09621551305410608,22235.0,0.2472071977293716,26.0,84.0,75245965.0,1.9847681073343826,31.0,5.071997125870998,196.0,18.8714635421489,52.74265797166629,49.0,0.0,196.0,12.762193979824305,58.1732116573526,1.0869747056765584,75245965.0,0.3069354543219951,602.3345846149708,7.630665738807701,2.5940848990953373,70.49620653934767,7.236933564689524,3.765473593066046,0.15991649269311065,0.9185219867583256,0.15973092090002317,0.6345742979251692,0.13440252560154117,0.23553956500073367,2.6969144180810263,-0.6134886421227147,0.9529210660325167,0.920153096729297,0.9975399981736712,0.9201654681821695,0.9822541818088094,0.15956854558107164,0.37740663419160286,2.5366084508411424,0.9813475214397891,991.9507401116234,0.2407063188817334,1.48711663869006,9.901480223246784,59.95801989808299,418.119631157486,13.689762201208238,0.23007538162478453,5.844576885091888,454.23950497452074,0.11022555325758815,0.18533843040251854,30.846221267940606,0.26784056813276624,3.4403440368247447,0.05414602642764724,991.9507401116234,0.2407063188817334,1.48711663869006,9.901480223246784,59.95801989808299,418.119631157486,13.689762201208238,0.23007538162478453,454.23950497452074,0.11022555325758815,0.26784056813276624,3.4403440368247447,0.05414602642764724,5.844576885091888,0.18533843040251854,30.846221267940606,3.030626992624623,11857.006386327861,0.5332586636531532,0.3062235805372109,6824.709826849561,1.0419345696552793,7.987002473577693,7.219563750843265,54.52300427254329,1.725361495074006,0.2375089238228835,0.18488369187717063,1.7000774554631086,0.042573497088663814,39.50903819730696,0.0010310206452900175,5.383213095164233,0.005804796258873294,0.045063193464104104,092.jpg,/mnt/wangbd8/workspace/DataSets/ThyroidAgent/train_val_test/500_TestData_Malignancy_Cls/images/092.jpg,/mnt/wangbd8/workspace/DataSets/ThyroidAgent/train_val_test/500_TestData_Malignancy_Cls/masks/092.jpg
0.7934515726793784,150.19824924891546,154.72879499304582,13974.5,119.17503708024122,497.63961030678973,0.035610548521005383,13975.0,0.8420892625114731,77.0,165.0,223439080.0,2.4452060168138385,47.0,2.495547872483805,238.0,26.643461586464454,122.19320214669052,122.0,33.0,205.0,19.69050367807213,126.44558178148118,0.06530201126478694,223439080.0,0.2038299826229435,1057.3065011952729,20.975198843094724,4.389696312364425,123.23167165309701,1.116979471999316,7.009105343315092,0.18604483007953723,0.9482860466853151,0.18604483007953726,0.6931238348224322,0.15143215128021337,0.1399010686002795,3.3000328892875577,-0.6504569657986802,0.979010167349416,0.9069775849602314,0.9977311606087862,0.9069775849602314,0.9813955169920463,0.18604483007953726,0.21619667389732466,3.113988059208023,1.7987875433486575,536.1147902869757,0.19724605970823242,1.9232045811289413,22.090507726269315,43.25496688741722,862.4970566593083,3.43337846615631,0.0730222413550491,6.040960480109136,294.94554819720383,0.10851565423002349,0.1944901610017889,16.81841994692674,0.18934207840144945,4.374963459453769,0.014539535359230152,536.1147902869757,0.19724605970823242,1.9232045811289413,22.090507726269315,43.25496688741722,862.4970566593083,3.43337846615631,0.0730222413550491,294.94554819720383,0.10851565423002349,0.18934207840144945,4.374963459453769,0.014539535359230152,6.040960480109136,0.1944901610017889,16.81841994692674,3.5046503705893053,7271.024901610018,0.520288007270842,0.2796066525644759,2848.524007155635,1.7986446075121367,21.103899821109124,7.097030411449016,147.96157423971377,0.5323303210796013,0.07455742367840928,0.17794871794871797,3.8409222818525146,0.013248088326925846,11.962972898866667,0.0019772180619683486,6.301210030421958,0.009034336957231503,0.06291680618550424,093.png,/mnt/wangbd8/workspace/DataSets/ThyroidAgent/train_val_test/500_TestData_Malignancy_Cls/images/093.png,/mnt/wangbd8/workspace/DataSets/ThyroidAgent/train_val_test/500_TestData_Malignancy_Cls/masks/093.png
0.8094449101896583,130.29870608243266,136.01470508735443,10642.0,105.46962444272339,1234.7220048756826,0.11602349228299969,10654.0,0.29617430036051007,37.0,78.0,39799730.0,1.5990282439605514,22.0,12.142508562781321,221.0,14.572641916255277,57.17758588323634,54.0,20.0,201.0,8.841425911798321,61.120052230686206,2.357043175058283,39799730.0,0.3992834108299739,466.3844572469416,8.436915887850466,2.783051012461059,94.67005448524641,10.680150694407912,2.951043294886866,0.18487149532710279,0.8820940569533209,0.12003504672897197,0.5385051913502584,0.17046308288387632,0.34940059224756403,2.1125908666718636,-0.6466399910082699,0.931228256955483,0.9458841237789148,0.9978861160315247,0.9474412642782969,0.9885151793300158,0.09084485332294913,0.45950155763239875,1.9483950565750399,0.7839786975534921,365.8022678951099,0.2592503670411834,1.9411518588633099,13.61516654854713,217.03330970942594,1614.9227498228206,34.87236374380185,0.12859992379370308,5.6998987583148075,267.03118355776047,0.18924959855262966,0.13243852074338278,160.020642707571,0.4450833383601699,7.663476912478197,0.04832468122827289,365.8022678951099,0.2592503670411834,1.9411518588633099,13.61516654854713,217.03330970942594,1614.9227498228206,34.87236374380185,0.12859992379370308,267.03118355776047,0.18924959855262966,0.4450833383601699,7.663476912478197,0.04832468122827289,5.6998987583148075,0.13243852074338278,160.020642707571,2.435038523506548,6905.3602402853385,0.6481471973235723,0.29871569259661607,4253.965458982541,0.8113966454932455,8.69814154308241,7.779613290782804,62.08747888117139,1.2692730997157293,0.158729086057314,0.17967690799491062,2.0283200884383534,0.025736971178393495,9.729465781604564,0.0029028485734245765,4.515889723214261,0.002474105648646181,0.18902630713219493,094.jpg,/mnt/wangbd8/workspace/DataSets/ThyroidAgent/train_val_test/500_TestData_Malignancy_Cls/images/094.jpg,/mnt/wangbd8/workspace/DataSets/ThyroidAgent/train_val_test/500_TestData_Malignancy_Cls/masks/094.jpg
0.666776586908755,186.1889983118875,187.55532517100121,18086.5,124.14646481436029,575.5391052434014,0.031821474870395126,18087.0,0.828337572774307,96.0,177.0,353898506.0,2.3574624685224266,37.0,3.0162232170831436,231.0,23.73367412488093,136.48753248189308,136.0,54.0,177.0,15.890397367828468,139.88015192566752,0.21812164277610227,353898506.0,0.2323374797868001,937.6103797520134,17.20603462673273,3.9638701775872622,115.02178367897844,3.2993810556672916,6.161788508657604,0.1867171407894004,0.9411776089997921,0.18671714078940044,0.6945532342549741,0.15185385012483166,0.1608588294601958,3.2097229279932185,-0.637624648311301,0.9749021967036708,0.9066414296052998,0.9971274286032401,0.9066414296052998,0.9792536510234,0.18671714078940044,0.3034014362856984,3.02300578720382,1.587126412361751,756.0730304772858,0.2173873003097429,1.6926096045760075,17.648936170212767,48.43387004025302,818.0083381253594,4.566786410677938,0.10480161297315554,5.981829368918763,385.7613571017826,0.11091470876992025,0.19229280698844473,21.38968356424892,0.19731835337555947,3.557136858964862,0.022360432748543536,756.0730304772858,0.2173873003097429,1.6926096045760075,17.648936170212767,48.43387004025302,818.0083381253594,4.566786410677938,0.10480161297315554,385.7613571017826,0.11091470876992025,0.19731835337555947,3.557136858964862,0.022360432748543536,5.981829368918763,0.19229280698844473,21.38968356424892,3.415673920952403,9455.555758279428,0.5227818741792131,0.2805784524341658,4202.287996903854,1.5894156661923093,17.358047216232652,7.12097086305081,123.08624979266877,0.6995282735705366,0.09954331942411879,0.17793934256034105,3.116274426690748,0.01823631178465501,22.515648263395477,0.001362199275135559,4.816195167992855,0.010320738293236282,0.034638453125874914,095.png,/mnt/wangbd8/workspace/DataSets/ThyroidAgent/train_val_test/500_TestData_Malignancy_Cls/images/095.png,/mnt/wangbd8/workspace/DataSets/ThyroidAgent/train_val_test/500_TestData_Malignancy_Cls/masks/095.png
0.7152118344048772,341.4414610820265,343.7586362551492,64782.0,244.20297372235765,1828.999133448192,0.028233137807542094,64764.0,0.4933085107851455,38.0,134.0,502597167.0,2.466809980869886,50.0,2.738499715300646,224.0,28.900004617516743,80.68882403804582,75.0,7.0,217.0,21.271299030926677,88.09336227089119,0.6184775095520753,502597167.0,0.20306964843713896,1249.754151547754,16.06114100849224,3.746337138768781,183.12683436343428,14.251293946308063,8.217563840867271,0.1131676361713379,0.9728312846277054,0.11310542196783527,0.5095327389272963,0.10037479969281586,0.1637427007861161,3.069412905015591,-0.7562406061223472,0.9879620163451871,0.9434535104364327,0.9986199604319451,0.9434576580499996,0.9886900233868847,0.11305098453977043,0.2506299188104644,2.9559015255462495,2.082682869259652,1477.132299741602,0.190843966374884,2.230630504309971,18.898966408268734,173.4700258397933,2022.7441860465117,26.314830168035968,0.10108270237346542,6.849964869071173,554.3307493540052,0.07161895986485856,0.11951083935519734,103.45594255152936,0.16036118556796805,3.1953724974930875,0.017890335777198542,1477.132299741602,0.190843966374884,2.230630504309971,18.898966408268734,173.4700258397933,2022.7441860465117,26.314830168035968,0.10108270237346542,554.3307493540052,0.07161895986485856,0.16036118556796805,3.1953724974930875,0.017890335777198542,6.849964869071173,0.11951083935519734,103.45594255152936,3.2896000113997026,41701.8543635353,0.6439048601620545,0.20597777181093033,13151.602711382868,2.0770827420892055,16.117472670001852,7.828979062442097,122.94978691865852,0.9045708949300217,0.11361676087337215,0.15166862248574312,2.5645420295225745,0.01684291649592272,44.823703897095,0.000725426269140897,3.968816252203343,0.006471328824027747,0.02555690508432242,096.jpg,/mnt/wangbd8/workspace/DataSets/ThyroidAgent/train_val_test/500_TestData_Malignancy_Cls/images/096.jpg,/mnt/wangbd8/workspace/DataSets/ThyroidAgent/train_val_test/500_TestData_Malignancy_Cls/masks/096.jpg
0.9848032297994721,87.32383855895189,99.76472322419383,5796.0,85.9967982513435,909.9036790187214,0.15698821239108374,5809.0,0.29660174336259953,31.0,111.0,33416305.0,2.3152951022339097,48.0,2.286193767261611,166.0,25.508182804767394,69.49509381993458,69.0,7.0,159.0,19.500895804850217,75.84527404371838,0.25153008116738146,33416305.0,0.22239461913786734,922.9375297252312,11.883206383750453,3.2393906420021765,82.74827447411397,4.318043472486284,5.805951652199585,0.24773304316285819,0.9181546262716191,0.24446862531737393,0.8138519336172992,0.18796813439829155,0.14037373328339287,3.3134807547842895,-0.5594709702570759,0.9611204742421979,0.8780921291258613,0.9950527302714871,0.8783097569822269,0.969486760972071,0.24161225970257522,0.2239753355096119,3.05495124113491,1.5134211738406107,354.21297429620563,0.2167766060564294,1.595948772189504,14.6468788249694,24.916156670746634,251.88494492044063,4.628200585211644,0.14226052048726465,5.273159523043069,295.29742962056304,0.18072058116313527,0.2812876570838354,12.277565997342277,0.39497693044806037,6.529445758590176,0.04971696422337184,354.21297429620563,0.2167766060564294,1.595948772189504,14.6468788249694,24.916156670746634,251.88494492044063,4.628200585211644,0.14226052048726465,295.29742962056304,0.18072058116313527,0.39497693044806037,6.529445758590176,0.04971696422337184,5.273159523043069,0.2812876570838354,12.277565997342277,3.5981010915528646,2515.5801342744016,0.4330487406222072,0.4233953990876316,1291.8903425718713,1.5422744240754511,12.464451712859356,6.36443449819246,73.98588397314512,1.0917784341601449,0.16334543337045612,0.24342495361603644,3.44778217708154,0.03593561183263943,13.271559497797663,0.0037951556722681527,4.213415773535484,0.01563906141194151,0.06819457388689505,097.jpg,/mnt/wangbd8/workspace/DataSets/ThyroidAgent/train_val_test/500_TestData_Malignancy_Cls/images/097.jpg,/mnt/wangbd8/workspace/DataSets/ThyroidAgent/train_val_test/500_TestData_Malignancy_Cls/masks/097.jpg
0.8978652862832599,111.91606982524085,119.33147112141039,8655.5,100.48555407333718,408.8111831820435,0.047231376948997,8656.0,0.8067300694126763,54.0,114.0,63408497.0,1.9763592560482537,33.0,2.97164099597772,166.0,19.113160905132208,82.30510628465804,80.0,27.0,139.0,13.99468905412385,85.58843900823821,0.48138234231310933,63408497.0,0.29393387126256915,551.2503713380564,8.642857142857142,2.791744730679157,39.78072597171753,3.309147432772108,3.5732402826758216,0.17716627634660423,0.9055215622314906,0.1771662763466042,0.6738385092645439,0.14577838687208286,0.20988367867974925,2.7776410181335622,-0.5886356333585105,0.949433813624354,0.9114168618266979,0.9952117222609026,0.9114168618266979,0.974690531950485,0.1771662763466042,0.3048009367681499,2.60047474178696,0.9376016397556067,428.34806629834253,0.2629515446889764,1.134709631031477,9.47329650092081,47.645181092694905,375.74953959484344,9.580774674305983,0.2114364640883978,5.68951913447094,168.92142418661754,0.1036963929936265,0.1881931608133087,19.4098862657006,0.19186150372268004,1.8815996188307873,0.04715248240683887,428.34806629834253,0.2629515446889764,1.134709631031477,9.47329650092081,47.645181092694905,375.74953959484344,9.580774674305983,0.2114364640883978,168.92142418661754,0.1036963929936265,0.19186150372268004,1.8815996188307873,0.04715248240683887,5.68951913447094,0.1881931608133087,19.4098862657006,3.019134028689568,4568.468576709796,0.5277805657012242,0.278157736153013,2544.2915896487984,0.9476848834567327,8.819547134935306,7.1615064695009245,61.965573012939004,1.4159930491373998,0.20026118684534813,0.17665973505853355,1.6028188539741217,0.036833843576709796,27.047307427063657,0.00239896746843803,2.6292941403479833,0.010930053242270926,0.03482946006745685,098.png,/mnt/wangbd8/workspace/DataSets/ThyroidAgent/train_val_test/500_TestData_Malignancy_Cls/images/098.png,/mnt/wangbd8/workspace/DataSets/ThyroidAgent/train_val_test/500_TestData_Malignancy_Cls/masks/098.png
0.634992710623253,250.61605182220887,248.4854120466632,31153.0,159.1393660722821,1287.6955262170006,0.04133455931104551,31146.0,0.48589416384480305,50.0,125.0,263785226.0,2.3313661911538963,40.0,3.442042019950963,238.0,23.85787478355914,86.93263982533873,87.0,0.0,238.0,16.73138832807827,92.02887104608436,0.09263122636440786,263785226.0,0.23192843704609228,912.029239014755,17.329327545996374,4.008583830007775,97.44345913847783,2.690465219764042,5.490441213403464,0.44810831821715463,0.8490849269401087,0.40412023840373157,1.0668235602264156,0.2847951511296659,0.10648569753797389,3.699091259900058,-0.40921500422784957,0.9224405722647998,0.8022057211267308,0.9956043869263305,0.804300552820247,0.9635796256520537,0.37386876997495033,0.1981407100285048,3.205510739411829,1.484637382905155,2805.3834222404594,0.2302325336266278,1.5294224569954822,18.83939269593763,11.45539597866229,173.97464095199015,1.2947706178437879,0.08566392396789109,4.760054071603052,3039.428395568322,0.24944016377253359,0.3912219867719771,4.921781703187876,0.48155565947475243,9.421628432201235,0.04001659853842874,2805.3834222404594,0.2302325336266278,1.5294224569954822,18.83939269593763,11.45539597866229,173.97464095199015,1.2947706178437879,0.08566392396789109,3039.428395568322,0.24944016377253359,0.48155565947475243,9.421628432201235,0.04001659853842874,4.760054071603052,0.3912219867719771,4.921781703187876,3.770398176797836,12043.849804148205,0.3866900983801517,0.478643818298781,7223.64310023759,1.4963884368921248,17.527997174597058,5.3961985487703075,90.10026969755346,0.5417847850101677,0.09454220113674108,0.3140228458086289,5.844149774895296,0.027771021962490906,48.04523329266181,0.00042207936655950525,16.26895127217795,0.011265325736044045,0.0227163087795657,099.jpg,/mnt/wangbd8/workspace/DataSets/ThyroidAgent/train_val_test/500_TestData_Malignancy_Cls/images/099.jpg,/mnt/wangbd8/workspace/DataSets/ThyroidAgent/train_val_test/500_TestData_Malignancy_Cls/masks/099.jpg
0.8366767606679714,87.93433287658688,100.42410069301094,4897.0,73.5726127826818,918.8153672641531,0.1876282146751385,4919.0,0.2699863041331938,20.0,67.0,12690954.0,1.8187236538029368,27.0,22.534407998337443,238.0,17.51738273881152,42.75177881683269,37.0,10.0,228.0,11.062838083936551,50.79356831960861,3.5790653555459206,12690954.0,0.34314839203802555,752.2719906353634,5.824568965517241,2.1605603448275863,467.819557338855,33.51905748765453,4.844726330261593,0.2185344827586207,0.913678362293067,0.13706896551724138,0.5790919605446516,0.199746581450654,0.2959295109988109,2.3576658848201144,-0.665840753289287,0.9512853585441541,0.9390035496957403,0.997954323968174,0.9405711206896551,0.9880860518791552,0.10374161877394636,0.4674568965517241,2.2159597114728333,1.2658152032550534,211.21863354037268,0.26238339570232627,3.1900775433046564,11.894409937888199,92.21490683229814,395.57639751552796,36.2257528342715,0.25700626575682034,5.661530735764895,100.60745341614907,0.12497820300142741,0.16365114860744054,54.875975463909576,0.3336235072343544,6.589014596059702,0.04290424530026501,211.21863354037268,0.26238339570232627,3.1900775433046564,11.894409937888199,92.21490683229814,395.57639751552796,36.2257528342715,0.25700626575682034,100.60745341614907,0.12497820300142741,0.3336235072343544,6.589014596059702,0.04290424530026501,5.661530735764895,0.16365114860744054,54.875975463909576,2.744482469044992,2820.484854645253,0.5733858212330256,0.3100311651726045,1687.9469404350477,1.3263503850815823,6.251880463508844,7.453344175645457,38.68855458426509,2.889178201829323,0.3666477517478797,0.18402566013869123,1.8119310609654178,0.05545967430343059,5.673976094216909,0.005861112252989388,7.395329962089436,0.00350230082934736,0.6959449671504723,100.jpg,/mnt/wangbd8/workspace/DataSets/ThyroidAgent/train_val_test/500_TestData_Malignancy_Cls/images/100.jpg,/mnt/wangbd8/workspace/DataSets/ThyroidAgent/train_val_test/500_TestData_Malignancy_Cls/masks/100.jpg
0.7750633577778665,99.69075953245294,111.5212984142491,5939.5,77.26665482264883,905.4600282048254,0.15244718043687608,5952.0,0.30172451115139975,29.0,93.0,25431534.0,2.066973230855691,34.0,5.044434257445372,205.0,19.98929744406868,60.324260752688176,58.0,13.0,192.0,14.511426904796954,65.36643763702317,0.8692408073841893,25431534.0,0.27774548538848426,633.754733996524,9.432967810399717,2.8902546869472943,93.95319185796106,7.463881258020236,4.440504445172123,0.12292182525645559,0.9461273972791013,0.1229218252564556,0.5377016493227996,0.10781205013207701,0.22030311768285227,2.7033820829737487,-0.695550536925631,0.9716127007516548,0.9385390873717723,0.998500953350531,0.9385390873717723,0.9877078174743544,0.1229218252564556,0.3045631411390166,2.580460257717296,1.1408565676071445,272.0312185297079,0.27394886055358303,1.2062929935530589,11.500503524672709,82.65458207452166,692.2275931520644,17.004730896097573,0.15735858793743152,5.754173231299101,109.20140986908359,0.10997120832737521,0.16683467741935484,46.72705311804991,0.29137543923423836,3.68260981950516,0.03682171221749995,272.0312185297079,0.27394886055358303,1.2062929935530589,11.500503524672709,82.65458207452166,692.2275931520644,17.004730896097573,0.15735858793743152,109.20140986908359,0.10997120832737521,0.29137543923423836,3.68260981950516,0.03682171221749995,5.754173231299101,0.16683467741935484,46.72705311804991,3.0790147599597697,3356.8215725806454,0.5639821190491675,0.298610998200659,1653.141129032258,1.122582700131518,9.611895161290322,7.407930107526882,68.26881720430107,1.4697871577802142,0.19143536310662507,0.18076090203106332,1.890802344683393,0.03143454309382679,5.6646965584402125,0.005442669541625174,5.120824306646665,0.00369877252414152,0.3095729004843279,101.jpg,/mnt/wangbd8/workspace/DataSets/ThyroidAgent/train_val_test/500_TestData_Malignancy_Cls/images/101.jpg,/mnt/wangbd8/workspace/DataSets/ThyroidAgent/train_val_test/500_TestData_Malignancy_Cls/masks/101.jpg
0.5469594994457705,278.242552422661,276.5863337187866,32880.5,152.1874071976122,830.208152801714,0.025249255723049042,32881.0,0.7742605729901654,36.0,95.0,160089243.0,1.9648331578584335,32.0,2.8625558020104305,166.0,18.441574230369742,65.92813478908792,65.0,5.0,161.0,13.35381008899934,69.77640128010997,0.17641635389083996,160089243.0,0.29455177177953745,522.2272188347866,10.748143167160803,3.150655622459271,34.40750162418684,0.8740817754443599,3.438752750789895,0.15270348748357124,0.9149629134520758,0.1527034874835712,0.6165646350358599,0.12938513239392602,0.21884112373028075,2.7010749140984838,-0.6251140395223068,0.9561577188110489,0.9236482562582142,0.9969459302503285,0.9236482562582142,0.9809120640645534,0.1527034874835712,0.34789253293394873,2.5483714266149144,0.8978640595683666,1388.489534883721,0.2690871191635118,1.0687269019289707,11.387015503875968,74.12771317829457,747.6139534883721,10.885079973720753,0.15501232114292746,5.9987846432927725,457.8410852713178,0.08872889249444144,0.15692953377330374,33.521673840213936,0.16458144636915398,1.8912070446548988,0.02963465868286661,1388.489534883721,0.2690871191635118,1.0687269019289707,11.387015503875968,74.12771317829457,747.6139534883721,10.885079973720753,0.15501232114292746,457.8410852713178,0.08872889249444144,0.16458144636915398,1.8912070446548988,0.02963465868286661,5.9987846432927725,0.15692953377330374,33.521673840213936,2.922784540341465,18818.64423223138,0.5723257879088647,0.24485187259873517,9685.156807882971,0.8981564554708006,10.837687418265867,7.460204981600317,80.00632584167148,1.0900435322289455,0.1475084140080208,0.16371663473333128,1.8034545448401478,0.02489724661349141,55.981243035326784,0.0007176759095550686,3.348144590716383,0.006467237406753676,0.015813552090117113,102.png,/mnt/wangbd8/workspace/DataSets/ThyroidAgent/train_val_test/500_TestData_Malignancy_Cls/images/102.png,/mnt/wangbd8/workspace/DataSets/ThyroidAgent/train_val_test/500_TestData_Malignancy_Cls/masks/102.png
0.8480915437550062,63.239700904734825,70.68238818828917,2584.0,53.63305556690142,600.9676041556494,0.2325726022274185,2592.0,0.2998472880058438,56.10000000000002,140.0,26280756.0,2.3563369722745287,48.0,2.2156335466883617,178.0,25.672220317024845,95.88117283950618,94.0,36.0,142.0,19.344421292051866,100.69349807984403,0.2237201358426429,26280756.0,0.21312401167885994,945.9812504762995,12.264851485148517,3.2749587458745877,89.15563678757265,3.0244304214444737,6.2747359667897475,0.11674917491749175,0.9634672780022121,0.11674917491749176,0.5199437096170103,0.10311880507357667,0.17254818767767863,2.9519045812803744,-0.7375103157327096,0.9839803846654089,0.9416254125412542,0.9976650165016502,0.9416254125412542,0.9854063531353136,0.11674917491749176,0.2334983498349835,2.835155406362884,1.5978712854268098,95.58980044345898,0.21195077703649443,1.669824632130619,16.248337028824835,61.97339246119734,638.1773835920177,12.642230807326625,0.12715012242886808,5.809035218161179,46.40576496674058,0.10289526600164207,0.1739969135802469,28.942758393518222,0.27366420675454517,5.564902180566164,0.02332512627705187,95.58980044345898,0.21195077703649443,1.669824632130619,16.248337028824835,61.97339246119734,638.1773835920177,12.642230807326625,0.12715012242886808,46.40576496674058,0.10289526600164207,0.27366420675454517,5.564902180566164,0.02332512627705187,5.809035218161179,0.1739969135802469,28.942758393518222,3.365478957206156,1428.6697530864199,0.551184318320378,0.30096819749276027,552.417438271605,1.6294956704389574,12.817901234567902,7.334104938271605,88.64120370370371,1.2950034227940146,0.16780649206699141,0.18207733196159123,2.6836634087791493,0.026618565779077983,3.0608257169870785,0.01668039538714992,2.185208725213801,0.008786320165965497,0.2889982543588449,103.jpg,/mnt/wangbd8/workspace/DataSets/ThyroidAgent/train_val_test/500_TestData_Malignancy_Cls/images/103.jpg,/mnt/wangbd8/workspace/DataSets/ThyroidAgent/train_val_test/500_TestData_Malignancy_Cls/masks/103.jpg
0.7015589307905329,445.2117028381073,470.8683467807111,107439.5,312.342246218535,2139.702668891908,0.019915419086014997,107428.0,0.5430420910019246,27.0,113.0,622468850.0,2.4243488608631494,48.0,3.664678468535662,239.0,26.708574516843303,68.60855642849164,67.0,0.0,239.0,19.77265425710195,76.12022551805002,0.5883072135217883,622468850.0,0.20972442573490127,1087.1547177172706,12.388505962122984,3.259747486555997,180.3865714991292,9.93930731569113,7.171967385817611,0.12175824175824175,0.9666128812693742,0.10232405891980359,0.4825847275136687,0.11128802872441831,0.17537933144912382,2.9707901459531283,-0.7733712139075642,0.9881244038352834,0.9506304647504223,0.9988226057061813,0.9510644532772191,0.9908287908802287,0.09382732964435091,0.24152443301379473,2.8551668084034687,1.823431406893963,1950.72408691632,0.18037208385726491,2.8368012013929897,15.65538603791031,239.89422098936663,2452.663985205733,46.31017881859084,0.18399815039626918,7.180891451382243,656.3634766527971,0.060690104175015906,0.10067207804296831,141.22494682455257,0.1626619363422554,3.999703384002606,0.025868410190611875,1950.72408691632,0.18037208385726491,2.8368012013929897,15.65538603791031,239.89422098936663,2452.663985205733,46.31017881859084,0.18399815039626918,656.3634766527971,0.060690104175015906,0.1626619363422554,3.999703384002606,0.025868410190611875,7.180891451382243,0.10067207804296831,141.22494682455257,3.1688123378509188,73938.5847265145,0.6882617634742758,0.1837409791102989,22530.275607848977,1.8307011910509459,12.46253304538854,8.016215511784637,97.0406318650631,1.510246228157179,0.18800796306893608,0.14608388874408906,2.0175983501094277,0.02707692102651783,54.27363142745817,0.0004975747941544707,4.943728664258033,0.003952988540704326,0.028922535085379755,104.jpg,/mnt/wangbd8/workspace/DataSets/ThyroidAgent/train_val_test/500_TestData_Malignancy_Cls/images/104.jpg,/mnt/wangbd8/workspace/DataSets/ThyroidAgent/train_val_test/500_TestData_Malignancy_Cls/masks/104.jpg
0.7657266889249206,120.72688262010459,124.67958934805648,8689.5,92.44379609292024,401.98275605729725,0.04626074642468465,8690.0,0.822043694319627,93.0,159.0,137902875.0,2.106033470681381,35.0,3.2290605858602537,215.0,20.76483737904897,123.26225546605293,120.0,64.0,151.0,14.6164165285336,125.97279694291245,0.6386575460009855,137902875.0,0.2695629143983866,675.5619470417568,12.870644447034143,3.4344481995105465,66.27801011860173,6.007675576222945,4.47867479884614,0.17783475119449946,0.9236188611734091,0.1778347511944995,0.675317304236019,0.14620955246208997,0.19049886776493125,2.9185355765854095,-0.6117403872846152,0.9610549620038615,0.9110826244027502,0.99644330497611,0.9110826244027502,0.9777706561006876,0.1778347511944995,0.31674629996503906,2.740700825390912,1.1641273875101599,405.5553516819572,0.2480460866556313,1.3239476662084186,13.520489296636086,49.904587155963306,624.5877675840978,5.700238747078852,0.1224480989133676,5.792869953154916,171.81223241590214,0.10508393419932853,0.18814729574223246,21.6555246939558,0.1927126543443775,2.6842389732498324,0.027887991410514602,405.5553516819572,0.2480460866556313,1.3239476662084186,13.520489296636086,49.904587155963306,624.5877675840978,5.700238747078852,0.1224480989133676,171.81223241590214,0.10508393419932853,0.1927126543443775,2.6842389732498324,0.027887991410514602,5.792869953154916,0.18814729574223246,21.6555246939558,3.150724084921738,4586.908400460299,0.5278375604672381,0.2777349465875489,2342.501726121979,1.1698888184109084,13.010932105868815,7.1615650172612195,92.25857307249713,0.8228467965628906,0.11628089471308278,0.1765247410817031,2.335193709244342,0.021367311276895364,16.694187865195065,0.0025602532323197058,3.6158074447230564,0.009715417306711226,0.050644604905428714,105.png,/mnt/wangbd8/workspace/DataSets/ThyroidAgent/train_val_test/500_TestData_Malignancy_Cls/images/105.png,/mnt/wangbd8/workspace/DataSets/ThyroidAgent/train_val_test/500_TestData_Malignancy_Cls/masks/105.png
0.10614269665192826,407.76936360020017,288.9169430822637,5612.0,43.281739864565886,1127.8031739553276,0.20096278937194004,5614.0,0.23546721690535108,67.0,126.0,53379040.0,1.984090527022993,30.0,4.157928022740578,207.0,18.50221575685703,94.59957249732811,92.0,43.0,164.0,13.02433089522283,97.51000423677455,0.8724866836776121,53379040.0,0.29402954520157953,559.1218095785525,11.68969401163882,3.280364182466679,56.96997083675678,5.543967441651566,3.834072531245365,0.11845316313121833,0.9400620401786397,0.11845316313121834,0.5248981249982065,0.10442201127542731,0.23495750720594183,2.5852643581948964,-0.6900438236012538,0.9666264617100007,0.940773418434391,0.9981776436441352,0.940773418434391,0.9868385374298647,0.11845316313121834,0.3707527689130843,2.4668111950636806,0.9881314235941459,250.36165577342047,0.27272511522159093,1.2062264750974223,13.555555555555555,77.26579520697167,797.2843137254902,10.47337351298544,0.11092517099432367,5.8437942902857225,88.3115468409586,0.0961999420925475,0.16351977199857498,39.86684133832667,0.24662358587143546,3.8739659143341156,0.02412102793047142,250.36165577342047,0.27272511522159093,1.2062264750974223,13.555555555555555,77.26579520697167,797.2843137254902,10.47337351298544,0.11092517099432367,88.3115468409586,0.0961999420925475,0.24662358587143546,3.8739659143341156,0.02412102793047142,5.8437942902857225,0.16351977199857498,39.86684133832667,2.985689308974105,3180.195938724617,0.5664759420599603,0.28064755917727696,1650.6818667616672,1.0038567444689208,11.901852511578197,7.425365158532241,85.9321339508372,0.9165948941623913,0.1213623269934978,0.17503859399121247,2.2380457586193248,0.020270494771982867,5.829286035958013,0.005560375736398177,3.529971761507469,0.004157404579426862,0.1890249141246073,106.jpg,/mnt/wangbd8/workspace/DataSets/ThyroidAgent/train_val_test/500_TestData_Malignancy_Cls/images/106.jpg,/mnt/wangbd8/workspace/DataSets/ThyroidAgent/train_val_test/500_TestData_Malignancy_Cls/masks/106.jpg
0.7315196468924536,193.14383677937903,200.38463014912097,21291.5,141.28851128030504,638.1665222413712,0.02997283057752489,21292.0,0.810539237955002,91.0,155.0,336746030.0,2.106287098328396,33.0,3.197378709511901,219.0,20.02814546975861,123.21134698478302,122.0,47.0,172.0,14.153527850668192,125.76014037148603,0.2829509496527637,336746030.0,0.2712627454491688,634.5768804512717,20.684685962920923,4.435679152478245,57.50467451466454,2.4473526383351913,4.225222029392813,0.18747635262958756,0.9150287028937313,0.18738176314793792,0.6964954254554954,0.15236442746915763,0.18675661878534938,2.9560629602046067,-0.5965475375459146,0.9586315842634282,0.906318577374196,0.9971158768230945,0.9063248833396392,0.9791808550889141,0.18729899735149447,0.2910045402951192,2.7680649519494627,1.1031745955056003,1055.1431005110733,0.25678829411318405,1.2234716650751092,21.463616451691408,43.56972499391579,863.5293258700414,2.755705025581255,0.06139736987112522,5.741503790622614,444.32489656850817,0.1081345574515717,0.19298328010520382,16.71871461306793,0.17589360684654096,3.768103660934299,0.011673269969128717,1055.1431005110733,0.25678829411318405,1.2234716650751092,21.463616451691408,43.56972499391579,863.5293258700414,2.755705025581255,0.06139736987112522,444.32489656850817,0.1081345574515717,0.17589360684654096,3.768103660934299,0.011673269969128717,5.741503790622614,0.19298328010520382,16.71871461306793,3.155558940848114,11119.254931429645,0.5222268895091886,0.2738177159586168,5775.726376103701,1.10297987822475,20.80386999812136,7.106988540296825,146.58829607364268,0.43771071970650616,0.06151101299371273,0.17596854321915378,3.6988305466842006,0.010919766157675488,24.95848870140506,0.0009757837708625797,5.0702080041982125,0.007233855981889195,0.026012291397703256,107.png,/mnt/wangbd8/workspace/DataSets/ThyroidAgent/train_val_test/500_TestData_Malignancy_Cls/images/107.png,/mnt/wangbd8/workspace/DataSets/ThyroidAgent/train_val_test/500_TestData_Malignancy_Cls/masks/107.png
0.7790657127838062,216.2270180540386,231.81458107720488,26803.5,168.45505594338653,819.7645019878182,0.030584233476516808,26804.0,0.7079646574893625,64.0,173.0,361588289.0,2.6437036079761675,53.0,3.106871425388643,255.0,33.24311932686346,108.54353827786898,98.0,20.0,235.0,23.406688697736957,116.14683331893477,0.8359933473148917,361588289.0,0.19271750429327167,1708.387188137208,26.239502741681065,4.850202809284158,382.1516139363812,30.655818259258947,11.055402073887157,0.19526027191466988,0.9652891063809179,0.19405843911965748,0.714520162624053,0.15760159412111202,0.1330874808205551,3.523228030054385,-0.6660292254339614,0.9850617057635812,0.9030909637196725,0.9983999788201597,0.9031710859060066,0.9838361674630735,0.1930068354240216,0.26267558025989635,3.323312354036858,2.8126655864504566,914.3739913679865,0.17158453581684865,3.0558254646828305,28.432538937887035,44.2938637643085,1052.9390129480203,2.742786379982862,0.05776193551660622,6.284470654701247,597.3103771814599,0.11208676621907673,0.19881360990896882,18.994606109582634,0.21307861486410382,6.320831001379725,0.01219852213611422,914.3739913679865,0.17158453581684865,3.0558254646828305,28.432538937887035,44.2938637643085,1052.9390129480203,2.742786379982862,0.05776193551660622,597.3103771814599,0.11208676621907673,0.21307861486410382,6.320831001379725,0.01219852213611422,6.284470654701247,0.19881360990896882,18.994606109582634,3.722939462142792,13803.40046261752,0.5149753940687032,0.2918254399037614,5165.599985076854,2.81976586250115,26.404044172511565,7.064169526936278,182.65214147142217,0.42433213720067037,0.05957146522067486,0.1823193884826477,4.975623455868942,0.01073409397470916,16.84510320332583,0.0011151539579374278,9.91500111113279,0.009420131915737246,0.06310836249154418,108.png,/mnt/wangbd8/workspace/DataSets/ThyroidAgent/train_val_test/500_TestData_Malignancy_Cls/images/108.png,/mnt/wangbd8/workspace/DataSets/ThyroidAgent/train_val_test/500_TestData_Malignancy_Cls/masks/108.png
0.8210164155759835,174.72258441649413,182.1318203939114,19140.5,143.4501099778022,588.7106781186552,0.030757330169987995,19141.0,0.8330664760038455,69.0,138.0,224992695.0,2.200641823237095,38.0,3.3862272463640184,233.0,22.097636210740575,104.8887205475158,105.0,27.0,206.0,16.037282678422518,108.41812625103701,0.30467499942281523,224992695.0,0.24953296511914702,752.8464016909361,14.87869059523183,3.699226356507552,83.40509065820106,3.5652239823175247,4.954703147716575,0.17704331350981528,0.9310007558450166,0.17683279827377507,0.6741450135540221,0.14577347496448165,0.17563304368062907,3.019782706628833,-0.6271522578435974,0.9678051259092949,0.9116046523867164,0.9978411164193804,0.9116186867357857,0.9823186339474955,0.17664859744223987,0.28219567391189937,2.841833723323865,1.2829366153065975,823.5197255574614,0.2354258792331222,1.467029350431726,15.877930245854774,53.398227558604916,758.2990280160092,5.6401873863944285,0.10739210527348816,5.937939350866816,364.9668381932533,0.10433585997520105,0.1827490726712293,23.45561876246526,0.1835645531011234,3.1187872654593414,0.02163595117737863,823.5197255574614,0.2354258792331222,1.467029350431726,15.877930245854774,53.398227558604916,758.2990280160092,5.6401873863944285,0.10739210527348816,364.9668381932533,0.10433585997520105,0.1835645531011234,3.1187872654593414,0.02163595117737863,5.937939350866816,0.1827490726712293,23.45561876246526,3.2299020003228716,10234.299827595214,0.5346794748234269,0.2698383039122386,4776.310485345593,1.2841560596285015,15.01760618567473,7.210438326106264,106.80664542082441,0.7510207412607444,0.10473125368127464,0.173464175214345,2.6778265387272233,0.01852377700722268,19.87573243961428,0.0012495376903123882,6.675916409787075,0.0061423970251982965,0.052567006573090956,109.png,/mnt/wangbd8/workspace/DataSets/ThyroidAgent/train_val_test/500_TestData_Malignancy_Cls/images/109.png,/mnt/wangbd8/workspace/DataSets/ThyroidAgent/train_val_test/500_TestData_Malignancy_Cls/masks/109.png
0.6589396053925844,286.58366278240385,281.18677067031444,42355.5,188.84132566579868,883.7228714274754,0.02086441835009563,42356.0,0.8255506875595457,72.0,156.0,549446548.0,2.3901630559588525,46.0,3.0792935311735747,249.0,26.509206392994592,109.09613750118046,103.0,35.0,214.0,19.094441603788933,113.89515626257966,0.6828862675160828,549446548.0,0.22072623174946543,1070.1394024009633,16.6968460991226,3.8724922930993597,149.55452447010924,12.100970277814804,6.98799061512879,0.18539245909414276,0.9483110110875469,0.18506046952810054,0.6925875339997372,0.15114508171218174,0.1540132709789621,3.23826044080016,-0.6448481049839633,0.9767935296981483,0.9075029641925539,0.9977394021397982,0.90752509683029,0.9814969711341539,0.1847699786578136,0.2723974389376334,3.051521487004809,1.7933457685557328,1607.974570963297,0.2014248491749088,2.008266564319654,18.000250532381312,50.68144807716397,774.6924715019417,5.191770258200478,0.09778464552271839,6.117883944762231,854.129650507328,0.10699356764466092,0.188473887996978,22.530202152453835,0.19728727681995978,3.743484895894957,0.02122622236923977,1607.974570963297,0.2014248491749088,2.008266564319654,18.000250532381312,50.68144807716397,774.6924715019417,5.191770258200478,0.09778464552271839,854.129650507328,0.10699356764466092,0.19728727681995978,3.743484895894957,0.02122622236923977,6.117883944762231,0.188473887996978,22.530202152453835,3.4392113260411294,22339.8698649542,0.5274310573461658,0.27914939579942627,9349.080271980358,1.794389174835185,16.79473982434602,7.1595523656624795,118.07559731797149,0.6960985351987512,0.09726533361321987,0.17699840505346218,3.0677930976589964,0.017457207591642664,45.302534110562206,0.0006306499524775422,6.511319216481626,0.00887535489961213,0.023224630895016994,110.png,/mnt/wangbd8/workspace/DataSets/ThyroidAgent/train_val_test/500_TestData_Malignancy_Cls/images/110.png,/mnt/wangbd8/workspace/DataSets/ThyroidAgent/train_val_test/500_TestData_Malignancy_Cls/masks/110.png
0.5040093210077035,272.51303693315214,267.46962444359923,29293.5,137.3491107104252,758.7523086789981,0.02590172934879745,29294.0,0.7996326870582435,63.0,136.0,308131786.0,2.2752971248365292,36.0,3.165581981790848,209.0,22.348555598318406,98.49962449648392,97.0,0.0,209.0,15.306969228237696,102.56021249557402,0.0708911731779928,308131786.0,0.24652232917813277,816.4211611889621,21.1538698947224,4.455985734371249,91.32335001013024,0.9349566347878763,5.360002426537568,0.16775830732828093,0.9393033398495308,0.16775830732828093,0.6525509543157919,0.13961545765063096,0.17691680971493143,3.0687464864740264,-0.6497965402149453,0.9735782388942524,0.9161208463358596,0.9979541669838015,0.9161208463358596,0.9832241692671719,0.16775830732828093,0.29683481362093206,2.900988179145748,1.3819401834664622,1161.1365174129353,0.23107194376376822,1.5170668448800773,21.64099502487562,60.44298507462687,1244.212537313433,4.166359654329762,0.06987781898644846,6.097122527864542,491.1309452736318,0.09773750154699141,0.17153683348125895,26.458145649860157,0.1657481057836434,3.55195284639946,0.012425721343450777,1161.1365174129353,0.23107194376376822,1.5170668448800773,21.64099502487562,60.44298507462687,1244.212537313433,4.166359654329762,0.06987781898644846,491.1309452736318,0.09773750154699141,0.1657481057836434,3.55195284639946,0.012425721343450777,6.097122527864542,0.17153683348125895,26.458145649860157,3.274591726519575,16105.464736806172,0.5497871487951858,0.2563702344175154,7221.625110944221,1.3866164549702094,21.23827404929337,7.315627773605517,154.6795930907353,0.5051103157635892,0.06916960788617933,0.16823126465032656,3.59185612525887,0.011763752782052245,24.51913904934474,0.000861801936827335,5.894964766660144,0.006392127982064656,0.030915427457315084,111.png,/mnt/wangbd8/workspace/DataSets/ThyroidAgent/train_val_test/500_TestData_Malignancy_Cls/images/111.png,/mnt/wangbd8/workspace/DataSets/ThyroidAgent/train_val_test/500_TestData_Malignancy_Cls/masks/111.png
0.6498660082357298,67.08149509075335,70.83784299369935,2210.5,43.593983441112584,514.4995667241135,0.23275257485822823,2226.0,0.3239404478466903,43.0,139.5,22039882.0,2.6619698858490177,51.75,5.203129548780466,255.0,32.18229548850512,89.84366576819407,84.0,7.0,248.0,21.29857497610096,99.504346661301,1.2471867614426788,22039882.0,0.19045076200647576,1829.2307258253963,18.631528046421664,4.020551257253385,679.8836875518006,48.092794440506,10.780225476918243,0.9134429400386848,0.8437713628489575,0.4424564796905224,1.234499360003056,0.7176752036185553,0.10406245674157935,4.077161298757332,-0.4488670287430919,0.9516046079074157,0.8165599588315483,0.9932673655854085,0.8238745740075526,0.9656486057573354,0.28142976936100045,0.19294003868471954,3.4191974020861524,2.923417104239231,139.81534772182255,0.16764430182472728,3.3710082293877126,23.298561151079138,15.43884892086331,250.8800959232614,1.7607387094203872,0.0969623848499644,5.111606455065304,237.77218225419665,0.28509853987313744,0.3746630727762803,8.314942290771699,0.5389376394491542,13.99640032939913,0.053530412892986025,139.81534772182255,0.16764430182472728,3.3710082293877126,23.298561151079138,15.43884892086331,250.8800959232614,1.7607387094203877,0.0969623848499644,237.77218225419665,0.28509853987313744,0.5389376394491542,13.99640032939913,0.053530412892986025,5.111606455065305,0.3746630727762803,8.314942290771699,4.07627682767707,827.9191374663072,0.3719313286012162,0.5346468954260237,423.9433962264151,3.009802473261762,19.8544474393531,5.600179694519317,100.63522012578616,0.5865990146062894,0.10165034009470869,0.32115403813517024,7.453004891684136,0.03208871827400909,3.0059698970056066,0.00736197536417139,20.38996438098592,0.02057669419358078,0.43641937738103287,112.jpg,/mnt/wangbd8/workspace/DataSets/ThyroidAgent/train_val_test/500_TestData_Malignancy_Cls/images/112.jpg,/mnt/wangbd8/workspace/DataSets/ThyroidAgent/train_val_test/500_TestData_Malignancy_Cls/masks/112.jpg
0.4355149318744136,588.2300186951966,577.8061958823217,116670.5,256.18295651852355,1612.3330444827297,0.013819543453424213,116671.0,0.7509840387150749,97.0,165.0,2076668780.0,2.1582571839882254,32.0,3.4122616383148765,237.0,20.259986319351476,130.79126775291203,132.0,25.0,212.0,13.624277562811564,133.41423085754982,-0.20952879032146196,2076668780.0,0.26958418151337554,693.0012748976753,23.59196261361098,4.742371527240865,70.53605843456945,-1.8598462219997478,4.573822686672161,0.16632304176760648,0.9298236588931401,0.16632304176760648,0.6492239357412537,0.1386596875447775,0.19444404862460996,2.9436282129162747,-0.6357418160826558,0.9672911056472786,0.9168384791161968,0.9979716702223462,0.9168384791161968,0.9833676958232394,0.16632304176760648,0.33261172104530695,2.777305171148671,1.1850364321099418,4912.079486395598,0.2502842905531233,1.3288927586653045,23.529094058901457,62.46708447977173,1488.4911851625395,3.3602595842985035,0.06010066539353946,6.063402654924868,1849.992255171711,0.09426231810719,0.16821660909737637,27.127433866768264,0.16691265389900248,3.876389881168043,0.011266818589675091,4912.079486395598,0.2502842905531233,1.3288927586653045,23.529094058901457,62.46708447977173,1488.4911851625395,3.3602595842985035,0.06010066539353946,1849.992255171711,0.09426231810719,0.16691265389900248,3.876389881168043,0.011266818589675091,6.063402654924868,0.16821660909737637,27.127433866768264,3.1505576623715905,64719.43781230983,0.554717434600799,0.2549075890274324,31452.656041347036,1.1859493915927435,23.67740055369372,7.3494955901637935,174.2528820358101,0.41003642718467515,0.056542865737776,0.16751234954130279,3.9551883311000826,0.009778335288399349,92.31246526410764,0.0002016150127884117,5.880663696740345,0.005410410772124739,0.007438898829724928,113.png,/mnt/wangbd8/workspace/DataSets/ThyroidAgent/train_val_test/500_TestData_Malignancy_Cls/images/113.png,/mnt/wangbd8/workspace/DataSets/ThyroidAgent/train_val_test/500_TestData_Malignancy_Cls/masks/113.png
0.7093691289939541,70.27418395485627,75.58438992278762,2625.0,49.85033666281729,645.2102448427688,0.24579437898772144,2641.0,0.2814934742641954,32.0,99.0,13509955.0,2.0782306006359597,42.0,2.1067263118174413,139.0,21.576436071095692,66.87504733055661,69.0,14.0,125.0,16.723059150885682,71.52251057619235,0.02116548816433453,13509955.0,0.26203959608773253,643.1975636573586,10.759934453092995,3.1179844326095862,40.25830420099325,0.7340880356006694,4.27778858403677,0.12535845964768538,0.9430596078650197,0.12535845964768538,0.5445699199129775,0.10964371624244504,0.2079043299794025,2.701280587367033,-0.689753310938398,0.9704698318961734,0.9373207701761572,0.9966119335230355,0.9373207701761572,0.9820916486217591,0.12535845964768538,0.26792298238426876,2.5759221277193496,1.1007867609211142,137.97233201581028,0.2726725929166211,1.1254823540439627,13.920948616600791,55.405138339920946,513.0573122529644,9.542108585858585,0.12752250768555115,5.391740007653763,59.39525691699605,0.1173819306660001,0.19159409314653542,28.163340311518688,0.28490827752990655,4.830743053358637,0.022914367042299075,137.97233201581028,0.2726725929166211,1.1254823540439627,13.920948616600791,55.405138339920946,513.0573122529644,9.542108585858585,0.12752250768555115,59.39525691699605,0.1173819306660001,0.28490827752990655,4.830743053358635,0.022914367042299075,5.391740007653764,0.19159409314653542,28.163340311518688,3.1239890739102427,1386.9598636879969,0.5251646587232097,0.31889949090170855,692.0465732677017,1.1237479177064096,11.305187429004166,7.166603559257857,76.53653918970087,1.1659069586436113,0.15607440363498676,0.18955362026168537,2.4436030123269807,0.025828202934728237,4.573369211405755,0.01253143534994069,1.7028596727723198,0.00907735286295724,0.1550998674744415,114.jpg,/mnt/wangbd8/workspace/DataSets/ThyroidAgent/train_val_test/500_TestData_Malignancy_Cls/images/114.jpg,/mnt/wangbd8/workspace/DataSets/ThyroidAgent/train_val_test/500_TestData_Malignancy_Cls/masks/114.jpg
0.7389665995876545,176.56948442378243,174.25555945220228,18035.5,130.47895149558784,572.610173055267,0.03174906007902564,18036.0,0.8313998961816778,67.0,163.0,257203587.0,2.6262316827739127,48.0,3.002473585124435,240.0,29.249937085244017,113.54740518962076,112.0,8.0,232.0,20.28522829047643,119.41761608992815,0.25687295118831843,257203587.0,0.18983028374143018,1367.5538073055486,27.622675230382573,5.04872940519408,231.8322096475248,6.8545682093396705,8.775813145818075,0.2437866517732477,0.945942911604936,0.24333984920413293,0.8027603045834688,0.18457236956255751,0.1165951844421374,3.6433706717022636,-0.609640347083967,0.979303935442984,0.878374755654845,0.99758652599305,0.878404542492786,0.9778815803948449,0.24294889695615748,0.21418598156939403,3.397800074831562,2.254899949397831,808.413916146298,0.1802885629229032,2.4468923005854495,29.117528991971454,26.955396966993757,697.3978590544157,1.5584429710426975,0.05614110960776751,5.845750003660742,649.599910793934,0.14487063130997635,0.24861388334442228,10.776487477330438,0.25473237669756243,7.615086587807469,0.014597497468198273,808.413916146298,0.1802885629229032,2.4468923005854495,29.117528991971454,26.955396966993757,697.3978590544157,1.5584429710426975,0.05614110960776751,649.599910793934,0.14487063130997635,0.25473237669756243,7.615086587807469,0.014597497468198273,5.845750003660742,0.24861388334442228,10.776487477330438,3.8084470858893513,8486.254934575294,0.47051757233174174,0.32905640875662245,3423.7789975604346,2.2724878721401978,27.79862497227767,6.592925260589931,180.17431803060546,0.37080960633567556,0.05620703992654371,0.204328996328331,5.825854463911682,0.011503666379250307,14.34149581230403,0.0013179393978056046,9.496247505446032,0.011482556816794744,0.052294013939121683,115.png,/mnt/wangbd8/workspace/DataSets/ThyroidAgent/train_val_test/500_TestData_Malignancy_Cls/images/115.png,/mnt/wangbd8/workspace/DataSets/ThyroidAgent/train_val_test/500_TestData_Malignancy_Cls/masks/115.png
0.6368464436753047,243.2829257698273,244.2642012248213,29360.0,154.93386608343766,2272.802307403491,0.07741152273172652,29383.0,0.26725220433020946,48.0,95.0,160549891.0,1.713093980932273,22.0,14.808634056449758,235.0,15.10171948771691,70.60242316986012,68.0,24.0,211.0,9.752520060505597,73.91914586385916,2.3183895393161786,160549891.0,0.3852228127102044,479.3379677864856,11.651649459450065,3.3079570341015745,113.75798248971215,9.99921114034795,2.973310895803406,0.1370320158514965,0.9118862326478421,0.1125595300170334,0.5189051149788243,0.12436236805384104,0.3315476758618576,2.2301200802947063,-0.6657423014837801,0.9444495676578428,0.9461184077343523,0.9986698637140194,0.9468864787198293,0.9899393256886215,0.09941899089620436,0.5134355337713352,2.1047204184340074,0.7775857279137258,931.7012482662968,0.2584469482014693,2.0625772880553863,16.616643550624133,162.2477115117892,1669.7384188626907,18.138416988596433,0.09601289370219757,6.303522696254891,297.63411927877945,0.08256147552809416,0.12268999081101317,95.815037751928,0.2472709941398502,6.516374600250594,0.017560554971084812,931.7012482662968,0.2584469482014693,2.0625772880553863,16.616643550624133,162.2477115117892,1669.7384188626907,18.138416988596433,0.09601289370219757,297.63411927877945,0.08256147552809416,0.2472709941398502,6.516374600250594,0.017560554971084812,6.303522696254891,0.12268999081101317,95.815037751928,2.5249060466737197,18976.546472450056,0.6458342059166884,0.23329171059814144,11319.001905863935,0.8418781944332886,11.981519926488104,7.821223156246809,88.82683864819793,0.8624682374017875,0.10857065196471649,0.15989593377879122,2.31928704050339,0.01629214445274902,20.564652058156913,0.0010101044651804876,5.67456214497684,0.0019817550436749976,0.08846784203143446,116.jpg,/mnt/wangbd8/workspace/DataSets/ThyroidAgent/train_val_test/500_TestData_Malignancy_Cls/images/116.jpg,/mnt/wangbd8/workspace/DataSets/ThyroidAgent/train_val_test/500_TestData_Malignancy_Cls/masks/116.jpg
0.8167689141145067,234.95497913556187,258.25955935840983,34724.0,191.90392317434944,2134.108873227544,0.06145918883848473,34707.0,0.3095303467727979,34.0,104.0,202210719.0,2.1896903781748827,33.0,4.820951389365635,233.0,21.07412774469464,71.11865041634252,71.0,8.0,225.0,14.222191914145853,76.32969882902452,0.6493148457619725,202210719.0,0.2619398896814508,768.3604862876509,12.441654183922225,3.3529679560607395,106.47747579968826,5.477644283499456,4.909561205162283,0.11252092695391665,0.9551895313561897,0.09413457867066115,0.4546955984040074,0.10365960805241375,0.22505535030549725,2.6871044448681296,-0.7630507148782943,0.981669480891297,0.9546364242030613,0.998912071833311,0.95503862307986,0.991566412264271,0.08615245918224154,0.33130672305930037,2.5788040141769226,1.2555205330290502,762.4406964091404,0.20741041795678464,2.175014001356918,15.124047878128401,211.53182807399347,2488.6806311207833,27.932873342474156,0.14473010242463968,6.867688442129504,268.40805223068554,0.07301633629779258,0.10591523323825165,122.38966952949522,0.2195754924870939,4.3317499158373325,0.02895709992034956,762.4406964091404,0.20741041795678464,2.175014001356918,15.124047878128401,211.53182807399347,2488.6806311207833,27.932873342474156,0.14473010242463968,268.40805223068554,0.07301633629779258,0.2195754924870939,4.3317499158373325,0.02895709992034956,6.867688442129504,0.10591523323825165,122.38966952949522,2.9649579630522647,23623.025816117784,0.6806415367539052,0.20187922927549912,9091.147751174114,1.29367055739468,12.585299795430316,7.975768576944132,97.97637364220475,1.1347553824149796,0.1426271034545808,0.15120228708265704,2.065574347794072,0.02145080791577254,17.124729680063705,0.0013494145664805959,4.682111753327651,0.0026278207363449723,0.08902744381576598,117.jpg,/mnt/wangbd8/workspace/DataSets/ThyroidAgent/train_val_test/500_TestData_Malignancy_Cls/images/117.jpg,/mnt/wangbd8/workspace/DataSets/ThyroidAgent/train_val_test/500_TestData_Malignancy_Cls/masks/117.jpg
0.2861345836059534,375.82152212522055,329.6209944769902,26813.0,107.53553474345557,1280.1147904132558,0.04774231866681296,26804.0,0.45344928419698854,54.0,116.0,201306101.0,2.038068550093796,32.0,3.3990980617472326,203.0,19.422361354098765,83.14262796597522,81.0,10.0,193.0,13.676655361927974,86.66199131508412,0.5794212903569009,201306101.0,0.2855904862306532,597.604153607151,15.664215408982917,3.844910811931968,50.154354754710646,4.218565251020713,3.8297613929283436,0.30625636384206356,0.8519076165276414,0.3009767319078327,0.8993700018567615,0.2156693706921442,0.1597733706209561,3.1707619507737266,-0.44392643555699907,0.9144433592389085,0.8500342732409177,0.9962709789176603,0.8503331196339456,0.9699491762903915,0.2968716609470654,0.25972017950748577,2.850405181455192,1.0340044391926015,2154.545831301804,0.2626213836301565,1.18911995397234,16.57398829839103,17.65407118478791,262.6777181862506,1.5217378237648147,0.08452556519203742,5.012121550473324,1458.2203803022915,0.1777450487935509,0.3060737203402477,6.979562002671516,0.3590682427943904,6.145984824932705,0.03097369257994989,2154.545831301804,0.2626213836301565,1.18911995397234,16.57398829839103,17.65407118478791,262.6777181862506,1.5217378237648147,0.08452556519203742,1458.2203803022915,0.1777450487935509,0.3590682427943904,6.145984824932705,0.03097369257994989,5.012121550473324,0.3060737203402477,6.979562002671516,3.3519851801266096,11481.370467094464,0.4283454136358179,0.40135370815230675,7654.967392926429,1.035142159944633,15.830249216534845,6.103193553201015,94.56618415161915,0.5173381771436155,0.08463992740274023,0.24622154239002472,4.030495033908704,0.02095703748839264,44.87266057581073,0.0005126263352867507,10.480517975249247,0.00775275289542177,0.022496905568947564,118.jpg,/mnt/wangbd8/workspace/DataSets/ThyroidAgent/train_val_test/500_TestData_Malignancy_Cls/images/118.jpg,/mnt/wangbd8/workspace/DataSets/ThyroidAgent/train_val_test/500_TestData_Malignancy_Cls/masks/118.jpg
0.6784349134344753,174.67449178531837,202.25231766286387,12116.0,118.50527371358343,1707.8662325404246,0.14095957680261015,12141.0,0.22847080530270406,35.0,116.0,75030139.0,2.278880685860459,39.0,5.6182084214319605,226.0,25.613447409841264,70.66954946050572,64.0,16.0,210.0,16.646333446246878,78.61232590610089,1.4378621225175219,75030139.0,0.2537197578942986,1185.7125634161557,12.672756905129525,3.297864127637674,317.95947495133964,29.636260318044993,7.2868131126361915,0.09941670955566992,0.973080526344584,0.09941670955566992,0.46714387498388776,0.08953302741679349,0.2208221490085084,2.7755341030628795,-0.7586700037205947,0.9830469800367557,0.9502916452221651,0.9990156761430132,0.9502916452221651,0.990962117313121,0.09941670955566992,0.33916623777663407,2.676117393507213,1.8465574555479651,302.9244823386114,0.18448506841571952,2.7410962389528235,18.454933008526186,173.08952496954933,1549.5030450669915,28.103511156154166,0.11802745581699092,6.475378849144049,177.21193666260658,0.10792444376529024,0.13524421382093732,118.41782065185946,0.2875324050119016,6.214901486873466,0.033031507033778405,302.9244823386114,0.18448506841571952,2.7410962389528235,18.454933008526186,173.08952496954933,1549.5030450669915,28.103511156154166,0.11802745581699092,177.21193666260658,0.10792444376529024,0.2875324050119016,6.214901486873466,0.033031507033778405,6.475378849144049,0.13524421382093732,118.41782065185946,3.1499854674498864,7551.563545012767,0.6219885960804519,0.25712181892958436,3080.411580594679,1.9453887513314525,13.173214726958241,7.707355242566511,94.90618565192324,1.078438171236854,0.13679409618286054,0.16695037018733583,2.5562053281351527,0.02174678896622685,7.018222609161532,0.0038617849328362415,4.8513758196242,0.004224809879205938,0.24971717867799528,119.jpg,/mnt/wangbd8/workspace/DataSets/ThyroidAgent/train_val_test/500_TestData_Malignancy_Cls/images/119.jpg,/mnt/wangbd8/workspace/DataSets/ThyroidAgent/train_val_test/500_TestData_Malignancy_Cls/masks/119.jpg
0.6491496776234625,128.7485915309087,129.80754985747168,8411.5,83.57710668676424,398.2253967444166,0.04734297054561215,8412.0,0.8164182476815234,64.0,142.0,99102247.0,2.3130944027848703,45.0,2.7458570335017307,208.0,24.402180788534555,104.32180218735141,105.0,32.0,176.0,17.9923591795333,108.54057521015804,0.1830883639987125,99102247.0,0.2277145967459479,898.0180553350973,14.904384384384384,3.675855855855856,92.86981938234598,2.4854112842777027,5.8095120850580315,0.23963963963963963,0.9207691753998394,0.23723723723723722,0.7992657323076479,0.18335813290768246,0.14088760472183895,3.313396355326689,-0.569462324953446,0.9635836163476591,0.8816216216216215,0.9963164974929679,0.8817817817817816,0.9736670003336668,0.2351351351351351,0.2413213213213213,3.065008620214356,1.5122879311744177,459.7573099415205,0.22405326995200803,1.580150730139188,15.730506822612085,30.346978557504872,430.16520467836256,3.6357707830533124,0.1202735329836938,5.554856663554886,292.9493177387914,0.14276282540876775,0.24393723252496433,13.54177353715673,0.27930957644385823,4.414791559846137,0.0371121532671067,459.7573099415205,0.22405326995200803,1.580150730139188,15.730506822612085,30.346978557504872,430.16520467836256,3.6357707830533124,0.1202735329836938,292.9493177387914,0.14276282540876775,0.27930957644385823,4.414791559846137,0.0371121532671067,5.554856663554886,0.24393723252496433,13.54177353715673,3.502952872849945,3956.830242510699,0.47037924899081063,0.3416266280831066,1915.535187826914,1.5046012856890583,15.051236329053733,6.652401331431289,98.51105563480742,0.7791335776662861,0.11773644415762818,0.2069134041316638,3.172914355154013,0.025172508144431758,13.151572495690482,0.0024501793943757723,6.063033858816739,0.011769869017398996,0.06448679956462015,120.png,/mnt/wangbd8/workspace/DataSets/ThyroidAgent/train_val_test/500_TestData_Malignancy_Cls/images/120.png,/mnt/wangbd8/workspace/DataSets/ThyroidAgent/train_val_test/500_TestData_Malignancy_Cls/masks/120.png
0.63308746803744,155.01478969209992,167.38578195294843,11461.0,98.13792071452778,1421.8763338082165,0.12406215284950846,11459.0,0.266903557561262,42.0,72.0,45854525.0,1.45250970179905,15.0,28.004657858714385,240.0,13.213423033317959,57.79902260232132,52.0,27.0,213.0,6.43271305004741,63.25833252002512,4.595524878447195,45854525.0,0.43657551475975914,660.8896194304169,4.25334176300578,1.8015263728323698,423.1382022137621,33.822591728999164,4.286706721206334,0.2553287572254335,0.8875707781509488,0.15110187861271676,0.6228030766667323,0.23249697950514134,0.3636251465708426,2.030749174043206,-0.5901152516337416,0.9040518481583903,0.9343999702482149,0.9970816614363345,0.9370017461464354,0.9857422427644611,0.10209249056679512,0.48834898843930635,1.8698916905854188,1.1355088696079418,522.3250444049734,0.3092510624067338,3.993259768480689,9.771462403789224,147.96151568975725,444.65778567199527,81.71771368732678,0.48842658955782386,5.6397546551497095,267.13262285375964,0.15816022667481328,0.14739506065101668,101.9322401314394,0.3982491639155531,6.2341091319163295,0.164383101107013,522.3250444049734,0.3092510624067338,3.993259768480689,9.771462403789224,147.96151568975725,444.65778567199527,81.71771368732678,0.48842658955782386,267.13262285375964,0.15816022667481328,0.3982491639155531,6.2341091319163295,0.164383101107013,5.6397546551497095,0.14739506065101668,101.9322401314394,2.361396610775964,7004.035343398203,0.6112257041101494,0.3089448442483403,5002.71882363208,1.203185050651754,4.46609651802077,7.627105332053408,27.44454140849987,4.089850546440275,0.5299799157565952,0.18293238696415237,1.4011839311167351,0.09109066747055097,22.05769515310096,0.002022790863566119,6.516006619166796,0.004287464546203563,0.22125590614987595,121.jpg,/mnt/wangbd8/workspace/DataSets/ThyroidAgent/train_val_test/500_TestData_Malignancy_Cls/images/121.jpg,/mnt/wangbd8/workspace/DataSets/ThyroidAgent/train_val_test/500_TestData_Malignancy_Cls/masks/121.jpg
0.9151166734949735,186.51495460330457,192.28364465029262,24791.5,170.68294481364208,709.8650070512064,0.028633402861916638,24792.0,0.7862860418513076,29.0,113.0,151259574.0,2.408208335873692,48.0,2.92141521395193,215.0,26.52385202093421,71.10866408518876,71.0,4.0,211.0,19.916900536430617,78.10982321123892,0.3741354572005016,151259574.0,0.2125980152285538,1044.7023741107816,12.938477792677476,3.3601324718598886,137.14114600900504,6.276646262714043,6.768511677539395,0.1765614206184729,0.949154913671015,0.17648014953878663,0.6727754167910245,0.14541617743724042,0.14976138629036675,3.229686789534869,-0.6582904723485412,0.9787557054370633,0.9117680523385753,0.9978468819044344,0.9117734704105543,0.9823527238741184,0.1764090373440611,0.21926937299362023,3.052687423964296,1.7362682745394669,912.3113812154696,0.20161577485424742,1.9067307591343365,14.03867403314917,51.95801104972376,613.7737016574586,8.998916819995852,0.17026086879810245,6.141948135930819,459.2567955801105,0.1014932144928421,0.18251855437237818,21.939720325997374,0.18725602339705105,2.7194988914798226,0.03479197384257713,912.3113812154696,0.20161577485424742,1.9067307591343365,14.03867403314917,51.95801104972376,613.7737016574586,8.998916819995852,0.17026086879810245,459.2567955801105,0.1014932144928421,0.18725602339705105,2.7194988914798226,0.03479197384257713,6.141948135930819,0.18251855437237818,21.939720325997374,3.4404552852237806,13264.410535656663,0.535027853164596,0.2718785965577587,5270.729993546305,1.7382015659737222,13.062762181348821,7.214908034849952,92.51669893514037,1.2212294224836506,0.16932087328630135,0.17406152522319027,2.3388749955182675,0.02992035560631397,26.759594584560542,0.001146537924405636,6.72259126694489,0.008254642332405191,0.04704352909375759,122.png,/mnt/wangbd8/workspace/DataSets/ThyroidAgent/train_val_test/500_TestData_Malignancy_Cls/images/122.png,/mnt/wangbd8/workspace/DataSets/ThyroidAgent/train_val_test/500_TestData_Malignancy_Cls/masks/122.png
0.6808420557775161,100.50038326661054,106.51291001564083,5272.5,68.4248875496674,1077.0580079512677,0.2042784273022793,5293.0,0.23898691996604066,69.0,122.0,48197525.0,1.8461853125090057,33.0,2.3795104578638506,163.0,17.617905279258178,93.12847156621953,91.0,51.0,112.0,13.554793801935244,95.42483587077075,0.3919833368269074,48197525.0,0.30444785021506926,432.9870847033763,5.560578661844485,2.1963029937713485,23.547747775481067,1.8759542198499257,3.054620835913516,0.10729355033152502,0.9321338042558812,0.10729355033152502,0.4916981251060723,0.09578164438878153,0.24908971463629218,2.39605823496799,-0.6916282748794937,0.95947654373569,0.9463532248342374,0.9958733249872489,0.9463532248342374,0.9821177416114124,0.10729355033152502,0.37170986538075146,2.288764684636466,0.7904785965612604,259.84470588235297,0.30569965397923876,0.8207557093425604,7.2305882352941175,82.86470588235294,403.92823529411766,34.81297549019608,0.27296437908496735,5.563230907299555,87.28,0.10268235294117647,0.16058945777441905,44.08844429065744,0.2803740132684224,2.4656055847905978,0.04868975127598906,259.84470588235297,0.30569965397923876,0.8207557093425604,7.2305882352941175,82.86470588235294,403.92823529411766,34.81297549019608,0.27296437908496735,87.28,0.10268235294117647,0.2803740132684224,2.4656055847905978,0.04868975127598906,5.563230907299555,0.16058945777441905,44.08844429065744,2.8327257352387525,3038.7834876251654,0.5741136383195098,0.2890602387241593,1611.4424711883619,0.8019979690781457,5.828641602116003,7.465142641224259,41.486302663895714,2.800704441925394,0.3586648508512291,0.17742511073325357,1.1657535109263808,0.05541145071641323,17.60338200601969,0.0061148795595161,1.1063238281262175,0.008295746987913938,0.061671872991553404,123.jpg,/mnt/wangbd8/workspace/DataSets/ThyroidAgent/train_val_test/500_TestData_Malignancy_Cls/images/123.jpg,/mnt/wangbd8/workspace/DataSets/ThyroidAgent/train_val_test/500_TestData_Malignancy_Cls/masks/123.jpg
0.8398193618816074,47.884735320026046,55.47071299343465,1410.0,40.21452786033394,556.3401871576797,0.39456750862246787,1424.0,0.23926218035185146,53.0,137.70000000000005,14987191.0,2.4300704286349184,52.0,5.198483573875855,232.0,29.161605621133695,95.47823033707866,90.0,41.0,191.0,20.992087113460816,102.59002281361904,1.2101988559036025,14987191.0,0.21581476454993054,1408.6203125986299,11.66027178257394,3.139888089528377,315.7746783403163,24.346489979155876,7.477280845187959,0.2717825739408473,0.9298540844897606,0.19984012789768185,0.7645758339062466,0.23184649722268552,0.1699439808664659,3.1578812253901383,-0.6387680115628528,0.9738446284606039,0.9070484788639676,0.996808592558573,0.9091926458832934,0.9806141101105129,0.162481126210143,0.2821742605915268,2.9232034352593974,1.9372658547822015,75.61734693877551,0.19290139525197833,3.275510204081632,19.852040816326532,27.260204081632654,293.4923469387755,5.174334559433184,0.13118792693759287,5.163807222361767,81.51020408163265,0.20793419408579758,0.2752808988764045,14.064035818408996,0.4554660098741022,12.297339321199035,0.03959224685829732,75.61734693877551,0.19290139525197833,3.275510204081632,19.852040816326532,27.260204081632654,293.4923469387755,5.174334559433184,0.13118792693759287,81.51020408163265,0.20793419408579758,0.4554660098741022,12.297339321199035,0.03959224685829732,5.163807222361767,0.2752808988764045,14.064035818408996,3.6091230700363295,618.498595505618,0.43433890133821484,0.4623311450574422,307.32022471910113,2.3158016467302107,13.503511235955056,6.462078651685394,72.99508426966293,1.207015999368172,0.17238044181858136,0.2532381398252185,4.8860799001248445,0.03429604650494949,1.5781431475029037,0.021833291169322998,6.333112492490477,0.01133868237611741,0.8406318546040557,124.jpg,/mnt/wangbd8/workspace/DataSets/ThyroidAgent/train_val_test/500_TestData_Malignancy_Cls/images/124.jpg,/mnt/wangbd8/workspace/DataSets/ThyroidAgent/train_val_test/500_TestData_Malignancy_Cls/masks/124.jpg
0.8440831285417356,322.076126381064,340.63029812393376,67438.5,271.859024384332,1135.70562748477,0.01684061222424535,67439.0,0.810574813853356,36.0,113.0,413314979.0,2.3286261706316402,42.0,3.0863053447169615,226.0,24.543199574925406,72.1394890197067,69.0,0.0,226.0,17.60369437457224,78.28616368255273,0.5025811602836626,413314979.0,0.22905174954313914,924.6175481070541,13.046509203550364,3.405090248406505,110.92798635129641,6.9832622563347275,5.989613400434541,0.1821349854053732,0.9409778318820473,0.18198606064216358,0.6851865367898106,0.14901605913731994,0.15971634495877865,3.1659002938141456,-0.6388554733488562,0.9740590666671384,0.9090218621552392,0.9981967683802762,0.9090317904727865,0.9834569408867974,0.18185575147435515,0.2617054863882766,2.983009764644021,1.542937096459979,2689.817847433232,0.21508218834425333,1.7435886331893171,14.221893491124261,51.960418998880535,617.1049096433712,8.138279834510376,0.14320364428651974,6.0847391300399485,1308.0079961618424,0.10459043628353129,0.1854416583875799,22.881022105391335,0.20139945345233287,2.9665977048114174,0.031813831457817986,2689.817847433232,0.21508218834425333,1.7435886331893171,14.221893491124261,51.960418998880535,617.1049096433712,8.138279834510376,0.14320364428651974,1308.0079961618424,0.10459043628353129,0.20139945345233287,2.9665977048114174,0.031813831457817986,6.084739130039949,0.1854416583875799,22.881022105391335,3.3755044342891827,35831.91128278889,0.5313232889394696,0.27888115898544913,15447.02093743976,1.5480017655802434,13.123474547368733,7.191135692996634,92.39754444757484,1.0524977372564952,0.1456007345123113,0.17654143415201556,2.392296906999082,0.02589210792189853,65.44660716067938,0.00037809871955227876,9.18320253241475,0.006041775007344973,0.02397476198600561,125.png,/mnt/wangbd8/workspace/DataSets/ThyroidAgent/train_val_test/500_TestData_Malignancy_Cls/images/125.png,/mnt/wangbd8/workspace/DataSets/ThyroidAgent/train_val_test/500_TestData_Malignancy_Cls/masks/125.png
0.6924315734296023,176.6616927093153,179.62739212046696,16656.0,122.3261338474481,957.6711395993674,0.0574970664985211,16649.0,0.4777205112258683,23.0,103.0,78175669.0,2.334895590275055,44.0,3.0059220226558185,185.0,25.140013683289197,61.0424049492462,58.0,0.0,185.0,17.98503170033081,68.52384540020896,0.48433561722020696,78175669.0,0.2236872388112984,969.3421864439804,10.259299847792999,2.9675494672754947,107.52279957826204,7.211083681675591,6.094296223088666,0.28249619482496197,0.911398654272836,0.27519025875190256,0.8713770734502062,0.20676651631302279,0.12998714233092165,3.4240378164720733,-0.5319716520539397,0.9572806634413171,0.8631354642313546,0.9956642502047997,0.863607305936073,0.96950411266393,0.2689413157449687,0.22112633181126332,3.1223251909886414,1.5941981044784073,1008.9521878335112,0.21535799099968223,1.711060231055994,11.67427961579509,22.961152614727855,203.3667022411953,6.624168155593792,0.2028127757328474,5.384604179843773,789.4213447171825,0.16849975340814993,0.28139828217910984,10.332497115501802,0.3611543823031515,4.680300213966571,0.06686505544647371,1008.9521878335112,0.21535799099968223,1.711060231055994,11.67427961579509,22.961152614727855,203.3667022411953,6.624168155593792,0.2028127757328474,789.4213447171825,0.16849975340814993,0.3611543823031515,4.680300213966571,0.06686505544647371,5.384604179843773,0.28139828217910984,10.332497115501802,3.6269370404954975,7277.247942819388,0.4370982006618649,0.40162149029752425,3724.1688389693077,1.603171250527902,10.36404588864196,6.341582077001622,62.497627485134245,1.5464505734922556,0.23209450503928722,0.2368110196808617,2.697339179530302,0.05029217591962673,38.70435055317489,0.0011336484270857883,7.341199179557092,0.013838585569541453,0.03668051156094247,126.jpg,/mnt/wangbd8/workspace/DataSets/ThyroidAgent/train_val_test/500_TestData_Malignancy_Cls/images/126.jpg,/mnt/wangbd8/workspace/DataSets/ThyroidAgent/train_val_test/500_TestData_Malignancy_Cls/masks/126.jpg
0.5461962525629619,298.81104359277475,299.312545677591,38031.5,163.2094722348014,868.6934341759527,0.02284141919661209,38032.0,0.7958113345006691,51.0,140.0,406645791.0,2.493656110518902,47.0,2.76197589483011,234.0,27.578423194242557,97.65794594026083,98.0,14.0,220.0,20.114023853390187,103.4030998931951,0.18062702583743023,406645791.0,0.20029749403730426,1155.1266622511794,21.355911167445665,4.4173598457841505,156.63373154336392,3.3257188471189365,7.552945959743482,0.18157331854551217,0.9530485833669862,0.1814676912514194,0.6838590435457965,0.1486427955773917,0.13869442978380753,3.336329576889248,-0.6623556548535059,0.9814615242761335,0.9092767171036995,0.9982023047063053,0.9092837589233057,0.9835037373657352,0.18137526736908818,0.23076923076923078,3.1544397229128376,1.933629819572249,1372.5711645101665,0.19516154763403473,2.0597669102307785,22.74008246836343,51.72387316934452,1018.563059860657,4.365621820342906,0.07238347177294013,6.1956644128231595,737.8389023176454,0.1049109771530848,0.18492322254943205,22.481198414437884,0.19105162487126945,4.445303066842354,0.01545344384955795,1372.5711645101665,0.19516154763403473,2.0597669102307785,22.74008246836343,51.72387316934452,1018.563059860657,4.365621820342906,0.07238347177294013,737.8389023176454,0.1049109771530848,0.19105162487126945,4.445303066842354,0.01545344384955795,6.1956644128231595,0.18492322254943205,22.481198414437884,3.5305380458803355,20229.76025452251,0.5319141842270327,0.27434107865059365,7617.714293226756,1.931665473367953,21.443100546907868,7.192048801009676,151.88393984013462,0.5460577949193942,0.07514332760636624,0.1750923199177301,3.840252944888515,0.013174050129352657,26.38326805416354,0.0007556306824045221,7.960114101737508,0.007586412307321726,0.03378464756740554,127.png,/mnt/wangbd8/workspace/DataSets/ThyroidAgent/train_val_test/500_TestData_Malignancy_Cls/images/127.png,/mnt/wangbd8/workspace/DataSets/ThyroidAgent/train_val_test/500_TestData_Malignancy_Cls/masks/127.png
0.8801655134845565,252.56225526282552,316.3052323310508,41067.0,222.29658709022246,2371.4326829943084,0.057745457009138926,41034.0,0.30292883881121707,51.0,109.0,266398331.0,1.9785297871460599,23.0,8.816717586806032,255.0,18.96722379057773,75.6547497197446,70.0,13.0,242.0,10.584979310980547,80.573795649106,1.812062210946038,266398331.0,0.34669202014981965,768.4953901466984,13.580015864359723,3.519694115314065,195.27768661791447,18.315289168874106,4.869129247472407,0.10205245153933866,0.9589423771979095,0.08931138763571464,0.43945924758118055,0.09407592757792177,0.3111062363399449,2.436792645724116,-0.7502822522342265,0.9728228229665339,0.9565834176613484,0.9991737151957678,0.9569472675292912,0.9926329743331874,0.08283309646962911,0.49858708046204947,2.3356213320136052,1.242795424752937,851.8635922330097,0.20676300782354604,2.7102592138750126,18.951941747572814,277.8495145631068,3085.5167475728153,29.594346108262897,0.10453726824421196,6.9338504292999845,295.65339805825244,0.07176053350928457,0.10040454257445046,178.65371642002077,0.20916837572600885,5.33417631260115,0.01954011580365331,851.8635922330097,0.20676300782354604,2.7102592138750126,18.951941747572814,277.8495145631068,3085.5167475728153,29.594346108262897,0.10453726824421196,295.65339805825244,0.07176053350928457,0.20916837572600885,5.33417631260115,0.01954011580365331,6.9338504292999845,0.10040454257445046,178.65371642002077,2.698858033855774,28430.154603499537,0.6928438515255528,0.1915809606271155,14226.160354827703,1.3016446181460026,13.78922357069747,8.027050738412049,105.89869376614514,0.8596804493195028,0.10687031483339428,0.14850286754073855,2.3125754794127364,0.01564797292631121,17.11466824856162,0.0010923788776934446,5.331195657259189,0.0020122727816451113,0.10961473929867357,128.jpg,/mnt/wangbd8/workspace/DataSets/ThyroidAgent/train_val_test/500_TestData_Malignancy_Cls/images/128.jpg,/mnt/wangbd8/workspace/DataSets/ThyroidAgent/train_val_test/500_TestData_Malignancy_Cls/masks/128.jpg
0.46771199141364833,217.11749492637705,213.84573879317773,16939.5,101.54845592275849,620.2670273047595,0.03661660776910532,16940.0,0.7438348644868873,36.0,96.0,83996417.0,1.9947015187221178,32.0,3.7555123870977245,187.0,18.988808127581336,66.18742621015349,65.0,9.0,178.0,13.518155695103022,70.41637717700588,0.5940151863331972,83996417.0,0.29214297562478314,577.6907864098442,10.923644148430066,3.16629995242626,53.32907570471146,4.2688233974093865,3.757181775223587,0.1644267364414843,0.9161432172781208,0.16430780209324447,0.6451423126358504,0.13742968261277144,0.21390753454188435,2.7654563154895353,-0.6130357523400647,0.9556379129986019,0.9178579923882016,0.9974705193502416,0.917865921344751,0.981744899037953,0.16420373453853465,0.3423525214081827,2.6006682750094945,0.980402127916268,743.2501732501732,0.2575364425676276,1.2589480172640255,12.133402633402634,62.04296604296604,614.9002079002079,8.846628298726513,0.14867203545774976,5.917681888180846,281.75051975051974,0.09762665272020782,0.17036599763872493,27.589401651771716,0.18337174150431282,2.4346895553957384,0.03110262256868482,743.2501732501732,0.2575364425676276,1.2589480172640255,12.133402633402634,62.04296604296604,614.9002079002079,8.846628298726513,0.14867203545774976,281.75051975051974,0.09762665272020782,0.18337174150431282,2.4346895553957384,0.03110262256868482,5.917681888180846,0.17036599763872493,27.589401651771716,2.982854732510185,9349.511570247934,0.5519192190229004,0.2611154027897615,4948.902007083825,0.9804205272027533,11.031641086186541,7.332821723730815,79.11475796930343,1.0193436032569265,0.14069394322565706,0.1695821854912764,1.9530762167125804,0.02461928295548619,24.492541148258308,0.0013462509850520046,4.9776136523252115,0.005621212733445539,0.04705775095385486,129.png,/mnt/wangbd8/workspace/DataSets/ThyroidAgent/train_val_test/500_TestData_Malignancy_Cls/images/129.png,/mnt/wangbd8/workspace/DataSets/ThyroidAgent/train_val_test/500_TestData_Malignancy_Cls/masks/129.png
0.465327769847522,418.84316802750425,426.0516400625633,63487.0,194.89935729410948,2291.2072862498862,0.03608939288751849,63458.0,0.38983690734309034,21.0,121.0,501679321.0,2.4444824159367866,45.0,2.7718620676092036,242.0,29.0609117306027,81.06954205931483,89.0,0.0,242.0,20.19672834314499,88.9139511483731,-0.5386700411595559,501679321.0,0.2126541062386592,1333.4200591082645,16.295512627184557,3.779671105890569,176.69701279535784,-10.078192549776329,8.196826920129782,0.1584310862077176,0.9620763150371785,0.15836759313639898,0.6307492392832961,0.13335079165190158,0.1538922637367948,3.196839984021944,-0.6914305069774246,0.9827999744812882,0.9208225527389323,0.9984314116520207,0.9208267856103536,0.9856034270866252,0.1583120366989952,0.26457562818457436,3.0381735012563023,2.088814501584375,2283.7086448150276,0.21887182718181214,1.7760053711107753,18.26346559325283,84.13149319532299,1056.3374544757523,29.911506870798284,0.1177941579286142,6.217602495857752,1032.2679700977574,0.09893310045023551,0.16442371332219735,47.142620469073684,0.19637255132011366,3.761272652531105,0.022620668081536958,2283.7086448150276,0.21887182718181214,1.7760053711107753,18.26346559325283,84.13149319532299,1056.3374544757523,29.911506870798284,0.1177941579286142,1032.2679700977574,0.09893310045023551,0.19637255132011366,3.761272652531105,0.022620668081536958,6.217602495857752,0.16442371332219735,47.142620469073684,3.4209353291757263,35629.210690535474,0.5614612923592844,0.2602290002960189,13494.604273692836,2.0969672389366427,16.389627785306818,7.395285070440291,118.23629802388982,1.4396706010453182,0.18093875965646045,0.1688605937085246,2.8871738437671812,0.026982577406912414,44.27552813798396,0.00047662686142372186,7.33249356652818,0.0072151840083806915,0.02707939349586238,130.jpg,/mnt/wangbd8/workspace/DataSets/ThyroidAgent/train_val_test/500_TestData_Malignancy_Cls/images/130.jpg,/mnt/wangbd8/workspace/DataSets/ThyroidAgent/train_val_test/500_TestData_Malignancy_Cls/masks/130.jpg
0.6885843322937959,255.05690671892364,260.2786967848118,34897.0,175.62818980997105,2720.5424227737103,0.0779592063149758,34906.0,0.24341283595777152,38.0,96.0,185746100.0,2.000310940591267,27.0,3.706345107828247,173.0,18.032590098680163,68.99759353692775,71.0,0.0,173.0,11.867740186593073,72.9473987317049,-0.18171699843140293,185746100.0,0.2991761301355149,560.6550678352463,11.570359325205391,3.2692453878314764,45.756763145601795,-0.9442895401569971,3.669504923364608,0.1399292459725755,0.9265354172024334,0.1399292459725755,0.5840534832274696,0.12034905209412197,0.22941838965978964,2.678584670939578,-0.65231692869927,0.9618764735600909,0.9300353770137122,0.9972014150805485,0.9300353770137122,0.9825088442534281,0.1399292459725755,0.34581761833757274,2.5386554249670046,0.9523585423342962,1477.3946073966115,0.2691555123695776,1.129369887691048,12.795408999817818,80.15230460921843,875.194570960102,14.187634662233146,0.13333912207015558,6.028487522634263,488.8804882492257,0.08906549248482888,0.15725090242365208,39.712066209963446,0.21495634371554895,2.985092187278488,0.028858255046953298,1477.3946073966115,0.2691555123695776,1.129369887691048,12.795408999817818,80.15230460921843,875.194570960102,14.187634662233146,0.13333912207015558,488.8804882492257,0.08906549248482888,0.21495634371554895,2.985092187278488,0.028858255046953298,6.028487522634263,0.15725090242365208,39.712066209963446,2.974400065879111,20067.397811264538,0.5748982355831244,0.2631467136419611,10443.041998510285,0.9682771074863169,11.735947974560247,7.475047269810347,86.1648140720793,1.132180473394499,0.14837497075072892,0.1693230071875577,2.065240296160482,0.024291296080260587,52.47374073368024,0.0007205188189613693,2.9609109726607934,0.006399912944112768,0.015848301884873524,131.jpg,/mnt/wangbd8/workspace/DataSets/ThyroidAgent/train_val_test/500_TestData_Malignancy_Cls/images/131.jpg,/mnt/wangbd8/workspace/DataSets/ThyroidAgent/train_val_test/500_TestData_Malignancy_Cls/masks/131.jpg
0.9657242090667171,72.91333294470543,83.6301381082203,3901.5,70.41417078844387,929.6194077712594,0.23827230751538112,3920.0,0.23818562956391356,28.0,78.0,12385407.0,1.6792100447554816,20.0,18.605431460968536,234.0,16.854442159516868,49.55994897959184,43.0,16.0,218.0,9.033057159043548,56.20980877071916,3.211796662446196,12385407.0,0.43382210537276134,703.3540591810705,6.52803738317757,2.3868884002199007,237.06427871008725,20.2544385899231,3.526338182177558,0.20313358988455196,0.8910657582093804,0.1212204507971413,0.5287841592989877,0.1884391921930898,0.41671769281613263,2.0577468046068383,-0.6659933827258062,0.9337343866674913,0.9471154157099895,0.9980993498959496,0.9488913322338282,0.989536530905415,0.08547126015515241,0.6146234194612424,1.9221468132298205,0.9323679430155276,136.26898734177215,0.21561548630027239,3.3159649895850025,15.41139240506329,126.91455696202532,604.370253164557,31.94627898750921,0.16520919144732438,5.526120037562741,117.66772151898734,0.18618310366928376,0.16122448979591836,88.44315814773273,0.43920400032530166,10.317771424643878,0.045212587853486995,136.26898734177215,0.21561548630027239,3.3159649895850025,15.41139240506329,126.91455696202532,604.370253164557,31.94627898750921,0.16520919144732438,117.66772151898734,0.18618310366928376,0.43920400032530166,10.317771424643878,0.045212587853486995,5.526120037562741,0.16122448979591836,88.44315814773273,2.535745738516507,2315.842857142857,0.5907762390670553,0.34398583923365267,1700.5826530612244,1.198365264473136,7.397448979591837,7.513265306122449,44.82959183673469,1.8698026704729511,0.23599102081308715,0.19424603174603175,2.4591978458049883,0.03736040305672534,4.00570235463382,0.00858515731424742,4.7916170673641,0.0035665632871224296,0.7311248785228377,132.jpg,/mnt/wangbd8/workspace/DataSets/ThyroidAgent/train_val_test/500_TestData_Malignancy_Cls/images/132.jpg,/mnt/wangbd8/workspace/DataSets/ThyroidAgent/train_val_test/500_TestData_Malignancy_Cls/masks/132.jpg
0.520066560552795,242.34992186657536,249.61570463414355,23528.0,126.03809031538846,1920.3098833543213,0.08161806712658624,23504.0,0.2831562294944903,36.0,101.0,111915506.0,2.0407746440636303,36.0,5.127293088020138,208.0,21.4483196174537,63.3892954390742,55.0,14.0,194.0,14.920821212335023,69.00399612050774,1.3004949380002948,111915506.0,0.2869956074854921,743.3487043368137,10.566246675676854,3.0490037929982123,121.32017182410561,13.493268876893758,5.143727555769283,0.06443737193181323,0.9752552490843425,0.06443737193181323,0.34481339738577055,0.0602851970303344,0.2592788526221796,2.4248084769226272,-0.8108505345329173,0.9815130498240423,0.9677813140340933,0.9992141783910754,0.9677813140340933,0.9935562628068186,0.06443737193181323,0.3691415616689192,2.3603711049908167,1.302041231925274,498.72616136919316,0.2438758735301678,1.56777494156539,13.984352078239608,332.53398533007334,2608.9965770171148,60.93750566955026,0.11998974548163918,6.832931618389189,120.40537897310513,0.05887793592816877,0.08700646698434308,200.43577549153818,0.1794706170646797,2.6598153469888697,0.019066495250657935,498.72616136919316,0.2438758735301678,1.56777494156539,13.984352078239608,332.53398533007334,2608.9965770171148,60.93750566955026,0.11998974548163918,120.40537897310513,0.05887793592816877,0.1794706170646797,2.6598153469888697,0.019066495250657935,6.832931618389189,0.08700646698434308,200.43577549153818,2.713836514985705,17018.67197072839,0.7240755603611465,0.16628178608186153,6745.544758339006,1.2926529082314278,10.635891763104153,8.152484683458134,83.87414908100749,1.2716256974845128,0.15262162377147365,0.14216965433779594,1.6170391800922774,0.02060040204123892,11.373616413505538,0.002797683745444346,2.555147616830653,0.0023022416192808337,0.14017600189359122,133.jpg,/mnt/wangbd8/workspace/DataSets/ThyroidAgent/train_val_test/500_TestData_Malignancy_Cls/images/133.jpg,/mnt/wangbd8/workspace/DataSets/ThyroidAgent/train_val_test/500_TestData_Malignancy_Cls/masks/133.jpg
0.7027240609271406,173.8771943215666,174.59667808981933,16566.5,122.18768809626884,553.195959492894,0.03339244617106172,16567.0,0.8247860654378274,98.0,189.0,339250151.0,2.5179753152011557,43.0,3.9808455660099966,254.0,28.641919159461253,138.11450473833526,131.0,47.0,207.0,18.72443396226468,143.09949090228457,1.029003496255869,339250151.0,0.21676297160988425,1401.8478773773993,27.564818192873645,5.029004013133893,361.5904004202165,30.016791247402253,9.288134521642986,0.19238720661559042,0.9594142153501651,0.1922655964976286,0.7068556340930389,0.1554211470190015,0.14970995809397858,3.383960115860621,-0.6535752641484014,0.9811059413329336,0.9038793627629819,0.9980952456371559,0.9038874701041794,0.982522230698079,0.192159187644412,0.2648668369208318,3.1910137767034352,2.3701304320646437,643.1724558196222,0.19596966965862955,2.4320967952167214,28.944241316270567,44.37812309567337,1168.1221815965876,2.3533856819721364,0.0499223124457538,6.097288816169096,378.0383912248629,0.11518537209776444,0.19810466590209452,18.897467897764514,0.2027974061609987,6.003758785858208,0.010458886279228018,643.1724558196222,0.19596966965862955,2.4320967952167214,28.944241316270567,44.37812309567337,1168.1221815965876,2.3533856819721364,0.0499223124457538,378.0383912248629,0.11518537209776444,0.2027974061609987,6.003758785858208,0.010458886279228018,6.097288816169096,0.19810466590209452,18.897467897764514,3.5842073583099694,8548.87456992817,0.5160182634108873,0.2857054352651236,3591.1121506609525,2.379392295837966,27.750165992635964,7.0654312790487115,193.76453190076657,0.36266785822339276,0.051006040603154564,0.18034177716075464,5.089522008276158,0.00918204851479894,12.342223192508762,0.0015755059840127082,7.8815613436793495,0.009799835072896555,0.07063224894836928,134.png,/mnt/wangbd8/workspace/DataSets/ThyroidAgent/train_val_test/500_TestData_Malignancy_Cls/images/134.png,/mnt/wangbd8/workspace/DataSets/ThyroidAgent/train_val_test/500_TestData_Malignancy_Cls/masks/134.png
0.6856555751997533,78.15297551037422,85.7962703152066,3167.5,53.58602337713787,829.7960312803956,0.26197191200643904,3173.0,0.2404317903761057,47.0,95.0,16586052.0,1.7195563274973573,26.0,3.296748932218829,164.0,14.950520012606367,69.8443113772455,68.0,11.0,153.0,10.674515894351153,72.2996966750231,0.39488263513330224,16586052.0,0.3555679623882926,349.0183075387202,11.316468590831919,3.2932088285229204,12.983376473782176,0.8260558843658931,2.1440600021330507,0.25908319185059425,0.7843797302639155,0.2584040747028863,0.8275507168746868,0.19231052602753945,0.22622764260451228,2.664929575810252,-0.40201108237259303,0.8592884515538419,0.8708658743633279,0.994819873786719,0.8709111488398417,0.9677089228447464,0.2578098471986418,0.39456706281833615,2.402917450174502,0.6007857984959112,299.33805668016197,0.3029737415791113,0.8557835729154715,12.504048582995951,19.31477732793522,209.2155870445344,2.1296443260165066,0.1116509049638749,4.6613625073966745,195.3582995951417,0.19773107246471833,0.31137724550898205,9.000798037994393,0.42036714214424803,5.595192332184376,0.0478722605907569,299.33805668016197,0.3029737415791113,0.8557835729154715,12.504048582995951,19.31477732793522,209.2155870445344,2.1296443260165066,0.1116509049638749,195.3582995951417,0.19773107246471833,0.42036714214424803,5.595192332184376,0.0478722605907569,4.6613625073966745,0.31137724550898205,9.000798037994393,3.055864405945572,1312.1339426410336,0.41353102509960094,0.44671828734588814,1128.2171446580523,0.6469193416044153,11.67065868263473,6.098014497321147,68.96659312953041,0.6719547693013543,0.11059328175014096,0.2623174703225129,3.2538081731274295,0.02936130126666348,8.504070407040704,0.00410468034462239,5.360792319349763,0.007296082800049798,0.09517848429624624,135.jpg,/mnt/wangbd8/workspace/DataSets/ThyroidAgent/train_val_test/500_TestData_Malignancy_Cls/images/135.jpg,/mnt/wangbd8/workspace/DataSets/ThyroidAgent/train_val_test/500_TestData_Malignancy_Cls/masks/135.jpg
0.5444626348964887,213.24801465858505,216.27991122617004,19182.0,116.10557594745826,1061.2102448427684,0.05532323244931542,19175.0,0.4626477361118619,23.0,119.0,125808399.0,2.586515933744665,51.0,3.5153499794802943,255.0,30.061027218934914,71.60683181225554,72.0,0.0,255.0,21.25096886169668,81.00039403062208,0.46118222416815935,125808399.0,0.18924988772525073,1433.5254709273845,13.560621268952403,3.395530667230176,240.9828680217679,11.001627568742986,8.683535716508567,0.5595646891013788,0.8789227284036074,0.354059908077553,1.054847961796223,0.43420627059349365,0.102714403538612,3.8705715599419057,-0.5022771654449866,0.9619949356492258,0.8387503207163052,0.9957799578935167,0.8419244176442128,0.9715732713386405,0.2858070391547889,0.18738443657879444,3.394353610303705,2.310775101402487,1070.983410749834,0.17766811724449802,2.693843241603329,16.21300597213006,19.93015925680159,223.2604512276045,5.562553295714919,0.1727974696028621,5.4668342965991705,1266.3938287989383,0.21008524034488027,0.314367666232073,9.811470024424837,0.4448015425774282,8.081452408067715,0.074338262562071,1070.983410749834,0.17766811724449802,2.693843241603329,16.21300597213006,19.93015925680159,223.2604512276045,5.562553295714919,0.1727974696028621,1266.3938287989383,0.21008524034488027,0.4448015425774282,8.081452408067715,0.074338262562071,5.4668342965991705,0.314367666232073,9.811470024424837,3.95199200921705,7833.141747066493,0.4085080441755668,0.46424859618316844,3628.866597131682,2.3206880319026872,13.858357235984355,6.0871447196870925,78.04881355932203,1.3545598161273265,0.2065119840861128,0.26896421845574386,4.267066492829205,0.05000422108897215,24.3501040634775,0.0009606912929128713,19.454332026288714,0.013125901728386421,0.07043608358623915,136.jpg,/mnt/wangbd8/workspace/DataSets/ThyroidAgent/train_val_test/500_TestData_Malignancy_Cls/images/136.jpg,/mnt/wangbd8/workspace/DataSets/ThyroidAgent/train_val_test/500_TestData_Malignancy_Cls/masks/136.jpg
0.5525310987036405,141.7510078940366,141.01418368376991,8655.5,78.32184013404044,412.08326112068556,0.04760941148641737,8656.0,0.8003243647611805,44.0,143.0,77962851.0,2.5057135801000276,53.25,2.6915112327873,201.0,30.345738913484304,87.42802680221811,80.0,21.0,180.0,22.172640942188615,94.90415622003779,0.6424668896402451,77962851.0,0.19719509572708854,1363.1389973079692,18.122173000699462,3.994812310561902,209.92816701981417,16.684239775449292,8.80299330744696,0.14840289111681043,0.966842515329481,0.14840289111681043,0.605829065546005,0.12637947302498254,0.14667511319739188,3.228770745112101,-0.7086144467820665,0.9854366600300705,0.9257985544415948,0.9981902086449169,0.9257985544415948,0.9851597108883189,0.14840289111681043,0.2506411750990907,3.080367853995293,2.2378490496409422,259.39674315321986,0.19200351084620268,2.218244456363984,19.553663952627684,74.68837897853442,1227.041450777202,8.376157689711846,0.0878084388140211,6.3378788839965585,120.62694300518135,0.0892871524834799,0.15607670979667282,33.63737363720489,0.14999394991306814,3.083794935690861,0.013489004998605584,259.39674315321986,0.19200351084620268,2.218244456363984,19.553663952627684,74.68837897853442,1227.041450777202,8.376157689711846,0.0878084388140211,120.62694300518135,0.0892871524834799,0.14999394991306814,3.083794935690861,0.013489004998605584,6.3378788839965585,0.15607670979667282,33.63737363720489,3.4524655388138568,4960.9641866913125,0.573124328407037,0.23989850511307537,1706.9207486136784,2.2486416391694366,18.32359057301294,7.464417744916821,134.91647412199632,0.7207802749788216,0.09504677663921733,0.16216112138016017,3.043463750256726,0.015103375298288192,7.9345124318125,0.004010124452377803,5.2408398516215,0.009189660118486464,0.13988241031636656,137.png,/mnt/wangbd8/workspace/DataSets/ThyroidAgent/train_val_test/500_TestData_Malignancy_Cls/images/137.png,/mnt/wangbd8/workspace/DataSets/ThyroidAgent/train_val_test/500_TestData_Malignancy_Cls/masks/137.png
0.7662436601945466,149.44511263220087,157.4325252290644,13317.0,114.51137010148386,1374.9991334482047,0.10325141799566004,13312.0,0.29751283572136994,50.0,103.0,81201834.0,1.8387099613248354,29.0,2.836839765164588,151.0,16.672593788282406,75.3584735576923,73.0,27.0,124.0,12.087589110739899,78.1018398363144,0.48545546155644914,81201834.0,0.3231865019487911,420.99784887189696,6.955674170341147,2.504293339521931,24.545162572177787,1.8855696963054456,2.883580635772115,0.14682447590314843,0.9030991101899364,0.1455867564013305,0.6028653815854422,0.12562897226368808,0.25115793694482424,2.529566735465558,-0.6133510505322272,0.9451484695507901,0.9273303937495164,0.9960367887033006,0.927412908382971,0.979223994076628,0.14450375183723985,0.3825326835305949,2.377713827865866,0.7576012779188159,616.311199645861,0.272824789573201,1.0083653385082465,8.468348826914564,100.51350154935812,590.5745905267818,25.511929319758003,0.2427295755250603,5.6792297875663005,273.0681717574148,0.12088011144639875,0.16969651442307693,65.78754991347384,0.30252509499340835,2.856857525339966,0.07114879269726163,616.311199645861,0.272824789573201,1.0083653385082465,8.468348826914564,100.51350154935812,590.5745905267818,25.511929319758003,0.2427295755250603,273.0681717574148,0.12088011144639875,0.30252509499340835,2.856857525339966,0.07114879269726163,5.6792297875663005,0.16969651442307693,65.78754991347384,2.859115194290193,7447.4609375,0.5594546978290265,0.30293136235524915,4302.258713942308,0.7711274637978458,7.1768329326923075,7.3817608173076925,50.97836538461539,1.851850043402778,0.24950942341079063,0.18230418669871792,1.4280223357371797,0.04471663341902599,34.84592658439656,0.0018160168401729884,2.323057706083281,0.007267938135354296,0.02950171922259462,138.jpg,/mnt/wangbd8/workspace/DataSets/ThyroidAgent/train_val_test/500_TestData_Malignancy_Cls/images/138.jpg,/mnt/wangbd8/workspace/DataSets/ThyroidAgent/train_val_test/500_TestData_Malignancy_Cls/masks/138.jpg
0.5697120224551958,205.1866944437023,202.5487595617411,18799.5,116.89732667241793,597.195959492894,0.03176658738226516,18800.0,0.8138815821425835,110.0,188.0,424404373.0,2.3021786608270736,44.0,2.4238743592210032,232.0,24.23996309981892,147.35494680851065,147.0,63.0,169.0,18.053348646646295,150.24879597350974,0.055830120453700685,424404373.0,0.2264197770484382,861.220342550362,20.776624210638982,4.404955581718934,78.90586189834337,0.8291154713745463,5.655828130821541,0.1638659959327839,0.9436857015630911,0.16386599593278386,0.643478543274224,0.1370139313097407,0.16295693130966055,3.086044851224997,-0.659605354167099,0.9757225266726922,0.918067002033608,0.997478984677957,0.918067002033608,0.9817926671185795,0.16386599593278386,0.25120411002889864,2.922178855292216,1.4549235316885811,687.6643576826197,0.21651900430812962,1.605058146267028,20.575251889168765,61.924433249370274,1291.53620906801,4.056218425499923,0.07651521500182777,6.140110176521432,303.47229219143577,0.09555172927941932,0.16893617021276597,26.885190566528564,0.16879014951850013,3.343818813988295,0.015218187772073366,687.6643576826197,0.21651900430812962,1.605058146267028,20.575251889168765,61.924433249370274,1291.53620906801,4.056218425499923,0.07651521500182777,303.47229219143577,0.09555172927941932,0.16879014951850013,3.343818813988295,0.015218187772073366,6.140110176521432,0.16893617021276597,26.885190566528564,3.294440123476713,10408.556170212765,0.5536466047985514,0.2554167496604799,4256.691808510638,1.4542882497736533,20.884095744680852,7.342340425531915,153.82739361702127,0.4970337630264872,0.06925183275437834,0.16772458628841608,3.4783540189125293,0.0122108268854232,18.54875613733579,0.0014837128968192114,4.339639858581642,0.008433158971189356,0.03518566922822242,139.png,/mnt/wangbd8/workspace/DataSets/ThyroidAgent/train_val_test/500_TestData_Malignancy_Cls/images/139.png,/mnt/wangbd8/workspace/DataSets/ThyroidAgent/train_val_test/500_TestData_Malignancy_Cls/masks/139.png
0.5085752210727436,189.1332331483226,198.13379318026495,14095.0,96.18847586061091,1708.9373003522926,0.12124422138008462,14109.0,0.24626990510864114,48.0,96.0,73199586.0,1.7119885569083757,25.0,4.575692750190879,173.0,15.703945227512168,69.11191438089163,65.0,25.0,148.0,10.693159267244857,72.0288026827098,1.1300622234054292,73199586.0,0.38255161417253786,411.6917065130464,5.736448871960151,2.258680046879578,31.411971667696378,3.9213402639747703,2.616091829605851,0.07683855845297391,0.9429331268318729,0.07669205977146204,0.39099220371114624,0.07095688642098441,0.3458539521034729,2.1122535708726753,-0.738213196769085,0.956842376725987,0.9616686199824201,0.9979238761175474,0.9616783865611876,0.9890466075091039,0.07656387342513915,0.5320099619103428,2.034685729097858,0.6732325970147062,388.0472388556221,0.2581817956457898,1.2150690856034658,7.86892880904857,223.62940785096472,1184.3865602129076,59.957955015894136,0.2932400014785244,6.317374217762946,119.97538256819693,0.07982394049780235,0.10652774824580055,135.50940434500262,0.23603463303399713,2.3978144442879676,0.053819120557218963,388.0472388556221,0.2581817956457898,1.2150690856034658,7.86892880904857,223.62940785096472,1184.3865602129076,59.957955015894136,0.2932400014785244,119.97538256819693,0.07982394049780235,0.23603463303399713,2.3978144442879676,0.053819120557218963,6.317374217762946,0.10652774824580055,135.50940434500262,2.4743931799269667,9602.790346587284,0.6806145259470753,0.2057945408991599,5397.420724360338,0.7158850379291057,5.948756113119286,7.972854206534836,45.5511375717627,2.392125377024909,0.29958070498736034,0.1523535017049795,1.0144942944220001,0.0444943283290851,22.887234387363087,0.0029383367876683573,1.3322204263681803,0.0035974377481872272,0.0575751096065381,140.jpg,/mnt/wangbd8/workspace/DataSets/ThyroidAgent/train_val_test/500_TestData_Malignancy_Cls/images/140.jpg,/mnt/wangbd8/workspace/DataSets/ThyroidAgent/train_val_test/500_TestData_Malignancy_Cls/masks/140.jpg
0.4038612243979493,151.743447354664,138.85243966167826,5160.0,61.28329444302037,809.7472580451154,0.15692776318703786,5157.0,0.31447077917901134,45.0,95.0,25985185.0,1.7287147521408797,25.0,3.7574910389620846,160.0,15.408058064612925,68.17548962575141,65.0,22.0,138.0,10.621739148316998,70.9846329236478,0.6628700563695001,25985185.0,0.36509852038280327,390.9207255940847,11.13015807842332,3.239170601519195,26.59956049239065,2.6907419012387934,2.6601242038432655,0.10839663313487988,0.9216934677268346,0.10839663313487992,0.49506069644165485,0.09664680305990217,0.3010727898651984,2.3069206587199007,-0.6740210303431878,0.950884902072137,0.9458016834325601,0.9978320673373025,0.9458016834325601,0.98645042085814,0.10839663313487992,0.47916238965304864,2.1985240255850225,0.6921302092445364,257.73955773955777,0.31663336331641,0.878099173553719,12.5,80.76289926289927,825.4570024570024,9.75352681531253,0.11194117122688553,5.654348942294914,82.992628992629,0.10195654667399139,0.15784370758192748,40.625848933588486,0.2746381985717599,3.420772087787976,0.031787526283490256,257.73955773955777,0.31663336331641,0.878099173553719,12.5,80.76289926289927,825.4570024570024,9.75352681531253,0.11194117122688553,82.992628992629,0.10195654667399139,0.2746381985717599,3.420772087787976,0.031787526283490256,5.654348942294914,0.15784370758192748,40.625848933588486,2.715371218513813,2982.01609462866,0.5782462855591739,0.2831221423527718,1882.8130696141168,0.6796216787820737,11.236765561372891,7.488656195462478,82.20864843901494,0.8766811286598539,0.1161685457584236,0.17545730721995992,2.0435546075453,0.020216269664165263,5.96930262902196,0.005995946893373996,2.3118447374405275,0.003388789223545619,0.13593892515746306,141.jpg,/mnt/wangbd8/workspace/DataSets/ThyroidAgent/train_val_test/500_TestData_Malignancy_Cls/images/141.jpg,/mnt/wangbd8/workspace/DataSets/ThyroidAgent/train_val_test/500_TestData_Malignancy_Cls/masks/141.jpg
0.585452272642319,333.5745867742109,324.7799254880141,50788.5,195.29199992268425,967.2792206135796,0.01904524096229618,50789.0,0.8259157860138479,1.0,86.0,149449792.0,2.146444584077629,50.0,2.659392499036804,165.0,26.405587361026186,44.09943097914903,43.0,0.0,165.0,20.39088198265729,54.245388821098906,0.45931360814002936,149449792.0,0.2504711518275595,997.8023956674733,6.876800853738068,2.333876800853738,94.66540616597074,8.622982121848326,5.846016354457543,0.12673662575838424,0.9575617387231026,0.1267366257583842,0.5484199562749922,0.11067445344976347,0.20130698965432206,2.770974246439488,-0.708542126908401,0.9758022319888697,0.9366316871208079,0.9974652674848323,0.9366316871208079,0.984157921780202,0.1267366257583842,0.3178198059326891,2.644237620681106,1.493188245053982,1590.3749431904257,0.24092939602945398,1.3625301478310028,9.277533707014088,232.27829116800484,689.3697924556885,184.9590306079509,0.24927208428187714,6.199131714212969,588.0510528707772,0.08908514662487156,0.1299690877946012,173.07854311644445,0.16725417123986103,1.6159587378357516,0.038278719507009396,1590.3749431904257,0.24092939602945398,1.3625301478310028,9.277533707014088,232.27829116800484,689.3697924556885,184.9590306079509,0.24927208428187714,588.0510528707772,0.08908514662487156,0.16725417123986103,1.6159587378357516,0.038278719507009396,6.199131714212969,0.1299690877946012,173.07854311644445,2.9703095760059557,31572.729390222292,0.6216450292429915,0.217178841990812,12721.179330169918,1.4943225052773248,6.94449585540176,7.725117643584241,50.67329539860994,3.5488032716745628,0.42963257439330715,0.15479401707718862,1.1770626185460107,0.05859614638524864,97.8673172170791,0.0007187740261653192,2.843839253215609,0.008917018575298488,0.01818715548060823,142.png,/mnt/wangbd8/workspace/DataSets/ThyroidAgent/train_val_test/500_TestData_Malignancy_Cls/images/142.png,/mnt/wangbd8/workspace/DataSets/ThyroidAgent/train_val_test/500_TestData_Malignancy_Cls/masks/142.png
0.7208260733028405,117.90189743813707,116.91449867317569,7832.5,84.98676176528659,370.9116882454318,0.04735546610219365,7833.0,0.845832979775257,80.0,150.0,103001104.0,2.194212428638195,34.0,3.46559186332178,205.0,21.916042777898628,111.14592110302566,107.0,36.0,169.0,14.828003923464117,114.67186518667086,0.6579703519516363,103001104.0,0.2642962112406194,796.2208875500116,16.8261935483871,3.9463225806451607,92.19126815636878,7.613794177869034,5.1936362289282005,0.18270967741935482,0.9320320230126413,0.18270967741935484,0.6859690652600481,0.14932685119667016,0.18754505723204998,3.0249040965872016,-0.6190281078015524,0.9662229468366881,0.9086451612903226,0.9971890818858561,0.9086451612903226,0.9796989247311828,0.18270967741935484,0.29083870967741937,2.8421944191678494,1.3440864765868885,344.1327551701134,0.2295748867045453,1.6101728481651767,17.85123415610407,50.22881921280854,784.4736490993996,4.242914838161193,0.09174502389348,5.874596020722051,168.45830553702467,0.1123804573295695,0.1913698455253415,22.923139776083765,0.20291677497323818,3.625192641230652,0.020633140252544688,344.1327551701134,0.2295748867045453,1.6101728481651767,17.85123415610407,50.22881921280854,784.4736490993996,4.242914838161193,0.09174502389348,168.45830553702467,0.1123804573295695,0.20291677497323818,3.625192641230652,0.020633140252544688,5.874596020722051,0.1913698455253415,22.923139776083765,3.2440986550962334,4103.366398570152,0.523856300085555,0.28220942247287784,2070.2322226477722,1.3557961485978955,16.97408400357462,7.132260947274352,119.42474147836079,0.6126857283404447,0.08703662958012688,0.17831255230719037,3.085464629700555,0.0160536368794034,10.128409916179987,0.0029252624025356013,4.855671983294799,0.008660567945986996,0.07887054832074954,143.png,/mnt/wangbd8/workspace/DataSets/ThyroidAgent/train_val_test/500_TestData_Malignancy_Cls/images/143.png,/mnt/wangbd8/workspace/DataSets/ThyroidAgent/train_val_test/500_TestData_Malignancy_Cls/masks/143.png
0.5942306639076439,275.2784892612726,274.69437562498433,24618.0,163.57891943321923,1890.6387437549763,0.07679903906714503,24604.0,0.2941865155101326,66.0,157.0,334998096.0,2.525505057937924,45.0,2.824055404190343,231.0,27.24293442167173,111.52145992521541,112.0,14.0,217.0,19.104367317438236,116.68588116230671,-0.0634155124765111,334998096.0,0.20208274651689065,1178.5588387725365,26.5241794765268,4.968529289572082,162.74851448117,-1.46911161591837,7.632889229223241,0.2813045284586623,0.9289113870416389,0.24665558786871625,0.8400475597071398,0.22046554943180025,0.1253246649909237,3.5734152730084694,-0.5876072003028705,0.9740985272717714,0.879803006690516,0.9972669973247319,0.8806654203018972,0.9778095744443894,0.23083493745095324,0.2405068550062318,3.2808214122495594,1.9785484394204758,1209.8493723849372,0.19469735635419008,2.0925844224173145,27.985516575474733,31.011264885741873,788.7734148696492,1.8404663401378383,0.05736976990488646,5.750329410953097,965.9903443836498,0.155453869389065,0.2525605592586571,15.334049001553744,0.348498362007145,10.127042202359476,0.019791318335252422,1209.8493723849372,0.19469735635419008,2.0925844224173145,27.985516575474733,31.011264885741873,788.7734148696492,1.8404663401378383,0.05736976990488646,965.9903443836498,0.155453869389065,0.348498362007145,10.127042202359476,0.019791318335252422,5.750329410953097,0.2525605592586571,15.334049001553744,3.7780769946752417,11262.302308567712,0.4577427373015653,0.385642771056203,4972.043895301577,1.9657623017496513,26.741911884246463,6.6100634043245,173.96025036579417,0.38509689525162477,0.05803632349466699,0.222721237739121,6.145712530934446,0.012814890455020567,18.470457601899938,0.0009528828958081769,9.481618006565919,0.009723348728781195,0.038304395231347405,144.jpg,/mnt/wangbd8/workspace/DataSets/ThyroidAgent/train_val_test/500_TestData_Malignancy_Cls/images/144.jpg,/mnt/wangbd8/workspace/DataSets/ThyroidAgent/train_val_test/500_TestData_Malignancy_Cls/masks/144.jpg
0.8805426514246787,75.71636002151345,90.0,3759.5,66.67148440956899,798.8498551495585,0.21248832428502687,3762.0,0.27208513529373435,63.0,137.0,39506295.0,2.242307726984332,41.0,2.8585085814751254,212.0,23.19014835673108,98.42876129718235,96.0,36.0,176.0,16.98922282641974,102.47637530676404,0.4396446561608514,39506295.0,0.2396018722720645,813.1864455150574,12.756896551724136,3.404885057471265,72.25303758411088,5.151803886618578,5.001168912670101,0.3465517241379311,0.870392734522205,0.3379310344827586,0.9518053213787268,0.2323543400713436,0.1266207144272691,3.4456015346764657,-0.4479895454719491,0.9290795468359303,0.8318965517241379,0.9946801373069121,0.832471264367816,0.9625478927203065,0.3303879310344827,0.23333333333333334,3.0750291669897822,1.3369301592020082,321.23284823284826,0.22261458643995027,1.5500173130110761,14.595980595980595,11.861399861399862,137.3901593901594,1.6356442038584895,0.1276752429431001,4.7726229132554785,364.36798336798336,0.25250726498127746,0.3835725677830941,5.064593139437215,0.4981073260515243,7.768218000862048,0.06487697756230408,321.23284823284826,0.22261458643995027,1.5500173130110761,14.595980595980595,11.861399861399862,137.3901593901594,1.6356442038584895,0.1276752429431001,364.36798336798336,0.25250726498127746,0.4981073260515243,7.768218000862048,0.06487697756230408,4.7726229132554785,0.3835725677830941,5.064593139437215,3.6852591831024504,1426.3253588516745,0.3791401804496743,0.5008025355544872,901.3822434875067,1.3735415092755814,13.318447634237108,5.486443381180223,68.97873471557682,0.7073405224219761,0.12832722212578102,0.31609959241538194,4.592991316675528,0.040732948279288084,8.493573157110944,0.0041225160936475234,8.132382157009724,0.013743760450144896,0.11708818939419158,145.jpg,/mnt/wangbd8/workspace/DataSets/ThyroidAgent/train_val_test/500_TestData_Malignancy_Cls/images/145.jpg,/mnt/wangbd8/workspace/DataSets/ThyroidAgent/train_val_test/500_TestData_Malignancy_Cls/masks/145.jpg
0.7221122524702361,570.2525919183939,567.8397661312564,182034.5,411.78638362718175,3543.7829714198506,0.019467644712512465,182002.0,0.4267904251776667,6.0,107.0,804311588.0,2.400319385604351,71.0,2.7132633974899973,255.0,34.587959808323504,52.99135174338743,45.0,0.0,255.0,27.797651157936052,66.47740876733194,0.5646997530442214,804311588.0,0.21576589341765876,1611.1625168275298,9.57306634563347,2.671229056449564,265.2590626738501,19.370721189925376,9.827150931869467,0.07674423741730266,0.9845022112804067,0.07226008106824534,0.37724376805183635,0.07152271810131329,0.1925841058260472,2.816270157487482,-0.8261394531717587,0.9904616544808331,0.964294566482493,0.9993748773212876,0.9644238521774665,0.9940046877554471,0.06999666204015616,0.32289791365237847,2.7384175298144124,2.4759737923216916,2432.9711643486494,0.17716239454952662,2.8158279817901493,13.749654117818393,665.2429913347412,3067.610937158669,489.6069594173778,0.24433358004091107,7.447228570526844,722.8655792616325,0.05263712075013708,0.07545521477785959,489.6037790318293,0.13902984846162222,2.5262225939451413,0.038159810607309906,2432.9711643486494,0.17716239454952662,2.8158279817901493,13.749654117818393,665.2429913347412,3067.610937158669,489.6069594173778,0.24433358004091107,722.8655792616325,0.05263712075013708,0.13902984846162222,2.5262225939451413,0.038159810607309906,7.447228570526844,0.07545521477785959,489.6037790318293,3.0067461858118354,136799.51166470698,0.7516374087356567,0.14205939573094042,39269.82413380073,2.489468227453585,9.617888814408634,8.259370776145317,76.46129712860298,3.541156678515789,0.41347402453448406,0.13632511974837883,1.4409112109879136,0.052362229556370335,66.98596459777134,0.00045267711472766966,4.787329963020257,0.0032070514237233856,0.040226222762556975,146.jpg,/mnt/wangbd8/workspace/DataSets/ThyroidAgent/train_val_test/500_TestData_Malignancy_Cls/images/146.jpg,/mnt/wangbd8/workspace/DataSets/ThyroidAgent/train_val_test/500_TestData_Malignancy_Cls/masks/146.jpg
0.7086803768620371,186.42345564252372,194.17775361765828,18905.5,132.11464480066698,619.5807358037443,0.03277251253887727,18906.0,0.7866854354997738,56.0,119.0,150834736.0,2.0104474508861374,35.0,2.5543879739433395,167.0,19.561457465452722,86.0810324764625,84.0,24.0,143.0,14.464184930760005,89.32044065734009,0.3044684818932571,150834736.0,0.2807536769937164,568.1969670076198,16.52626811594203,3.9536178601875536,37.03563017735928,2.130429198055399,3.7411283775134834,0.16043265132139814,0.9177597632661877,0.16043265132139817,0.6353435900016109,0.13469401571138484,0.2054991700720931,2.7685119044296407,-0.6208574622127696,0.9577621985076674,0.9197836743393009,0.9967913469735721,0.9197836743393009,0.9799459185848253,0.16043265132139817,0.3052536231884058,2.608079253108245,0.9753902572087203,808.1025722451571,0.2566219664163726,1.1637660430642742,17.001587805652587,68.47189583994918,1118.7262623054937,5.264016073561847,0.08166729674827483,5.935067215741838,300.93585265163546,0.09556552958133865,0.16656088014386966,32.42615251546434,0.18382043981225182,3.1892909730855816,0.0164004233966995,808.1025722451571,0.2566219664163726,1.1637660430642742,17.001587805652587,68.47189583994918,1118.7262623054937,5.264016073561847,0.08166729674827483,300.93585265163546,0.09556552958133865,0.18382043981225182,3.1892909730855816,0.0164004233966995,5.935067215741838,0.16656088014386966,32.42615251546434,3.000597134640618,10544.876970273986,0.5577529340037019,0.2589653630438917,5307.929017243203,0.9797986265746823,16.647677985824608,7.371204908494658,122.1551359356818,0.5740300614233493,0.07851513173060753,0.16862665585293324,2.833139391374872,0.01354728834146429,27.461009331069516,0.0012382679012187597,3.3014691617765797,0.007439318734313067,0.023135366901578018,147.png,/mnt/wangbd8/workspace/DataSets/ThyroidAgent/train_val_test/500_TestData_Malignancy_Cls/images/147.png,/mnt/wangbd8/workspace/DataSets/ThyroidAgent/train_val_test/500_TestData_Malignancy_Cls/masks/147.png
0.4661298314482335,296.07591639584115,288.37649002649295,31763.5,138.0098170054747,801.9238815542518,0.025246710266634716,31764.0,0.7878362512527848,64.0,153.0,407903221.0,2.5009283380735545,44.0,3.3119910525358103,238.0,26.826253428489206,108.00009444654326,107.0,21.0,217.0,18.456807528457944,113.32115013925252,0.4582714409510276,407903221.0,0.20774722004134472,1177.6626684207486,25.21094565114294,4.830298144108256,194.5132800789146,9.466847872313137,7.690647859685868,0.17398589901672515,0.955754863009558,0.17392266590786937,0.6669673657819535,0.14373680530022478,0.14651559245567017,3.3217160309409057,-0.6721832410274491,0.9825338963197915,0.9130449903569507,0.9982774034559132,0.9130492058975411,0.9841893275925333,0.17386733693762052,0.2591608966454836,3.147382439490624,1.9661584396756477,1120.3707187222715,0.19882355256828244,2.096408286087476,25.55740905057675,55.17799467613132,1367.1254658385094,3.152571985851753,0.05926637384718256,6.270069150062377,557.851818988465,0.09899766086751818,0.1774020904168241,23.40321601979012,0.17610267256359888,4.377073464227305,0.011826788237480363,1120.3707187222715,0.19882355256828244,2.096408286087476,25.55740905057675,55.17799467613132,1367.1254658385094,3.152571985851753,0.05926637384718256,557.851818988465,0.09899766086751818,0.17610267256359888,4.377073464227305,0.011826788237480363,6.270069150062377,0.1774020904168241,23.40321601979012,3.519636142096724,17209.576375771314,0.5417949998668717,0.2650597179827725,6598.8826973932755,1.9645402489119757,25.320173781639593,7.26212063971792,183.41751668555597,0.41288278369165277,0.057267244368655594,0.17143271908100013,4.340241923071542,0.010083328861547785,20.455518028608783,0.0009127352515198534,7.45206494461576,0.0074561214305135575,0.03929858280858196,148.png,/mnt/wangbd8/workspace/DataSets/ThyroidAgent/train_val_test/500_TestData_Malignancy_Cls/images/148.png,/mnt/wangbd8/workspace/DataSets/ThyroidAgent/train_val_test/500_TestData_Malignancy_Cls/masks/148.png
0.7976032695275662,140.8401122391454,152.11837495845134,12165.5,112.33453400257177,470.8111831820435,0.038700520585429575,12166.0,0.8304684604375907,63.0,130.0,122584838.0,2.143354058849553,34.0,5.335826427455498,254.0,20.961958267636888,96.603320729903,95.0,32.0,222.0,14.529373292543685,100.37937162373159,0.8913514088715128,122584838.0,0.2659333302326746,743.8166715307011,12.552256138022562,3.376534505640345,121.62405248159281,9.341565346722431,4.811039021780244,0.2059555408095554,0.9178968451170729,0.20595554080955542,0.7336804412358809,0.16353785601939896,0.17756754766739952,3.0409405089593156,-0.579371526730009,0.9572287276498904,0.8970222295952223,0.9979608362296083,0.8970222295952223,0.9812767690173131,0.20595554080955542,0.29080955540809555,2.834984968149763,1.2542486406474498,635.2961820285384,0.24500431239048914,1.5065126094476378,13.569610489780178,37.97069032009256,443.1962977246433,4.889201134828959,0.13487477222967004,5.693339807196395,307.7921326648669,0.11870116955837522,0.21313496629952325,15.95711465604466,0.23473514016294303,3.315295440095107,0.03770563119250379,635.2961820285384,0.24500431239048914,1.5065126094476378,13.569610489780178,37.97069032009256,443.1962977246433,4.889201134828959,0.13487477222967004,307.7921326648669,0.11870116955837522,0.23473514016294303,3.315295440095107,0.03770563119250379,5.693339807196395,0.21313496629952325,15.95711465604466,3.2583063929515954,6071.960052605622,0.4990925573405903,0.30949894209611584,3235.3448956107186,1.2603355646095633,12.715272069702449,6.933585401939832,86.42594114746014,0.8682084199485226,0.12715270328804193,0.19015653825780407,2.4942645259100957,0.025565816975804404,14.218383571852236,0.0016266421685389007,10.690784757187078,0.005581463050753258,0.11536907115011436,149.png,/mnt/wangbd8/workspace/DataSets/ThyroidAgent/train_val_test/500_TestData_Malignancy_Cls/images/149.png,/mnt/wangbd8/workspace/DataSets/ThyroidAgent/train_val_test/500_TestData_Malignancy_Cls/masks/149.png
0.6162380219463045,99.00515970114274,103.61949623502326,4575.0,61.01074377671019,921.5605332682137,0.20143399634277895,4593.0,0.2601816202157024,57.0,100.0,31538854.0,1.7945901845341947,21.0,13.457662896806996,234.0,15.533424356842493,79.37861963858045,77.0,22.0,212.0,9.031036272181439,82.86568631353087,2.176099311392879,31538854.0,0.3621117795427863,565.7567124860674,14.26352128883774,3.6719217491369385,120.77102771779413,10.447668570438703,3.386489715438165,0.26444188722669737,0.855137309593158,0.1848101265822785,0.7195732725983207,0.23028710433933952,0.27636850949665037,2.5478082648027627,-0.5623252548714757,0.9293676845446485,0.9145106436096757,0.9975220739156342,0.9160014247356021,0.9837186499729653,0.15380034522439584,0.39907940161104716,2.339125089729746,0.9127329006662155,267.05857740585776,0.27934997636596,2.1418425360200275,18.622384937238493,51.28974895397489,659.6715481171548,4.861022007904355,0.08257682133949194,5.450117586196332,145.40376569037656,0.15209598921587508,0.20814282603962553,28.207553920624637,0.37152223007638985,9.346686558418192,0.026886170235969384,267.05857740585776,0.27934997636596,2.1418425360200275,18.622384937238493,51.28974895397489,659.6715481171548,4.861022007904355,0.08257682133949194,145.40376569037656,0.15209598921587508,0.37152223007638985,9.346686558418192,0.026886170235969384,5.450117586196332,0.20814282603962553,28.207553920624637,2.90436958707348,2326.663400827346,0.5065672546978763,0.3697064735955742,1663.1794034400175,0.9823695872072956,14.591770084911822,7.0452863052471155,96.0143696930111,0.640593348039073,0.08930118492067059,0.2076469022909258,3.752050221351331,0.017373528223406386,4.437135447736463,0.004288159060544922,8.391836067746263,0.003802383674508729,0.3127939255388635,150.jpg,/mnt/wangbd8/workspace/DataSets/ThyroidAgent/train_val_test/500_TestData_Malignancy_Cls/images/150.jpg,/mnt/wangbd8/workspace/DataSets/ThyroidAgent/train_val_test/500_TestData_Malignancy_Cls/masks/150.jpg
0.4617370677768745,252.55140122622964,264.1098256407739,20597.0,116.61234346514021,1675.106781186517,0.08132770700522003,20589.0,0.3037137259642454,16.0,73.0,54059093.0,1.9418332321661533,29.0,5.8326326159020025,174.0,17.974946976626505,45.407887707028024,43.0,8.0,166.0,12.294739380817377,51.24090017643379,1.230079473968289,54059093.0,0.30607082492054904,563.7535848771857,6.26606375537124,2.31930148895773,74.24112705384039,7.320805742010789,3.707955198324298,0.16033776356550414,0.9171015405786774,0.15943839312481264,0.6363395068189379,0.13491716236328183,0.2300503992164014,2.6623712515228473,-0.6120107726195794,0.9510132551803359,0.9203707404816629,0.9967952810391216,0.9204306985110423,0.9800826921155192,0.15865144398920755,0.3733886279604277,2.498739079477307,0.9670732404724506,983.9443705083844,0.2618962923897749,1.328341261868804,8.218791589033804,67.69257386212404,334.81261644929464,27.573593173317594,0.2825517793844536,5.75880409454382,437.6984295980836,0.11650211061966557,0.18247607945990577,37.66030681154561,0.28079763823145565,2.7415019076278657,0.07660925144387058,983.9443705083844,0.2618962923897749,1.328341261868804,8.218791589033804,67.69257386212404,334.81261644929464,27.573593173317594,0.2825517793844536,437.6984295980836,0.11650211061966557,0.28079763823145565,2.7415019076278657,0.07660925144387058,5.75880409454382,0.18247607945990577,37.66030681154561,2.9900197972863585,11074.031424547089,0.5378615486204812,0.30723927718085076,6301.6922142891835,1.0042573331799884,6.452328913497499,7.250716401962213,43.82723784545146,2.504120349857689,0.3331558259484926,0.18486138768813984,1.3637864879304482,0.05784981380297823,52.59783238620379,0.0011012265419397948,3.8244476609590152,0.007257231756950369,0.034857492299064124,151.jpg,/mnt/wangbd8/workspace/DataSets/ThyroidAgent/train_val_test/500_TestData_Malignancy_Cls/images/151.jpg,/mnt/wangbd8/workspace/DataSets/ThyroidAgent/train_val_test/500_TestData_Malignancy_Cls/masks/151.jpg
0.7797327245469123,206.1988063440146,217.88299612406655,25679.5,160.77995706893964,1507.058007951246,0.058687202163252634,25667.0,0.3769365443281902,35.0,103.0,124898081.0,2.0672051019352025,37.0,3.656684577511506,215.0,21.77354775440585,64.27400942844898,58.0,11.0,204.0,15.472233432250272,69.75740680351154,0.9269128815731795,124898081.0,0.27758839974849897,734.9475159422498,10.630878332871122,3.085971237272691,77.16130377758262,8.991702378590759,4.6789655584356025,0.24832613604849255,0.8992038014203689,0.24539439800324872,0.8144369114315607,0.1881077254771157,0.1797139777607059,3.046950995231175,-0.521803452301154,0.9400263048693258,0.8775959748029002,0.9969741562215424,0.8777914240059164,0.9754872123637229,0.24282912721366035,0.2955905075076265,2.789058845926403,1.2318229236210239,1566.8796901108917,0.23801909313548408,1.5089398535241771,12.98830320522558,32.64636184110588,261.7203402703934,5.970786461407749,0.13850738206287855,5.358814179191323,1056.586510709403,0.16050228022321175,0.25647718860794017,17.444299435047938,0.35150301495546915,5.091348303943527,0.05030587271736641,1566.8796901108917,0.23801909313548408,1.5089398535241771,12.98830320522558,32.64636184110588,261.7203402703934,5.970786461407749,0.13850738206287855,1056.586510709403,0.16050228022321175,0.35150301495546915,5.091348303943527,0.05030587271736641,5.358814179191323,0.25647718860794017,17.444299435047938,3.2808233248680607,11666.645926676278,0.45453874339331735,0.38783039192643154,7124.861456344723,1.245905937803959,10.801223360735575,6.573226321736081,65.92741652705809,1.0241155983308634,0.1510039372519266,0.2245208936680476,2.745271706428055,0.03285487825162286,46.0049407882908,0.0006777861766424272,9.542023368799136,0.00794322138630572,0.03531010762213987,152.jpg,/mnt/wangbd8/workspace/DataSets/ThyroidAgent/train_val_test/500_TestData_Malignancy_Cls/images/152.jpg,/mnt/wangbd8/workspace/DataSets/ThyroidAgent/train_val_test/500_TestData_Malignancy_Cls/masks/152.jpg
0.5411240615136939,541.0286286640206,538.5805417948183,112027.5,292.7636089378589,1701.889393668834,0.015191710907311454,112028.0,0.6971655562559024,31.0,165.0,1053603125.0,2.814188627592991,64.0,3.518303528344647,255.0,41.41080343023084,81.77445817117149,65.0,0.0,255.0,28.49438088419222,96.97844891541656,1.1213604772401051,1053603125.0,0.18035658419199502,2717.757544851386,18.62173753435941,3.7840079866054244,1075.6260631074692,80.74087964562486,17.3938154544352,0.18173108777207733,0.9793200072230296,0.18108642903829456,0.6851536731719459,0.1489387929902361,0.13062366348249338,3.6472487297859844,-0.7022506275797531,0.9902992654190063,0.9095212513542312,0.9985106545561244,0.9095642286031501,0.9849135966745897,0.1805223526462346,0.25183772507095725,3.462715621369325,4.393886635551819,3002.4395518753045,0.14624644675476398,4.758541979007826,21.442961519727227,66.02250365319045,935.085338528982,11.709743778430077,0.16148963075394235,6.6371270465517345,2295.2119824646857,0.1117979533592151,0.1832577569893241,36.24589269881506,0.22912410061193794,5.030270258947781,0.04054127829760778,3002.4395518753045,0.14624644675476398,4.758541979007826,21.442961519727227,66.02250365319045,935.085338528982,11.709743778430077,0.16148963075394235,2295.2119824646857,0.1117979533592151,0.22912410061193794,5.030270258947781,0.04054127829760778,6.6371270465517345,0.1832577569893241,36.24589269881506,3.8534897493391855,59896.607044667406,0.5346574699598976,0.28654330163920366,20204.98741386082,4.41365800547527,18.785464348198666,7.221783839754347,130.94533509479774,1.1693508332465161,0.16169741772935375,0.17862647433379747,3.536951575598164,0.029247549513979572,103.27114162662961,0.00032403872977841865,9.717877123060694,0.013670324200847524,0.02224124142333282,153.png,/mnt/wangbd8/workspace/DataSets/ThyroidAgent/train_val_test/500_TestData_Malignancy_Cls/images/153.png,/mnt/wangbd8/workspace/DataSets/ThyroidAgent/train_val_test/500_TestData_Malignancy_Cls/masks/153.png
0.6613617317452527,206.48283380196943,202.20039564748632,22048.5,136.55984453893768,634.9533188057746,0.028798027929599502,22049.0,0.8289964274386885,75.0,131.0,236914639.0,1.9012494778330382,29.0,3.8915428210963983,251.0,17.33986419788311,101.28944623338927,100.0,40.0,211.0,12.10976305235251,103.657683604794,0.5339831120879203,236914639.0,0.3153515082422693,485.36345204492324,13.494136971300815,3.5672765433225355,39.861174003427045,2.8018504897859797,3.224081897498914,0.14938175845234294,0.9114371615127302,0.14938175845234294,0.6082909901077432,0.12706684869402882,0.23672715237004696,2.6225399576363198,-0.6204921022583316,0.9515796924660571,0.9253091207738285,0.9985209726885906,0.9253091207738285,0.9864198401406961,0.14938175845234294,0.34849660081215494,2.47315819918398,0.843365913987814,961.3617146212566,0.28225534780424444,1.079030597450046,14.194656488549619,77.6332941867293,993.0411039342337,7.6602409729332885,0.10203456582443769,5.960752134335157,299.33822665883736,0.08788556273013427,0.15447412581069436,35.72610741156931,0.15548877813297673,2.3329379244723936,0.017483792599092763,961.3617146212566,0.28225534780424444,1.079030597450046,14.194656488549619,77.6332941867293,993.0411039342337,7.6602409729332885,0.10203456582443769,299.33822665883736,0.08788556273013427,0.15548877813297673,2.3329379244723936,0.017483792599092763,5.960752134335157,0.15447412581069436,35.72610741156931,2.846813047707911,12701.261054923125,0.5760470341023686,0.24034851965871923,6953.185405233798,0.8442050927347855,13.556442469046216,7.4821080321102995,100.49507914191119,0.7322986391721085,0.09853309151839726,0.1622245402915728,2.24190817421803,0.016279038323052965,19.27232915244524,0.0010374316919643273,7.893093994654352,0.002768199383406276,0.07891068276942138,154.png,/mnt/wangbd8/workspace/DataSets/ThyroidAgent/train_val_test/500_TestData_Malignancy_Cls/images/154.png,/mnt/wangbd8/workspace/DataSets/ThyroidAgent/train_val_test/500_TestData_Malignancy_Cls/masks/154.png
0.7434560870669247,64.14527280569384,73.24616030891995,2276.0,47.68919352396155,687.6366517139618,0.3021250666581554,2294.0,0.24594162823316598,43.0,131.0,16738871.0,2.321611890839936,33.0,5.950306189935229,232.0,26.006299744072898,77.5156931124673,68.0,17.0,215.0,15.599117642942776,85.42133892566618,1.616142532391626,16738871.0,0.2568403682249057,1288.1224651473192,15.227689339122048,3.629522431259045,383.3350653203044,35.90900603977936,8.740903477485668,0.5238784370477568,0.8869097099358675,0.28075253256150506,0.9462393675327067,0.4450564525080579,0.18703431829399148,3.323126149954596,-0.5808343102119695,0.9665073290678432,0.8831190942368264,0.9950999367690867,0.8899662325132659,0.9761661396972542,0.15839899233531649,0.35311143270622286,2.937698434226623,2.3161954786333556,129.30331753554503,0.2042706438160269,3.012710605981197,19.72827804107425,35.9652448657188,395.6129541864139,4.849025154515028,0.1017720407307502,5.219666058662762,146.84518167456557,0.2319829094384922,0.2759372275501308,22.83177726366334,0.475478774644517,10.975420380761909,0.04832954789915376,129.30331753554503,0.2042706438160269,3.012710605981197,19.72827804107425,35.9652448657188,395.6129541864139,4.849025154515028,0.1017720407307502,146.84518167456557,0.2319829094384922,0.475478774644517,10.975420380761909,0.04832954789915376,5.219666058662762,0.2759372275501308,22.83177726366334,3.5903768183340006,995.0078465562336,0.4337436122738595,0.46701261545033523,589.1918047079338,2.1820892453608933,15.056233653007846,6.460331299040976,86.28116826503923,0.7918376256303483,0.11662197781773435,0.2548919887629565,4.777850431076237,0.027806926683681465,2.551185210389021,0.01019836577190159,9.261255817511454,0.010125164666549145,0.588209598243944,155.jpg,/mnt/wangbd8/workspace/DataSets/ThyroidAgent/train_val_test/500_TestData_Malignancy_Cls/images/155.jpg,/mnt/wangbd8/workspace/DataSets/ThyroidAgent/train_val_test/500_TestData_Malignancy_Cls/masks/155.jpg
0.6519958472876791,105.70849546040087,113.21660655575224,5566.5,68.92150006320985,1082.856997824493,0.19453103347246797,5592.0,0.24424457782799683,33.0,78.0,17685951.0,1.5334454365900518,26.0,3.0897174013311774,124.0,14.538448486085784,53.33887696709585,51.0,18.0,106.0,10.734135539760645,56.238098407097226,0.6926319750022106,17685951.0,0.3895507914433249,317.6879163353637,7.257028875379939,2.605623100303952,12.687207545583048,2.271449186731205,1.9572747387773581,0.08624620060790274,0.9155905878470244,0.08624620060790274,0.4238144267420436,0.07880779348860413,0.35152258617344634,1.9429342584344285,-0.6834899204006842,0.9311292391189736,0.9568768996960487,0.9966828384381576,0.9568768996960487,0.9856256332320162,0.08624620060790274,0.4701747720364742,1.856688057826527,0.5108802348463152,265.2480818414322,0.33919192051334046,0.6579627291815202,10.521739130434783,152.80562659846547,860.9501278772378,32.25688867576016,0.13312553282182438,5.319749883956925,92.28644501278772,0.1180133567938462,0.13984263233190272,101.67032528567971,0.31521914191147493,3.9460151536873656,0.03261789907831611,265.2480818414322,0.33919192051334046,0.6579627291815202,10.521739130434783,152.80562659846547,860.9501278772378,32.25688867576016,0.13312553282182438,92.28644501278772,0.1180133567938462,0.31521914191147493,3.9460151536873656,0.03261789907831611,5.319749883956925,0.13984263233190272,101.67032528567971,2.385361706467589,3445.4016452074393,0.6161304801873103,0.27263452182864956,2178.3680257510728,0.5511649267500476,7.628934191702432,7.67274678111588,54.85532904148784,1.4005364310125576,0.17552480726434588,0.17170362422508348,1.5340665236051498,0.026806640107561067,12.745736347980667,0.006093202461688662,0.8687056255341353,0.004657107079567195,0.056433605074520665,156.jpg,/mnt/wangbd8/workspace/DataSets/ThyroidAgent/train_val_test/500_TestData_Malignancy_Cls/images/156.jpg,/mnt/wangbd8/workspace/DataSets/ThyroidAgent/train_val_test/500_TestData_Malignancy_Cls/masks/156.jpg
0.7463975946737491,186.9462192676124,190.07366992826755,20436.5,139.53620839469718,619.2375900532367,0.03030056957175821,20437.0,0.8183722226132681,31.0,94.0,88826239.0,2.0128417635934515,29.0,6.398402386614762,200.0,20.74544260221256,59.11665117189411,54.0,7.0,193.0,12.41544852433105,65.92681037686187,1.6754688592744602,88826239.0,0.3175562556276207,851.5658806872927,9.651966098354194,2.88757760914556,185.4186336601946,20.56754089415129,5.402731509858205,0.14728491179659012,0.9469245131520975,0.14728491179659012,0.6030038800092252,0.12559206655366079,0.24723879970640317,2.709185333865787,-0.6490747384349068,0.9622757485085408,0.9263575441017049,0.9982038425390659,0.9263575441017049,0.9852715088203409,0.14728491179659012,0.34798462599783186,2.5619004220691997,1.3875041054136985,741.6091954022988,0.236784545147605,2.031100195077713,11.459450830140485,96.23403575989784,746.3895274584929,17.727109070290762,0.20945615115162947,6.200227032798369,302.28991060025544,0.0965165742657265,0.15325145569310564,53.65549404327919,0.19916583206117597,2.3779094342659315,0.054706460928897784,741.6091954022988,0.236784545147605,2.031100195077713,11.459450830140485,96.23403575989784,746.3895274584929,17.727109070290762,0.20945615115162947,302.28991060025544,0.0965165742657265,0.19916583206117597,2.3779094342659315,0.054706460928897784,6.200227032798369,0.15325145569310564,53.65549404327919,2.94078172053252,11856.30596467192,0.5801392555009013,0.2507249480391825,6489.897196261682,1.402458608512961,9.789401575573715,7.505651514410139,71.0000489308607,1.3308432843497078,0.1822791339664215,0.16534281504678336,1.7152414194299013,0.03263037803278412,26.327396212765418,0.0012315233088247921,6.295368103255592,0.0056843138134343085,0.07542766015282378,157.png,/mnt/wangbd8/workspace/DataSets/ThyroidAgent/train_val_test/500_TestData_Malignancy_Cls/images/157.png,/mnt/wangbd8/workspace/DataSets/ThyroidAgent/train_val_test/500_TestData_Malignancy_Cls/masks/157.png
0.8466489167927214,153.0606845087725,170.88007490635061,14884.0,129.58866274290472,1297.016377390915,0.08714165394994054,14884.0,0.33344123263186726,14.0,82.0,42263414.0,2.1199258386313278,39.0,4.093295468324744,176.0,22.349960757168887,45.3714055361462,41.0,0.0,176.0,16.195244598513632,53.287145608740545,0.9728291848559462,42263414.0,0.25998353043343486,780.9554468016785,6.52073700917811,2.2969084259195363,105.00181955405895,10.753135087597219,5.123263128143315,0.14346835967152025,0.9455190149703091,0.13739562487060938,0.5884865253447035,0.12459080193793506,0.20651540686536934,2.7784893954540753,-0.678037252019908,0.9706525586300511,0.9318997186894908,0.997804554074591,0.9322073470889978,0.9847985060737805,0.13302365836266192,0.2998412807949762,2.62315671025337,1.316682871953709,546.843989769821,0.23309632982515813,1.5162046878872384,9.687127024722933,87.94970161977835,403.24552429667517,45.997795202622115,0.24860606138590702,6.020213154784794,232.7766410912191,0.09922277966377625,0.15761891964525665,47.69808689256495,0.251730011042525,3.1245142770467575,0.037448172478827986,546.843989769821,0.23309632982515813,1.5162046878872384,9.687127024722933,87.94970161977835,403.24552429667517,45.997795202622115,0.24860606138590702,232.7766410912191,0.09922277966377625,0.251730011042525,3.1245142770467575,0.037448172478827986,6.020213154784794,0.15761891964525665,47.69808689256495,3.061045090296373,8581.24213920989,0.5765413960769881,0.2741806005139016,3869.5948669712443,1.339281051977991,6.754501478097286,7.482128460091373,46.27573233001881,3.126842043320956,0.3900945057880717,0.17271342828988626,1.4050098539819043,0.056624630117021874,23.397794313420494,0.002228557396882056,4.313935467817201,0.006056060060785609,0.09603343418340358,158.jpg,/mnt/wangbd8/workspace/DataSets/ThyroidAgent/train_val_test/500_TestData_Malignancy_Cls/images/158.jpg,/mnt/wangbd8/workspace/DataSets/ThyroidAgent/train_val_test/500_TestData_Malignancy_Cls/masks/158.jpg
0.6704815253261813,165.83139343017248,165.73774464496614,14398.5,111.18688561402811,515.2964645562822,0.03578820464328105,14399.0,0.8254796941668654,16.0,104.0,59748756.0,2.379770535882857,59.0,2.665290573540202,203.0,30.213000271001178,54.00861170914647,45.0,0.0,203.0,24.00784025398545,64.41666963525591,0.6857725437760863,59748756.0,0.21102630375444548,1232.5771881483483,9.01602519244227,2.648040587823653,174.43722204848405,14.165393314929204,8.176366728190079,0.16074177746675997,0.9614394421380759,0.16074177746676,0.6360811722858106,0.1349038584435866,0.155065072150853,3.124449137430066,-0.6845352806768407,0.9804562402401794,0.91962911126662,0.998039734421137,0.91962911126662,0.983925822253324,0.16074177746676,0.24261721483554932,2.963707359963308,2.08427712641421,476.6591853699086,0.198112712123819,2.169256306449172,10.559019118869493,72.21487946799668,482.6101413133832,37.599718583190025,0.2988744999169583,6.202759343263834,232.33499584372402,0.09656483617777391,0.1670949371484131,36.39918163167863,0.1862718122839458,2.010979805763605,0.053700091191078415,476.6591853699086,0.198112712123819,2.169256306449172,10.559019118869493,72.21487946799668,482.6101413133832,37.599718583190025,0.2988744999169583,232.33499584372402,0.09656483617777391,0.1862718122839458,2.010979805763605,0.053700091191078415,6.202759343263834,0.1670949371484131,36.39918163167863,3.3668567139370893,8020.896242794639,0.5570453672334633,0.2604263021656832,3038.567747760261,2.098858878456986,9.145912910618794,7.366969928467254,65.06674074588513,2.858172403258824,0.37179056918364,0.1691128241930381,1.6276516116088309,0.058684507135215704,20.383852000441678,0.0021666620396191133,7.041333185443609,0.009251978411452595,0.11238216609681288,159.png,/mnt/wangbd8/workspace/DataSets/ThyroidAgent/train_val_test/500_TestData_Malignancy_Cls/images/159.png,/mnt/wangbd8/workspace/DataSets/ThyroidAgent/train_val_test/500_TestData_Malignancy_Cls/masks/159.png
0.7580932168995294,294.54557954073834,292.3285822494954,51228.5,223.29300591757456,956.793939239341,0.018676985257021793,51229.0,0.8385758212913789,107.0,195.0,1294469229.0,2.4510340354376017,42.0,2.827603755659432,254.0,26.164840024731486,155.514435183197,158.0,55.0,199.0,18.343027441332456,158.96002645796494,-0.26727839252963803,1294469229.0,0.21274603708223855,1083.5504611681276,24.079628322747592,4.728446247941661,141.47444652682356,-4.763911675311877,7.070183615589417,0.18448600329334275,0.9491400675743649,0.18448600329334275,0.6897930263654334,0.15045091788219148,0.14604592397479502,3.3007806609478147,-0.6528329036679021,0.979388032154391,0.9077569983533287,0.9977501706915446,0.9077569983533287,0.9815513996706657,0.18448600329334275,0.2563710499490316,3.1162946576544743,1.8136674047206902,2013.0766514333195,0.20908565137446194,1.8699359419253738,24.56979642708766,49.36196510178645,1168.3016202742003,3.359139198844535,0.06862191829389128,6.1198387897728725,1034.0660573327793,0.10740195859293512,0.18794042436900973,21.05067931928565,0.18928267980191016,4.6690954140505845,0.01474363828214068,2013.0766514333195,0.20908565137446194,1.8699359419253738,24.56979642708766,49.36196510178645,1168.3016202742003,3.359139198844535,0.06862191829389128,1034.0660573327793,0.10740195859293512,0.18928267980191016,4.6690954140505845,0.01474363828214068,6.1198387897728725,0.18794042436900973,21.05067931928565,3.4985609834929665,27054.128813757834,0.5281018332147384,0.2751183582873118,10898.766733685998,1.8150495340145616,24.189580120634798,7.161119678307209,172.5304417419821,0.4759357891382059,0.06683100428258491,0.17569909404612405,4.276213993376148,0.012054671308195318,40.43908463089195,0.0005157201008052649,6.108521368576921,0.009066173623090082,0.016715307943514373,160.png,/mnt/wangbd8/workspace/DataSets/ThyroidAgent/train_val_test/500_TestData_Malignancy_Cls/images/160.png,/mnt/wangbd8/workspace/DataSets/ThyroidAgent/train_val_test/500_TestData_Malignancy_Cls/masks/160.png
0.8508636114203151,127.42136310532679,130.17296186228538,10692.5,108.41820118389765,453.5391052434014,0.04241656350183787,10693.0,0.8082204268432662,93.0,161.0,179736048.0,2.2426280963043888,37.0,3.6699051628905908,240.0,22.168008677329365,126.5324978958197,125.0,45.0,195.0,15.302160055968734,129.6485938180058,0.4748506374963856,179736048.0,0.2518867087651698,798.2848552306373,22.111300236406624,4.565531914893617,100.367188131555,5.56497573169722,5.255068135405665,0.18619385342789602,0.9315622538264106,0.18619385342789596,0.6934410443286865,0.15152570237356716,0.17567909058900458,3.0945900690484827,-0.6207157447195633,0.9686534349988539,0.9069030732860521,0.9977293432508794,0.9069030732860521,0.9813806146572105,0.18619385342789596,0.2817021276595745,2.9083962156205896,1.36031549720839,474.83708672735986,0.22752136402844267,1.5961937464427725,23.2117872544322,43.98802108289411,930.3421178725443,2.616291495599642,0.06026636860621904,5.8901943703274044,224.29276473406804,0.10747137744804411,0.19517441316749276,17.73651433371851,0.198125104944789,4.816914509495008,0.012287479144833345,474.83708672735986,0.22752136402844267,1.5961937464427725,23.2117872544322,43.98802108289411,930.3421178725443,2.616291495599642,0.06026636860621904,224.29276473406804,0.10747137744804411,0.198125104944789,4.816914509495008,0.012287479144833345,5.8901943703274044,0.19517441316749276,17.73651433371851,3.308410414351586,5553.117460020574,0.5193226840008018,0.2849232206937034,2693.4245768259607,1.3567879846054907,22.269896193771626,7.095202468904891,156.2839240624708,0.42226042897580623,0.059658868154810654,0.17967102050147032,4.086796138699253,0.010799072755594745,9.571193177433049,0.002155604268713318,6.442083735921721,0.006862397534282269,0.07586173406359907,161.png,/mnt/wangbd8/workspace/DataSets/ThyroidAgent/train_val_test/500_TestData_Malignancy_Cls/images/161.png,/mnt/wangbd8/workspace/DataSets/ThyroidAgent/train_val_test/500_TestData_Malignancy_Cls/masks/161.png
0.6430834665900304,162.58427332297535,166.1715980545412,13329.5,104.55525810155999,500.9533188057746,0.037582303822782145,13330.0,0.8169859791302081,94.0,189.0,263284657.0,2.5275572030962015,46.0,3.3854584973121447,255.0,29.013843689729633,135.58327081770443,129.0,58.0,197.0,19.85969020302731,140.53927243576507,0.8433988117399821,263284657.0,0.2043921032771321,1368.4637711472126,17.635566308785727,3.9291546952971417,273.08943468824384,22.49116135856981,8.975538469527725,0.1862997126871314,0.9593313680111092,0.18599727808861335,0.6944704628286177,0.15170472523075845,0.14122938863964088,3.37979157172063,-0.6619326020403454,0.9821922590757628,0.9070316044155452,0.9977283126297252,0.9070517667221131,0.9814030215965798,0.18573264781491006,0.2399818539240889,3.1922678310709123,2.290459545553714,496.5144418423107,0.1937995479478184,2.349218080137188,18.678766588602656,48.1608118657299,801.2259953161592,5.115181536076136,0.10260679455377143,6.15939350222123,275.8142076502732,0.10765581875498564,0.1921980495123781,21.089952168272124,0.21531143093162275,4.063652799915198,0.02370921126484769,496.5144418423107,0.1937995479478184,2.349218080137188,18.678766588602656,48.1608118657299,801.2259953161592,5.115181536076136,0.10260679455377143,275.8142076502732,0.10765581875498564,0.21531143093162275,4.063652799915198,0.02370921126484769,6.15939350222123,0.1921980495123781,21.089952168272124,3.595607677711319,6969.207351837959,0.5228212567020225,0.2892989038707539,2724.5467366841713,2.289565082568467,17.779369842460614,7.1306826706676665,125.09459864966242,0.7283013000982672,0.10216319648222714,0.180590981078603,3.272309744102692,0.01867527024621172,14.984182636330667,0.0021225132818298775,6.238774105555926,0.011281313323608273,0.07680315088287826,162.png,/mnt/wangbd8/workspace/DataSets/ThyroidAgent/train_val_test/500_TestData_Malignancy_Cls/images/162.png,/mnt/wangbd8/workspace/DataSets/ThyroidAgent/train_val_test/500_TestData_Malignancy_Cls/masks/162.png
0.6811813583069043,242.8889503688424,245.75190741884384,31420.5,165.45142512998635,760.9949493661175,0.024219695719868158,31421.0,0.8257141052224042,76.0,151.0,422419746.0,2.3551885346633923,38.0,5.224086798164959,254.0,24.835962819560592,111.01906368352375,105.0,33.0,221.0,15.681469902900773,115.94769092829347,1.209322091147303,422419746.0,0.24539109194133255,1118.6345304367642,17.371084876987556,3.9473237994689185,285.35922606888073,24.10912729129475,7.339350370902592,0.1804715743673417,0.9520011043663443,0.18040758870013118,0.6813428337938144,0.14792467630674605,0.17428874356177235,3.184029874241276,-0.64634513690885,0.9758049331163676,0.9098026042166555,0.9982131892783511,0.9098068699278029,0.983599794858073,0.18035160124132193,0.2800012797133442,3.003283139959526,1.8799554863174832,1254.2385384350225,0.2161734812883527,2.1229856789627037,18.907273354015857,51.017063081695966,808.5320579110652,4.822334579195027,0.09353823111425683,6.127865875973893,605.0492933471216,0.10428288406534328,0.18465357563413004,21.688920668395077,0.18592274400435851,3.702058754241349,0.019088675360808056,1254.2385384350225,0.2161734812883527,2.1229856789627037,18.907273354015857,51.017063081695966,808.5320579110652,4.822334579195027,0.09353823111425683,605.0492933471216,0.10428288406534328,0.18592274400435851,3.702058754241349,0.019088675360808056,6.127865875973893,0.18465357563413004,21.688920668395077,3.3847018334282306,16723.399796314567,0.5322363959235723,0.27219247690026127,7710.43349988861,1.880854239494741,17.509022628178606,7.192737341268578,123.44798064988383,0.6619497141673515,0.09225925715337273,0.17440388416805463,3.1535031419185326,0.016374380175532124,28.51493617895868,0.0007863723850524776,8.297847658392628,0.007322181669936809,0.04550203114337255,163.png,/mnt/wangbd8/workspace/DataSets/ThyroidAgent/train_val_test/500_TestData_Malignancy_Cls/images/163.png,/mnt/wangbd8/workspace/DataSets/ThyroidAgent/train_val_test/500_TestData_Malignancy_Cls/masks/163.png
0.8156698194462833,70.77598289951503,80.1311425102625,3076.5,57.72983319278066,687.452885529888,0.22345291257269234,3087.0,0.28601608156948216,1.0,54.0,3483269.0,1.4808773925613394,29.0,8.8249421278382,180.0,17.69153799085772,23.6984126984127,18.0,0.0,180.0,12.233815063527489,33.59117477849913,1.9018484711530397,3483269.0,0.4506456692847284,566.7522585753878,3.112831097351221,1.5378396972824215,111.20972728125793,13.46690008843035,3.106759729341497,0.11523907808737531,0.9284673365975976,0.11317509459924321,0.5148086805886486,0.10243047604982765,0.4118133412001848,1.9595356560476276,-0.6296544557706878,0.913688328906712,0.9436188510491916,0.9982298928938886,0.9437564499484005,0.9874479226388411,0.11136910904712763,0.6044031647746818,1.8401665343554312,0.8054997018572183,162.34387351778656,0.32083769469918294,1.1877860925807309,6.0,126.17193675889328,200.59683794466403,115.1997576026458,0.3918179941607737,5.127631218237295,76.84584980237155,0.15186926838413348,0.16391318432134758,88.95229186520646,0.376190120540556,2.931638894987761,0.10502310166225828,162.34387351778656,0.32083769469918294,1.1877860925807309,6.0,126.17193675889328,200.59683794466403,115.1997576026458,0.3918179941607737,76.84584980237155,0.15186926838413348,0.376190120540556,2.931638894987761,0.10502310166225828,5.127631218237295,0.16391318432134758,88.95229186520646,2.3744010757512477,1780.2620667314545,0.5766964906807432,0.32272099609121885,1391.1431810819565,0.8112696387423187,3.2918691286038224,7.463232912212504,20.621315192743765,5.576866441966053,0.687867969291161,0.1879206709138682,0.8923442392830149,0.1029158330733822,6.749338624338625,0.009758025003556131,4.188656962079983,0.0029049001942564163,0.7556415904310797,164.jpg,/mnt/wangbd8/workspace/DataSets/ThyroidAgent/train_val_test/500_TestData_Malignancy_Cls/images/164.jpg,/mnt/wangbd8/workspace/DataSets/ThyroidAgent/train_val_test/500_TestData_Malignancy_Cls/masks/164.jpg
0.7529006206713316,289.56729605585025,291.08418026406036,49177.5,218.01539692656885,936.6934341759527,0.019047195041959283,49178.0,0.8392487044895278,74.0,150.0,699747549.0,2.3380294111830877,37.0,3.493227842470764,254.0,23.659536987100015,115.30633616657855,118.0,18.0,236.0,15.826936324555119,119.28484255352835,-0.31017310188835795,699747549.0,0.2383180950766177,933.3225028600287,27.71477880805523,5.122268289694049,127.94737769140522,-4.549209183235782,6.090910574220545,0.18232506842040766,0.9418720804361013,0.1822433724112577,0.6854258388708309,0.1491124216325793,0.16633046604513083,3.1741856262003103,-0.6399443559229732,0.9744566976937176,0.9088864833952861,0.9985055643687544,0.9088919297958961,0.9848135759914283,0.1821718884032515,0.27664311098402844,2.991447186024218,1.5683089106602381,2026.3472693444237,0.22177380642929012,1.7289161331931098,27.92601510342563,50.568239028127394,1402.5471161212652,2.4601583631594734,0.051260273272253784,6.061621671558638,972.6184743351209,0.10644833909763828,0.18579446093781773,21.5991742158381,0.17954930763123514,4.990080623207685,0.009508161102013163,2026.3472693444237,0.22177380642929012,1.7289161331931098,27.92601510342563,50.568239028127394,1402.5471161212652,2.4601583631594734,0.051260273272253784,972.6184743351209,0.10644833909763828,0.17954930763123514,4.990080623207685,0.009508161102013163,6.061621671558638,0.18579446093781773,21.5991742158381,3.3741712134777018,26103.11806092155,0.5307885245622341,0.2699496531303558,11720.007279677904,1.5785297417941704,27.804933100166743,7.17849444873724,199.3642482410834,0.3606432365150206,0.05043290908962831,0.17385484024021583,4.837721022498769,0.008855950526882506,26.930211309126324,0.0004957060414186397,9.949576973658834,0.005103044621670529,0.031074920178121735,165.png,/mnt/wangbd8/workspace/DataSets/ThyroidAgent/train_val_test/500_TestData_Malignancy_Cls/images/165.png,/mnt/wangbd8/workspace/DataSets/ThyroidAgent/train_val_test/500_TestData_Malignancy_Cls/masks/165.png
0.792217809670181,138.86187775748633,146.70037491431302,11783.5,110.00885264372424,1399.0407640085466,0.11872879568961231,11784.0,0.2750500424557915,32.0,138.0,85405912.0,2.4393771117891427,66.0,3.8527650862267055,255.0,37.25812952907944,72.02189409368636,52.0,16.0,239.0,26.932356673152935,85.13293386848798,1.2157082008147335,85405912.0,0.259053521200113,2060.463200214174,14.557038728374462,3.3660753490822866,673.5745033389717,58.95669568065194,13.02547287515605,0.11917098445595856,0.9818677499780544,0.11478001229472207,0.5210980389242046,0.10599653323358203,0.2370290539680364,2.981353723712551,-0.7607038125402343,0.9870502090621811,0.943036693029719,0.9990261453722215,0.9432276572699861,0.990461762996232,0.11192892967614142,0.4391850355668745,2.8567216578572694,3.2861609649030026,241.83135391923992,0.14360531705418048,3.9995246585158064,24.679334916864608,221.6413301662708,1485.7209026128266,49.87238529149082,0.10680121411257691,6.474600887331274,207.12351543942992,0.12299496166236931,0.14290563475899526,172.67457868100496,0.3044119445474159,9.17022657325925,0.02307163008672999,241.83135391923992,0.14360531705418048,3.9995246585158064,24.679334916864608,221.6413301662708,1485.7209026128266,49.87238529149082,0.10680121411257691,207.12351543942992,0.12299496166236931,0.3044119445474159,9.17022657325925,0.02307163008672999,6.474600887331274,0.14290563475899526,172.67457868100496,3.27828343358453,7162.553122878479,0.6078201903325254,0.27048435541950167,3052.686693822132,3.3316409272770926,14.98438560760353,7.637304820095044,101.66089613034623,1.3433806074214532,0.16569796194966516,0.1710841442256921,3.2769763143999397,0.02409388144201381,5.378640355403769,0.005138925199725349,5.897291006745439,0.006536106645424959,0.3464121122130449,166.jpg,/mnt/wangbd8/workspace/DataSets/ThyroidAgent/train_val_test/500_TestData_Malignancy_Cls/images/166.jpg,/mnt/wangbd8/workspace/DataSets/ThyroidAgent/train_val_test/500_TestData_Malignancy_Cls/masks/166.jpg
0.6942296427165154,132.92660620122996,145.89036979869508,9370.5,92.28159033059882,1205.928065636347,0.1286941001692916,9371.0,0.28455414216134195,20.0,58.0,22968740.0,1.582150257078653,18.0,26.072108507291222,238.0,15.43123758556861,40.40593319816455,35.0,0.0,238.0,7.732153314723824,49.50802674729249,4.256313278342856,22968740.0,0.4510563328917681,818.4052747960923,5.573398576512456,2.1074288256227756,585.2776457282314,42.01384976705327,4.776789926356049,0.24822064056939502,0.901205922947434,0.13456405693950177,0.5612734348528484,0.23011315514937752,0.4052912098219375,2.060828128599046,-0.642409890447943,0.9261627737200038,0.9430619072156647,0.9977170591847129,0.9450974940688018,0.9885226354309983,0.0899341389877422,0.603202846975089,1.9156878168866496,1.2562526417313609,302.22674865488085,0.2323034194118992,5.106494678899517,13.800153727901614,160.64488854727134,672.0130668716372,49.51628618333205,0.3429586273829713,6.041509238194655,170.03458877786318,0.13069530267322305,0.13883256856258672,108.76282006214105,0.353802936270842,8.667491805812956,0.08639679717490904,302.22674865488085,0.2323034194118992,5.106494678899517,13.800153727901614,160.64488854727134,672.0130668716372,49.51628618333205,0.3429586273829713,170.03458877786318,0.13069530267322305,0.353802936270842,8.667491805812956,0.08639679717490904,6.041509238194655,0.13883256856258672,108.76282006214105,2.415726920849538,5841.287909508057,0.623336667325585,0.28422957135847815,4226.848895528759,1.3986202754017363,5.979617970334009,7.695336676982179,36.81581474762565,2.8277427880608923,0.3649638493275397,0.17523921317539926,1.8560986020702166,0.05964622890518822,10.911377978476716,0.003082856328400686,6.822426357685338,0.0034974213125864217,0.39707967828878366,167.jpg,/mnt/wangbd8/workspace/DataSets/ThyroidAgent/train_val_test/500_TestData_Malignancy_Cls/images/167.jpg,/mnt/wangbd8/workspace/DataSets/ThyroidAgent/train_val_test/500_TestData_Malignancy_Cls/masks/167.jpg
0.4595516602721922,267.13727341792355,269.2080979465514,25405.5,122.76337751979331,752.208152801714,0.02960808300571585,25406.0,0.7511570870371309,49.0,104.0,153355296.0,1.8765333622623332,30.0,2.911243509068362,153.0,17.27695799062863,74.68306699204912,73.0,5.0,148.0,12.435779828142245,77.69288389842853,0.30815010864047904,153355296.0,0.3198677642603601,458.6237131157986,13.013695376820772,3.504947751741608,28.12628700101242,1.5560424616147557,3.0614916926903573,0.14534515516149463,0.909352946808718,0.14534515516149463,0.5980679054086941,0.12421994103257569,0.24358984607033576,2.5802272510768653,-0.6224424079762287,0.9501957488061972,0.9273274224192527,0.9970930968967702,0.9273274224192527,0.9818318556048132,0.14534515516149463,0.3796706776440785,2.4348820959153725,0.8017092119629631,1063.5175668589407,0.27884571758231275,0.9873425370444056,13.458573675930781,91.813843733613,1129.6699003670687,9.265077774686171,0.10914973120868694,5.976257529570906,335.56581017304666,0.08798264556188953,0.15012201842084547,47.44161836899849,0.17097478336995242,2.275560639441023,0.020343673643318818,1063.5175668589407,0.27884571758231275,0.9873425370444056,13.458573675930781,91.813843733613,1129.6699003670687,9.265077774686171,0.10914973120868694,335.56581017304666,0.08798264556188953,0.17097478336995242,2.275560639441023,0.020343673643318818,5.976257529570906,0.15012201842084547,47.44161836899849,2.814503236829804,14843.108084704401,0.5842363254626624,0.24064152117498155,8126.560418798709,0.8055225691644029,13.083090608517672,7.52932378178383,97.94776824372195,0.7729588565594965,0.10367611039797589,0.16214455028121091,2.1384231196480274,0.017211396928990354,38.67199001271414,0.0009158654511243873,3.125067143007279,0.005556098586619964,0.019218051025262778,168.png,/mnt/wangbd8/workspace/DataSets/ThyroidAgent/train_val_test/500_TestData_Malignancy_Cls/images/168.png,/mnt/wangbd8/workspace/DataSets/ThyroidAgent/train_val_test/500_TestData_Malignancy_Cls/masks/168.png
0.8051521303888894,313.07093112034977,331.9036004625439,59750.5,252.06972715438286,1239.0193359837542,0.020736551760801237,59751.0,0.6993548965812237,106.0,187.0,1311734231.0,2.420303971774557,41.0,3.3194703472312006,255.0,25.127468838527705,144.68338605211628,142.0,49.0,206.0,17.41943846508442,148.16660743603336,0.3874389894377118,1311734231.0,0.22172197461593776,1020.0613595978969,29.70077548068027,5.298728278971184,150.6858921908295,6.8106987261825855,6.691794967476255,0.19477854223089477,0.9434323783935972,0.19454303833666964,0.712066074765812,0.15693154846563181,0.14985012635206482,3.30381635699053,-0.6349225057488762,0.976592651992803,0.9027520312210876,0.9980716341042795,0.9027677314807027,0.9823160533625317,0.19433697242922265,0.2601140511716319,3.10777279432397,1.7216433774267872,2520.8029000168603,0.2125107823315512,1.8192509608829532,30.323975720789075,43.167846906086666,1254.0806777946384,1.9102318407879835,0.04402317205412423,6.013203510080554,1355.5643230483897,0.11427788931448236,0.1985238740774213,17.794689319178648,0.19231971635690004,5.884727960611817,0.008718214388524975,2520.8029000168603,0.2125107823315512,1.8192509608829532,30.323975720789075,43.167846906086666,1254.0806777946384,1.9102318407879835,0.04402317205412423,1355.5643230483897,0.11427788931448236,0.19231971635690004,5.884727960611817,0.008718214388524975,6.013203510080554,0.1985238740774213,17.794689319178648,3.4911271834839654,30818.834714063363,0.5157877644568855,0.2818436381445417,13248.109705276898,1.7215003902541943,29.831852186574285,7.0572040635303175,209.59272648156517,0.30947039728710557,0.0438777794184996,0.1792252663367791,5.386055835420699,0.007903983479002553,39.28271677454944,0.00041497556392177824,8.101812621419258,0.007126620230965707,0.0179871282400286,169.png,/mnt/wangbd8/workspace/DataSets/ThyroidAgent/train_val_test/500_TestData_Malignancy_Cls/images/169.png,/mnt/wangbd8/workspace/DataSets/ThyroidAgent/train_val_test/500_TestData_Malignancy_Cls/masks/169.png
0.8375085430335265,280.08364316087557,305.6550343115585,50826.0,234.572443911187,2549.630734528276,0.050163906947788064,50781.0,0.31345168758769265,2.0,63.0,88935374.0,1.7308651097010148,26.0,10.732122643464113,238.0,19.817134128641154,30.137689293239596,24.0,0.0,238.0,11.604709586979471,41.84915018941225,2.272990668347635,88935374.0,0.3833532929064448,843.0710556401345,4.306632041550141,1.7637534958050338,271.8625332356746,26.022245821039128,4.856834256343447,0.07361166600079905,0.9701399560363498,0.06362365161805833,0.3433971864082993,0.06956369695558298,0.35359320672963124,2.0661966811516854,-0.7887291380491623,0.9654927358075553,0.9691162550640589,0.9992852051883421,0.9693531096018111,0.9942837193436475,0.05911004572291027,0.4993208150219736,1.9944381450669486,1.232611480586061,910.3607038123167,0.24269813484732516,3.1183743341596064,9.82911223673687,874.2652625966409,1720.6643561716876,739.8499377200598,0.3993890875341615,6.94451889368253,251.8573713676353,0.06714406061520536,0.07386620980287903,690.9880928935256,0.206994548256899,3.697711932873597,0.0612929849912305,910.3607038123167,0.24269813484732516,3.1183743341596064,9.82911223673687,874.2652625966409,1720.6643561716876,739.8499377200598,0.3993890875341615,251.8573713676353,0.06714406061520536,0.206994548256899,3.697711932873597,0.0612929849912305,6.94451889368253,0.07386620980287903,690.9880928935256,2.320227050847886,38692.98716055218,0.7619579598777529,0.14918397408711137,19467.063567082176,1.3031971298923446,4.486323624977846,8.284614324255134,33.577125302770725,5.19222068218712,0.6089780580035735,0.1387417428653324,0.8408984987823529,0.07782430471256355,41.48253578765156,0.0010990864613492526,4.042694179395533,0.0018183721596055132,0.1465320568368933,170.jpg,/mnt/wangbd8/workspace/DataSets/ThyroidAgent/train_val_test/500_TestData_Malignancy_Cls/images/170.jpg,/mnt/wangbd8/workspace/DataSets/ThyroidAgent/train_val_test/500_TestData_Malignancy_Cls/masks/170.jpg
0.7263223433511635,56.24246974153878,61.741396161732524,1729.0,40.85016241853135,484.1564209736057,0.2800210647620623,1736.0,0.3044505288057818,91.0,166.0,32964034.0,2.2885840916033535,31.0,3.958868259974987,242.0,22.894232198602648,134.2258064516129,139.0,39.0,203.0,13.858823457176713,137.79876214221326,-0.40591634125744136,32964034.0,0.26962507167278976,971.9317303404191,24.672727272727272,4.8097178683385575,151.8959268769064,-7.0468100920840255,6.307208459036369,0.14984326018808777,0.953587715662254,0.14984326018808775,0.6094479242508009,0.12739025756429279,0.20431855032871138,3.010887185854492,-0.6826038084434609,0.9776757488949028,0.925078369905956,0.9981726431684379,0.925078369905956,0.9850156739811912,0.14984326018808775,0.380564263322884,2.8610439256664066,1.6142629298061144,92.4421052631579,0.24326869806094184,1.8424584487534625,27.986842105263158,43.78947368421053,1060.7052631578947,2.7144689750169073,0.057332954575592426,5.502158790651956,52.252631578947366,0.13750692520775623,0.21889400921658986,22.919002770083104,0.32827272433748567,10.687108070567858,0.01572955957564199,92.4421052631579,0.24326869806094184,1.8424584487534625,27.986842105263158,43.78947368421053,1060.7052631578947,2.7144689750169073,0.057332954575592426,52.252631578947366,0.13750692520775623,0.32827272433748567,10.687108070567858,0.01572955957564199,5.502158790651956,0.21889400921658986,22.919002770083104,3.4461949000922782,853.1647465437788,0.4914543470874302,0.35788082142326233,468.06912442396316,1.6270718745354542,25.432027649769584,6.9228110599078345,171.43433179723502,0.44800641789827383,0.06314160079034174,0.20606118791602662,5.690924219150026,0.01209998211868427,1.0879851537645813,0.01692057272629804,4.8666837583194384,0.00656077368764296,0.5934551239850779,171.jpg,/mnt/wangbd8/workspace/DataSets/ThyroidAgent/train_val_test/500_TestData_Malignancy_Cls/images/171.jpg,/mnt/wangbd8/workspace/DataSets/ThyroidAgent/train_val_test/500_TestData_Malignancy_Cls/masks/171.jpg
0.7683045608286505,144.3347219372034,160.5801980320114,12238.5,110.89302515028844,497.05382386916284,0.0406139497380531,12239.0,0.7889792997780259,65.0,129.0,118760545.0,2.0734016672352427,33.0,4.003441705697821,206.0,20.124968288764073,95.08644497099436,92.0,27.0,179.0,14.240903556838427,98.50609966336168,0.8283423963760498,118760545.0,0.2825200430933006,662.0196536662054,11.998680521194128,3.309005442850074,74.77582068692433,7.126385519929472,4.354826523384718,0.1581725218538677,0.9299035872738566,0.1581725218538677,0.6299196666476036,0.13315397518425545,0.20926092184680573,2.8218119532374484,-0.6358620756579284,0.9633110681963951,0.9209137390730661,0.9975665765868635,0.9209137390730661,0.9824252753495701,0.1581725218538677,0.35642421243608774,2.6636394313835834,1.1282497613096463,508.1344165435746,0.25018927451677725,1.357070769881218,12.805514524864599,61.479566715903495,700.8242245199409,7.617128179599429,0.13429833471218783,5.964146116549881,186.62973904480552,0.09189056575322772,0.16594493014135142,25.165739506385638,0.147027414154441,1.9951101922835601,0.022620354988190587,508.1344165435746,0.25018927451677725,1.357070769881218,12.805514524864599,61.479566715903495,700.8242245199409,7.617128179599429,0.13429833471218783,186.62973904480552,0.09189056575322772,0.147027414154441,1.9951101922835601,0.022620354988190587,5.964146116549881,0.16594493014135142,25.165739506385638,3.042973308640756,6823.758885529864,0.557542191807326,0.24641419948783896,3457.762807418907,1.1346871396050289,12.145436718686167,7.365225917150094,88.40362774736498,0.9258630126751793,0.12719125661267586,0.16474657515592234,2.0451289593376365,0.021546085940345214,17.09884063024386,0.0019498428846267818,4.772066195792118,0.006352343437641521,0.06489429972839403,172.png,/mnt/wangbd8/workspace/DataSets/ThyroidAgent/train_val_test/500_TestData_Malignancy_Cls/images/172.png,/mnt/wangbd8/workspace/DataSets/ThyroidAgent/train_val_test/500_TestData_Malignancy_Cls/masks/172.png
0.6898991987475483,134.54061634053522,150.2165104108067,9458.5,92.81946341233657,448.3675323681477,0.047403661507442796,9459.0,0.7689213320022703,40.0,116.0,69804231.0,2.1766016142581446,40.0,2.329376465709307,155.0,22.826397635273718,81.31419811819431,85.0,12.0,143.0,17.158782865843566,85.90496412179871,-0.15859076845217207,69804231.0,0.24571472268725242,767.6640451625675,15.331339457380901,3.759186071352275,56.91496777180635,-1.3384446023879588,4.96019440199261,0.16075624866481522,0.9372162476730068,0.16075624866481517,0.6361156758540608,0.13491367718003125,0.1782238600083307,2.9406339261005447,-0.6486859880733711,0.9698388566118076,0.9196218756675923,0.9967848750267037,0.9196218756675923,0.9799054689168981,0.16075624866481517,0.29982909634693444,2.779877677435731,1.2802376626643563,382.9725343320849,0.23905901019480955,1.337236460042924,16.320224719101123,61.475031210986266,872.5287141073658,6.944326440730266,0.10396793548880226,5.9615407583585185,149.4856429463171,0.09331188698271979,0.16936251189343482,26.611977303651337,0.17303576973307858,2.7983955283468127,0.022226197377532397,382.9725343320849,0.23905901019480955,1.337236460042924,16.320224719101123,61.475031210986266,872.5287141073658,6.944326440730266,0.10396793548880226,149.4856429463171,0.09331188698271979,0.17303576973307858,2.7983955283468127,0.022226197377532397,5.9615407583585185,0.16936251189343482,26.611977303651337,3.164775307361554,5233.305106248018,0.5532619839568683,0.2586663520231388,2324.215561898721,1.2803667971008938,15.469817105402262,7.341050851041336,112.13014060682947,0.7563961705836793,0.10305225931511555,0.16875168857407993,2.6523064453606793,0.017871825743763024,13.242977089705974,0.0027867898090523087,3.182961542196412,0.0096846596722904,0.049707758802812876,173.png,/mnt/wangbd8/workspace/DataSets/ThyroidAgent/train_val_test/500_TestData_Malignancy_Cls/images/173.png,/mnt/wangbd8/workspace/DataSets/ThyroidAgent/train_val_test/500_TestData_Malignancy_Cls/masks/173.png
0.6922518098278502,169.32776639978803,179.6886195617296,15327.5,117.21745274436071,552.5096679918788,0.03604695273148777,15328.0,0.7943295380081444,74.0,139.0,183435771.0,2.119004267973573,34.0,3.341851246299445,210.0,20.646596578750092,106.28190240083508,105.0,43.0,167.0,14.688815512766197,109.39545245697931,0.5259717581188472,183435771.0,0.2661174332399179,671.5222403265913,15.16678724103913,3.7547188424860245,65.94181973970174,4.729537543244996,4.453528161276324,0.17803354159815848,0.9231215935274419,0.17790200591910554,0.676165265190437,0.146384417888117,0.18812656275665215,2.936434889437627,-0.6131938880831033,0.9620216553262222,0.9110621506083526,0.9972612009921719,0.9110709196536227,0.9802345719609777,0.17778691219993423,0.2894442617560013,2.7579256998040313,1.1578904257186207,687.9968164131589,0.24336640127808942,1.3588574172768553,16.200565970993985,52.88574460558896,740.5429784223559,5.19536529683799,0.09206071524824998,5.867303261646846,300.4991156703219,0.10629611449250863,0.18443371607515657,23.487637590373993,0.19275787447263282,3.1507443130137442,0.01929509620817454,687.9968164131589,0.24336640127808942,1.3588574172768553,16.200565970993985,52.88574460558896,740.5429784223559,5.19536529683799,0.09206071524824998,300.4991156703219,0.10629611449250863,0.19275787447263282,3.1507443130137442,0.01929509620817454,5.867303261646846,0.18443371607515657,23.487637590373993,3.155648901007108,8162.867954070981,0.5325461869827102,0.2740359824257652,4079.048016701461,1.1590316204315596,15.304344989561587,7.196894572025053,108.51989822546973,0.6675530805191335,0.09254947715102918,0.17494128392484343,2.732160461609835,0.016343764847091317,20.10760880110207,0.0014790711861387641,4.956186593058622,0.007160500721308997,0.04196938983999682,174.png,/mnt/wangbd8/workspace/DataSets/ThyroidAgent/train_val_test/500_TestData_Malignancy_Cls/images/174.png,/mnt/wangbd8/workspace/DataSets/ThyroidAgent/train_val_test/500_TestData_Malignancy_Cls/masks/174.png
0.4205216458275962,309.08988135772626,302.63013729633735,31048.5,129.97898561720748,2007.3981951088813,0.06465362884225909,31051.0,0.31116569719750203,0.0,80.0,69810939.0,1.9244698136523148,59.0,3.2283637065586626,219.0,30.204184038488673,32.15861002866252,22.0,0.0,219.0,24.82978988115832,47.41589408979384,0.8677788685378877,69810939.0,0.3351686243871964,1214.0908133589523,5.43391480465177,1.9957042989677252,138.65270267369266,16.30482611419688,5.985193403281623,0.1808767803475761,0.9413315856093233,0.13840977394485823,0.5930792751302679,0.16171951482410934,0.29757589272657203,2.5227941041826787,-0.6850496772017547,0.9632344292790457,0.9342716897815246,0.9979228644429907,0.9349952244062397,0.9864771319102955,0.12309695977567821,0.5006206716320397,2.353379998258277,1.5415175459072994,963.5506445672191,0.2218118426720118,1.758566885083551,10.607274401473296,282.3529005524862,505.2725598526703,258.2948892175105,0.23980221163690565,5.8180271672860275,616.2937384898711,0.14187240757133313,0.13989887604263954,231.25870694618263,0.33803107228151125,4.293925601718808,0.06663009620516216,963.5506445672191,0.2218118426720118,1.758566885083551,10.607274401473296,282.3529005524862,505.2725598526703,258.2948892175105,0.23980221163690565,616.2937384898711,0.14187240757133313,0.33803107228151125,4.293925601718808,0.06663009620516216,5.8180271672860275,0.13989887604263954,231.25870694618263,2.714808055748717,19155.595794016295,0.6169075325759652,0.2750673772143601,10407.320955846833,1.54564869572514,5.551318798106341,7.674567646774661,36.0855366976909,4.902916089714733,0.5803890703082135,0.17244747887883372,1.3233086069870714,0.0783578470346348,36.14245811447052,0.0014262795790465652,5.222970204536709,0.005250169164053007,0.0815561427750265,175.jpg,/mnt/wangbd8/workspace/DataSets/ThyroidAgent/train_val_test/500_TestData_Malignancy_Cls/images/175.jpg,/mnt/wangbd8/workspace/DataSets/ThyroidAgent/train_val_test/500_TestData_Malignancy_Cls/masks/175.jpg
0.38328408120088836,377.74157547066807,383.29362113137233,42461.5,144.78233268565106,1007.7645019878182,0.02373360578377632,42462.0,0.724842319685566,78.0,157.0,591523583.0,2.33963930938179,42.0,3.2322295667760734,240.0,24.78036120129473,113.86135839103198,109.0,33.0,207.0,17.390239447763914,118.02820679708827,0.6801774034345719,591523583.0,0.2316726422694726,966.2486650852057,18.080944390612814,4.06683525157753,130.45685937874651,10.437234815974561,6.35138041817302,0.18419870961642992,0.94363201607239,0.1840096424266774,0.6897365666330896,0.15033916111043627,0.16197520094573317,3.185084338512785,-0.6383927751183207,0.9744458736292194,0.9080140855056366,0.9977538370280834,0.9080266899849534,0.9816007545499663,0.1838442086356439,0.25769857963273696,2.99990696522635,1.6338947819473624,1671.284957760686,0.21072815001395612,1.8449544354479277,19.28092296053461,51.17185726894465,867.8334384062539,4.301032349625243,0.08312487564782657,6.084247529789248,845.4034800151305,0.10659481528371334,0.18677876689746126,22.50731624693698,0.1902602953375001,3.8677034958757885,0.016860586441284842,1671.284957760686,0.21072815001395612,1.8449544354479277,19.28092296053461,51.17185726894465,867.8334384062539,4.301032349625243,0.08312487564782657,845.4034800151305,0.10659481528371334,0.1902602953375001,3.8677034958757885,0.016860586441284842,6.084247529789248,0.18677876689746126,22.50731624693698,3.381890989566267,22485.74711506759,0.5295498826025056,0.2752256228850487,9837.283736046347,1.6342263653077216,18.171659366021384,7.173425651170458,128.3715557439593,0.5927790833038521,0.0826884262227544,0.17558706084917755,3.275875423254256,0.014674578828372488,43.17050775658352,0.0005965970951445494,6.454843021108567,0.008115903273144594,0.021747678184842117,176.png,/mnt/wangbd8/workspace/DataSets/ThyroidAgent/train_val_test/500_TestData_Malignancy_Cls/images/176.png,/mnt/wangbd8/workspace/DataSets/ThyroidAgent/train_val_test/500_TestData_Malignancy_Cls/masks/176.png
0.7674538502267316,180.3348903752674,185.94622878671134,19325.0,138.39870594871454,1606.9818895054846,0.08315559583469519,19314.0,0.3066575777838717,29.0,108.0,97519821.0,2.242799126284312,45.0,5.778830014606344,244.0,25.71549735829176,63.32334058196127,56.0,3.0,241.0,18.8552042075471,71.05756715694717,1.2415783112799046,97519821.0,0.2546001079225148,1039.3323878049937,10.82438662498013,3.0364580573366546,237.87594397329627,19.93804447159213,6.570699349595122,0.15346298553335802,0.9543547648361689,0.12124423718933815,0.5427423623026559,0.13876282048173358,0.21480206004784846,2.829505904179375,-0.7287382473163303,0.9803016782663128,0.9424406382845568,0.9985222950113157,0.943220638369279,0.9891984351472454,0.1063579919806405,0.3576387048911028,2.689972481008593,1.68104058378212,484.34278959810877,0.19083640252092543,2.909712170128313,15.844759653270291,149.0346729708432,1300.5646178092986,28.842038189896545,0.16586318030189048,6.582707767159692,224.11111111111111,0.08830225024078452,0.13140726933830382,91.12365239843739,0.24087550566992613,5.7813833646598445,0.0318355192011199,484.34278959810877,0.19083640252092543,2.909712170128313,15.844759653270291,149.0346729708432,1300.5646178092986,28.842038189896545,0.16586318030189048,224.11111111111111,0.08830225024078452,0.24087550566992613,5.7813833646598445,0.0318355192011199,6.582707767159692,0.13140726933830382,91.12365239843739,3.0957161578509886,12086.217458838148,0.6257749538592807,0.24075558670796002,4917.34648441545,1.7111423669923311,11.101429015222118,7.7329398363881126,80.3170239204722,1.4297900465739934,0.18242108819632308,0.16197807002404704,2.1862638500569536,0.028143401292550375,13.531542230156099,0.002170325246510135,5.85907712572368,0.004273278459559393,0.14645009855075866,177.jpg,/mnt/wangbd8/workspace/DataSets/ThyroidAgent/train_val_test/500_TestData_Malignancy_Cls/images/177.jpg,/mnt/wangbd8/workspace/DataSets/ThyroidAgent/train_val_test/500_TestData_Malignancy_Cls/masks/177.jpg
0.7257402647823729,173.26865920579795,185.64751546950473,13291.0,125.74804261050252,1399.293505963444,0.10528128101447927,13275.0,0.29206192436988504,54.0,124.0,119202230.0,2.183119080124276,39.0,2.689032530251558,228.0,21.953124127095588,90.9009416195857,92.0,13.0,215.0,16.162922940562108,94.75997231979844,0.016996557945400698,119202230.0,0.24815323537652367,716.4711667216388,18.422358798817488,4.15442663762253,61.320839664471535,-0.07696220613298597,4.823389800628373,0.17099735490897774,0.931524189221338,0.16135055235724288,0.6554219426808511,0.1449633541629904,0.1812202495651453,2.9631953208932478,-0.6427826230362987,0.9693294150088508,0.9202894040765521,0.9983139202543025,0.9208158290545096,0.9854032177044468,0.15401172138374566,0.26684300606815,2.7720145089971093,1.248596788884338,584.2373923739237,0.23953972627057143,1.374351898500535,18.956539565395655,57.68388683886839,1068.8774087740878,4.332408378442565,0.07589306929854382,5.919978331632516,261.33292332923327,0.10714757004068606,0.18372881355932202,28.059766796929964,0.26220104151672236,5.145370702943371,0.020255050391162488,584.2373923739237,0.23953972627057143,1.374351898500535,18.956539565395655,57.68388683886839,1068.8774087740878,4.332408378442565,0.07589306929854382,261.33292332923327,0.10714757004068606,0.26220104151672236,5.145370702943371,0.020255050391162488,5.919978331632515,0.18372881355932202,28.059766796929964,3.255089314004292,7107.30824858757,0.5353904518710034,0.30309165310096076,3294.234199623352,1.2489386830093525,18.483163841807908,7.233370998116761,132.90892655367233,0.5534826284116213,0.07637504655904351,0.18373718351119483,3.4455869428750785,0.014053575526953476,8.646511357919586,0.0021219066118130492,7.239932979058182,0.00413020023985767,0.11457987465091438,178.jpg,/mnt/wangbd8/workspace/DataSets/ThyroidAgent/train_val_test/500_TestData_Malignancy_Cls/images/178.jpg,/mnt/wangbd8/workspace/DataSets/ThyroidAgent/train_val_test/500_TestData_Malignancy_Cls/masks/178.jpg
0.4687100387385975,222.91542317369885,217.83020910791964,18063.5,104.48269663117526,605.2964645562822,0.03350936776130219,18064.0,0.787114198288233,89.0,147.0,254182695.0,1.983715734314859,32.0,4.076186103180615,219.0,18.7345287320116,116.15195969884854,113.0,57.0,162.0,12.79383382936414,118.62221458928148,0.9025055463664828,254182695.0,0.2973882204871803,579.9520521826095,10.867609397617192,3.151542144527336,59.55498505869365,6.425535266543382,3.9015704893879506,0.16000445384701034,0.9212106357345357,0.16000445384701034,0.6343202095499002,0.1344030285961303,0.2173932656528937,2.7339072189699647,-0.6194564848099573,0.9560346656113139,0.9199977730764948,0.9967999109230598,0.9199977730764948,0.9799994432691237,0.16000445384701034,0.3567531455294511,2.573902765122956,1.0153937358087404,820.8319892473119,0.2758172006879408,1.1475007948895828,11.35483870967742,70.11155913978494,731.7090053763441,9.635780989030918,0.14518995501426377,5.890509698343707,283.3944892473118,0.09522664289224188,0.16474756421612047,33.267964504567004,0.17479421722709068,1.9755533725995853,0.02899883645673155,820.8319892473119,0.2758172006879408,1.1475007948895828,11.35483870967742,70.11155913978494,731.7090053763441,9.635780989030918,0.14518995501426377,283.3944892473118,0.09522664289224188,0.17479421722709068,1.9755533725995853,0.02899883645673155,5.890509698343707,0.16474756421612047,33.267964504567004,2.9672711358401744,10119.112488928255,0.5601811608131231,0.254143323492654,5372.020814880425,1.0202278523913793,10.965899025686449,7.385739592559787,80.35706377325066,1.008340266668374,0.13797415594891632,0.1670234228914477,1.851364900108257,0.023737808074300804,35.350493562841635,0.001210216818677376,3.510840158540091,0.007732177326187354,0.027934224207648167,179.png,/mnt/wangbd8/workspace/DataSets/ThyroidAgent/train_val_test/500_TestData_Malignancy_Cls/images/179.png,/mnt/wangbd8/workspace/DataSets/ThyroidAgent/train_val_test/500_TestData_Malignancy_Cls/masks/179.png
0.5777261636477169,262.62346962090544,286.29530209208815,29688.5,151.7244495879384,832.936074863072,0.028055849061524564,29689.0,0.7333096291836838,32.0,95.0,133406404.0,2.007238603002138,35.0,2.5030153896620595,147.0,19.567157220807463,62.66846306712924,61.0,6.0,141.0,14.516134561963732,67.03329292073124,0.30689244430683815,133406404.0,0.28019503966184317,566.1260966004161,10.081168941112729,3.029426704141411,36.78234855325173,2.113155640310848,3.763018955551944,0.14804781416138973,0.9242928730811507,0.14804781416138973,0.6049333200494077,0.12612965888342437,0.21012530065462653,2.7273829037316095,-0.640860073316642,0.9610511265952056,0.925976092919305,0.9959987077253678,0.925976092919305,0.9788503122626585,0.14804781416138973,0.31597304527445735,2.579335089570221,0.9777666924283334,1169.041059602649,0.25806645907343245,1.135692684044072,10.703311258278145,79.09381898454747,743.650110375276,12.793033296541577,0.17831217807211183,6.067271719948137,389.0092715231788,0.08587401137377015,0.1525817642898043,36.14069699672042,0.16316713058493879,1.7462719340533053,0.035669033268206,1169.041059602649,0.25806645907343245,1.135692684044072,10.703311258278145,79.09381898454747,743.650110375276,12.793033296541577,0.17831217807211183,389.0092715231788,0.08587401137377015,0.16316713058493879,1.7462719340533053,0.035669033268206,6.067271719948137,0.1525817642898043,36.14069699672042,2.949842108203063,17210.672808110747,0.5796986361315891,0.24140989696752152,8318.710532520463,0.9782483863637444,10.172488126915693,7.503553504665027,75.52787227592711,1.2132499036306001,0.1642605285908361,0.16246945183588385,1.6776621344979998,0.027940586965534482,70.08804653515425,0.0008570475861029139,2.1475252216369114,0.009594999161612798,0.011301514960277467,180.png,/mnt/wangbd8/workspace/DataSets/ThyroidAgent/train_val_test/500_TestData_Malignancy_Cls/images/180.png,/mnt/wangbd8/workspace/DataSets/ThyroidAgent/train_val_test/500_TestData_Malignancy_Cls/masks/180.png
0.7430732745304728,135.8421766882051,137.26616480400406,10450.5,100.9406910510516,445.39696961967036,0.042619680361673636,10451.0,0.813628605238112,73.0,164.0,157830791.0,2.524687669200689,51.0,2.6993566317285937,245.0,28.817705557438185,117.86824227346665,115.0,42.0,203.0,21.61941696293077,122.89011274526705,0.34037388132605456,157830791.0,0.19437526029792826,1209.057273907814,19.624127906976742,4.208914728682171,168.30504416601892,7.279260389138804,7.856620094946217,0.21996124031007752,0.9455311025347092,0.21821705426356588,0.7634883827600226,0.17234255753860947,0.12531270187338497,3.471345730839291,-0.6210415338495694,0.9778247310260817,0.8910658914728681,0.99731904730128,0.8911821705426355,0.9781941508104297,0.2166908914728682,0.1888565891472868,3.245084688751851,2.0191453338140737,445.06149957877,0.18747325171810025,2.1695062134085275,20.91322662173547,32.25484414490312,612.689553496209,2.75604136200722,0.08533611465585329,5.869371270705152,305.27295703454087,0.12859012511985715,0.22715529614390967,12.874822121707433,0.24165642590069827,5.384220542644033,0.02049694121275645,445.06149957877,0.18747325171810025,2.1695062134085275,20.91322662173547,32.25484414490312,612.689553496209,2.75604136200722,0.08533611465585329,305.27295703454087,0.12859012511985715,0.24165642590069827,5.384220542644033,0.02049694121275645,5.869371270705152,0.22715529614390967,12.874822121707433,3.6722748559846643,5081.294517271074,0.486201752681186,0.31737951467012093,2031.4158453736484,2.0382560876308915,19.899818199215385,6.797914075208114,133.16629987560998,0.5854121573720833,0.085908128456378,0.195435843459956,4.011460891568059,0.01678909931409787,10.836447063569222,0.002493821224444507,6.966365638204973,0.011363192633894136,0.07983970601669246,181.png,/mnt/wangbd8/workspace/DataSets/ThyroidAgent/train_val_test/500_TestData_Malignancy_Cls/images/181.png,/mnt/wangbd8/workspace/DataSets/ThyroidAgent/train_val_test/500_TestData_Malignancy_Cls/masks/181.png
0.6271894398878203,185.16379485299655,190.9240686765291,16463.0,116.13277678135417,1439.2245301926164,0.08742176578950472,16443.0,0.31603186100663194,33.0,93.0,67990008.0,1.9137991544885489,32.0,3.208633855294829,157.0,18.96139401496046,59.85477102718482,56.0,13.0,144.0,13.60363683487406,64.30311589163834,0.7548752546783335,67990008.0,0.30622168993386595,552.2970986567485,9.224021928731622,2.9016633441315722,39.07599559966815,4.940893353719863,3.455401342813777,0.23791427859456762,0.8711649352600705,0.23679292300024923,0.7944146647314762,0.18184339021156576,0.20115326192863478,2.8565530159800088,-0.4951905092045587,0.9205505668671335,0.8817156740593073,0.9952442533464354,0.8817904310989285,0.9704164590082234,0.23581173685522056,0.3187764764515325,2.614534098763758,0.9233289053520861,1114.7829309108295,0.2665032108321371,1.126418539254404,11.093473583552475,33.03251255080086,241.84197944059287,6.2471902956736125,0.15648463465392531,5.188420620696123,654.57877121683,0.15648548200258905,0.2543939670376452,17.58045260094177,0.33822195196778765,4.165381689280079,0.05525255444469211,1114.7829309108295,0.2665032108321371,1.126418539254404,11.093473583552475,33.03251255080086,241.84197944059287,6.2471902956736125,0.15648463465392531,654.57877121683,0.15648548200258905,0.33822195196778765,4.165381689280079,0.05525255444469211,5.188420620696123,0.2543939670376452,17.58045260094177,3.1177845767614984,7517.3124733929335,0.4571740238030124,0.37921791300408203,5035.203247582558,0.9423719813789024,9.479231283828986,6.585355470412941,58.717448154229764,1.097586529594505,0.16379243253992387,0.22128295052943842,2.333846891956726,0.035839454807017355,47.88368528223975,0.0009738707625583385,5.027603527456089,0.00998992953388031,0.02334891683906563,182.jpg,/mnt/wangbd8/workspace/DataSets/ThyroidAgent/train_val_test/500_TestData_Malignancy_Cls/images/182.jpg,/mnt/wangbd8/workspace/DataSets/ThyroidAgent/train_val_test/500_TestData_Malignancy_Cls/masks/182.jpg
0.807837448729159,226.26981502787172,235.60135823038033,32082.5,182.7892300965346,754.4091629284906,0.023514662601994564,32083.0,0.841651067998938,38.0,159.0,336076335.0,2.6789431967223716,83.0,2.0095078228352365,231.0,41.92143233271609,90.61612068696817,85.0,13.0,218.0,34.38805530996039,102.34849964147534,0.4476005037164066,336076335.0,0.1804774215116925,2263.934050505897,20.61747554552295,4.1206891146225235,436.45475213065964,24.734943977949513,14.722806277058012,0.1732192124404314,0.9767428952692716,0.17315650865312263,0.6652390869371464,0.14323603595149248,0.1352656682169773,3.4640183799631794,-0.7055592313282572,0.9884794941603409,0.9134280160521696,0.99828499410976,0.9134321963046568,0.9842589742420442,0.17310164283922747,0.2757399046902433,3.2904703292577397,3.7240063723746113,853.6988964792433,0.1495356273391563,3.578427500333587,24.644421089507794,77.1271676300578,1038.8148537397092,13.064157674718164,0.0948809603523912,6.447187270455787,637.0168155543878,0.11158115529066173,0.17794470591902253,45.54587829089604,0.2128573067954028,5.365420659175894,0.02274245537978305,853.6988964792433,0.1495356273391563,3.578427500333587,24.644421089507794,77.1271676300578,1038.8148537397092,13.064157674718164,0.0948809603523912,637.0168155543878,0.11158115529066173,0.2128573067954028,5.365420659175894,0.02274245537978305,6.447187270455787,0.17794470591902253,45.54587829089604,3.6720674924509233,17376.068852663404,0.5415973834324534,0.2752378111658262,5790.25711435963,3.7327844121589804,20.776610666084842,7.266558613595985,144.2638157279556,0.8801987981801298,0.11594756160142924,0.1745974849955151,3.8712575368748414,0.0192554493975592,24.785850893631732,0.0012153014494391242,7.175876717876957,0.013850551587331231,0.05176040530630631,183.png,/mnt/wangbd8/workspace/DataSets/ThyroidAgent/train_val_test/500_TestData_Malignancy_Cls/images/183.png,/mnt/wangbd8/workspace/DataSets/ThyroidAgent/train_val_test/500_TestData_Malignancy_Cls/masks/183.png
0.4232182992033637,487.602816933058,459.4104918262098,78374.5,206.3624348691779,1263.8650070512042,0.016125972185483853,78375.0,0.7852205084706539,87.0,194.0,1593136436.0,2.766389377227085,60.0,2.7681220020554034,255.0,33.639987876712226,136.40604784688995,132.0,18.0,237.0,24.292805312900676,142.57313793938175,0.41177171963193543,1593136436.0,0.168717293794149,1720.4897726739462,38.42862076905365,5.971601811343925,361.05307316475603,15.981570591012293,11.252025278030217,0.17765497479980555,0.9689133954983878,0.1776293908460614,0.6750296823467514,0.1461027743074628,0.11787079143347279,3.6019632955843472,-0.6977077064809762,0.9894049114363472,0.9111878629723437,0.9985438217477867,0.9111895685692599,0.9851977147625317,0.17760700488653522,0.19086908690869087,3.424158061050479,2.8574200632075053,2299.451512139713,0.16324375352404608,2.8708115775451213,39.298026409200624,55.10201618628425,2067.4422121255147,2.0950445934334723,0.03631090608503784,6.487482511795666,1427.5395428084623,0.10134456501550917,0.17972567783094098,24.143528342931617,0.18230615211087453,7.041405757430809,0.006999695558382284,2299.451512139713,0.16324375352404608,2.8708115775451213,39.298026409200624,55.10201618628425,2067.4422121255147,2.0950445934334723,0.03631090608503784,1427.5395428084623,0.10134456501550917,0.18230615211087453,7.041405757430809,0.006999695558382284,6.487482511795666,0.17972567783094098,24.143528342931617,3.7909186766645075,42219.82536523126,0.538689956813158,0.26806426039289905,13223.217901116428,2.859836328777577,38.50382137161085,7.240561403508772,277.32962041467306,0.26692605797531477,0.03674066842461969,0.17259046606415027,6.675181286549708,0.006359538956785526,34.88640964248147,0.0004422088945617762,8.855428113035888,0.009080488289280254,0.020671868170462685,184.png,/mnt/wangbd8/workspace/DataSets/ThyroidAgent/train_val_test/500_TestData_Malignancy_Cls/images/184.png,/mnt/wangbd8/workspace/DataSets/ThyroidAgent/train_val_test/500_TestData_Malignancy_Cls/masks/184.png
0.5394375964317744,87.70214766532897,90.95603333479313,3122.5,47.3098357384896,849.7615433949902,0.27214140701200645,3147.0,0.233109022189086,52.0,126.0,26691828.0,2.115141727922839,29.0,8.216151761666737,237.0,26.31130146596054,83.28058468382586,72.0,37.0,200.0,13.157409641851347,92.09600412186454,2.262794131494264,26691828.0,0.32352620140799176,1546.0181899345985,9.729924502402197,2.757892930679478,698.0617682491786,61.63412056224504,9.055516077686164,0.5597117364447495,0.8835780602884571,0.2872340425531915,0.943680702761656,0.4772083412433009,0.26502626894329273,2.958682388781076,-0.5496723484273363,0.9454235885743562,0.8827586902983569,0.9936605733076214,0.88981926332647,0.9735220853271642,0.15579482193243346,0.469114619080302,2.642540602436212,2.4038069535327287,148.433868974042,0.183478206395602,4.570763704370333,19.330037082818293,45.70951792336218,255.61928306551297,12.284219381682078,0.15923234350050966,5.309426917836681,188.14956736711991,0.23257054062684784,0.2570702256116937,30.577514091318154,0.48854072513150704,12.797821589488594,0.0534427550193074,148.433868974042,0.183478206395602,4.570763704370333,19.330037082818293,45.70951792336218,255.61928306551297,12.284219381682078,0.15923234350050966,188.14956736711991,0.23257054062684784,0.48854072513150704,12.797821589488594,0.0534427550193074,5.309426917836681,0.2570702256116937,30.577514091318154,3.2300656265835217,1426.9644105497298,0.45343641898625037,0.46778543054355237,1018.1369558309501,2.553503879242405,10.627264061010486,6.647283126787417,51.85954877661265,1.6532906485982923,0.2267186095801406,0.24912615189068954,4.365727500617872,0.04333323779640072,5.912753759864993,0.006604448716361278,8.046029762823377,0.015845013126323228,0.35538011545236475,185.jpg,/mnt/wangbd8/workspace/DataSets/ThyroidAgent/train_val_test/500_TestData_Malignancy_Cls/images/185.jpg,/mnt/wangbd8/workspace/DataSets/ThyroidAgent/train_val_test/500_TestData_Malignancy_Cls/masks/185.jpg
0.5397461108270504,133.66279004317164,201.76223630798702,5609.0,72.14397108809449,1002.2884553295718,0.1786928962969463,5626.0,0.2648835107947271,60.0,134.0,57611603.0,2.265592003643016,44.0,2.6014520593718373,201.0,23.666108384855296,97.043547813722,97.0,26.0,175.0,17.76827702877744,101.19408217895568,0.21225140560724215,57611603.0,0.23325081900358768,822.7920957670881,12.605846211133866,3.3620368646434553,78.11366806377956,3.4719685751360023,5.411855756247105,0.20163842859802644,0.9281593880893669,0.199776577918451,0.7281574915037775,0.16172774751321958,0.1574269799045267,3.1527931963502698,-0.6054486244335844,0.9670955438392416,0.9002978961087321,0.9969003977283737,0.9004220194873706,0.9778232896832787,0.19814745857382243,0.22565630236455037,2.9447825271652044,1.4033735462112829,308.32275132275134,0.2330481869408551,1.4442484812855183,14.733938019652305,35.605442176870746,399.5427059712774,5.455021154594365,0.12884289574988475,5.5012811679883855,187.53514739229024,0.14174992244315213,0.23515819409882688,17.52205556783896,0.3167160328228576,5.167603176466101,0.03382729472612627,308.32275132275134,0.2330481869408551,1.4442484812855183,14.733938019652305,35.605442176870746,399.5427059712774,5.455021154594365,0.12884289574988475,187.53514739229024,0.14174992244315213,0.3167160328228576,5.167603176466101,0.03382729472612627,5.5012811679883855,0.23515819409882688,17.52205556783896,3.4517713608300244,2670.29719161038,0.4746351211536403,0.3600324985476374,1312.2691077141842,1.4082400992598352,12.971382865268398,6.759331674369001,83.93761109136153,0.994644592284123,0.14293916657194933,0.21032310305328436,2.966919461231584,0.02771347814530349,7.845346012012678,0.004422201558381943,5.1243891184226396,0.008917268669770998,0.12619105531336341,186.jpg,/mnt/wangbd8/workspace/DataSets/ThyroidAgent/train_val_test/500_TestData_Malignancy_Cls/images/186.jpg,/mnt/wangbd8/workspace/DataSets/ThyroidAgent/train_val_test/500_TestData_Malignancy_Cls/masks/186.jpg
0.6325837268061243,112.12089650819007,122.98373876248843,6015.5,70.92585456599464,959.8031739553331,0.15955501187853596,6024.0,0.28645645680985116,14.0,88.0,20976177.0,2.2253936027780785,42.0,3.59205345237063,177.0,24.082479566020996,50.71928950863214,49.0,0.0,177.0,17.227900940945645,59.0093305809982,0.7213698481251889,20976177.0,0.2410440134107219,909.6547673570878,7.742002781641168,2.521470792767733,122.26065614131663,10.868047548750768,5.783448092554371,0.24669680111265646,0.9181788147837899,0.22513908205841446,0.8084400481653815,0.19600919484255097,0.15939406575157505,3.17832588892431,-0.569079799811029,0.9592631200197167,0.8895616869835556,0.9962440085357918,0.8907104775150673,0.9752159986513255,0.20905892636377685,0.23417941585535465,2.8999521426319403,1.5075362234167566,357.42724867724866,0.23639368298759833,1.5298406399596876,9.944444444444445,37.37830687830688,201.5304232804233,19.46082286248935,0.23967628304628733,5.306158103577085,270.8505291005291,0.17913394781781025,0.250996015936255,21.5050390526581,0.40803796415013405,4.384772176143637,0.08893376588721022,357.42724867724866,0.23639368298759833,1.5298406399596876,9.944444444444445,37.37830687830688,201.5304232804233,19.46082286248935,0.23967628304628733,270.8505291005291,0.17913394781781025,0.40803796415013405,4.384772176143637,0.08893376588721022,5.306158103577085,0.250996015936255,21.5050390526581,3.46249862495505,2755.012948207171,0.4573394668338598,0.41898673566028055,1452.0491367861887,1.5050515071189345,7.9760956175298805,6.6590305444887115,48.63247011952191,2.4788859445532307,0.3381613730734658,0.23246827504795634,2.131944444444444,0.06559305575526901,13.539308150511037,0.0036205872215028263,6.509699909348555,0.010769998393880159,0.14027073148994743,187.jpg,/mnt/wangbd8/workspace/DataSets/ThyroidAgent/train_val_test/500_TestData_Malignancy_Cls/images/187.jpg,/mnt/wangbd8/workspace/DataSets/ThyroidAgent/train_val_test/500_TestData_Malignancy_Cls/masks/187.jpg
0.4893878193234986,760.8061299087365,749.0220290485454,216725.0,372.3292528439869,3518.611398544572,0.016235373854168057,216684.0,0.4690165119880923,100.0,183.0,4645084680.0,2.4933000554661615,43.0,3.5645751077445547,255.0,26.392173309935647,142.44826567720736,143.0,21.0,234.0,18.060327078407113,146.41426637537378,-0.1774494959883094,4645084680.0,0.21455453129355997,1145.6290037946571,40.571863177732816,6.224287943544839,194.82447046575442,-3.0859233371536865,7.41482716401759,0.094416069716937,0.9748533728957448,0.09441606971693701,0.4510407884630757,0.0855016754961435,0.17904704261489876,3.0226261504918672,-0.7848889148504158,0.9898769815201097,0.9527919651415314,0.9992260977892053,0.9527919651415314,0.9921319941902552,0.09441606971693701,0.27871957177056755,2.928210080774933,1.8773108084336316,4070.7488988870473,0.19278943399891296,2.285444911717566,41.05029599810561,196.5678427658063,7816.415818138764,6.063470591389452,0.03394244534451674,7.268417106036539,1111.4126923987687,0.05263616824052894,0.09744605046980857,91.25738109847917,0.09217590076750838,3.703866567749137,0.003949653885152867,4070.7488988870473,0.19278943399891296,2.285444911717566,41.05029599810561,196.5678427658063,7816.415818138764,6.063470591389452,0.03394244534451674,1111.4126923987687,0.05263616824052894,0.09217590076750838,3.703866567749137,0.003949653885152867,7.268417106036539,0.09744605046980857,91.25738109847917,3.224233764235542,149630.9124531576,0.6905489674048735,0.1670529738112642,46490.534058813755,1.8939540559445358,40.56808993742039,8.03568329918222,325.51038378468184,0.25598543220957987,0.032064010715037304,0.1412789540939289,5.740788429233352,0.004629600150835968,49.683864927652145,0.00023796873514473157,4.990309967957438,0.0032438056602670574,0.012871210725679014,188.jpg,/mnt/wangbd8/workspace/DataSets/ThyroidAgent/train_val_test/500_TestData_Malignancy_Cls/images/188.jpg,/mnt/wangbd8/workspace/DataSets/ThyroidAgent/train_val_test/500_TestData_Malignancy_Cls/masks/188.jpg
0.7464231134105891,171.60786216466775,180.71247881648904,16404.5,128.09207476268654,1799.0966799187286,0.10967092443651001,16415.0,0.25236663027693507,18.0,86.0,57856653.0,2.1235805093027933,36.0,8.794897370630181,240.0,21.488927775601038,52.146390496497105,51.0,0.0,240.0,15.16889100798631,59.36851822676964,1.3958486400863348,57856653.0,0.2632733168189648,805.3749146291146,7.677676034101674,2.548373855383644,181.3678802715633,12.094314536873657,4.876020366725893,0.14215345753078623,0.9433445462396501,0.10691506157246605,0.4978155989969386,0.130722627139742,0.22644073329226275,2.6140356038710726,-0.7413234073971038,0.976730788371054,0.9498969148758334,0.998637279534365,0.9507925481528259,0.9905225497584196,0.09021813493316493,0.3183454373223871,2.492042242037551,1.2545434560641697,433.86574295269946,0.20729371378533182,2.808673783268187,13.585762064022934,169.538939321548,975.7553750597228,71.51625339550712,0.20215148506094233,6.372525159469534,228.67988533205926,0.1092593814295553,0.1275053304904051,108.02928059289844,0.31652056213009355,6.791547728053317,0.044688711429769455,433.86574295269946,0.20729371378533182,2.808673783268187,13.585762064022934,169.538939321548,975.7553750597228,71.51625339550712,0.20215148506094233,228.67988533205926,0.1092593814295553,0.31652056213009355,6.791547728053317,0.044688711429769455,6.372525159469534,0.1275053304904051,108.02928059289844,2.9525319641424153,10553.105635089856,0.6428940380804056,0.2578449816103764,4321.631495583308,1.3605576424540566,8.087968321657021,7.792811452939385,57.012366737739875,2.412854933657334,0.29573078923529117,0.1672657122550513,1.8513859275053304,0.04277850895268363,11.675967229205122,0.0025744177683287486,5.650770676433204,0.0030658248835614818,0.21696594241414235,189.jpg,/mnt/wangbd8/workspace/DataSets/ThyroidAgent/train_val_test/500_TestData_Malignancy_Cls/images/189.jpg,/mnt/wangbd8/workspace/DataSets/ThyroidAgent/train_val_test/500_TestData_Malignancy_Cls/masks/189.jpg
0.6712980220770056,157.88460027280908,168.66831356244717,12589.0,105.98761987955538,1169.844804515668,0.0929259515859614,12581.0,0.3399948182556239,61.0,132.0,126871248.0,2.222391447816809,40.0,4.945146800006387,246.0,22.88993594143288,96.07296717272077,94.0,33.0,213.0,16.37686008252099,100.42088045353275,0.9200004870314002,126871248.0,0.24824329979914717,854.3382096920311,12.56846912976103,3.3679553054400135,123.31457153552508,9.346717974808575,5.333568106845243,0.4321833455672457,0.8500860298490969,0.28814941685017537,0.9656268523238961,0.3491532591361496,0.15795715408019823,3.331980456419236,-0.5015084071213162,0.9447221784285842,0.8694832712780581,0.9950068880487216,0.8734306609031346,0.972361884913879,0.21759816581935496,0.25316042737134004,2.9307455456864813,1.4414378631031222,702.4263897373244,0.2145468508666232,1.992471459293693,15.590409285277948,34.29902260232132,360.59773976786806,4.9769701660359384,0.12524156228024366,5.445801568446794,628.8387293830177,0.19207047323855153,0.2602336857165567,19.532678842840557,0.431286662808914,7.920001050525917,0.051450476965646114,702.4263897373244,0.2145468508666232,1.992471459293693,15.590409285277948,34.29902260232132,360.59773976786806,4.9769701660359384,0.12524156228024366,628.8387293830177,0.19207047323855153,0.431286662808914,7.920001050525917,0.051450476965646114,5.445801568446794,0.2602336857165567,19.532678842840557,3.483252111872529,5640.214052936968,0.4483120620727262,0.4381193587040755,3123.1489547730707,1.440017678370003,12.761068277561401,6.58620141483189,77.85541689849774,0.9084301552971262,0.1346578910784596,0.24100716247604415,3.6379461092123044,0.030868912740700753,19.97629011214746,0.0014568912862765898,9.30738020836915,0.010013635371738524,0.061615300246055035,190.jpg,/mnt/wangbd8/workspace/DataSets/ThyroidAgent/train_val_test/500_TestData_Malignancy_Cls/images/190.jpg,/mnt/wangbd8/workspace/DataSets/ThyroidAgent/train_val_test/500_TestData_Malignancy_Cls/masks/190.jpg
0.593304275001608,307.7101084896077,306.4718584144391,43825.5,182.56572282809282,915.0365799264603,0.020879090482172714,43826.0,0.8110169218391247,94.0,162.0,729643323.0,2.171436847155877,36.0,3.0247509581374277,241.0,21.523156714108342,126.2572673755305,124.0,45.0,196.0,15.574894073923296,129.02961133580712,0.35153402646944154,729643323.0,0.25457926761561156,707.7430363332475,21.919194464809387,4.560025659824047,65.6630394132608,3.335494843674202,4.676386800885356,0.1749450146627566,0.9278775308248042,0.17489919354838712,0.6690675507091673,0.14435528675888043,0.17944291925169079,2.9838642824425095,-0.6247518732643179,0.9661947043231767,0.9125549853372433,0.9978665636557176,0.9125580400782013,0.9825104972007465,0.1748591000733138,0.28377016129032256,2.8087220772227193,1.2128329538870282,1889.799129432851,0.24194074118971337,1.350329914476597,22.05044168480348,54.373319677378056,1211.8362565612597,3.044832098798495,0.06064371712354411,5.962267639748042,778.7119446933812,0.09969427022063515,0.17822753616574635,22.892183847756073,0.17264676037626375,3.867865967324322,0.011087052620738674,1889.799129432851,0.24194074118971337,1.350329914476597,22.05044168480348,54.373319677378056,1211.8362565612597,3.044832098798495,0.06064371712354411,778.7119446933812,0.09969427022063515,0.17264676037626375,3.867865967324322,0.011087052620738674,5.962267639748042,0.17822753616574635,22.892183847756073,3.190384979993491,23692.723497467257,0.5406088508526276,0.2640774622378821,11157.19098252179,1.215264754944207,22.009788709898235,7.252407246839775,159.57794459909644,0.41998668701095354,0.05842049398775687,0.17121622375353038,3.7785269525446594,0.010192007297416567,37.90451099053979,0.0005361812379692683,6.222201156665353,0.0057811760765005965,0.019366859107014918,191.png,/mnt/wangbd8/workspace/DataSets/ThyroidAgent/train_val_test/500_TestData_Malignancy_Cls/images/191.png,/mnt/wangbd8/workspace/DataSets/ThyroidAgent/train_val_test/500_TestData_Malignancy_Cls/masks/191.png
0.9139920957407078,127.58883146503128,138.53880322855397,11553.5,116.6151834638319,1509.373808491273,0.13064212649770832,11572.0,0.25244391499351426,25.0,74.0,30355432.0,1.74718699577116,26.0,5.673348670215927,170.0,16.09330016826675,46.71949533356378,42.0,5.0,165.0,10.81618290878855,51.21698349715864,1.3407543563660818,30355432.0,0.3787683484301058,440.4681543253325,6.188750336413385,2.3461469453664665,45.94383293058534,5.704658811741584,2.8465567457803855,0.10917735713644927,0.9261250482384668,0.10917735713644929,0.49742962169846433,0.09725766182514949,0.33090473605903775,2.2671569997159975,-0.6684987631511138,0.9472902246522594,0.9454113214317754,0.997816452857271,0.9454113214317754,0.9863528303579439,0.10917735713644929,0.5222032833946353,2.15797964257955,0.7389335257292089,432.9549330085262,0.2636753550600038,1.1969156920721442,9.08952496954933,132.48599269183921,652.0127892813642,35.31292819096782,0.23334058694529375,5.89054870580121,160.70645554202193,0.09787238461755293,0.14189422744555824,82.81869352161071,0.2570683404211545,2.9165140894965247,0.04285412055557106,432.9549330085262,0.2636753550600038,1.1969156920721442,9.08952496954933,132.48599269183921,652.0127892813642,35.31292819096782,0.23334058694529375,160.70645554202193,0.09787238461755293,0.2570683404211545,2.9165140894965247,0.04285412055557106,5.89054870580121,0.14189422744555824,82.81869352161071,2.615945491089533,7012.386450051849,0.605978780681978,0.25752149275298764,4383.107328033184,0.7842143715195588,6.481420670584169,7.635326650535776,46.05331835464915,2.1074273184040293,0.2699777264575608,0.16710834581557016,1.2672686945500635,0.041860510192542146,18.841064748959486,0.00269651380285576,2.637274133449878,0.003914424113431537,0.08525069324739565,192.jpg,/mnt/wangbd8/workspace/DataSets/ThyroidAgent/train_val_test/500_TestData_Malignancy_Cls/images/192.jpg,/mnt/wangbd8/workspace/DataSets/ThyroidAgent/train_val_test/500_TestData_Malignancy_Cls/masks/192.jpg
0.6146622967948084,210.02821976077166,204.1984329028996,21056.5,129.09642794988068,643.0954544295056,0.030541422099090807,21057.0,0.7998758495720036,40.0,117.0,153998776.0,2.406416513924559,40.0,4.548379663472838,227.0,25.176205348987178,78.92292349337512,76.0,5.0,222.0,17.07489802686587,85.51856128614814,0.8363613890153538,153998776.0,0.22725575142212937,1084.5964717115328,15.174609244299988,3.66808469958415,223.97028250868897,14.876192874051373,7.05983082145449,0.18077529754791838,0.9500662528587247,0.18077529754791835,0.6817701732480355,0.14809558934437994,0.1579459225179413,3.2419033701009163,-0.6517876450011165,0.9779987264745378,0.9096123512260408,0.9982101455688324,0.9096123512260408,0.9835658820410982,0.18077529754791835,0.25863964437646386,3.0611280725530006,1.8101515297506017,859.0270546197039,0.21925141771814802,1.873238096131492,15.955844818785094,49.31316998468606,710.5280755487494,6.447238267523087,0.12147717311075074,6.056976188179668,415.73455844818784,0.10610887147733228,0.18606639122382107,20.428718085218648,0.17841514112044393,2.8943316647013653,0.023315674981327153,859.0270546197039,0.21925141771814802,1.873238096131492,15.955844818785094,49.31316998468606,710.5280755487494,6.447238267523087,0.12147717311075074,415.73455844818784,0.10610887147733228,0.17841514112044393,2.8943316647013653,0.023315674981327153,6.056976188179668,0.18606639122382107,20.428718085218648,3.4425435082141833,11169.747684855392,0.5304529460443269,0.26974248547942614,4785.324357695778,1.8138954082685346,15.31970366149024,7.175428598565798,108.76805812793846,0.9053201055015306,0.12513461930013406,0.17382448697450834,2.703843535799655,0.021751962028298766,19.6996517655957,0.001203065614811265,8.823283607055862,0.007129699227067438,0.07192605399864828,193.png,/mnt/wangbd8/workspace/DataSets/ThyroidAgent/train_val_test/500_TestData_Malignancy_Cls/images/193.png,/mnt/wangbd8/workspace/DataSets/ThyroidAgent/train_val_test/500_TestData_Malignancy_Cls/masks/193.png
0.6476434963724604,273.23490067288196,286.93204770467867,37243.5,176.9588064027672,2268.812408671268,0.06091834571593077,37231.0,0.301530735475225,4.0,63.0,62800283.0,1.7369302770379489,29.0,10.369088252516333,250.0,19.763305141119123,30.241223711423277,23.0,0.0,250.0,12.59311268980991,41.07035433902444,2.1667279182984243,62800283.0,0.3779034594287989,772.2423939686742,4.176640900275873,1.7577504028843791,223.51049506428325,22.218567759418136,4.514980560288608,0.1671628745459015,0.9285955772724803,0.1401764497009096,0.6001154989500489,0.1475134374951499,0.3138010126121429,2.3569391447325727,-0.6257549479251715,0.9397341428180028,0.9324365955339932,0.9986551269029258,0.9331321187621207,0.9884756758087179,0.12740991626681725,0.4871213569692169,2.1925105854697433,1.1705358587086274,1422.2601177336276,0.26163725491788586,2.090282041723316,7.792678440029434,170.7069536423841,351.9746136865342,144.82923513496397,0.4029547092849872,5.948655117827872,628.7862398822664,0.11567075788856997,0.14600735945851576,123.79856589975206,0.2889865496743004,3.345056378418071,0.09251431029599005,1422.2601177336276,0.26163725491788586,2.090282041723316,7.792678440029434,170.7069536423841,351.9746136865342,144.82923513496397,0.4029547092849872,628.7862398822664,0.11567075788856997,0.2889865496743004,3.345056378418071,0.09251431029599005,5.948655117827872,0.14600735945851576,123.79856589975206,2.6308148489732712,22359.164701458463,0.6005523542601182,0.27061362778152703,14069.723697993608,1.2111628786630864,4.359592812441245,7.603797910343531,28.66444629475437,4.939159098210177,0.6119649970259011,0.17118500413335364,1.046727786581672,0.09039438147056407,54.921078693452095,0.0007134527933202224,10.867758903935044,0.0028446909417763366,0.13296066307174115,194.jpg,/mnt/wangbd8/workspace/DataSets/ThyroidAgent/train_val_test/500_TestData_Malignancy_Cls/images/194.jpg,/mnt/wangbd8/workspace/DataSets/ThyroidAgent/train_val_test/500_TestData_Malignancy_Cls/masks/194.jpg
0.7863497448393099,155.40047476390714,166.59531806146293,14449.0,122.19912367850597,1061.3940110268418,0.07345795633101541,14440.0,0.40146454298127743,60.0,118.0,126393090.0,1.9729278766544853,32.0,9.945306692264976,255.0,19.189751383123216,89.8865650969529,87.0,43.0,212.0,13.458261016196772,93.5573838455424,1.6718743578037885,126393090.0,0.2990860931852886,673.3894870934078,10.686331239856047,3.11078964081575,169.767522786621,13.78736152525046,4.3058528724632765,0.26857667066544355,0.8825747918365578,0.2052078187848423,0.77233992797909,0.22646642177501086,0.21285663166739752,2.8484273274352834,-0.5551465709465477,0.9423142635408882,0.9032206810735455,0.9974316538143193,0.9048102933220427,0.9817735601025418,0.17590983934325974,0.3275703902335756,2.595093752110802,1.14360738578218,735.4882596685082,0.25396694049326946,1.9207869828073012,13.699240331491712,59.38812154696133,535.4602900552486,9.294195763074132,0.14079184178723156,5.71331137673773,388.38121546961327,0.13410953572845763,0.20055401662049863,34.526052318305304,0.3244258685460823,5.599637228666889,0.04740172496585797,735.4882596685082,0.25396694049326946,1.9207869828073012,13.699240331491712,59.38812154696133,535.4602900552486,9.294195763074132,0.14079184178723156,388.38121546961327,0.13410953572845763,0.3244258685460823,5.599637228666889,0.04740172496585797,5.71331137673773,0.20055401662049863,34.526052318305304,3.068265752371751,7427.008864265928,0.5143357939242332,0.34132841215153353,4318.803185595568,1.1458819712479185,10.88123268698061,7.095567867036011,72.29065096952908,1.029885768565018,0.14414491711517374,0.1977146814404432,2.5325715604801484,0.028426129267026052,16.935618941150956,0.0014226566645233222,9.844624120373439,0.00469339006844619,0.1131659348991441,195.jpg,/mnt/wangbd8/workspace/DataSets/ThyroidAgent/train_val_test/500_TestData_Malignancy_Cls/images/195.jpg,/mnt/wangbd8/workspace/DataSets/ThyroidAgent/train_val_test/500_TestData_Malignancy_Cls/masks/195.jpg
0.7670648539746573,180.07752183421567,186.17196351760379,19238.0,138.1311379898808,1384.5727265770067,0.07197072079098694,19224.0,0.35511508373087,48.0,101.0,111685649.0,1.8662490785945327,28.0,4.083208160225142,201.0,16.823417221138993,73.12125468164794,71.0,9.0,192.0,11.703220947180155,76.22137995316152,0.703469685245178,111685649.0,0.3255670407136038,462.98087574579074,12.455215179139284,3.4349692601229593,32.3587127686847,2.929272219325674,2.9002983426268543,0.2754928980284079,0.8265044033740924,0.2733729065083739,0.8547755775902908,0.2007601520155717,0.19466397977104719,2.901773582940142,-0.43107408559473187,0.8927506713389484,0.8635255458978165,0.996642155468681,0.8636668786658187,0.9726819819993447,0.2715179139283443,0.3406826372694509,2.618130673590617,0.7939478101638154,1592.4324717874044,0.28984937600790034,0.9979915542109744,13.398798689479433,20.37968693119767,245.56989443028758,2.1593004319779254,0.10582834028358477,4.974113709121524,898.9890789952676,0.16363106643525074,0.2857885975863504,8.136056689039199,0.3305147102928067,4.709375298843705,0.03631874450006845,1592.4324717874044,0.28984937600790034,0.9979915542109744,13.398798689479433,20.37968693119767,245.56989443028758,2.1593004319779254,0.10582834028358477,898.9890789952676,0.16363106643525074,0.3305147102928067,4.709375298843705,0.03631874450006845,4.974113709121524,0.2857885975863504,8.136056689039199,3.138133088986352,8465.909280066584,0.44038229713205285,0.3822050447067397,6258.700790678319,0.818535712377665,12.712494798168956,6.279442363712026,78.11875780274657,0.656557404336964,0.10484881840224337,0.23245826975539832,3.0868387894761176,0.024745490389941522,36.10718993379083,0.0006696568997686227,10.658615332320029,0.0057871746553265525,0.03638825931105432,196.jpg,/mnt/wangbd8/workspace/DataSets/ThyroidAgent/train_val_test/500_TestData_Malignancy_Cls/images/196.jpg,/mnt/wangbd8/workspace/DataSets/ThyroidAgent/train_val_test/500_TestData_Malignancy_Cls/masks/196.jpg
0.8816257545143557,156.6187985354867,165.07574019219177,16740.5,138.07916642998032,1973.086578650936,0.11786306135724357,16779.0,0.23245719993165137,48.0,97.0,89108294.0,1.701758573127749,21.0,11.045163180928208,240.0,15.375434246875326,69.52833899517253,66.0,26.0,214.0,9.358807789043597,72.87457374434958,1.9099028914387737,89108294.0,0.40256830947612626,476.51357499301486,5.676839439056032,2.244455427194662,70.96799719286791,7.087995933072743,2.6708321182654524,0.11379502069561995,0.918269114666406,0.10069809106072775,0.4798804791449195,0.10365491515234532,0.36630979568505967,2.1342762426289035,-0.6805157814972332,0.9430591938111774,0.9509257610500801,0.9986335389950026,0.9513580857066369,0.9900400519971779,0.09348551306604064,0.564774201519738,2.02527643592908,0.6961567847402682,498.23205964585276,0.23216778175482422,1.8619821093709967,10.806150978564771,213.52143522833177,933.3839701770736,63.79407696629012,0.22444248266857056,6.030130715282853,242.67753960857408,0.11308366244574748,0.12789796769771739,152.38885692100175,0.3115140159055863,5.1473653987334815,0.04673951998720116,498.23205964585276,0.23216778175482422,1.8619821093709967,10.806150978564771,213.52143522833177,933.3839701770736,63.79407696629012,0.22444248266857056,242.67753960857408,0.11308366244574748,0.3115140159055863,5.1473653987334815,0.04673951998720116,6.030130715282853,0.12789796769771739,152.38885692100175,2.486140404421364,10746.246677394362,0.6404581129622958,0.2547305468313245,6754.693664699923,0.8175179852784188,6.122414923416175,7.785386495023541,42.40538768698969,2.355628594931162,0.29261252601344484,0.16630576580514,1.4077782413201687,0.04328925168795426,17.17968331379772,0.0020442835507422817,4.626664007261397,0.00221755901702308,0.16211227022574592,197.jpg,/mnt/wangbd8/workspace/DataSets/ThyroidAgent/train_val_test/500_TestData_Malignancy_Cls/images/197.jpg,/mnt/wangbd8/workspace/DataSets/ThyroidAgent/train_val_test/500_TestData_Malignancy_Cls/masks/197.jpg
0.7255489796274726,173.71855011559884,179.6719232378838,16979.5,126.04131677873669,563.2964645562822,0.03317509140765525,16980.0,0.8200311598922388,81.0,149.0,225356889.0,2.1318589539681394,38.0,3.328093911284305,232.0,21.671086041778523,112.05164899882215,107.0,50.0,182.0,15.7672682379101,115.20373947969748,0.6855050780706029,225356889.0,0.2653763105212118,716.3295467507676,10.035529983984816,2.982531585503292,74.78965338459511,6.844887173947043,4.719996572022236,0.15985527018209858,0.9344835559147263,0.1598552701820986,0.6339632025235615,0.13430156277710686,0.19519630761563192,2.88627111272703,-0.6428834489772953,0.9669929115450988,0.9200723649089507,0.9975406881510447,0.9200723649089507,0.9822383033131002,0.1598552701820986,0.2908832077821935,2.726415842544933,1.2199629605510838,678.1832386363636,0.24083211599302687,1.3719795163997932,10.551846590909092,64.17542613636364,602.9115767045455,11.45510820296395,0.19944539765480054,6.024094332892194,258.6051136363636,0.0918342022856405,0.1658421672555948,27.816581789127067,0.18044727059463703,1.879929373912507,0.043538636149437177,678.1832386363636,0.24083211599302687,1.3719795163997932,10.551846590909092,64.17542613636364,602.9115767045455,11.45510820296395,0.19944539765480054,258.6051136363636,0.0918342022856405,0.18044727059463703,1.879929373912507,0.043538636149437177,6.024094332892194,0.1658421672555948,27.816581789127067,3.117814983595654,9488.660541813899,0.5588139306133038,0.25794781083822027,4506.089752650177,1.2278950050013804,10.174617196702002,7.377856301531213,74.45011778563016,1.3060767244176823,0.18086142877842146,0.16826331631985345,1.7320998560397851,0.03206064094976647,26.597610229155475,0.001464986941513632,5.095952001921067,0.006961532445694979,0.051966032468282984,198.png,/mnt/wangbd8/workspace/DataSets/ThyroidAgent/train_val_test/500_TestData_Malignancy_Cls/images/198.png,/mnt/wangbd8/workspace/DataSets/ThyroidAgent/train_val_test/500_TestData_Malignancy_Cls/masks/198.png
0.4421377700463207,234.27836727947897,240.91699815496622,18898.5,103.58331487904174,651.9238815542519,0.034496064849287085,18899.0,0.7475180931443678,48.0,128.0,142640269.0,2.227937143720875,35.0,4.915671585298731,224.0,24.61247392542736,80.458913170009,73.0,20.0,204.0,15.603468018314167,86.87636916161203,1.3814498468883742,142640269.0,0.2753742780782651,1073.8668102056465,15.587049058210068,3.7290890709800997,233.5003107543059,24.332466160150886,6.890370757666314,0.1665957220389486,0.9527854574573785,0.16648930509737148,0.6501813345810822,0.13887703332714293,0.20469559460474598,2.9993194404826196,-0.650912980274869,0.971935879576782,0.9167659891454719,0.9979684364603069,0.9167730836082437,0.9833520369170043,0.16639619027349153,0.3725125039906353,2.8322492094626712,1.764241619926316,715.9056603773585,0.2214369503177725,2.1440671990604163,16.86421280544386,65.50170120630993,903.646458397773,6.60678719800461,0.10207036499114659,6.156666713800736,315.39282400247447,0.0975542295089621,0.171067252235568,31.330028283756796,0.1899887084324965,3.1234517067792296,0.022711513904006435,715.9056603773585,0.2214369503177725,2.1440671990604163,16.86421280544386,65.50170120630993,903.646458397773,6.60678719800461,0.10207036499114659,315.39282400247447,0.0975542295089621,0.1899887084324965,3.1234517067792296,0.022711513904006435,6.156666713800736,0.171067252235568,31.330028283756796,3.2234360349189286,10415.772950949786,0.5511282581591506,0.2644456476051449,5204.298481401132,1.7753570132967877,15.726070162442458,7.328694639928038,113.30467220487857,0.7155631913741092,0.09834387864220635,0.17065864742990516,2.7379020641891696,0.017328729415323173,21.353675219502367,0.0013117477635165666,6.215342228127077,0.008116608153664301,0.058112039992556305,199.png,/mnt/wangbd8/workspace/DataSets/ThyroidAgent/train_val_test/500_TestData_Malignancy_Cls/images/199.png,/mnt/wangbd8/workspace/DataSets/ThyroidAgent/train_val_test/500_TestData_Malignancy_Cls/masks/199.png
0.4513157284914199,315.23550967904436,320.3825837963106,34730.5,142.27074369716195,882.6934341759527,0.025415511846243292,34731.0,0.748428907968284,59.0,151.0,471534204.0,2.458409357553077,39.0,3.1826313913324418,221.0,26.347359404334497,111.38182027583427,114.0,11.0,210.0,17.33291919313974,116.51932402856592,-0.45023113736869974,471534204.0,0.21870712016886298,1170.8429841156938,26.54876955553628,4.969101529741765,180.10319263876676,-8.810479520360465,7.592520168246041,0.16532199762875566,0.9573793861504494,0.16532199762875566,0.6468907856269325,0.13799063472879336,0.15736054356604331,3.244821584229226,-0.6798087722542013,0.9821528022787216,0.9173390011856222,0.9979838780776981,0.9173390011856222,0.9834678002371244,0.16532199762875566,0.28258292125733786,3.0794995866004733,1.9394605414686987,1224.48900630646,0.2087078585829998,1.9618964078142707,26.86483722515766,64.7814896880859,1669.9548321118118,4.460788847584245,0.06530637171224252,6.284051488215142,562.1351627748423,0.09581304973152246,0.16892689528087299,29.73839924008377,0.17912928199705822,4.727771221705368,0.013543983777639742,1224.48900630646,0.2087078585829998,1.9618964078142707,26.86483722515766,64.7814896880859,1669.9548321118118,4.460788847584245,0.06530637171224252,562.1351627748423,0.09581304973152246,0.17912928199705822,4.727771221705368,0.013543983777639742,6.284051488215142,0.16892689528087299,29.73839924008377,3.451896560511489,19241.157265843194,0.5540052767223286,0.25935399561050565,7595.91699058478,1.9400602612396562,26.668423022659873,7.346376436036969,195.56042152543836,0.45287335746557283,0.06227110765536794,0.16892689528087299,4.506879860771197,0.010824778297507713,23.911495438390382,0.0008267597549605109,5.475706319599808,0.008835128981392389,0.02721012275620432,200.png,/mnt/wangbd8/workspace/DataSets/ThyroidAgent/train_val_test/500_TestData_Malignancy_Cls/images/200.png,/mnt/wangbd8/workspace/DataSets/ThyroidAgent/train_val_test/500_TestData_Malignancy_Cls/masks/200.png
0.8218767160397568,137.54907157576542,151.64761785138597,12008.0,113.04837924100755,1614.6286424872026,0.1344627450439043,12025.0,0.2405844863954774,43.0,91.0,60367417.0,1.771481848848851,24.0,6.420173258143799,206.0,15.085354492762391,67.88133056133056,67.0,14.0,192.0,10.136471485520861,70.85308333360953,0.9569556786622084,60367417.0,0.35636038917535795,412.2843791027875,11.027155582461297,3.215428522009859,47.60188244062013,4.117912870435238,2.8519822024296264,0.09928219320245611,0.9327188757812446,0.09928219320245611,0.46671606137298627,0.08942523931536629,0.30156132134956554,2.2925964264859977,-0.6964280868705691,0.9558628034025285,0.9503589033987719,0.9987892415463115,0.9503589033987719,0.9900717806797543,0.09928219320245611,0.46519069445645594,2.193314233283544,0.7378160989080205,461.0372670807453,0.2863585509818294,1.1419682882604838,12.905590062111802,137.96832298136647,1404.244099378882,16.789457584615395,0.12059148824586197,6.06453486348763,157.37888198757764,0.09775085837737742,0.1338877338877339,82.18319702171985,0.2765747365022027,3.925895076802276,0.03242215168188474,461.0372670807453,0.2863585509818294,1.1419682882604838,12.905590062111802,137.96832298136647,1404.244099378882,16.789457584615395,0.12059148824586197,157.37888198757764,0.09775085837737742,0.2765747365022027,3.925895076802276,0.03242215168188474,6.06453486348763,0.1338877338877339,82.18319702171985,2.666528216439938,7508.268191268191,0.62438820717407,0.25428382484515544,4285.23367983368,0.7490783667083043,11.168149688149688,7.71933471933472,84.06261954261954,0.9428192005846768,0.12195272476820097,0.16608916608916607,1.9739616539616538,0.020083024553857888,8.995924818400944,0.0027491102541812476,4.106719877424825,0.0020210753807237227,0.16268162788710736,201.jpg,/mnt/wangbd8/workspace/DataSets/ThyroidAgent/train_val_test/500_TestData_Malignancy_Cls/images/201.jpg,/mnt/wangbd8/workspace/DataSets/ThyroidAgent/train_val_test/500_TestData_Malignancy_Cls/masks/201.jpg
0.8363047770159584,100.2370555805604,103.3537614216338,6584.5,83.82872841603678,342.6690475583124,0.052041771973318,6585.0,0.839443470875026,69.0,133.0,68941881.0,2.0868225924395816,35.0,4.053749850970238,212.0,20.235355773371868,99.07350037965072,96.0,36.0,176.0,14.469444994064105,102.3207405210424,0.7467969775929537,68941881.0,0.27315219641058547,653.975463297836,13.019227811105983,3.46031379787725,78.12478227078859,6.6907845763785305,4.371795699032352,0.18997077372711893,0.9167117497743352,0.1899707737271189,0.7014103167825977,0.15388187885663868,0.18863645059185458,2.932234155092387,-0.590910685958485,0.9562977802965035,0.9050146131364405,0.9970773727118905,0.9050146131364405,0.9788921362525423,0.1899707737271189,0.3157975696046762,2.7422633813652704,1.1404416181898678,331.027293404094,0.2509683801395709,1.329446975762763,14.064442759666415,41.594389689158454,519.7278241091736,4.734069318086092,0.11350935503086755,5.6624290400711335,146.89385898407886,0.11136759589391876,0.2003037205770691,16.67014722137121,0.20136503851184556,3.159434207636211,0.0246010118753148,331.027293404094,0.2509683801395709,1.329446975762763,14.064442759666415,41.594389689158454,519.7278241091736,4.734069318086092,0.11350935503086755,146.89385898407886,0.11136759589391876,0.20136503851184556,3.159434207636211,0.0246010118753148,5.6624290400711335,0.2003037205770691,16.67014722137121,3.1606806975555006,3381.2362946089597,0.5134755193028033,0.2890201321541964,1798.7072133637055,1.1493553663355605,13.193470007593014,7.045861807137434,91.37327258921792,0.7939877067632926,0.11279075843194783,0.18169239854889055,2.4940437020163673,0.020752896092208924,10.187925891264294,0.0031505149548988354,5.427548326806817,0.0074741137012492515,0.09954030282132098,202.png,/mnt/wangbd8/workspace/DataSets/ThyroidAgent/train_val_test/500_TestData_Malignancy_Cls/images/202.png,/mnt/wangbd8/workspace/DataSets/ThyroidAgent/train_val_test/500_TestData_Malignancy_Cls/masks/202.png
0.7698158274234648,81.85273621443045,94.92101980067429,3591.5,63.01153185578638,981.5849198858539,0.2733077878005997,3613.0,0.21642876921122658,13.0,83.0,10603470.0,2.081981665268746,30.0,4.770319266000955,181.0,20.6634247932532,46.39856075283698,44.0,0.0,181.0,13.31230066881792,54.173890453465695,1.0253221685754463,10603470.0,0.28127654166394395,781.9839669293982,6.623529411764706,2.331070889894419,111.94301218907013,11.89029447455432,4.908476257424887,0.1499245852187029,0.9407225366741201,0.14992458521870283,0.6096515470189503,0.12744720396570275,0.21489554540925315,2.778250475858171,-0.65699214080319,0.9664404933809241,0.9250377073906485,0.9976934679197123,0.9250377073906485,0.9833417127534774,0.14992458521870283,0.363499245852187,2.6283258906394704,1.2646002106608973,219.7119496855346,0.2763672323088485,1.3525097899608403,9.045283018867925,45.787421383647796,226.02767295597485,21.21460854048118,0.23001408676678217,5.2691817084177694,122.22767295597484,0.15374550057355327,0.22003874896208137,25.133540603615362,0.36900953333565245,3.6696120128441634,0.06512830945606665,219.7119496855346,0.2763672323088485,1.3525097899608403,9.045283018867925,45.787421383647796,226.02767295597485,21.21460854048118,0.23001408676678217,122.22767295597484,0.15374550057355327,0.36900953333565245,3.6696120128441634,0.06512830945606665,5.2691817084177694,0.22003874896208137,25.133540603615362,3.224851907532641,1773.9344035427623,0.4909865495551515,0.3776022082204764,1016.2521450318295,1.2855183817026332,6.924993080542485,6.930805424854691,43.71215056739552,2.6504200040104613,0.3481460953234509,0.21231970969031583,1.716579020204816,0.05983840044126229,6.350658656231054,0.007839350807151537,4.665152046390288,0.006264684691979342,0.358691203558931,203.jpg,/mnt/wangbd8/workspace/DataSets/ThyroidAgent/train_val_test/500_TestData_Malignancy_Cls/images/203.jpg,/mnt/wangbd8/workspace/DataSets/ThyroidAgent/train_val_test/500_TestData_Malignancy_Cls/masks/203.jpg
0.6645545645818968,128.82970502063276,126.87395319765204,8556.5,85.6143685252008,402.9116882454317,0.04708837588329711,8557.0,0.8138477050052668,46.0,101.0,49265205.0,1.903479283658444,29.0,4.150465212473354,180.0,17.647426590243086,72.45027462895875,70.0,18.0,162.0,12.282113314813984,75.87686539925333,0.7822788441588191,49265205.0,0.31864122338006856,508.2564090048642,12.398434720739951,3.4076248073046362,45.35113856642519,4.345730887557189,3.307738515304311,0.16162694177635478,0.9068262229644968,0.16162694177635478,0.6381875480008699,0.1355036734683776,0.23697036661028933,2.652908176222253,-0.5998317976370501,0.9470999937572319,0.9191865291118225,0.9975134316649791,0.9191865291118225,0.9820414509137383,0.16162694177635478,0.3847978180955769,2.4912812344459003,0.8673413642701662,402.69199731002016,0.2708083371284601,1.1445638031285714,13.63819771351715,60.39878950907868,682.8231338264962,6.732833737059047,0.1098349775911261,5.785801549689368,143.31069266980498,0.09637571800255883,0.1737758560243076,27.284066482480537,0.18703517126370442,2.677234301975585,0.023246992593175586,402.69199731002016,0.2708083371284601,1.1445638031285714,13.63819771351715,60.39878950907868,682.8231338264962,6.732833737059047,0.1098349775911261,143.31069266980498,0.09637571800255883,0.18703517126370442,2.677234301975585,0.023246992593175586,5.785801549689368,0.1737758560243076,27.284066482480537,2.9049656588220776,4681.846558373261,0.5471364448256704,0.2662593442056116,2726.6129484632465,0.8769819675984003,12.572630594834639,7.301741264461844,90.01636087413813,0.7885974462435046,0.10824993202843836,0.1714515731110332,2.2271889161570124,0.018923012118164932,11.923368241597663,0.002496925530954129,4.878130966294206,0.005012716425257554,0.0852120541404732,204.png,/mnt/wangbd8/workspace/DataSets/ThyroidAgent/train_val_test/500_TestData_Malignancy_Cls/images/204.png,/mnt/wangbd8/workspace/DataSets/ThyroidAgent/train_val_test/500_TestData_Malignancy_Cls/masks/204.png
0.6232035124284173,403.0417106899497,407.3831120701986,78608.5,251.17700975713464,1237.6051224213813,0.0157439096588967,78609.0,0.8030777404309085,80.0,150.0,1081194058.0,2.2267090170171007,39.0,4.0246101524447395,255.0,22.798861985729072,113.71458738821255,110.0,41.0,214.0,16.256475053742736,117.2777672827456,0.769393012662186,1081194058.0,0.2507973901640359,823.0673139544066,17.783110850200362,4.058724061359401,116.39221933950394,9.313061967711057,5.410451069790179,0.17097169401975545,0.93873544389852,0.17097169401975545,0.6599227835356103,0.14174037386377059,0.17937071400331253,3.02761760207016,-0.6399089138823524,0.9706150247554924,0.9145141529901221,0.9983072109502993,0.9145141529901221,0.9844571187254766,0.17097169401975545,0.2647974680313433,2.856645908050407,1.3953556909524838,3168.6077080890973,0.23216644988929494,1.5641566890665177,18.355656506447833,60.80971570926143,1021.8627637749121,4.8473693128518995,0.08188584843876869,6.081472614831842,1361.1543083235638,0.09973287722183205,0.17361879682987952,27.635053041666268,0.17485534870207436,3.1592059173481406,0.0161253211351634,3168.6077080890973,0.23216644988929494,1.5641566890665177,18.355656506447833,60.80971570926143,1021.8627637749121,4.8473693128518995,0.08188584843876869,1361.1543083235638,0.09973287722183205,0.17485534870207436,3.1592059173481406,0.0161253211351634,6.081472614831842,0.17361879682987952,27.635053041666268,3.230580787523395,42998.77867674185,0.5469956197985198,0.26078187794607766,19714.9320434047,1.397105472682197,17.878067396862953,7.297930262438143,129.64094442112227,0.5717276150775598,0.07895078532729265,0.16976356962236444,3.0572340458613025,0.013741940493341789,64.12066636199832,0.0003144018873952176,8.226015225686965,0.005231930241694424,0.017697050332744383,205.png,/mnt/wangbd8/workspace/DataSets/ThyroidAgent/train_val_test/500_TestData_Malignancy_Cls/images/205.png,/mnt/wangbd8/workspace/DataSets/ThyroidAgent/train_val_test/500_TestData_Malignancy_Cls/masks/205.png
0.8924635472492741,326.6833492174296,344.17001612575143,74198.5,291.55298066986063,1140.2497833620557,0.015367558419133212,74199.0,0.8468422091753286,72.0,142.0,898912794.0,2.2637274324792687,35.0,3.548140425859775,250.0,22.40702604388552,106.2776587285543,105.0,21.0,229.0,15.317705878138327,110.06766534911019,0.3891004633115713,898912794.0,0.2477677159206332,819.950210580659,23.960783783052314,4.760636282443368,99.79499788179328,4.625458495438437,5.352662582586783,0.1641587052423611,0.9404879380071572,0.1641587052423611,0.6441663157104741,0.1372106247355127,0.17947417208775573,3.047446731362758,-0.6531562797020672,0.9736322659239017,0.9179206473788195,0.9986544368422758,0.9179206473788195,0.9863201078964701,0.1641587052423611,0.28318763701318034,2.8832880261203995,1.379205321957286,2843.3109716859717,0.22870905499404534,1.5651463653394155,24.69047619047619,63.95294401544402,1466.8946267696267,3.5373894381713242,0.05510941785399532,6.176380807054351,1172.5093307593309,0.09431381360676727,0.16754942788986374,28.331288328196514,0.17025236705555288,4.108771479698066,0.010314044915822615,2843.3109716859717,0.22870905499404534,1.5651463653394155,24.69047619047619,63.95294401544402,1466.8946267696267,3.5373894381713242,0.05510941785399532,1172.5093307593309,0.09431381360676727,0.17025236705555288,4.108771479698066,0.010314044915822615,6.176380807054351,0.16754942788986374,28.331288328196514,3.2548841747464996,41238.16112076982,0.5557778557766253,0.25509915295209984,18384.116753595063,1.3814552136667586,24.04479844741843,7.356797261418618,175.78676262483322,0.40028201139383157,0.054503134115769174,0.16751947839967893,4.050654321486813,0.009259182118547746,41.393439992835575,0.0003505036629555379,9.370328171120162,0.00406537857984632,0.023663458910740804,206.png,/mnt/wangbd8/workspace/DataSets/ThyroidAgent/train_val_test/500_TestData_Malignancy_Cls/images/206.png,/mnt/wangbd8/workspace/DataSets/ThyroidAgent/train_val_test/500_TestData_Malignancy_Cls/masks/206.png
0.4736553494814178,436.06515781715376,431.3374549004526,68606.0,206.54459472255357,2010.271211386828,0.029301682234597965,68581.0,0.4618823089980302,14.0,84.0,211822367.0,2.0850432448908407,36.0,3.122374733824871,246.0,21.214208353663675,48.87620477974949,47.0,0.0,246.0,15.11844351853556,55.57557972746144,0.39921477795160965,211822367.0,0.2623135354378263,699.7616683714159,7.265620876704295,2.492295851048233,56.158190659094245,4.250725022349846,4.372567158465084,0.15623808825685384,0.9310025140206935,0.1545961002785515,0.6236179784785457,0.13233813403551783,0.19250528483607704,2.820432211539361,-0.6451616662684234,0.9653267485944285,0.9228620091930628,0.9984549734459338,0.9229081757318085,0.985957252443105,0.1537671651273029,0.2948981087817036,2.6637271255160266,1.1322013116804843,2810.582827725685,0.2583731226076195,1.2157492882416057,8.406508549365693,80.02803824232396,485.1383526383526,32.38988264360257,0.26434114938032577,6.039392518000757,989.4624011766869,0.09095995598241284,0.1586153599393418,40.280565714357365,0.19286071026916704,1.7956391968653826,0.05003424694591177,2810.582827725685,0.2583731226076195,1.2157492882416057,8.406508549365693,80.02803824232396,485.1383526383526,32.38988264360257,0.26434114938032577,989.4624011766869,0.09095995598241284,0.19286071026916704,1.7956391968653826,0.05003424694591177,6.039392518000757,0.1586153599393418,40.280565714357365,3.0568713816535604,39156.58787419256,0.5709538775199043,0.25546913078431865,17989.724573861564,1.1403494239671088,7.35762091541389,7.452720141146965,53.25485192691853,2.42804141866061,0.3152063983768998,0.16704902070382305,1.301043048852209,0.049868770726388435,98.33993561267569,0.000369510267672072,7.5262546054150565,0.0048259806961113046,0.026955368375812753,207.jpg,/mnt/wangbd8/workspace/DataSets/ThyroidAgent/train_val_test/500_TestData_Malignancy_Cls/images/207.jpg,/mnt/wangbd8/workspace/DataSets/ThyroidAgent/train_val_test/500_TestData_Malignancy_Cls/masks/207.jpg
0.5856862724258354,237.7151971454518,238.76766950322232,25762.5,139.22652771509226,714.4091629284906,0.027730583713866688,25763.0,0.7964378994659808,18.0,80.0,72602837.0,2.015071655030443,33.0,4.6993865538986315,164.0,19.782897959854647,46.5896440631914,43.0,0.0,164.0,13.865261881804907,53.08582596047201,1.0423291720302597,72602837.0,0.28992913706432083,647.5099839706578,6.752946686441339,2.3902505659199123,82.49019283924594,8.3173372455904,4.276307016059137,0.11771134181562722,0.9464220072705565,0.11771134181562722,0.522746209451362,0.10385538182359179,0.23050257467139285,2.6251661838173357,-0.6976332042915441,0.9695053900718141,0.9411443290921866,0.9976457731636876,0.9411443290921866,0.9852860822730468,0.11771134181562722,0.36858949340410585,2.5074548420017106,1.098504589468691,846.019955654102,0.26798224759395056,1.2636132766389185,7.500158378207159,129.72157111181502,777.5831485587584,46.20420741224375,0.3132288073079512,6.355267053689718,219.16661387393094,0.06942243074879029,0.1225400768544036,63.12625216359079,0.13667789811652636,1.0094717319467437,0.049085940790700056,846.019955654102,0.26798224759395056,1.2636132766389185,7.500158378207159,129.72157111181502,777.5831485587584,46.20420741224375,0.3132288073079512,219.16661387393094,0.06942243074879029,0.13667789811652636,1.0094717319467437,0.049085940790700056,6.355267053689718,0.1225400768544036,63.12625216359079,2.8573905210689077,16378.747700190195,0.635746912245864,0.20465644177629122,7469.4443581881,1.0972467932317442,6.813880371074797,7.79423980126538,52.274036408803326,2.562777992098391,0.3265745140841209,0.15115130656798942,1.0551156481948705,0.049220803598732085,49.76929684765186,0.0011921450675304393,2.9865216717934464,0.0061431039654487015,0.03552595581787395,208.png,/mnt/wangbd8/workspace/DataSets/ThyroidAgent/train_val_test/500_TestData_Malignancy_Cls/images/208.png,/mnt/wangbd8/workspace/DataSets/ThyroidAgent/train_val_test/500_TestData_Malignancy_Cls/masks/208.png
0.5974533926155196,209.09097720198386,238.4302833114955,20046.5,124.92211369461951,1648.7220048756549,0.08224488089570024,20033.0,0.30442252008628706,33.0,104.0,115978123.0,2.2706808101270224,42.0,4.766020021973498,255.0,23.364299342863593,70.27110268057704,72.0,0.0,255.0,16.984443623420393,76.08780267801136,0.4927522170163379,115978123.0,0.23843779363411424,851.32584442379,12.433340138832175,3.3349071049407923,113.15590285946186,3.968763215869398,5.5204689732403,0.2735300122498979,0.9055816154145372,0.18124744793793388,0.7023242842571046,0.2406793748658839,0.1755840533156507,3.079751419783057,-0.640752884924771,0.9722010502765067,0.9160452854130873,0.9979513069514327,0.9170806881007473,0.9853624225940592,0.15535998067589407,0.27465291955900367,2.85967358975121,1.4484997463725495,757.7640387275242,0.20961660822338152,2.127903827796047,14.59280774550484,62.70511756569848,731.0331950207469,9.749419346793971,0.15934842487210565,6.147821003943669,388.9557399723375,0.10759494881669086,0.18045225378126092,31.995431361183332,0.2722047854599154,5.028019589757338,0.04295457065116581,757.7640387275242,0.20961660822338152,2.127903827796047,14.59280774550484,62.70511756569848,731.0331950207469,9.749419346793971,0.15934842487210565,388.9557399723375,0.10759494881669086,0.2722047854599154,5.028019589757338,0.04295457065116581,6.147821003943669,0.18045225378126092,31.995431361183332,3.3193416271215916,10834.108770528628,0.5408130969165191,0.30483005093211035,4776.62431987221,1.46001508532735,12.583886587131234,7.269655069135926,88.38241900863575,1.1630828234325727,0.1598680593881063,0.18390211706240261,2.575944136619023,0.02936164734577913,15.083222865600755,0.0013501777209420631,11.504694306496937,0.004675615442317952,0.11572632519245328,209.jpg,/mnt/wangbd8/workspace/DataSets/ThyroidAgent/train_val_test/500_TestData_Malignancy_Cls/images/209.jpg,/mnt/wangbd8/workspace/DataSets/ThyroidAgent/train_val_test/500_TestData_Malignancy_Cls/masks/209.jpg
0.6977828400307987,162.2872775415022,166.0873264279969,14369.5,113.24127742377587,521.5391052434014,0.036294867966415074,14370.0,0.8147772285141073,31.0,119.10000000000036,91142066.0,2.4226007179362608,52.0,2.702674372016454,193.0,28.581175000690077,71.86736256089074,67.0,7.0,186.0,21.54581906429429,79.63996314660776,0.5891281260073138,91142066.0,0.21359521619937155,1177.6059285345204,13.274716768700303,3.3809373020899303,157.6809804187525,12.343114939449398,7.547687260611124,0.17176834846245864,0.9554972896636494,0.17176834846245867,0.661734068633733,0.14226398292893805,0.1565111014385406,3.218654698433638,-0.6682438610015655,0.9800235048717143,0.9141158257687707,0.9973574100236546,0.9141158257687707,0.9809146279486158,0.17176834846245867,0.2618394201674759,3.046886349971182,1.9298639022683952,478.14384615384614,0.18390147928994083,2.2313940828402368,15.36923076923077,59.003076923076925,629.1565384615385,9.937744704997385,0.1612545422335601,6.176125810715927,271.5846153846154,0.10445562130177515,0.18093249826026445,28.45619822485207,0.19731417757270128,3.085411304328062,0.03950798997393641,478.14384615384614,0.18390147928994083,2.2313940828402368,15.36923076923077,59.003076923076925,629.1565384615385,9.937744704997385,0.1612545422335601,271.5846153846154,0.10445562130177515,0.19731417757270128,3.085411304328062,0.03950798997393641,6.176125810715927,0.18093249826026445,28.45619822485207,3.433230410575111,7720.45233124565,0.5372618184582916,0.2740641627065588,3069.3632567849686,1.9418179401240407,13.472025052192066,7.233820459290188,94.07967988865693,1.114345771653593,0.15515527968320242,0.1745534678728833,2.464702698523158,0.028310955003924818,20.8708058574038,0.0021315797319846285,4.571495108771062,0.011671852789019764,0.055647598129070316,210.png,/mnt/wangbd8/workspace/DataSets/ThyroidAgent/train_val_test/500_TestData_Malignancy_Cls/images/210.png,/mnt/wangbd8/workspace/DataSets/ThyroidAgent/train_val_test/500_TestData_Malignancy_Cls/masks/210.png
0.7673791773357737,318.494192761816,318.44151739369664,60685.5,244.4058116277837,1037.2792206135794,0.01709270287982433,60686.0,0.8418829638706966,58.0,147.0,668726509.0,2.4984936554011394,50.0,2.7052646863920304,231.0,28.12123051158133,99.15234156148041,95.0,14.0,217.0,20.46356608290636,104.97358115419087,0.39225740962768646,668726509.0,0.20074679043738927,1188.265903211022,21.878790385283462,4.471935019603301,161.134921271885,8.436734277893896,7.693138861569721,0.17078859865341034,0.9565640452516166,0.17078859865341034,0.6595055831764058,0.14161985322341467,0.14205670197894416,3.3081102815469783,-0.6756282179684696,0.9827466293968534,0.9146057006732949,0.998309023775709,0.9146057006732949,0.984473763758781,0.17078859865341034,0.23768796837003092,3.13732168289357,1.9659818650557828,2068.700975286431,0.19588116421611884,2.042683784540959,23.007480352239373,59.66177445317678,1218.236625319572,4.482376535277459,0.06894379746343507,6.288516728939122,1046.9138339172428,0.09913018027812165,0.17402695844181523,26.642544540009204,0.17354553886066446,4.007809912989054,0.013540105507770902,2068.700975286431,0.19588116421611884,2.042683784540959,23.007480352239373,59.66177445317678,1218.236625319572,4.482376535277459,0.06894379746343507,1046.9138339172428,0.09913018027812165,0.17354553886066446,4.007809912989054,0.013540105507770902,6.288516728939122,0.17402695844181523,26.642544540009204,3.5062970535224705,33158.76205385097,0.5463988737740331,0.26075874448116465,12182.519724483407,1.9671362213394767,21.992930824242823,7.293576772237419,158.66102560722408,0.5136088866750553,0.07007465489659352,0.1697938752119288,3.789263128600043,0.012010418426890074,41.99991898647966,0.0004960044368555604,7.559377416098048,0.007346317749775952,0.022096822815489425,211.png,/mnt/wangbd8/workspace/DataSets/ThyroidAgent/train_val_test/500_TestData_Malignancy_Cls/images/211.png,/mnt/wangbd8/workspace/DataSets/ThyroidAgent/train_val_test/500_TestData_Malignancy_Cls/masks/211.png
0.7213789635361832,142.86788634284707,142.86357128393507,11453.5,103.06188777260826,466.22539674441657,0.040705932400088754,11454.0,0.8137258542142188,80.0,153.0,170391901.0,2.223505750066703,40.0,2.5983555677439565,212.0,22.741337073379114,118.76994936266806,121.0,46.0,166.0,16.851306460233783,121.96799502624098,-0.030751577655135875,170391901.0,0.2437438276576367,769.8909391104095,19.3398710133404,4.257487410548635,67.41658339191437,-0.2783481838472479,5.046135857215656,0.1914480077745384,0.926894532780948,0.19144800777453835,0.7044907713387736,0.15479566809369863,0.16708859221178224,3.086013491287859,-0.6110365658109849,0.9663380728176121,0.9042759961127309,0.997054646034238,0.9042759961127309,0.9787279991361625,0.19144800777453835,0.2716671084018023,2.894565483513323,1.3093959662475485,524.262380538662,0.22774212881783754,1.474593731435891,19.37315377932233,39.87315377932233,780.1559513466551,2.765454982456348,0.0777231342508043,5.781352050055685,261.23892267593396,0.1134834590251668,0.20097782434084163,15.115828716916727,0.18529035791528647,3.494673722729408,0.016298407342063493,524.262380538662,0.22774212881783754,1.474593731435891,19.37315377932233,39.87315377932233,780.1559513466551,2.765454982456348,0.0777231342508043,261.23892267593396,0.1134834590251668,0.18529035791528647,3.494673722729408,0.016298407342063493,5.781352050055685,0.20097782434084163,15.115828716916727,3.288381684377958,5880.219661253711,0.5133769566311953,0.2805479477448516,2791.841801990571,1.3134529066837113,19.458791688493104,7.030382399161865,136.92221058145626,0.5062530237780463,0.07317836464659783,0.179209591991153,3.466333934772908,0.01364760530147362,12.98643843337442,0.0020208246919583214,5.0503819470500035,0.008698689084899234,0.04987706496172194,212.png,/mnt/wangbd8/workspace/DataSets/ThyroidAgent/train_val_test/500_TestData_Malignancy_Cls/images/212.png,/mnt/wangbd8/workspace/DataSets/ThyroidAgent/train_val_test/500_TestData_Malignancy_Cls/masks/212.png
0.7926957668365796,106.04461908329701,110.63905277974861,6874.0,84.06112064312711,863.4356415871854,0.12560890916310524,6879.0,0.3403922974135071,36.0,98.0,34627162.0,2.0529242093861995,30.0,4.587221265167746,186.0,19.11368343467706,66.33580462276494,64.0,7.0,179.0,12.742928747600775,70.94892093737326,0.7802746415801277,34627162.0,0.29432523959259127,633.3104072280003,10.898381974897928,3.1544684711931046,73.41346769760708,5.777078862190166,4.0447364020421865,0.25389384545592014,0.8818722100586845,0.24845002268259492,0.8260242729517532,0.19216643168493824,0.1878426070530099,3.0580958774156297,-0.5065251174120435,0.9350739043504781,0.8763193709360352,0.9961013306438095,0.8766822924542569,0.9724549288438599,0.2436866777559353,0.3515802207772569,2.7887800717311975,1.0746575618745267,489.0264410364886,0.2586073194270167,1.2892123647291396,12.887361184558435,25.36277102062401,245.57588577472237,3.9877099574185397,0.1357124038139846,5.166534267250853,336.3632998413538,0.17787588569082696,0.27489460677424044,12.129489208393682,0.39585178190366166,5.74813890802562,0.04864957474458578,489.0264410364886,0.2586073194270167,1.2892123647291396,12.887361184558435,25.36277102062401,245.57588577472237,3.9877099574185397,0.1357124038139846,336.3632998413538,0.17787588569082696,0.39585178190366166,5.74813890802562,0.04864957474458578,5.166534267250853,0.27489460677424044,12.129489208393682,3.335359070803033,3008.1123709841545,0.43728919479345174,0.4222557340252428,2024.6633231574356,1.0847655677360755,11.155400494257886,6.425788632068615,67.56796045936909,0.9861404595273202,0.14867480112168918,0.24086188237954484,3.0167902311382466,0.0333397748316644,13.26803907408853,0.0025297835212865524,6.495549754754311,0.008312638765904759,0.08774594214905662,213.jpg,/mnt/wangbd8/workspace/DataSets/ThyroidAgent/train_val_test/500_TestData_Malignancy_Cls/images/213.jpg,/mnt/wangbd8/workspace/DataSets/ThyroidAgent/train_val_test/500_TestData_Malignancy_Cls/masks/213.jpg
0.7101753164508285,446.6588837546611,459.41375686846817,110506.5,317.2061141160403,1450.2325394193435,0.013123504403988394,110507.0,0.8125707755396715,54.0,151.0,1256328927.0,2.630759613391754,49.0,3.8128827072155684,255.0,30.360833305886032,99.35313600043436,95.0,0.0,255.0,21.005454984472014,106.62444540682095,0.7723675402995804,1256328927.0,0.19127131818746293,1497.7267251913365,22.5307339657755,4.489101720303209,368.85704289577507,23.504049421181442,9.701572025426861,0.18677318324179565,0.962223571426681,0.18606509010031325,0.6961216435595875,0.15215296548775803,0.13198642721966078,3.492641151430252,-0.6720125700853969,0.9853101113953436,0.9070382642639917,0.9984693508625327,0.9070854704734238,0.9844991148835732,0.1854455086015161,0.22949480277790385,3.3028406375467876,2.472086302167165,3752.773943966553,0.18034379085811683,2.6077497994807244,23.459224374068913,49.87154596568792,1095.3615743188043,3.779342319657049,0.07648599728422753,6.340039095429639,2208.0559853909367,0.10611062450819052,0.18830481326974763,21.66972458364505,0.19581363472650837,4.722081992476643,0.016389363267995973,3752.773943966553,0.18034379085811683,2.6077497994807244,23.459224374068913,49.87154596568792,1095.3615743188043,3.779342319657049,0.07648599728422753,2208.0559853909367,0.10611062450819052,0.19581363472650837,4.722081992476643,0.016389363267995973,6.340039095429639,0.18830481326974763,21.66972458364505,3.683228129916316,58308.08470956591,0.527641549490674,0.2785910445734595,21136.819558941967,2.4754904951909182,22.641163003248664,7.160768096138706,160.6548091976074,0.5334499078204951,0.07484216326798723,0.17680629583043003,4.066405546958815,0.013507367998041295,69.60817702768452,0.00027235675791062095,10.053516978406567,0.00804345986215235,0.01643576844319045,214.png,/mnt/wangbd8/workspace/DataSets/ThyroidAgent/train_val_test/500_TestData_Malignancy_Cls/images/214.png,/mnt/wangbd8/workspace/DataSets/ThyroidAgent/train_val_test/500_TestData_Malignancy_Cls/masks/214.png
0.8513479990845136,142.70444288680136,143.17821063276352,13113.5,121.49114191214859,506.36753236814764,0.03861421682755539,13114.0,0.8016750929247088,85.0,159.0,199876934.0,2.2793396031654356,36.0,4.888187576939343,254.0,23.413920405959413,119.47003202684154,115.0,53.0,201.0,15.373560454981268,123.45644010469722,1.1091715375395579,199876934.0,0.25128995740802446,968.4040508301472,12.279472954230236,3.2782400986284483,193.3742646831431,17.276970582822607,6.311226692511227,0.1807674526121128,0.9443106544549483,0.1807674526121128,0.6817530705044341,0.14809058068824038,0.17792958939178008,3.10598503342757,-0.6353952239117325,0.971884759978877,0.9096162736939437,0.997795518870584,0.9096162736939437,0.9819232547387888,0.1807674526121128,0.30960086299892126,2.92521758081546,1.6229985362808346,556.4464141821112,0.2241927534980303,1.8011560755570648,12.986704270749396,49.90652699435939,571.9307010475424,7.230838655223631,0.16700559307944385,5.972816787036064,266.85092667203867,0.10751447488800914,0.18926338264450207,21.98965184298748,0.19968444668497215,2.696749296884807,0.0392836413447472,556.4464141821112,0.2241927534980303,1.8011560755570648,12.986704270749396,49.90652699435939,571.9307010475424,7.230838655223631,0.16700559307944385,266.85092667203867,0.10751447488800914,0.19968444668497215,2.696749296884807,0.0392836413447472,5.972816787036064,0.18926338264450207,21.98965184298748,3.32477516846216,6903.837578160745,0.5264478860882068,0.2802343401788458,3295.4165014488335,1.6242757025480317,12.434802501143816,7.152356260484978,87.95928015860912,1.055161921137673,0.15132614734702562,0.17743124396319457,2.2554098249538237,0.02843784307108294,16.8463856560748,0.0018398974910246424,7.075589158803524,0.007914879462389106,0.08780607036610755,215.png,/mnt/wangbd8/workspace/DataSets/ThyroidAgent/train_val_test/500_TestData_Malignancy_Cls/images/215.png,/mnt/wangbd8/workspace/DataSets/ThyroidAgent/train_val_test/500_TestData_Malignancy_Cls/masks/215.png
0.7605825400262204,185.12499001921344,195.68597292601225,20310.0,140.80283513114205,1850.0083681641538,0.09108854594604401,20305.0,0.27307767768561564,32.0,94.0,95102207.0,2.1015405908221108,32.0,11.850144534286983,240.0,21.755236533530976,60.97813346466388,54.0,2.0,238.0,13.873585349983106,68.43744710654732,2.2818322288727066,95102207.0,0.28721022141958374,965.3514056271023,10.090012143290833,2.9337684679214733,406.3287166563681,31.628767811857013,6.18322261172014,0.251163732038049,0.9219307891632287,0.1546245699251164,0.6341401619839516,0.2272549744135218,0.23569979891437848,2.7492803078132297,-0.6836681837937326,0.9708195846779499,0.9318020515384707,0.9976421362855389,0.934007117317682,0.9866008729852083,0.11141628156693427,0.34719692369965593,2.568024860370826,1.6085965859395472,617.734775374376,0.20556897683007522,4.034868120520153,16.975707154742096,132.8063227953411,1053.373710482529,24.880121612945416,0.17052524027729044,6.307957315669181,361.85990016638937,0.12041926794222607,0.14799310514651565,87.14830689837515,0.3274081717860294,8.964914984038487,0.04144918361077729,617.734775374376,0.20556897683007522,4.034868120520153,16.975707154742096,132.8063227953411,1053.373710482529,24.880121612945416,0.17052524027729044,361.85990016638937,0.12041926794222607,0.3274081717860294,8.964914984038487,0.04144918361077729,6.307957315669181,0.14799310514651565,87.14830689837515,3.0109682435379104,12216.730312730855,0.6016611826018643,0.2879646824003389,5831.803545924649,1.6429336732048767,10.332725929573996,7.599655257325781,70.225067717311,1.4258815620523475,0.1854460162479358,0.17653834578237435,2.565035979096556,0.030436467132248575,17.488369988171694,0.0016043617147067193,6.8470909172329515,0.004883534823305092,0.1208131589722128,216.jpg,/mnt/wangbd8/workspace/DataSets/ThyroidAgent/train_val_test/500_TestData_Malignancy_Cls/images/216.jpg,/mnt/wangbd8/workspace/DataSets/ThyroidAgent/train_val_test/500_TestData_Malignancy_Cls/masks/216.jpg
0.6820251560661558,212.95841183549038,212.60291625469299,23743.5,145.242994067701,1671.6093065034452,0.07040281788714575,23726.0,0.3267702577812898,12.0,138.0,212685389.0,2.7981172029638413,63.0,2.7340165364695435,249.0,36.79498739895324,82.87621175082188,85.0,0.0,249.0,26.228738259224528,94.67963279870214,0.04945658381431674,212685389.0,0.15934871712382956,2095.7663927300077,17.836003608092433,3.851316524204287,409.8807649011022,6.433281476392928,12.415717907054361,0.4022593531205704,0.9372351276717615,0.3013186718783557,0.9641583254186773,0.3114664110980342,0.09240475660517061,3.9596028119710356,-0.5826855207919716,0.9805343908672742,0.8583427104419986,0.9961785556545353,0.86069142832598,0.9732792979109717,0.25708523641118886,0.15690906747991926,3.5579880890693185,3.204494315043733,1127.2240307783368,0.16679846563751655,2.848577499502743,22.325688073394495,30.332938739271974,335.4757324652264,14.438753357395592,0.10574038541874282,5.641075580061646,1289.8230245634804,0.19085868963650196,0.28483520188822387,18.007207968791448,0.41275803351947504,10.296873837354296,0.034813008306639956,1127.2240307783368,0.16679846563751655,2.848577499502743,22.325688073394495,30.332938739271974,335.4757324652264,14.438753357395592,0.10574038541874282,1289.8230245634804,0.19085868963650196,0.41275803351947504,10.296873837354296,0.034813008306639956,5.641075580061646,0.28483520188822387,18.007207968791448,4.065368043306495,10182.183174576414,0.4291571767081014,0.43506426799955883,3780.7076624799797,3.2164142530195363,18.17419708336846,6.341566214279693,104.81282137739188,1.5266456931975567,0.20131151684606952,0.2482625717684303,5.263592683132429,0.03563162800596851,24.949018661042317,0.0010830138367958493,10.57207067804143,0.017929219165889996,0.04748844783002427,217.jpg,/mnt/wangbd8/workspace/DataSets/ThyroidAgent/train_val_test/500_TestData_Malignancy_Cls/images/217.jpg,/mnt/wangbd8/workspace/DataSets/ThyroidAgent/train_val_test/500_TestData_Malignancy_Cls/masks/217.jpg
0.7086755572984956,87.1488755494543,96.26006440887103,4100.0,61.76027794794677,663.8965363437839,0.16192598447409362,4108.0,0.34189791906332073,52.0,115.30000000000018,30189858.0,1.9899832109469082,32.0,2.646858238659126,168.0,18.92093514068543,82.47857838364168,81.0,30.0,138.0,13.879214219091761,85.72654436613044,0.3321890408456593,30189858.0,0.2882845972756983,546.3245167716068,8.551812805348417,2.7797634353304193,31.619984321223633,1.2236689903545641,3.4200230211987694,0.12111082540498844,0.9315977138107083,0.12111082540498844,0.5325454920398479,0.10644299337471085,0.2341083940231102,2.5725618327009774,-0.6795933574831826,0.9639583274051458,0.9394445872975058,0.9967267344485139,0.9394445872975058,0.9826984535135731,0.12111082540498844,0.34739007456929805,2.4514510072959905,0.8852834616509396,165.9536231884058,0.24051249737450114,1.324975845410628,10.52608695652174,79.43188405797102,673.2333333333333,14.95395732689211,0.19745048309178742,5.809699796508932,77.17391304347827,0.11184625078764965,0.1679649464459591,43.986254988447804,0.2906077482010344,3.784123329221866,0.04884562794820283,165.9536231884058,0.24051249737450114,1.324975845410628,10.52608695652174,79.43188405797102,673.2333333333333,14.95395732689211,0.19745048309178742,77.17391304347827,0.11184625078764965,0.2906077482010344,3.784123329221866,0.04884562794820283,5.809699796508932,0.1679649464459591,43.986254988447804,2.9997790432902223,2307.8417721518986,0.5617920574858566,0.2985435121249155,1184.2731256085685,0.9413723217053858,8.921859785783836,7.395813047711782,63.64289191820838,1.5187126744563453,0.2042570053013091,0.1808260305095748,1.7960213134263767,0.03558875259956484,8.030792710297156,0.007653755146908128,1.7991612853370293,0.0073711805456483075,0.10728365226955112,218.jpg,/mnt/wangbd8/workspace/DataSets/ThyroidAgent/train_val_test/500_TestData_Malignancy_Cls/images/218.jpg,/mnt/wangbd8/workspace/DataSets/ThyroidAgent/train_val_test/500_TestData_Malignancy_Cls/masks/218.jpg
0.8455240565092016,116.89396751569575,122.09013064126027,9009.5,98.83666159532591,405.15432893255104,0.04496967966397148,9010.0,0.8304907378025552,31.0,110.0,51129791.0,2.2768507072687942,48.0,2.0943111192449884,150.0,25.337423555772904,69.21609322974473,69.0,4.0,146.0,19.67696605880716,75.33115275181152,0.09666366049172967,51129791.0,0.22625360155998822,883.9150129280453,12.085512288183144,3.26641229940523,73.6958621181479,1.3151061234988082,5.787919291308262,0.12366737739872066,0.9581610202711381,0.12366737739872068,0.5398115504459284,0.10837375716604307,0.17807782873017744,2.9167876832664645,-0.7184699563655307,0.98082246541944,0.9381663113006397,0.9975266524520255,0.9381663113006397,0.9845415778251599,0.12366737739872068,0.248793625855684,2.793120305867746,1.4778966671767462,253.87926727726895,0.21138989781621062,1.6362675843957402,13.284762697751873,94.09492089925062,1056.452123230641,16.770024162593153,0.16932173868714848,6.42214324030861,83.52456286427977,0.0695458475139715,0.13329633740288568,37.81369258618096,0.1348879677635016,1.9680789839612804,0.026459821209751433,253.87926727726895,0.21138989781621062,1.6362675843957402,13.284762697751873,94.09492089925062,1056.452123230641,16.770024162593153,0.16932173868714848,83.52456286427977,0.0695458475139715,0.1348879677635016,1.9680789839612804,0.026459821209751433,6.42214324030861,0.13329633740288568,37.81369258618096,3.1502836106762784,5531.291009988901,0.613905772473796,0.21683067648352242,2038.544950055494,1.479454065713149,12.220532741398447,7.68834628190899,92.59411764705882,1.3061781498763028,0.16971045965556034,0.1546491552595881,1.946719694166975,0.026496169292315113,11.333000441519669,0.004178791035403312,2.497889600229451,0.008694851863395282,0.07556052826994786,219.png,/mnt/wangbd8/workspace/DataSets/ThyroidAgent/train_val_test/500_TestData_Malignancy_Cls/images/219.png,/mnt/wangbd8/workspace/DataSets/ThyroidAgent/train_val_test/500_TestData_Malignancy_Cls/masks/219.png
0.888691884527516,84.94907925675865,95.46203433826454,4878.0,75.49355733356617,998.0285706997499,0.20459790297247846,4897.0,0.24807491768799855,45.0,121.0,37243074.0,2.309525013367863,46.0,3.1254377285768338,222.0,24.654836997675915,81.9575250153155,80.0,2.0,220.0,18.740604243399023,87.20827737690249,0.37144352615934356,37243074.0,0.22773153926157588,888.2477364106975,15.063302153578421,3.7097019795518817,96.3821982653827,5.364278221788824,5.4978005583745775,0.2921470524254949,0.8990847337269343,0.2438546878398956,0.8629498550548931,0.23268194364400197,0.15254089110238214,3.303203035240814,-0.5480661884009412,0.9578098310403836,0.8829018925386122,0.9964977783215241,0.8850881009353927,0.9760347657563233,0.21135764870809468,0.26190994126604306,2.972711784496537,1.4474869027000188,273.48457486832206,0.2057822233772175,1.8706790296454445,19.153498871331827,27.54627539503386,373.7629796839729,3.031308553393768,0.0979937450483914,5.36209623657699,252.2264860797592,0.18978667124135382,0.2713906473351031,13.969074435481906,0.4239217826394198,9.200704501617453,0.0383537030648311,273.48457486832206,0.2057822233772175,1.8706790296454445,19.153498871331827,27.54627539503386,373.7629796839729,3.031308553393768,0.0979937450483914,252.2264860797592,0.18978667124135382,0.4239217826394198,9.200704501617453,0.0383537030648311,5.36209623657699,0.2713906473351031,13.969074435481906,3.569055394590103,2146.6524402695527,0.43836071886247757,0.4393071919065942,1115.201347763937,1.5137492963585704,15.929548703287727,6.477230957729222,95.58566469266898,0.6877544733811812,0.10410607815532598,0.24490050597871713,4.497356658271504,0.024071446968163983,5.771333354781975,0.004549814992462655,7.797436418293091,0.008891426703306445,0.16736387151368406,220.jpg,/mnt/wangbd8/workspace/DataSets/ThyroidAgent/train_val_test/500_TestData_Malignancy_Cls/images/220.jpg,/mnt/wangbd8/workspace/DataSets/ThyroidAgent/train_val_test/500_TestData_Malignancy_Cls/masks/220.jpg
0.8028490932628964,104.64587110525405,108.74741376235114,6767.5,84.01484273055915,361.15432893255104,0.05336598875988933,6768.0,0.8074697089553614,42.0,133.0,54169293.0,2.473826647960557,50.0,3.2631086908848874,213.0,29.207024329482643,82.02201536643027,76.0,15.0,198.0,21.547667461591324,89.46360793859182,0.7791719948014862,54169293.0,0.2073835851091774,1276.1261406191493,16.353241296518608,3.788340336134454,224.09956993291814,18.36887163030685,8.203903988065816,0.19702881152460985,0.9530935870516153,0.19702881152460983,0.7159457687459114,0.15820845895380958,0.14219571006673976,3.350039915277945,-0.6441680528916172,0.9790556947130338,0.9014855942376951,0.9975972096155535,0.9014855942376951,0.980297118847539,0.19702881152460983,0.2549519807923169,3.1530111037533377,2.100233199897606,264.545518701482,0.18669408518100353,2.394490930524546,18.411432604093154,37.32815808045166,543.8892025405787,4.388029877212654,0.1062641142149115,5.946292759698083,169.1623147494707,0.11938060321063565,0.2093676122931442,14.515231668682882,0.19495373500587315,3.998425541842905,0.023543505784176605,264.545518701482,0.18669408518100353,2.394490930524546,18.411432604093154,37.32815808045166,543.8892025405787,4.388029877212654,0.1062641142149115,169.1623147494707,0.11938060321063565,0.19495373500587315,3.998425541842905,0.023543505784176605,5.946292759698083,0.2093676122931442,14.515231668682882,3.5514582112812887,3415.2662529550826,0.5046197182262238,0.28919981878286916,1403.5721040189126,2.1032680691433474,16.53945035460993,6.952127659574468,111.26285460992908,0.7571709694475046,0.10815769695470123,0.18326438140267926,3.200403861308117,0.0201025310305714,8.116574939686371,0.003929099720643796,6.871341413562517,0.011127169281610253,0.14259156859184918,221.png,/mnt/wangbd8/workspace/DataSets/ThyroidAgent/train_val_test/500_TestData_Malignancy_Cls/images/221.png,/mnt/wangbd8/workspace/DataSets/ThyroidAgent/train_val_test/500_TestData_Malignancy_Cls/masks/221.png
0.9075633591129838,178.6432238247743,196.82479518597245,22164.5,162.1300442971848,652.0243866176402,0.029417509378404212,22165.0,0.8094127889681549,81.0,144.0,300756982.0,2.144152943247335,32.0,4.203586567892112,227.0,20.04286242940675,113.4388450259418,114.0,12.0,215.0,13.310648994741914,116.48606945153954,-0.2733946300600403,300756982.0,0.28016136385390444,700.6328154492517,26.55442393380013,5.045057743020823,88.1771329498917,-2.6116810167659628,4.5985901203357935,0.19132490679276165,0.9201134443057304,0.19114303901063925,0.7048019845773481,0.1547892454305389,0.19384544880175103,3.006719742365931,-0.5985104700748763,0.9608931695302577,0.9044466672728926,0.9981057978770226,0.9044587917917007,0.9826247378761701,0.19098390470128215,0.34563971992361553,2.8144550294340016,1.197478756782139,1099.9727875600274,0.2515373399405505,1.3877561564323493,26.82643494168763,42.992682369083006,1135.6030185227532,2.0496929898040133,0.05238994043679587,5.779790728899323,497.18111136519553,0.11369337099592854,0.19729302955109407,17.301948127840376,0.18514197555780582,4.9424981961929895,0.010321621346852586,1099.9727875600274,0.2515373399405505,1.3877561564323493,26.82643494168763,42.992682369083006,1135.6030185227532,2.0496929898040133,0.05238994043679587,497.18111136519553,0.11369337099592854,0.18514197555780582,4.9424981961929895,0.010321621346852586,5.779790728899323,0.19729302955109407,17.301948127840376,3.202356357415235,11466.320640649674,0.5173165188653135,0.2782292049218255,6209.776629821791,1.1950842890327547,26.66239566884728,7.066411008346492,188.071734716896,0.3503087757452197,0.050151663641871014,0.1779356843872973,4.749492443040831,0.009148024867580252,15.79047250015144,0.0009242299291420244,8.425114664942361,0.004943048584509742,0.046785762394036666,222.png,/mnt/wangbd8/workspace/DataSets/ThyroidAgent/train_val_test/500_TestData_Malignancy_Cls/images/222.png,/mnt/wangbd8/workspace/DataSets/ThyroidAgent/train_val_test/500_TestData_Malignancy_Cls/masks/222.png
0.7706250265864126,264.7411250817197,463.3206233268707,40317.0,204.016136554617,988.1492782986685,0.024509494215806445,40318.0,0.7203216672732405,45.0,110.0,263632620.0,2.0745507854965934,36.0,2.831055444069274,190.0,20.37837011375419,76.90346743390049,75.0,12.0,178.0,14.876032982320472,80.86304339617101,0.3580090509133986,263632620.0,0.2690317492084562,624.6884839340429,13.87727306742498,3.589376138092744,48.73559075529906,2.9132768673000564,4.132880869786096,0.158272842924493,0.9262329650622014,0.15827284292449298,0.6301615891260369,0.13322255011709178,0.19635935968534518,2.83028624203765,-0.6348841480560606,0.9633840852380152,0.9208635785377536,0.997565033185777,0.9208635785377536,0.9824141285639453,0.15827284292449298,0.2969891990321535,2.672013399113159,1.0727884281776472,1676.256464861576,0.2549827296716726,1.1983122984785137,14.585184058411926,68.68694858533617,892.5462427745665,7.357053420521439,0.10446642665533913,6.0148393363386985,598.8655308792212,0.09109606493447234,0.16305372290292178,31.073897698236706,0.17005160993524576,2.430453191667799,0.021047129512594364,1676.256464861576,0.2549827296716726,1.1983122984785137,14.585184058411926,68.68694858533617,892.5462427745665,7.357053420521439,0.10446642665533913,598.8655308792212,0.09109606493447234,0.17005160993524576,2.430453191667799,0.021047129512594364,6.0148393363386985,0.16305372290292178,31.073897698236706,3.0529997098185766,22687.43261074458,0.5627122528583903,0.25180661993513487,10846.822064586537,1.0745933346193217,13.983605337566347,7.401508011310085,102.51220298625924,0.761264435057056,0.1030203310551861,0.16619541313226516,2.349220915940495,0.01752816970908626,49.8927005531622,0.0006058649297035967,4.622504663918924,0.00601928149024654,0.0180846762583943,223.png,/mnt/wangbd8/workspace/DataSets/ThyroidAgent/train_val_test/500_TestData_Malignancy_Cls/images/223.png,/mnt/wangbd8/workspace/DataSets/ThyroidAgent/train_val_test/500_TestData_Malignancy_Cls/masks/223.png
0.8738942082539912,103.2912222516085,112.44554237496477,7076.0,90.26560088915646,1243.810316630253,0.17577873327165816,7101.0,0.23974231212307578,98.0,137.0,98729723.0,1.4870670765682052,21.0,3.4314514847719564,199.0,12.442460992093856,116.86903253062948,116.0,76.0,123.0,8.908066404717616,117.91368253967046,0.48716248602697987,98729723.0,0.42928059484770015,245.26576542085414,5.032420429311621,2.15440414507772,9.588607165341164,0.8077087031422514,1.6636307781992232,0.0997779422649889,0.8868351493251966,0.0997779422649889,0.4682912917475932,0.08982230450235343,0.37541767728595365,1.964934062541655,-0.6377677694769118,0.9171496299876051,0.9501110288675055,0.9961623868359619,0.9501110288675055,0.9833703429558351,0.0997779422649889,0.5632864544781643,1.8651561202766673,0.44085218011605304,328.0705882352941,0.3216378316032295,0.7254094579008074,6.627450980392157,120.30490196078432,560.3725490196078,34.71735049019608,0.28691639433551197,5.580737663248841,109.04901960784314,0.10691080353710111,0.1436417405999155,71.8387341407151,0.3014831428359844,2.4411288996275986,0.07304967039416084,328.0705882352941,0.3216378316032295,0.7254094579008074,6.627450980392157,120.30490196078432,560.3725490196078,34.71735049019608,0.28691639433551197,109.04901960784314,0.10691080353710111,0.3014831428359844,2.4411288996275986,0.07304967039416084,5.580737663248841,0.1436417405999155,71.8387341407151,2.396624569838009,4315.000844951415,0.6076610118224779,0.2751643005706724,3048.321504013519,0.47032987195969644,5.285452753133361,7.63399521194198,38.63455851288551,2.3190421145691533,0.301652857969926,0.17252656120421223,1.0305434289380213,0.04994506077217433,21.322523390850534,0.003914477945574368,1.138394561264706,0.004609908335219669,0.044819250000404674,224.jpg,/mnt/wangbd8/workspace/DataSets/ThyroidAgent/train_val_test/500_TestData_Malignancy_Cls/images/224.jpg,/mnt/wangbd8/workspace/DataSets/ThyroidAgent/train_val_test/500_TestData_Malignancy_Cls/masks/224.jpg
0.6543528159045071,259.4622088651075,259.13124087998347,34518.5,169.7798269916865,796.3086578651023,0.023069040018109197,34519.0,0.827083681096433,60.0,153.0,425098567.0,2.524753474883431,49.0,2.650542966271845,235.0,28.172040843811818,105.40545786378516,103.0,16.0,219.0,20.413295639334333,110.97258880842757,0.23644151523522358,425098567.0,0.196969623790948,1204.6049193701574,24.29725165948527,4.732924770001164,161.08081194515023,4.916433854875564,7.763157724188388,0.1764586002096192,0.9555498419571303,0.17634214510306276,0.6726371175364002,0.14536204807006953,0.13841692096834612,3.352091519849305,-0.6715112989341363,0.9829799758006591,0.9118405729591242,0.9982529516668734,0.9118483366328947,0.9839697781353772,0.1762402468848259,0.2278735297542797,3.1750385022780248,1.9849040810995018,1165.2473498233217,0.18715826370435618,2.1702204438058526,25.236749116607776,55.37439768711854,1261.7100867330548,3.579419687144111,0.06269635711032102,6.27534641869362,638.0915515579826,0.10248820294859985,0.18036443697673746,24.63480000916336,0.18777194064464908,4.780930877550713,0.013178918770664108,1165.2473498233217,0.18715826370435618,2.1702204438058526,25.236749116607776,55.37439768711854,1261.7100867330548,3.579419687144111,0.06269635711032102,638.0915515579826,0.10248820294859985,0.18777194064464908,4.780930877550713,0.013178918770664108,6.27534641869362,0.18036443697673746,24.63480000916336,3.5553901921948405,18567.263391175875,0.537885320871864,0.2700600846354567,6799.194443639734,1.9894807263727643,24.3711868825864,7.235812161418349,174.83516324343114,0.4482890866110149,0.06204795841801306,0.17326850591139822,4.2817079804680835,0.010933530030371787,22.218384979599207,0.000876767517494457,7.560307967342743,0.007623105654129736,0.03639431509902447,225.png,/mnt/wangbd8/workspace/DataSets/ThyroidAgent/train_val_test/500_TestData_Malignancy_Cls/images/225.png,/mnt/wangbd8/workspace/DataSets/ThyroidAgent/train_val_test/500_TestData_Malignancy_Cls/masks/225.png
0.8114044442020206,61.09460407823573,72.34638899074369,2237.0,49.572433265843365,798.790980646513,0.35708135031136035,2265.0,0.20989629446564348,28.0,119.0,14995674.0,2.443280418525099,68.0,1.9344615089213977,167.0,32.42359623603254,72.50419426048565,73.0,14.0,153.0,26.740867352245576,81.36711020133723,0.25675419815849027,14995674.0,0.20952082998309038,1363.7484371543162,13.493771798704536,3.376681614349776,150.94576158127043,7.758313677471195,8.511666566121713,0.14449427005480817,0.9666146984120427,0.14449427005480817,0.5958889519774668,0.12361567597613633,0.16753495302564586,3.123698561075901,-0.7099168717856906,0.9838022199870313,0.9277528649725959,0.9971101145989039,0.9277528649725959,0.9819382162431489,0.14449427005480817,0.3004484304932735,2.9792042910210945,2.16404020904413,99.5036496350365,0.18157600298364324,2.3096428951995316,16.454379562043794,37.89963503649635,442.3740875912409,7.060714378817221,0.15694780649486073,5.502929640299319,101.15693430656934,0.18459294581490757,0.24194260485651214,20.816196254462145,0.4153052480889959,7.439966137528489,0.061977650141445594,99.5036496350365,0.18157600298364324,2.3096428951995316,16.454379562043794,37.89963503649635,442.3740875912409,7.060714378817221,0.15694780649486073,101.15693430656934,0.18459294581490757,0.4153052480889959,7.439966137528489,0.061977650141445594,5.502929640299319,0.24194260485651214,20.816196254462145,3.6649473264190897,1057.3902869757173,0.46683897879722625,0.4148617263375388,474.5646799116998,2.216539430531799,14.11523178807947,6.7456953642384105,90.19558498896247,1.2095634119725889,0.17378590950729075,0.22877115526122146,3.5812852587687023,0.037561651780326236,2.954435138479109,0.018241267949327126,2.392192394590425,0.0139800657870186,0.3042501839587933,226.jpg,/mnt/wangbd8/workspace/DataSets/ThyroidAgent/train_val_test/500_TestData_Malignancy_Cls/images/226.jpg,/mnt/wangbd8/workspace/DataSets/ThyroidAgent/train_val_test/500_TestData_Malignancy_Cls/masks/226.jpg
0.6879091045786516,169.12496118802295,173.08090593707902,15377.5,116.34260061275207,538.2670273047594,0.03500354591479495,15378.0,0.8166764322845843,95.0,163.0,271296768.0,2.1886863818361872,36.0,3.0420053969641017,223.0,21.221469338981844,130.08362595916245,131.0,41.0,182.0,14.811793157866516,132.82272368329322,-0.0666190814799918,271296768.0,0.2581130903325756,720.1261839651787,23.354656878809728,4.7145572524087305,67.47388306939855,-0.572656281274698,4.706402788029107,0.19597561774922986,0.9200487593865717,0.1958445303794979,0.7142565247805542,0.15762053766966377,0.1746944098187696,3.070049264193308,-0.5987077367121743,0.9630383790308111,0.9020908435472242,0.9969851684428214,0.9020995827052063,0.9782409531508305,0.19572982893098248,0.30248410565642,2.873407628095422,1.225594601444584,756.8404118404119,0.24351364602329853,1.3605420436984144,23.99646074646075,39.97425997425997,909.3854568854568,2.2591468076130066,0.057308642917699035,5.744621178191099,360.483268983269,0.11598560778097458,0.2021069059695669,15.492778630809518,0.18963925625464037,4.59430420301236,0.011740020580664026,756.8404118404119,0.24351364602329853,1.3605420436984144,23.99646074646075,39.97425997425997,909.3854568854568,2.2591468076130066,0.057308642917699035,360.483268983269,0.11598560778097458,0.18963925625464037,4.59430420301236,0.011740020580664026,5.744621178191099,0.2021069059695669,15.492778630809518,3.261623529238762,7874.873585641826,0.51208698046832,0.2825729577959646,3969.2631031343476,1.2219734938618223,23.473273507608273,7.020678891923527,163.77409285992977,0.39199774663734666,0.05612661358925154,0.1800082368751897,4.26489140330342,0.010273433963367287,17.0675851081313,0.0013710522790579076,5.188886709854961,0.008325110185802667,0.035556806386009665,227.png,/mnt/wangbd8/workspace/DataSets/ThyroidAgent/train_val_test/500_TestData_Malignancy_Cls/images/227.png,/mnt/wangbd8/workspace/DataSets/ThyroidAgent/train_val_test/500_TestData_Malignancy_Cls/masks/227.png
0.5419378479207126,93.28685550341413,98.71676655968832,3525.5,50.55567771081074,917.4945160902311,0.26024521800885864,3532.0,0.2294097197585577,66.0,120.0,34283802.0,1.9978539609153887,32.0,10.032997311488865,235.0,20.063316270974713,94.20951302378256,90.0,39.0,196.0,13.050704125051185,98.52220921099095,2.091748914831699,34283802.0,0.29563454146460955,831.1933636360138,11.895908543922983,3.270306859205777,241.26257913693996,21.005216806519986,5.2621892743725756,0.4581829121540313,0.8398066079570115,0.213898916967509,0.7674620824392053,0.41243016547415795,0.22220923459332337,2.801975791412229,-0.5956673437339167,0.9524551644247141,0.9118016274110985,0.9952709317453332,0.9143942324222106,0.9803625713937085,0.14384505527040337,0.33182912154031285,2.5550222595522225,1.4300930466316517,183.44145356662182,0.24689293885144253,3.1246936413253166,16.773889636608345,61.14131897711979,616.8532974427994,8.58148305448993,0.12481772748728621,5.496439652363441,129.78600269179003,0.17467833471304178,0.21036240090600228,38.54364377075223,0.4144006056003363,9.412015768759707,0.048705887291804036,183.44145356662182,0.24689293885144253,3.1246936413253166,16.773889636608345,61.14131897711979,616.8532974427994,8.58148305448993,0.12481772748728621,129.78600269179003,0.17467833471304178,0.4144006056003363,9.412015768759707,0.048705887291804036,5.496439652363441,0.21036240090600228,38.54364377075223,3.1185783698231337,1789.9915062287655,0.5067926121825497,0.39263956526255983,1044.181200453001,1.4488690362439383,12.179501698754247,7.045300113250283,77.88788221970555,0.9319067150370067,0.13080049308742414,0.2150497042909274,3.4207090726060145,0.02710449560234941,4.469131535617759,0.006138045192487325,7.326560341096886,0.007782634577156552,0.2922304999759572,228.jpg,/mnt/wangbd8/workspace/DataSets/ThyroidAgent/train_val_test/500_TestData_Malignancy_Cls/images/228.jpg,/mnt/wangbd8/workspace/DataSets/ThyroidAgent/train_val_test/500_TestData_Malignancy_Cls/masks/228.jpg
0.7032636771274094,134.21843519391706,135.5322839769182,9846.5,94.39095027276102,437.0538238691628,0.04438671851613901,9847.0,0.8048425906581049,107.0,179.39999999999964,206058359.0,2.218132164999059,37.0,3.1678611423908882,254.0,21.808329552439723,141.98344673504621,140.0,75.0,179.0,15.127758220771506,144.65823086672114,0.4489935534864915,206058359.0,0.25172713347980574,766.7046107258874,11.259781713344317,3.170562191103789,80.38366155983627,4.903811635570971,5.016768422749824,0.1875,0.9279437627850373,0.18749999999999994,0.6962122601251451,0.15234374999999994,0.1757197220222473,3.062624271899686,-0.614402974978849,0.9663671592237926,0.90625,0.9971153846153846,0.90625,0.9791666666666666,0.18749999999999994,0.3127059308072488,2.8751242718996877,1.3010671056874563,441.4376278118609,0.2256838587995199,1.5715861425805344,12.297546012269938,41.58742331288344,441.13752556237216,6.9024590465872775,0.1720893435339371,5.833128722513239,216.05521472392638,0.11045767623922617,0.1986391794455164,16.243714217906415,0.1934073962835173,2.5501526025975743,0.03448444496352034,441.4376278118609,0.2256838587995199,1.5715861425805344,12.297546012269938,41.58742331288344,441.13752556237216,6.9024590465872775,0.1720893435339371,216.05521472392638,0.11045767623922617,0.1934073962835173,2.5501526025975743,0.03448444496352034,5.833128722513239,0.1986391794455164,16.243714217906415,3.284176116929587,5076.623235503199,0.5155502422568496,0.28372570935495883,2478.757083375647,1.3148038555451365,11.459226160251854,7.057885650451914,79.29795876916828,1.1783685930450174,0.16804440565366663,0.1798178802342507,2.1328887534838583,0.030552175147353398,15.598725585107562,0.002332558064339233,5.512931305548934,0.00854072199394065,0.0740944490911958,229.png,/mnt/wangbd8/workspace/DataSets/ThyroidAgent/train_val_test/500_TestData_Malignancy_Cls/images/229.png,/mnt/wangbd8/workspace/DataSets/ThyroidAgent/train_val_test/500_TestData_Malignancy_Cls/masks/229.png
0.6885661887156612,136.72529820707163,152.7612516314265,9865.5,94.14441748745554,1481.290547370586,0.15014855277183983,9891.0,0.23769729036482684,63.0,116.0,78799367.0,1.844961483097706,26.0,4.974639578919325,190.0,17.351836381434797,86.28905065210797,81.0,42.0,148.0,11.205022120458723,89.25678989585832,1.295448287473401,78799367.0,0.32847526462258253,520.97428007134,9.544211195928753,2.94757209499576,59.11398775902947,7.9528517016372655,3.5650230708123,0.14090330788804073,0.923957848327545,0.14090330788804067,0.5865996136680862,0.12104956571424871,0.2570633876536735,2.5058761728591823,-0.6309248394448254,0.949052531774741,0.9295483460559797,0.9971819338422392,0.9295483460559797,0.982387086513995,0.14090330788804067,0.37287955894826125,2.3649728649711435,0.9264815946750853,508.38814317673376,0.2843334134098064,1.096049227011796,11.676733780760626,65.04865771812081,532.6303131991051,10.693873977816333,0.13063180715985126,5.610406152711862,204.7102908277405,0.11449121410947455,0.18077039733090688,34.4469702941309,0.27689855061431196,3.534746127664895,0.03223109389715805,508.38814317673376,0.2843334134098064,1.096049227011796,11.676733780760626,65.04865771812081,532.6303131991051,10.693873977816333,0.13063180715985126,204.7102908277405,0.11449121410947455,0.27689855061431196,3.534746127664895,0.03223109389715805,5.610406152711862,0.18077039733090688,34.4469702941309,2.884285542845257,5343.508340915984,0.5402394440315422,0.3044313131421852,3248.9488423819635,0.9317520941869655,9.761500353857041,7.265898291375998,67.66889091092912,1.1143289308106892,0.14909627926255598,0.1838146912456891,1.953116750356665,0.025755426419323612,17.988359512742427,0.002448111289936347,3.1036770161969605,0.006082758446676031,0.06183938856843429,230.jpg,/mnt/wangbd8/workspace/DataSets/ThyroidAgent/train_val_test/500_TestData_Malignancy_Cls/images/230.jpg,/mnt/wangbd8/workspace/DataSets/ThyroidAgent/train_val_test/500_TestData_Malignancy_Cls/masks/230.jpg
0.7077716755017958,115.57694280295979,120.26637102698326,7320.5,81.80208645702606,386.71067811865527,0.05282571929767847,7321.0,0.7843125064606782,81.0,159.0,107045139.0,2.273781274006272,42.0,2.3867460000444476,197.0,24.026635798793446,117.35732823384784,115.0,44.0,153.0,17.699663075533888,120.92003711109577,0.3008901258547016,107045139.0,0.23054248461216353,848.9128847616792,18.922162311627265,4.191345223282179,76.00019432507706,4.000402201618595,5.591969147505856,0.1728190239181529,0.9400432353178855,0.17281902391815288,0.6641130618654469,0.14295260889012978,0.16453701446599167,3.0778466544191803,-0.6439855607299207,0.9727536038812404,0.9135904880409236,0.996543619521637,0.9135904880409236,0.978397622010231,0.17281902391815288,0.25286879579704136,2.905027630501029,1.4411970428560021,284.91778774289986,0.21294304016659182,1.641636000455804,20.000747384155456,51.03363228699551,910.3355754857997,3.9029955911113827,0.07640791244250565,5.973376235990557,135.51270553064276,0.10128004897656409,0.18276191777079634,21.09523227001459,0.18615446441338235,3.785711084253793,0.016387023844282596,284.91778774289986,0.21294304016659182,1.641636000455804,20.000747384155456,51.03363228699551,910.3355754857997,3.9029955911113827,0.07640791244250565,135.51270553064276,0.10128004897656409,0.18615446441338235,3.785711084253793,0.016387023844282596,5.973376235990557,0.18276191777079634,21.09523227001459,3.3042590502929174,3914.6500478076764,0.5347152093713532,0.2723477962150933,1687.8015298456496,1.4498342921580316,19.095342166370713,7.212812457314574,136.1195191913673,0.5381709351317816,0.07487905989696338,0.1742324211932189,3.3861721986978095,0.013391788598353535,11.168452210813308,0.003603192129970846,3.339777452079728,0.011835112537698658,0.061244109751405526,231.png,/mnt/wangbd8/workspace/DataSets/ThyroidAgent/train_val_test/500_TestData_Malignancy_Cls/images/231.png,/mnt/wangbd8/workspace/DataSets/ThyroidAgent/train_val_test/500_TestData_Malignancy_Cls/masks/231.png
0.5397164121840058,97.11031707285285,99.00505037623081,3836.5,52.41203191661134,831.494516090231,0.21673257294154333,3849.0,0.26406639952266714,14.0,77.20000000000027,10486166.0,2.0717974753674775,39.0,7.047890863283178,208.0,21.87293005150727,44.023902312288904,41.0,0.0,208.0,15.773039628580634,52.195661826783876,1.3436738460482347,10486166.0,0.2677917172157762,786.2831387340268,6.012027972027973,2.1832167832167833,204.87888468834893,17.181624004046217,5.10936280502714,0.12699300699300697,0.9514956540189677,0.126993006993007,0.5491334430118742,0.11086578316788108,0.22293620225927918,2.6403578493531015,-0.6881076294939937,0.9681562259911688,0.9365034965034965,0.9984513047927682,0.9365034965034965,0.9873006993006993,0.126993006993007,0.30125874125874125,2.513364842360097,1.309088953005037,185.8131868131868,0.2552378939741577,1.4332130781306607,9.961538461538462,62.39697802197802,249.875,37.372987180958056,0.2242293563233189,5.34411130155342,93.51648351648352,0.1284567081270378,0.1891400363730839,34.4436794318319,0.32557510570250175,4.198147824914193,0.03656371060677444,185.8131868131868,0.2552378939741577,1.4332130781306607,9.961538461538462,62.39697802197802,249.875,37.372987180958056,0.2242293563233189,93.51648351648352,0.1284567081270378,0.32557510570250175,4.198147824914193,0.03656371060677444,5.34411130155342,0.1891400363730839,34.4436794318319,3.0588800889456023,2043.5866458820474,0.5309396326012074,0.33391120137219527,1030.730319563523,1.363191176175772,6.532346063912705,7.207326578332034,41.25409197194077,3.300515448758143,0.4127471926002775,0.19381657573395686,1.6477007014809042,0.06066601312838611,4.939165109305053,0.008467137869818581,5.885747373117928,0.004677964004153889,0.5853591370776793,232.jpg,/mnt/wangbd8/workspace/DataSets/ThyroidAgent/train_val_test/500_TestData_Malignancy_Cls/images/232.jpg,/mnt/wangbd8/workspace/DataSets/ThyroidAgent/train_val_test/500_TestData_Malignancy_Cls/masks/232.jpg
0.710780724833394,161.4163026645315,163.51758315239374,14448.5,114.73159660782223,522.9533188057745,0.036194298287419074,14449.0,0.8148044452189659,51.0,106.0,90148749.0,1.851847087092274,27.0,3.7993012015375176,168.0,17.048166592671837,75.8900269914873,73.0,17.0,151.0,11.61700580791625,78.98797074528692,0.8119808991769522,90148749.0,0.33749203281692686,479.8033256896307,13.348796651552146,3.5487268922218345,39.167026921368766,4.499147962243387,3.1745278732565185,0.15319148936170215,0.9079300429702266,0.15319148936170213,0.6177697144794272,0.12972385694884564,0.255793624308657,2.572599386120285,-0.6066051490812405,0.9452691810953779,0.923404255319149,0.996936170212766,0.923404255319149,0.9808510638297874,0.15319148936170213,0.41206836414370424,2.419407896758585,0.8319298406545551,654.2398268398268,0.2832207042596653,1.0524504788141151,13.86017316017316,72.07402597402597,919.6961038961039,7.005592499337397,0.10351569386773468,5.849318431295081,209.60779220779222,0.09073930398605723,0.15987265554709668,32.949271752778245,0.16854613784852757,2.262522882545926,0.021110750353516578,654.2398268398268,0.2832207042596653,1.0524504788141151,13.86017316017316,72.07402597402597,919.6961038961039,7.005592499337397,0.10351569386773468,209.60779220779222,0.09073930398605723,0.16854613784852757,2.262522882545926,0.021110750353516578,5.849318431295081,0.15987265554709668,32.949271752778245,2.807238783597863,8202.812720603502,0.5677079881378297,0.24865227093534686,4876.422382171777,0.836066318557201,13.437608138971555,7.432417468336909,99.18499550141878,0.712809937179938,0.09711814829514522,0.16503641159326676,2.2323805569012847,0.01668346347979804,23.792425490599904,0.001488947688359508,3.2463045996492315,0.006056355088632688,0.032093552856455806,233.png,/mnt/wangbd8/workspace/DataSets/ThyroidAgent/train_val_test/500_TestData_Malignancy_Cls/images/233.png,/mnt/wangbd8/workspace/DataSets/ThyroidAgent/train_val_test/500_TestData_Malignancy_Cls/masks/233.png
0.664343754484007,99.98418941729614,106.96261028976434,5114.0,66.42387178652663,893.7199128346476,0.17475946672558615,5126.0,0.28365069980496316,3.0,68.0,8166694.0,1.7425859519474354,35.0,5.747789339045653,233.0,20.239230235368748,30.826765509168943,25.0,0.0,233.0,14.983652621989728,39.91478926253783,1.2121027631350194,8166694.0,0.3535919411402307,642.9009301155174,3.9395310571781157,1.754010695187166,82.96263531076383,10.0436809289356,3.5843659329032094,0.13245577951460302,0.9287263206238427,0.10695187165775404,0.5013876093823372,0.1210170766635064,0.3208655350021769,2.2144523058195293,-0.6920022090647371,0.9507752676803579,0.9489873448350956,0.9987179374208435,0.9497668997668998,0.9904551091305512,0.09354146670323144,0.4928013163307281,2.088601802948051,0.9292054281044531,197.1889338731444,0.2661119215562003,1.3294577667047305,7.515519568151147,178.7638326585695,346.4588394062078,154.05984504063034,0.3234425315085298,5.516935634794986,104.95411605937922,0.14163848321103809,0.1445571595786188,130.90955250682504,0.3690932755405814,3.551238259761618,0.089326965036831,197.1889338731444,0.2661119215562003,1.3294577667047305,7.515519568151147,178.7638326585695,346.4588394062078,154.05984504063034,0.3234425315085298,104.95411605937922,0.14163848321103809,0.3690932755405814,3.551238259761618,0.089326965036831,5.516935634794986,0.1445571595786188,130.90955250682504,2.607449192691172,3143.488880218494,0.6132440265740332,0.29604615275243346,1812.5122902848225,0.9726288859027955,4.23175965665236,7.644947327350761,28.11041747951619,4.8416081636192,0.5875461558447457,0.1789244375081285,1.0435578965621883,0.08476436198820216,6.953311503644955,0.007382066589812143,5.402380421422254,0.0026511484458810537,0.7530300056857451,234.jpg,/mnt/wangbd8/workspace/DataSets/ThyroidAgent/train_val_test/500_TestData_Malignancy_Cls/images/234.jpg,/mnt/wangbd8/workspace/DataSets/ThyroidAgent/train_val_test/500_TestData_Malignancy_Cls/masks/234.jpg
0.4484024983344075,623.6655684217665,602.6084964552026,136067.5,279.6531990054684,1679.7472580451024,0.012344955687766015,136068.0,0.7784633913631639,99.0,210.0,3290812634.0,2.7904817366193413,56.0,2.819561969347649,255.0,33.861569823348205,149.63584384278448,144.0,24.0,231.0,23.533518554157613,155.5154628678214,0.43867116468778733,3290812634.0,0.16888300870220652,1794.173428450554,45.18660568970977,6.502150395098277,408.5425954697671,18.95778693142072,11.819097926478033,0.1845142095456922,0.9692568857682512,0.18448475207859255,0.689980503561723,0.15047958579619244,0.11557375166503903,3.6495553133538077,-0.6922730125641688,0.989451779527625,0.9077605697074138,0.99848760003617,0.9077625335385537,0.9846264594900347,0.1844589767948803,0.21310268136594274,3.464867084587599,3.0009030340059306,4255.381001263424,0.16801093656283259,2.8852572380500496,45.172220467466836,50.72528427037271,2353.203885028427,1.5058018324230602,0.029938662729903982,6.443881428300071,2677.35541692988,0.10570733642332122,0.186142223006144,21.864361834263214,0.1856243338905051,8.273602813429001,0.00575728112928812,4255.381001263424,0.16801093656283259,2.8852572380500496,45.172220467466836,50.72528427037271,2353.203885028427,1.5058018324230602,0.029938662729903982,2677.35541692988,0.10570733642332122,0.1856243338905051,8.273602813429001,0.00575728112928812,6.443881428300071,0.186142223006144,21.864361834263214,3.8335140964889987,72163.2398947585,0.5303468846073912,0.2729485191433808,22979.57322809184,2.9999977306436265,45.29032542552253,7.177837551812329,325.25487256371815,0.21384936624876721,0.029813957762052846,0.17481332862980276,7.895488530244681,0.005243304151846703,58.214381735919076,0.00024486599942667367,9.06841706051463,0.009753738743349633,0.011983165537449436,235.png,/mnt/wangbd8/workspace/DataSets/ThyroidAgent/train_val_test/500_TestData_Malignancy_Cls/images/235.png,/mnt/wangbd8/workspace/DataSets/ThyroidAgent/train_val_test/500_TestData_Malignancy_Cls/masks/235.png
0.6827584425702441,91.57660626591588,100.57832768544127,4250.5,62.52470106998518,1069.9696961967002,0.25172796052151514,4276.0,0.2159998574547185,52.0,135.0,44053986.0,2.491836735928423,42.0,3.4508245416945416,209.0,26.471893073004765,95.58138447146867,96.0,11.0,198.0,17.63519748735076,101.50180292122,0.3279366178581068,44053986.0,0.2152744537134187,1166.8149387754747,20.330291508238275,4.285044359949303,218.31840464058905,8.478288548059993,8.052945619505206,0.1782002534854246,0.9567009852005747,0.1782002534854246,0.6761240002580161,0.14644492314315502,0.15076223934614252,3.3409339065334,-0.671095342951448,0.982730452175712,0.9108998732572877,0.997826826177007,0.9108998732572877,0.9821799746514576,0.1782002534854246,0.2514575411913815,3.162733653047978,2.0577864682476577,222.32882011605415,0.21501820127277965,1.9350141607024605,23.23404255319149,39.44294003868472,753.8230174081237,3.3275505335291937,0.07382722765479857,5.481380853940369,169.23017408123792,0.1636655455331121,0.24181478016838168,22.341435674494647,0.3486246224815323,8.874949277211517,0.02065466015563938,222.32882011605415,0.21501820127277965,1.9350141607024605,23.23404255319149,39.44294003868472,753.8230174081237,3.3275505335291937,0.07382722765479857,169.23017408123792,0.1636655455331121,0.3486246224815323,8.874949277211517,0.02065466015563938,5.481380853940369,0.24181478016838168,22.341435674494647,3.6920322792801294,1999.1038353601496,0.4675172673901192,0.3760182575359152,920.5135640785782,1.9799137243045573,20.757015902712816,6.708138447146866,133.8963985032741,0.6060738055421211,0.0863820335131766,0.21686934830059243,4.865112774139901,0.01674501267516384,3.1607424960505535,0.0076328519662269495,5.186789404342742,0.008578905870693923,0.2453378081772958,236.jpg,/mnt/wangbd8/workspace/DataSets/ThyroidAgent/train_val_test/500_TestData_Malignancy_Cls/images/236.jpg,/mnt/wangbd8/workspace/DataSets/ThyroidAgent/train_val_test/500_TestData_Malignancy_Cls/masks/236.jpg
0.7593842286250616,176.99158550432813,175.13708916160505,18607.5,134.40461863133086,577.7817459305207,0.031051014157222664,18608.0,0.8369222788913865,54.0,133.0,176128728.0,2.3562754046850674,41.0,3.721049705112317,222.0,24.558292867129143,92.09641014617368,89.0,21.0,201.0,17.083597089735264,97.28933852807089,0.6707408263587548,176128728.0,0.22889567579361944,983.4666294173348,19.139052774018946,4.193612990527741,149.5827170450015,10.229938585702373,6.4075661884454185,0.196914749661705,0.9403693487778793,0.19669824086603518,0.7163835740410638,0.15822455170191227,0.15481655677038608,3.240992968016535,-0.6254847230415854,0.9734699046479024,0.9016725304465495,0.9975987869916113,0.9016869643662608,0.9803321441751754,0.1965087956698241,0.2661434370771313,3.043236206419619,1.6511202345267808,812.8996015936254,0.21590958873668673,1.8103667490286748,20.85843293492696,42.51261620185923,749.7790172642763,3.4813806491929316,0.07235976807475733,5.930427265885088,427.42762284196544,0.11352659305231487,0.2023323301805675,18.085655501059065,0.21437057619150954,4.759400590506991,0.015394245034422015,812.8996015936254,0.21590958873668673,1.8103667490286748,20.85843293492696,42.51261620185923,749.7790172642763,3.4813806491929316,0.07235976807475733,427.42762284196544,0.11352659305231487,0.21437057619150954,4.759400590506991,0.015394245034422015,5.930427265885088,0.2023323301805675,18.085655501059065,3.4437040914412007,9508.76107050731,0.5110039268329379,0.2947589804106112,4259.2907351676695,1.6460685993653559,19.253761822871883,7.0305245055889936,132.27536543422184,0.5496283372265621,0.07688963070748267,0.18376803286519539,3.6767190933409757,0.013841201405229438,18.762894414269713,0.0013099740074912379,6.5989851769127075,0.008489728149791166,0.046674477031182146,237.png,/mnt/wangbd8/workspace/DataSets/ThyroidAgent/train_val_test/500_TestData_Malignancy_Cls/images/237.png,/mnt/wangbd8/workspace/DataSets/ThyroidAgent/train_val_test/500_TestData_Malignancy_Cls/masks/237.png
0.5314440071425423,197.76499561897324,200.8233054204616,15743.5,105.10102174427446,1566.989032180417,0.0995324440042187,15751.0,0.2838504712180873,17.0,100.0,64040644.0,2.3349085408632346,46.0,3.0649544012136007,197.0,26.303877158238905,54.974668275030155,50.0,0.0,197.0,19.10439231411062,63.763739601508775,0.6252321592436991,64040644.0,0.22208031140583684,1043.6003360194104,8.90770936603183,2.7048004174276024,125.09829628096834,10.180144955877985,6.489936522117748,0.12288025045656144,0.9628357310711557,0.12288025045656145,0.5375837746816506,0.10778069450429419,0.17755559717337915,2.947631084387065,-0.7269731389585787,0.9825941208051071,0.9385598747717193,0.9981095346083607,0.9385598747717193,0.9863466388381599,0.12288025045656145,0.28222019306026613,2.8247508339305054,1.6532041931435775,460.21059487624836,0.1998309139714496,2.049631877769354,12.307425097698655,99.02865827181937,666.9704732957013,40.133156785293366,0.21041832759301435,6.3799688468819795,199.22231871471993,0.08650556609410331,0.1462129388610247,52.25208675500947,0.20680401203700444,3.367488059840511,0.03683439292816637,460.21059487624836,0.1998309139714496,2.049631877769354,12.307425097698655,99.02865827181937,666.9704732957013,40.133156785293366,0.21041832759301435,199.22231871471993,0.08650556609410331,0.20680401203700444,3.367488059840511,0.03683439292816637,6.3799688468819795,0.1462129388610247,52.25208675500947,3.2502752115878755,9354.810551711002,0.5939185163933085,0.2486881091494026,3497.986984953336,1.7048001898280483,9.168370262205574,7.579645736778617,65.24074661926227,2.3712862583608776,0.29680255624989293,0.164490437996882,1.7387114751091641,0.04388366239837216,20.047376613686506,0.0025268669112304644,3.6704036368523343,0.007330948511225804,0.08504751718524628,238.jpg,/mnt/wangbd8/workspace/DataSets/ThyroidAgent/train_val_test/500_TestData_Malignancy_Cls/images/238.jpg,/mnt/wangbd8/workspace/DataSets/ThyroidAgent/train_val_test/500_TestData_Malignancy_Cls/masks/238.jpg
0.42393259968798747,665.2271253057655,636.1273457414011,144763.5,282.0114646138398,1757.303607231204,0.012139134569357635,144764.0,0.7675164083752748,82.0,176.0,2530751563.0,2.5979208589736973,50.0,2.8508897286486907,255.0,29.338491278119584,127.15896908071068,126.0,14.0,241.0,21.18256336536002,132.2191830810625,0.2646569179629093,2530751563.0,0.18963628553624454,1312.5089569543918,33.43428966949299,5.5981553902059185,212.10504532214554,6.650279840427605,8.55980781205025,0.18002422564457518,0.958803733328482,0.1799965391936321,0.6802483472067233,0.1476254715228904,0.13125410708156499,3.441541968721806,-0.6753768337387981,0.9849294953312956,0.9100044990482783,0.9985244024861072,0.9100063448116745,0.9850004658777803,0.1799723135490569,0.20851358366499395,3.26135388141603,2.184958009423706,4896.03887113951,0.18621781801078313,2.251391074433768,33.39612809980222,52.283051878898526,1739.5773619351894,2.137326028434597,0.04183930229227235,6.324752144423566,2679.0561387494295,0.10189624748020042,0.1816197397142936,21.96691200782218,0.1795652162978059,5.824310178841752,0.008145188758182136,4896.03887113951,0.18621781801078313,2.251391074433768,33.39612809980222,52.283051878898526,1739.5773619351894,2.137326028434597,0.04183930229227235,2679.0561387494295,0.10189624748020042,0.1795652162978059,5.824310178841752,0.008145188758182136,6.324752144423566,0.1816197397142936,21.96691200782218,3.6297686995924487,77613.62692382083,0.536139005027637,0.26821181518697446,27452.507239368904,2.184336764868831,33.523265452736865,7.220717858031002,242.23735182780248,0.29424230724307904,0.040942666441136075,0.1728407001126738,5.77078286805498,0.0071937014117767015,68.83512276682681,0.00020921616561040866,9.342351257394334,0.0070026445453888475,0.010640885576852012,239.png,/mnt/wangbd8/workspace/DataSets/ThyroidAgent/train_val_test/500_TestData_Malignancy_Cls/images/239.png,/mnt/wangbd8/workspace/DataSets/ThyroidAgent/train_val_test/500_TestData_Malignancy_Cls/masks/239.png
0.6997825036683083,249.94558319879658,315.68338568888925,31978.0,174.90754599168932,877.9655121145947,0.02745529777079851,31979.0,0.7220264787053962,45.0,122.0,252255720.0,2.3030034687284164,46.0,2.512125474751958,178.0,24.8305318755627,83.62725538634729,84.0,12.0,166.0,18.641524437548487,88.81535824483414,0.2321414009014642,252255720.0,0.22452021010641637,894.650016704877,16.315000315000315,3.859194859194859,86.74036237071222,3.164156291961108,5.839236567832297,0.1527751527751528,0.9490070580971209,0.15277515277515274,0.6167417726039897,0.12943490546968148,0.16517831151170786,3.046892034530248,-0.6767558934827123,0.9775949206736181,0.9236124236124235,0.9976496130342283,0.9236124236124235,0.9830249830249829,0.15277515277515274,0.23958923958923958,2.894116881755097,1.4980029301518623,1100.2811331890616,0.2164629418038681,1.6009529630289467,16.879008459571118,72.27955931536493,1108.1471571906354,7.510329002838595,0.10171310218624795,6.252867290440542,448.59197324414714,0.08825338840136675,0.1589480596641546,32.69830628602382,0.17357119763098838,2.8379650584528537,0.02240781412605235,1100.2811331890616,0.2164629418038681,1.6009529630289467,16.879008459571118,72.27955931536493,1108.1471571906354,7.510329002838595,0.10171310218624795,448.59197324414714,0.08825338840136675,0.17357119763098838,2.8379650584528537,0.02240781412605235,6.252867290440542,0.1589480596641546,32.69830628602382,3.271153162890749,18212.25757528378,0.5695067880572807,0.24998492920067572,7179.93179899309,1.4987540473526435,16.408267925826323,7.443666155914819,121.36933612683323,0.7181910757725858,0.09722912628887197,0.16539152429893228,2.7284311579474028,0.016760746229075706,33.9938089481734,0.0009367284170533198,4.162006278397077,0.008102101564654563,0.02365610897185882,240.png,/mnt/wangbd8/workspace/DataSets/ThyroidAgent/train_val_test/500_TestData_Malignancy_Cls/images/240.png,/mnt/wangbd8/workspace/DataSets/ThyroidAgent/train_val_test/500_TestData_Malignancy_Cls/masks/240.png
0.698582223997337,563.8775434099033,558.7852897133209,173118.5,393.9148283374453,1768.2741699796777,0.010214241516531612,173119.0,0.8341171856169814,65.0,143.0,2048323079.0,2.3428398041345107,43.0,3.2269333006211456,251.0,24.428764643550746,104.45254998007151,103.0,20.0,231.0,17.64553923703252,108.77444142021368,0.3340640297173271,2048323079.0,0.226096323873527,921.5439089401585,23.47462572510334,4.690935195155557,116.99574075730159,4.833472184848249,6.03009867955526,0.15108779973832598,0.9511136574686895,0.15108779973832598,0.6125558424919789,0.12826027650855748,0.16715265517452546,3.0859088114706914,-0.6826427666219761,0.9793689679463489,0.924456100130837,0.998761575411981,0.924456100130837,0.9874093500218062,0.15108779973832598,0.24772193083006241,2.9348210117323688,1.5452966198233964,5690.194502133444,0.21486215693590016,1.7061970729395008,23.48808669712646,82.68311747158555,1915.8442397009403,4.742287956941848,0.06103131943693012,6.396604077491074,2318.2747045274327,0.08753822091634002,0.1529756987967814,39.95093162488399,0.17105222554046634,3.8807284266111184,0.011607716812775818,5690.194502133444,0.21486215693590016,1.7061970729395008,23.48808669712646,82.68311747158555,1915.8442397009403,4.742287956941848,0.06103131943693012,2318.2747045274327,0.08753822091634002,0.17105222554046634,3.8807284266111184,0.011607716812775818,6.396604077491074,0.1529756987967814,39.95093162488399,3.2956625653497453,100281.72940578446,0.5792647219876759,0.24315631603151217,39141.56949266112,1.5459700598841362,23.549379328669875,7.50105418815959,176.70222794725015,0.4310252723500076,0.05802422184478835,0.1630188868158126,3.8251735639775077,0.009703721369935149,87.84480468988122,0.00017461387743697632,8.761726387037683,0.0042253988022348,0.01120967733730001,241.png,/mnt/wangbd8/workspace/DataSets/ThyroidAgent/train_val_test/500_TestData_Malignancy_Cls/images/241.png,/mnt/wangbd8/workspace/DataSets/ThyroidAgent/train_val_test/500_TestData_Malignancy_Cls/masks/241.png
0.8636744430827104,87.66275223855511,96.51942809610924,5061.0,75.71207871873172,986.974746830587,0.19501575712914188,5081.0,0.2555153879785924,30.0,96.0,20641012.0,2.0065374138549057,36.0,3.394593398970123,182.0,21.186476231284253,58.29521747687463,52.0,16.0,166.0,15.425198558113031,63.736893987595494,0.871361682184925,20641012.0,0.29935896574295856,664.0592745098776,8.496843434343434,2.747790404040404,50.98955745622528,6.613617060328344,3.8913946121569225,0.10542929292929294,0.947243463593616,0.10542929292929293,0.4859734851945088,0.09431395712172227,0.2750561034375744,2.4581123705668846,-0.7093949103268999,0.9658912485683605,0.9472853535353534,0.9983780108780108,0.9472853535353534,0.9882856341189673,0.10542929292929293,0.44023569023569026,2.352683077637593,0.9992059762715539,189.21686746987953,0.22797212948178255,1.5565408622441574,14.64698795180723,94.94578313253012,583.9807228915663,20.594888535434254,0.14021465112149278,5.588066711947469,98.04096385542168,0.11812164319930324,0.1633536705372958,57.4707345042822,0.31301861893735955,6.232850513072983,0.02735574122145553,189.21686746987953,0.22797212948178255,1.5565408622441574,14.64698795180723,94.94578313253012,583.9807228915663,20.594888535434254,0.14021465112149278,98.04096385542168,0.11812164319930324,0.31301861893735955,6.232850513072983,0.02735574122145553,5.588066711947469,0.1633536705372958,57.4707345042822,2.8809590956271967,2905.5589450895495,0.5718478537865674,0.3022369245849592,1521.0429049399725,1.1600836377858383,9.33556386538083,7.4487305648494395,61.78980515646526,1.4630666370891334,0.1873088503097887,0.18162435216164796,2.220166633864725,0.02910948831685575,5.162503985969388,0.007846080318475812,3.2402398303469258,0.004301347589985307,0.2760810416279961,242.jpg,/mnt/wangbd8/workspace/DataSets/ThyroidAgent/train_val_test/500_TestData_Malignancy_Cls/images/242.jpg,/mnt/wangbd8/workspace/DataSets/ThyroidAgent/train_val_test/500_TestData_Malignancy_Cls/masks/242.jpg
0.8255805543393863,166.74615147715386,181.13530854032848,17479.5,137.66238017046794,585.6812408671325,0.03350675024269187,17480.0,0.800217640099752,68.0,166.0,247099755.0,2.6035499731292173,53.0,2.9271738303527326,246.0,30.730689431268942,112.79227688787185,107.0,21.0,225.0,22.501862208686394,118.89550702355837,0.5447216254563746,247099755.0,0.18985995109153844,1414.0438648386648,27.326737813671766,5.009316411883472,244.39150551582986,14.830319894928406,9.124140847875587,0.19019325064897608,0.9591611705920872,0.19019325064897605,0.7018755502637413,0.15401977805655181,0.13024492414324051,3.468843821741296,-0.664866938034518,0.9840766661406462,0.904903374675512,0.9981168985084259,0.904903374675512,0.9827097044864567,0.19019325064897605,0.23634265935967697,3.2786505710923235,2.3285835246311404,619.8524113887274,0.1800849539188633,2.4652072815522508,28.980825101685067,44.321905868681,1138.0061011040093,2.491411554926919,0.05208135109123598,6.173626009757276,391.10400929692037,0.11362696377016862,0.19691075514874143,18.531324942831166,0.1905331416165041,5.7165991245406085,0.010261244892034085,619.8524113887274,0.1800849539188633,2.4652072815522508,28.980825101685067,44.321905868681,1138.0061011040093,2.491411554926919,0.05208135109123598,391.10400929692037,0.11362696377016862,0.1905331416165041,5.7165991245406085,0.010261244892034085,6.173626009757276,0.19691075514874143,18.531324942831166,3.6647435545913187,9047.394851258581,0.517585517806555,0.2804881420544696,3318.7519450800914,2.3436851498148914,27.57591533180778,7.072654462242563,192.37728832951944,0.38041339713803146,0.053400171444541886,0.1785691584032545,5.034293160437325,0.009504901721997434,12.199785411723065,0.0016682836515503276,7.8654324876363155,0.009659582069285376,0.06675541413682262,243.png,/mnt/wangbd8/workspace/DataSets/ThyroidAgent/train_val_test/500_TestData_Malignancy_Cls/images/243.png,/mnt/wangbd8/workspace/DataSets/ThyroidAgent/train_val_test/500_TestData_Malignancy_Cls/masks/243.png
0.8293639307299814,114.00319912767222,114.23659658795863,8427.5,94.55014134431902,390.56854249492415,0.04634453188904469,8428.0,0.833214945910711,119.0,204.0,235672099.0,2.482202833487034,47.0,2.7776646952529425,255.0,26.950165211944093,163.87909349786426,165.0,84.0,171.0,19.493187160847476,167.22138705205361,0.15815286365271597,235672099.0,0.2056938541246898,1106.635001930983,18.301864101022247,4.061034275405893,161.47277964110492,3.900972076929122,7.4375346266898426,0.19807576668671073,0.9481178958898872,0.19807576668671076,0.7180628946820591,0.15884175733818245,0.13730067844989585,3.378872817151232,-0.6416252147582484,0.9792398188432557,0.9009621166566446,0.9969526805125122,0.9009621166566446,0.9779915814792544,0.19807576668671076,0.21599518941671678,3.180797050464524,1.9089025983441381,356.34886363636366,0.20247094524793388,1.8958157928719008,18.626704545454544,37.472727272727276,678.177840909091,3.7263082982245934,0.10333946447897341,5.8801275923052,207.1102272727273,0.11767626549586777,0.20882771713336498,14.541689049586774,0.19651177824730642,3.683742520491915,0.01959278059109524,356.34886363636366,0.20247094524793388,1.8958157928719008,18.626704545454544,37.472727272727276,678.177840909091,3.7263082982245934,0.10333946447897341,207.1102272727273,0.11767626549586777,0.19651177824730642,3.683742520491915,0.01959278059109524,5.8801275923052,0.20882771713336498,14.541689049586774,3.5690617156931963,4256.936877076412,0.5050945511481267,0.28925639195314556,1733.5878025628856,1.894770204027572,18.435571903179877,6.9577598481252965,127.88312766967252,0.6996129657566238,0.10124120030467494,0.1831856773717239,3.3918815588250806,0.01854016470028219,10.511364073228302,0.003082442912813461,4.879752885907561,0.012935092204083407,0.07282161056358796,244.png,/mnt/wangbd8/workspace/DataSets/ThyroidAgent/train_val_test/500_TestData_Malignancy_Cls/images/244.png,/mnt/wangbd8/workspace/DataSets/ThyroidAgent/train_val_test/500_TestData_Malignancy_Cls/masks/244.png
0.815025141540741,170.4796838197983,170.20575783445165,18505.5,138.9452284350519,573.1959594928938,0.03097435678543643,18506.0,0.8413025854081201,69.0,149.0,233126730.0,2.3307306761543565,43.0,2.789235121182159,223.0,24.674047839631495,108.05695450124284,106.0,38.0,185.0,17.898528051348798,112.2379580838976,0.34959719635690356,233126730.0,0.2243070497002564,921.0538187590884,16.127939895470384,3.830928789198606,98.81172441507253,5.0755978175860275,5.979681915256157,0.1719838850174216,0.9440854264190446,0.17187499999999997,0.6625639116273351,0.1424428693924216,0.15845300390335715,3.1392215660693186,-0.6528233873539357,0.9758494029595374,0.9140733885017421,0.997354241884371,0.9140806475029036,0.9809039876113047,0.17177972560975607,0.24118031358885017,2.9667648978221606,1.5379164500683946,719.2799028536733,0.21836062624580246,1.6263365822350364,16.676684881602913,57.704918032786885,878.5367334547662,5.979556830119216,0.10657124993288147,6.069260242577393,332.76684881602915,0.10102211560899488,0.17799632551604885,26.141943420522455,0.1826401579207101,3.006119461234476,0.02454889149504107,719.2799028536733,0.21836062624580246,1.6263365822350364,16.676684881602913,57.704918032786885,878.5367334547662,5.979556830119216,0.10657124993288147,332.76684881602915,0.10102211560899488,0.1826401579207101,3.006119461234476,0.02454889149504107,6.069260242577393,0.17799632551604885,26.141943420522455,3.3488411951893724,10012.332648870637,0.5410317004685311,0.2666551612990673,4151.026261752945,1.538346634526388,16.24867610504701,7.257430022695342,117.15897546741597,0.7156463889997803,0.09996603234398699,0.1719802586548507,2.8147537735509203,0.018101447598985076,22.596497724731705,0.0014580525850690876,4.5806543261442565,0.009231540465755902,0.037202294916341735,245.png,/mnt/wangbd8/workspace/DataSets/ThyroidAgent/train_val_test/500_TestData_Malignancy_Cls/images/245.png,/mnt/wangbd8/workspace/DataSets/ThyroidAgent/train_val_test/500_TestData_Malignancy_Cls/masks/245.png
0.620455849877686,186.0529534052132,184.14125013152267,16782.5,115.43764332728506,557.2964645562822,0.03320699922873721,16783.0,0.8240374926776899,97.0,165.0,292626011.0,2.203473455130528,30.0,5.465076961529597,255.0,21.489606280510245,128.6938568789847,124.0,48.0,207.0,13.325289339340918,132.04491042288325,1.1298584119145811,292626011.0,0.2779624178072305,873.7495701986667,23.1084452975048,4.659129078694818,183.46127245216383,15.524606480416494,5.754637848901788,0.15079174664107484,0.9489311508328246,0.15079174664107484,0.6118181095240802,0.12805359578600872,0.21013911704684438,2.9294738937892295,-0.6660617194743575,0.9728111360201733,0.9246041266794626,0.9985070124094942,0.9246041266794626,0.9862916593962658,0.15079174664107484,0.3358325335892514,2.778682147148157,1.4763573988857155,622.2045714285714,0.23703031292517007,1.7152281541950116,23.882285714285715,73.19733333333333,1631.7405714285715,4.035845004259199,0.05789172053653913,6.221807601749357,229.2529523809524,0.08733445804988663,0.15640827027349102,32.32018663038548,0.15383490108796855,3.5682088823804112,0.01002179307402164,622.2045714285714,0.23703031292517007,1.7152281541950116,23.882285714285715,73.19733333333333,1631.7405714285715,4.035845004259199,0.05789172053653913,229.2529523809524,0.08733445804988663,0.15383490108796855,3.5682088823804112,0.01002179307402164,6.221807601749357,0.15640827027349102,32.32018663038548,3.1513229487378065,9613.37001727939,0.5728040289149371,0.24177519883979887,4665.04325805875,1.488900352853415,23.18685574688673,7.462730143597688,171.9192635404874,0.4186961318387677,0.056368496327230795,0.16275066701093036,3.794640078915834,0.009367210105908061,11.186030366658613,0.0015488415504085725,6.805002956505932,0.004957185428707505,0.08309950413680614,246.png,/mnt/wangbd8/workspace/DataSets/ThyroidAgent/train_val_test/500_TestData_Malignancy_Cls/images/246.png,/mnt/wangbd8/workspace/DataSets/ThyroidAgent/train_val_test/500_TestData_Malignancy_Cls/masks/246.png
0.5842918690095479,164.28785800797002,163.51758315239374,12206.5,95.992059611052,491.29646455628216,0.040248758002398896,12207.0,0.7971808745580049,53.0,109.0,78217007.0,1.8251492399643396,26.0,3.8843526057565407,165.0,17.20269459037845,76.8995658228885,73.0,26.0,139.0,11.543869673606256,80.04719618310975,0.9464167980747473,78217007.0,0.3463719946995269,494.0103930284968,7.447976878612717,2.5855078447563993,41.216849889452895,5.425787340296712,3.20716981891156,0.15466556564822462,0.9079874247510322,0.1546655656482246,0.6213937667629248,0.13074412845093933,0.26425113244201753,2.5454748360044372,-0.6005438061495599,0.9420638005477262,0.9226672171758876,0.9958198495770749,0.9226672171758876,0.9779049191931107,0.1546655656482246,0.4263418662262593,2.3908092703562143,0.840458846139946,548.6355329949239,0.27849519441366694,1.091350975289237,8.263959390862944,76.54568527918782,501.6868020304569,16.975176395939087,0.2471539763113367,5.846798170320911,185.8517766497462,0.09434100337550567,0.16138281314000164,38.149733566956115,0.19150262784318392,1.5934150072811086,0.06047034513937032,548.6355329949239,0.27849519441366694,1.091350975289237,8.263959390862944,76.54568527918782,501.6868020304569,16.975176395939087,0.2471539763113367,185.8517766497462,0.09434100337550567,0.19150262784318392,1.5934150072811086,0.06047034513937032,5.846798170320911,0.16138281314000164,38.149733566956115,2.788081521767953,6912.14393380847,0.5662442806429484,0.2569266349190454,4228.1629392971245,0.8460550949548646,7.551978373064635,7.424510526746949,54.942655853198985,1.6227175436680226,0.22313283362005404,0.16765426030601752,1.304738629019779,0.039962285098511574,38.06589341011573,0.001742167489273617,2.4529967426102215,0.008700591156986485,0.02926130724033262,247.png,/mnt/wangbd8/workspace/DataSets/ThyroidAgent/train_val_test/500_TestData_Malignancy_Cls/images/247.png,/mnt/wangbd8/workspace/DataSets/ThyroidAgent/train_val_test/500_TestData_Malignancy_Cls/masks/247.png
0.9079739984866894,121.70306575531562,126.62148316932637,10503.5,110.5032192419424,436.22539674441657,0.041531432069730714,10504.0,0.8328389071221409,91.0,185.0,222996154.0,2.540810748481923,52.0,2.3283315688523927,235.0,28.95066689134201,141.41717440974867,143.0,54.0,181.0,21.510547927090155,145.70395145608174,-0.11540905002909291,222996154.0,0.1904634922379695,1230.824251878949,19.24128970163619,4.157410972088547,152.85034550782382,-2.1389175140228467,8.022638827776394,0.19374398460057746,0.9528395915758148,0.19355149181905681,0.7098387937856209,0.15628180461519509,0.12806668883699346,3.41896409093345,-0.6531074787230321,0.9816779815473777,0.9032435033686237,0.9970195846162556,0.903256336220725,0.9784964174954549,0.1933830606352262,0.20173243503368624,3.2243080310545245,2.054095703094243,402.5,0.1895009416195857,2.1252697624848826,20.460922787193972,40.91713747645951,748.4500941619585,4.2843874661839,0.10315458508419062,6.037014966524557,242.33709981167607,0.11409467976067612,0.2022086824067022,16.46029415415607,0.19948377354356736,4.335399076653722,0.019817584358579932,402.5,0.1895009416195857,2.1252697624848826,20.460922787193972,40.91713747645951,748.4500941619585,4.2843874661839,0.10315458508419062,242.33709981167607,0.11409467976067612,0.19948377354356736,4.335399076653722,0.019817584358579932,6.037014966524557,0.2022086824067022,16.46029415415607,3.6200289090188953,5373.870525514089,0.5116022967930398,0.28732245185383265,2000.6285224676315,2.0600728609389147,19.447638994668697,7.024371667936024,134.70239908606246,0.7337441460860176,0.10420496502897936,0.18147583989168148,3.630162054667005,0.018743451591201766,12.057192975988595,0.002676341310974095,4.723228232404318,0.013840659249589599,0.06007350968668963,248.png,/mnt/wangbd8/workspace/DataSets/ThyroidAgent/train_val_test/500_TestData_Malignancy_Cls/images/248.png,/mnt/wangbd8/workspace/DataSets/ThyroidAgent/train_val_test/500_TestData_Malignancy_Cls/masks/248.png
0.8037953961062572,263.6680307772949,288.20999288713085,42797.0,211.9351492391926,1879.1067811865043,0.043907441670829835,42781.0,0.3902654773755056,13.0,108.0,158290547.0,2.134976437374216,60.0,3.8078306068062675,252.0,34.33251100962397,44.92548093779949,21.0,2.0,250.0,25.250498009013203,60.82778804550338,1.2464130248267575,158290547.0,0.3254718539435291,1681.7209610160985,7.809401082921523,2.2602203674366916,443.05040611264087,43.891810650875044,11.050092899172489,0.24687300498900525,0.9562939275760645,0.17031187194098313,0.6918346120747726,0.21786687126496343,0.2894866325743539,2.837335820342743,-0.6649187829453006,0.9699288596588649,0.9219400013002348,0.9980498555696617,0.9240345413459169,0.9862525048359931,0.13312153705498941,0.5120469108363086,2.5903483838203174,2.8242414760403736,1107.8717253839204,0.16679791107857883,2.9968467793346676,14.769948810599217,268.76166817223725,587.9575429087624,248.33355923721857,0.23187975224517,5.998022678343267,1135.0945498343872,0.17089649952339464,0.1552558378719525,227.27542378797943,0.39627298476742795,6.553435680503476,0.07148112117940235,1107.8717253839204,0.16679791107857883,2.9968467793346676,14.769948810599217,268.76166817223725,587.9575429087624,248.33355923721857,0.23187975224517,1135.0945498343872,0.17089649952339464,0.39627298476742795,6.553435680503476,0.07148112117940235,5.998022678343267,0.1552558378719525,227.27542378797943,2.9813695025489073,25406.855964096212,0.5938817691053554,0.31469958391383945,13924.011383558121,2.8474159333549087,8.008929197540965,7.548047030223698,50.837194081484775,4.90446993875888,0.5829314474218847,0.18497827436374922,2.0426487355497898,0.08029900132534379,38.82563604853333,0.001027784154564649,9.587029075060963,0.007651139625975171,0.09306695010790376,249.jpg,/mnt/wangbd8/workspace/DataSets/ThyroidAgent/train_val_test/500_TestData_Malignancy_Cls/images/249.jpg,/mnt/wangbd8/workspace/DataSets/ThyroidAgent/train_val_test/500_TestData_Malignancy_Cls/masks/249.jpg
0.8297143730288876,138.8159802456073,145.45446022724775,12475.5,115.17761401587451,475.882250993909,0.03814534495562574,12476.0,0.8320212244788792,34.0,108.0,74697698.0,2.249343294680729,43.0,2.3843225565492614,156.0,23.57085321675906,71.97627444693812,73.0,0.0,156.0,17.465431102554792,77.37771951949627,-0.07796468424509291,74697698.0,0.23361853797444346,806.7273947768749,12.787449392712551,3.393805668016194,66.75517799642164,-0.5882980269302417,5.228008464324936,0.14987854251012145,0.9442611782956268,0.14987854251012145,0.6095362738271795,0.12741496500516317,0.1731091970037208,2.976688619316178,-0.6726520850701847,0.9752179522748785,0.9250607287449393,0.9970024291497975,0.9250607287449393,0.9812651821862348,0.14987854251012145,0.251497975708502,2.826810076806059,1.3444717517087643,446.7359635811836,0.22596659766372465,1.4760719442020258,13.763277693474961,71.61962569549823,817.7941325240263,11.537304778765325,0.1517376788854135,6.156355072719563,172.9838138593829,0.08749813548780117,0.15846425136261622,31.7963121163998,0.17340937317021335,2.319051072201528,0.030623229548091404,446.7359635811836,0.22596659766372465,1.4760719442020258,13.763277693474961,71.61962569549823,817.7941325240263,11.537304778765325,0.1517376788854135,172.9838138593829,0.08749813548780117,0.17340937317021335,2.319051072201528,0.030623229548091404,6.156355072719563,0.15846425136261622,31.7963121163998,3.2185793389106885,7116.450304584803,0.5704112138974674,0.250309770777848,2914.624879769157,1.3582940997275845,12.885941006732928,7.449182430266111,94.6007534466175,1.1461849685636785,0.1533618729366279,0.1654643582344769,2.1711775497844754,0.025668234660838556,18.52911482695711,0.0023090174571787935,3.0188985312032965,0.009689658133677063,0.04287663024617753,250.png,/mnt/wangbd8/workspace/DataSets/ThyroidAgent/train_val_test/500_TestData_Malignancy_Cls/images/250.png,/mnt/wangbd8/workspace/DataSets/ThyroidAgent/train_val_test/500_TestData_Malignancy_Cls/masks/250.png
0.5959276756108693,578.7503502531279,562.3130800541634,153869.5,344.89335098532297,1702.6761902332364,0.011065716014110894,153870.0,0.8166747725957657,43.0,131.0,1301366776.0,2.515269658205244,45.0,3.6638517348999917,244.0,27.43770165276686,85.0299603561448,81.0,4.0,240.0,19.034094679723324,91.96506467222417,0.6342790260414533,1301366776.0,0.20830043739398987,1227.4789619988185,17.29842055557365,3.917465073110366,233.51392716421012,13.61721877917084,7.964818898790623,0.15726707265444362,0.9612742162032388,0.15725404630865927,0.6277881513456729,0.13253823757399769,0.15190340749736408,3.2819791405277945,-0.6947600602487936,0.9846917326062415,0.9213742794802489,0.9984429077115398,0.9213751479033011,0.9857042762927416,0.15724264825609796,0.23736607288240466,3.124635372911154,2.0305214928612667,4886.041179834954,0.19960949341592263,2.1430275426332828,17.76615736579786,71.87678731922543,1187.0212435656508,8.307581980459476,0.11431849166685037,6.476243651123454,2197.103439823515,0.08975829070281538,0.15908234223695328,32.362327740003494,0.16404925239367474,2.8158491882102012,0.021510310037033173,4886.041179834954,0.19960949341592263,2.1430275426332828,17.76615736579786,71.87678731922543,1187.0212435656508,8.307581980459476,0.11431849166685037,2197.103439823515,0.08975829070281538,0.16404925239367474,2.8158491882102012,0.021510310037033173,6.476243651123454,0.15908234223695328,32.362327740003494,3.484099760214219,87517.66953922142,0.5687766916177385,0.2464413446863939,32051.188301813218,2.0331591984278377,17.372444271137972,7.438682004289335,128.5774484954832,0.8292639663765633,0.11188312551744074,0.16431619765603,2.864543301343847,0.01875925321745302,115.05389486931817,0.00020465880314350814,7.3901469638478,0.007043669309862868,0.010664086186200919,251.png,/mnt/wangbd8/workspace/DataSets/ThyroidAgent/train_val_test/500_TestData_Malignancy_Cls/images/251.png,/mnt/wangbd8/workspace/DataSets/ThyroidAgent/train_val_test/500_TestData_Malignancy_Cls/masks/251.png
0.6893972929773496,242.63687369341648,252.41434190631878,31434.5,167.27320390072842,781.4802307403561,0.02486059045762955,31435.0,0.804248416264525,99.0,180.0,623055059.0,2.3937247687337684,39.0,3.461599086827078,255.0,24.598645557349325,137.19595991728966,134.0,47.0,208.0,16.84880648311984,140.78503106568107,0.5327573248473465,623055059.0,0.22689577481807144,997.6935545382375,26.537657104480473,4.9934759666123,149.4359430643656,8.723640780055133,6.589423275088926,0.178003773705587,0.947393958613179,0.178003773705587,0.6756905156472603,0.14631843025215716,0.15885104439250622,3.2252637961492634,-0.6529452587149417,0.9778230258339095,0.9109981131472065,0.9982375863989545,0.9109981131472065,0.9838178387540375,0.178003773705587,0.2739774217275896,3.0472600224436794,1.6918567621986282,1242.447313328681,0.21675633519341958,1.7615423067764182,27.108164689462665,51.28628750872296,1333.5090718771808,2.598043407752985,0.05042083867062372,6.10202631403156,586.9574319609211,0.10240011025138192,0.18234452043900112,21.210669103900727,0.17681952232037282,4.852455559271408,0.009243805310784114,1242.447313328681,0.21675633519341958,1.7615423067764182,27.108164689462665,51.28628750872296,1333.5090718771808,2.598043407752985,0.05042083867062372,586.9574319609211,0.10240011025138192,0.17681952232037282,4.852455559271408,0.009243805310784114,6.10202631403156,0.18234452043900112,21.210669103900727,3.4233041080176814,16823.28083346588,0.5351767403679301,0.26776538366071523,7132.468681406076,1.6892837852118416,26.655256879274695,7.212629234929219,191.4664545888341,0.3606802667187323,0.050077944133841784,0.17278511213615397,4.640128660551754,0.008704274413731677,20.899985761538634,0.0008236774716416244,7.713847841654135,0.006563316673576362,0.03709133631955592,252.png,/mnt/wangbd8/workspace/DataSets/ThyroidAgent/train_val_test/500_TestData_Malignancy_Cls/images/252.png,/mnt/wangbd8/workspace/DataSets/ThyroidAgent/train_val_test/500_TestData_Malignancy_Cls/masks/252.png
0.7037759141840348,183.04686065448436,200.11246837716035,17671.5,128.8239716956274,643.7228714274753,0.036427177739720755,17672.0,0.7320532948812652,67.0,157.0,239631092.0,2.4296909947165073,54.0,2.188539440187237,218.0,28.03382867138241,111.57820280669986,111.0,37.0,181.0,21.683441113608314,116.44711465529615,0.1567187140191008,239631092.0,0.1997414700366684,1110.2351699706394,17.427275320970043,3.959400855920115,113.61615885332617,2.900130708608584,7.175546638285229,0.17386590584878744,0.9526857677930843,0.17386590584878744,0.666472384863563,0.143636552632168,0.14080813185158353,3.2382747967532,-0.6646762995799277,0.9798960447247433,0.9130670470756063,0.9973251399100186,0.9130670470756063,0.9806815660168013,0.17386590584878744,0.204793152639087,3.0644088909044145,1.8373531360335043,620.7263619286161,0.19434137818679278,1.9704835577352495,18.546649968691295,56.8515967438948,970.0147150907952,5.922269362764935,0.09865363211137095,6.160834183768826,332.1045710707577,0.10397763652810196,0.1807378904481666,26.238900505762018,0.19873908213166225,3.8448291867738797,0.02242920902824332,620.7263619286161,0.19434137818679278,1.9704835577352495,18.546649968691295,56.8515967438948,970.0147150907952,5.922269362764935,0.09865363211137095,332.1045710707577,0.10397763652810196,0.19873908213166225,3.8448291867738797,0.02242920902824332,6.160834183768826,0.1807378904481666,26.238900505762018,3.4570853671938937,9499.25622453599,0.5375314749058391,0.27404327250080485,3529.8312584880036,1.8480208254135877,17.617530556813037,7.23585332729742,125.86968085106383,0.7143691562372648,0.09859615317003519,0.17452592927921132,3.143082591418943,0.017530002494433716,20.3311167998265,0.00168313802760453,4.520577068991001,0.011271516788257066,0.03911344067779831,253.png,/mnt/wangbd8/workspace/DataSets/ThyroidAgent/train_val_test/500_TestData_Malignancy_Cls/images/253.png,/mnt/wangbd8/workspace/DataSets/ThyroidAgent/train_val_test/500_TestData_Malignancy_Cls/masks/253.png
0.7203741257474874,53.50723540605746,60.0,1504.0,38.54522792680365,559.4112549695452,0.3719489727191125,1521.0,0.24575233350862621,70.0,159.0,25783059.0,2.3737493788658948,40.0,3.242243758160735,232.0,26.11114180132538,125.80210387902696,132.0,47.0,185.0,17.928700877400743,130.19749071226835,-0.22369606840433398,25783059.0,0.23826023659129408,1125.2172473817143,21.787030213706707,4.465733235077377,176.8406833291874,-4.325885480944256,7.76464729677553,0.38761974944731026,0.9049050411990841,0.2844509948415623,0.9713649573596581,0.30670738098095573,0.1470635352920445,3.5273188027532423,-0.544905225851231,0.9637266209876828,0.8678833066019335,0.9954045201148095,0.8730533038565463,0.9724546639800878,0.21081020224351102,0.2999263080324245,3.0823509666270454,2.0380667615557098,115.38367346938776,0.2354768846314036,1.7760474802165767,26.389795918367348,22.573469387755104,435.7591836734694,2.165923817108098,0.05839984947115656,4.831477863206063,119.55102040816327,0.24398167430237402,0.32215647600262987,12.938146605581009,0.4876932191799517,14.325577881414107,0.023701831861390042,115.38367346938776,0.2354768846314036,1.7760474802165767,26.389795918367348,22.573469387755104,435.7591836734694,2.165923817108098,0.05839984947115656,119.55102040816327,0.24398167430237402,0.4876932191799517,14.325577881414107,0.023701831861390042,4.831477863206063,0.32215647600262987,12.938146605581009,3.6929287018980093,608.4687705456936,0.40004521403398663,0.4921586502530213,362.39381985535834,1.9133628218744285,22.4930966469428,6.041420118343195,125.30440499671269,0.5138918231597311,0.07663323614687066,0.2809555117247425,7.269486448973629,0.017508871815826436,1.4161912431074957,0.014658616153390227,7.212100697604231,0.011845825053244052,0.4669843430905378,254.jpg,/mnt/wangbd8/workspace/DataSets/ThyroidAgent/train_val_test/500_TestData_Malignancy_Cls/images/254.jpg,/mnt/wangbd8/workspace/DataSets/ThyroidAgent/train_val_test/500_TestData_Malignancy_Cls/masks/254.jpg
0.911842481677239,86.38010214446597,96.51942809610924,5236.0,78.76504670694325,951.8031739553332,0.1817805909005602,5254.0,0.269499275656099,36.0,110.0,30165072.0,2.2090494864408137,36.0,7.804424130184225,247.0,23.990031486152482,68.39550818424058,61.0,12.0,235.0,15.521795430508119,75.77172055143969,1.754071962076565,30165072.0,0.26499265554954843,1063.4080955449463,11.277108433734941,3.1681726907630523,261.38656585276857,23.150706562075136,5.630446081514814,0.6712851405622491,0.7869521511134864,0.3825301204819277,1.1568826982157208,0.524955847486331,0.168360127256012,3.406767879980841,-0.3907860540516478,0.8993525336964239,0.8355649748314523,0.9937480774223522,0.8431291834002677,0.9671921786379617,0.2452421909861669,0.2897590361445783,2.83979814152528,1.5754328055192657,336.07271669575334,0.19550477992772156,2.6160291117209327,17.041884816753928,22.076788830715532,200.2931937172775,3.4739974568027283,0.12333330603480053,5.064743187226585,468.761489237929,0.27269429275039503,0.32717929196802437,12.735035758509165,0.5346978028238694,10.941613130741057,0.06270073315330515,336.07271669575334,0.19550477992772156,2.6160291117209327,17.041884816753928,22.076788830715532,200.2931937172775,3.4739974568027283,0.12333330603480053,468.761489237929,0.27269429275039503,0.5346978028238694,10.941613130741057,0.06270073315330515,5.064743187226585,0.32717929196802437,12.735035758509165,3.519754375022989,2066.6832889227258,0.39335426130999723,0.5333679460273819,1392.2714122573277,1.784554817045153,12.484202512371526,6.03540159878188,63.065854586981345,0.8940340641254458,0.14014894409595952,0.29585923952121135,4.911538298862242,0.03784659626690982,9.617572254919805,0.0027622297934399936,15.605361740813182,0.01246539051875849,0.18168761692574867,255.jpg,/mnt/wangbd8/workspace/DataSets/ThyroidAgent/train_val_test/500_TestData_Malignancy_Cls/images/255.jpg,/mnt/wangbd8/workspace/DataSets/ThyroidAgent/train_val_test/500_TestData_Malignancy_Cls/masks/255.jpg
0.7331263170694847,428.1401371185775,432.80134010883097,104364.5,313.88080191536693,1373.705627484766,0.013162575660159978,104365.0,0.8336574834540369,104.0,212.0,3025016782.0,2.7331698617960187,61.0,2.530058260249129,255.0,34.72422857261606,165.05910985483638,173.0,37.0,218.0,25.797812758856,170.24973925748716,-0.42339862871756306,3025016782.0,0.17351521829347286,1740.4639711714224,40.29313327822527,6.122734001038083,336.16280370634917,-14.77039356224558,11.390599955429543,0.16955343239970014,0.9706658853543916,0.16947653741902,0.6569386417511565,0.14083113566415964,0.12352462998844356,3.5336884977810055,-0.7051461205224553,0.9892891714715945,0.9152694207885581,0.9983212970678137,0.9152745471206034,0.9845936245905488,0.16940925431092488,0.2272246679098022,3.3637055072921918,2.890038346957311,3009.5578390420496,0.16761669947324143,2.8695288454745573,38.983235867446396,61.850013923698135,2576.450849345586,2.326375339234469,0.04118851160367815,6.529070903034114,1753.789306599833,0.09767693158450755,0.17204043501173766,28.063846022432553,0.17913494575223443,6.642787166637031,0.008431692496034858,3009.5578390420496,0.16761669947324143,2.8695288454745573,38.983235867446396,61.850013923698135,2576.450849345586,2.326375339234469,0.04118851160367815,1753.789306599833,0.09767693158450755,0.17913494575223443,6.642787166637031,0.008431692496034858,6.529070903034114,0.17204043501173766,28.063846022432553,3.73818214800161,57337.33938580942,0.5493924149457138,0.2615249936037657,18108.915757198294,2.9058076785150853,40.347214104345326,7.315431418579026,297.3675561730465,0.28079040060559163,0.03887297904970343,0.16984993904938334,6.746136689077331,0.006835892538711608,44.74366979875641,0.000337587873203127,6.862959652986585,0.010715124243765044,0.013325894848097432,256.png,/mnt/wangbd8/workspace/DataSets/ThyroidAgent/train_val_test/500_TestData_Malignancy_Cls/images/256.png,/mnt/wangbd8/workspace/DataSets/ThyroidAgent/train_val_test/500_TestData_Malignancy_Cls/masks/256.png
0.46865602189234107,266.46345676067244,261.6295090390226,26021.5,124.87970362513857,725.6812408671326,0.02788775592748814,26022.0,0.7879981525760525,73.0,157.0,375601064.0,2.4759921461193333,43.0,3.636418667359702,255.0,26.283235020784726,115.3684574590731,114.0,12.0,243.0,18.376371703244203,120.14150573533506,0.4227064199757545,375601064.0,0.21240658884256672,1124.1004238675891,28.053397683397687,5.128725868725868,191.33343630397343,8.174511616761123,7.236961846126324,0.2386872586872587,0.9361427334695076,0.23822393822393823,0.7943372767964305,0.18193661394433594,0.1307421758769249,3.4816932753130234,-0.5937480732362939,0.973210489865042,0.880934362934363,0.9980437293499589,0.880965250965251,0.9801509751509752,0.23781853281853282,0.23401544401544402,3.240806550358254,1.8689122762033958,1300.5421571746738,0.20689502977643556,1.9428839739922736,28.20728603245307,28.321349029589562,786.283009863188,1.3736049458150938,0.05020469557850606,5.73728836445057,877.6598790964047,0.13962136161253655,0.24156482975943433,11.184436038491468,0.2465539862038087,6.821778443712556,0.01295076211629599,1300.5421571746738,0.20689502977643556,1.9428839739922736,28.20728603245307,28.321349029589562,786.283009863188,1.3736049458150938,0.05020469557850606,877.6598790964047,0.13962136161253655,0.2465539862038087,6.821778443712556,0.01295076211629599,5.73728836445057,0.24156482975943433,11.184436038491468,3.6492726857929063,12375.938744139574,0.4755952172830518,0.32342225503530797,5527.244254861272,1.8691358888777423,28.162439474290984,6.658058565828914,187.33729152255785,0.32428785672398314,0.04906781136435288,0.2007339943125048,5.637362402753226,0.010029083144883773,17.673132606713004,0.0008268850839775174,12.265408261664227,0.007581884142005528,0.04786167665142738,257.png,/mnt/wangbd8/workspace/DataSets/ThyroidAgent/train_val_test/500_TestData_Malignancy_Cls/images/257.png,/mnt/wangbd8/workspace/DataSets/ThyroidAgent/train_val_test/500_TestData_Malignancy_Cls/masks/257.png
0.81075322256796,148.88875362214014,158.24032355881985,13986.0,120.71203680327714,1614.0428560495743,0.11540417961172418,13997.0,0.2597386817564721,6.0,89.0,38269319.0,2.109404131895729,50.0,2.8315112706577663,177.0,27.22644851345456,41.01743230692291,32.0,0.0,177.0,20.727983344696845,52.28870495759811,0.8002364921903915,38269319.0,0.2739240926452315,1051.6789130897414,6.114192977279434,2.140048686928297,119.44089348253993,14.49555039514396,6.270689751509774,0.1331513720861611,0.9584151544311289,0.13285629979344946,0.5664809559303509,0.11550057569135426,0.23378798848982973,2.7056785821354787,-0.69399020073991,0.971396912072252,0.9336013573325466,0.9979519179031442,0.9336210288187273,0.9852414674928692,0.1325981115373267,0.40756860430805547,2.571312538544308,1.6009602808989842,471.1767857142857,0.2103467793367347,1.7394848134566325,10.470982142857142,222.5700892857143,482.1674107142857,193.57928936113134,0.2521752162546566,5.796292013289479,310.76428571428573,0.138734056122449,0.16003429306279918,183.5243285634566,0.32093283343487794,3.9321849244883853,0.061923295559197324,471.1767857142857,0.2103467793367347,1.7394848134566325,10.470982142857142,222.5700892857143,482.1674107142857,193.57928936113134,0.2521752162546566,310.76428571428573,0.138734056122449,0.32093283343487794,3.9321849244883853,0.061923295559197324,5.796292013289479,0.16003429306279918,183.5243285634566,3.022598112428597,8073.877330856612,0.5768291298747311,0.2950698531226205,3834.1155247553047,1.6684790878932207,6.456312066871472,7.47710223619347,42.32642709151961,4.142930548609622,0.5036096658305627,0.17922888237955756,1.481305517849063,0.07144776878208596,25.338074525155864,0.0026698070326726625,4.281721576368733,0.007701340771999194,0.10846484398279614,258.jpg,/mnt/wangbd8/workspace/DataSets/ThyroidAgent/train_val_test/500_TestData_Malignancy_Cls/images/258.jpg,/mnt/wangbd8/workspace/DataSets/ThyroidAgent/train_val_test/500_TestData_Malignancy_Cls/masks/258.jpg
0.7352168860863195,139.84844671287246,146.75830470538966,11057.0,102.81893951624667,1358.680374315336,0.12287965762099448,11075.0,0.274350833905852,101.0,165.0,199557558.0,2.0866346204762634,34.0,3.421895425480525,254.0,20.16200202803581,131.8161625282167,129.0,68.0,186.0,14.302578991342697,134.23390454228831,0.633802502394228,199557558.0,0.27578561521332595,643.2404250029299,15.088868013151714,3.756411460779709,56.75218857766636,4.756494331580721,4.115312322330402,0.20234852043212775,0.9062693769607615,0.20234852043212775,0.7266003418706476,0.16140359671105653,0.18981984233915725,2.9510536969030055,-0.5698530579691716,0.9512079938941348,0.8988257397839361,0.9975323351166813,0.8988257397839361,0.9797651479567872,0.20234852043212775,0.29816815406294034,2.74870517647088,1.0794152106906325,632.4326625386997,0.24474948240661754,1.3440281165831167,17.316176470588236,33.8719040247678,479.43111455108357,3.1306871652779047,0.0840837283987669,5.4817437597272765,356.39473684210526,0.1379236597686166,0.23331828442437924,15.502187640780607,0.29493354740717187,5.742177806249123,0.023286472983268913,632.4326625386997,0.24474948240661754,1.3440281165831167,17.316176470588236,33.8719040247678,479.43111455108357,3.1306871652779047,0.0840837283987669,356.39473684210526,0.1379236597686166,0.29493354740717187,5.742177806249123,0.023286472983268913,5.4817437597272765,0.23331828442437924,15.502187640780607,3.258967884056823,5287.803250564334,0.47745401810964644,0.3467649852992881,3054.3256884875846,1.1151372307629592,15.50645598194131,6.76469525959368,101.11133182844243,0.6125829110567393,0.08900808931464903,0.20582894406822172,3.4425833960371213,0.01768989132481017,13.283350982772426,0.0017945399966102235,7.500120923107488,0.005982639921248984,0.0777326591928677,259.jpg,/mnt/wangbd8/workspace/DataSets/ThyroidAgent/train_val_test/500_TestData_Malignancy_Cls/images/259.jpg,/mnt/wangbd8/workspace/DataSets/ThyroidAgent/train_val_test/500_TestData_Malignancy_Cls/masks/259.jpg
0.6974235908169869,405.1266722078323,412.8159396147392,89808.5,282.5448984669228,1299.8893936688419,0.014474012968358695,89809.0,0.8172543732188586,91.0,161.0,1549947517.0,2.2379696666430946,34.0,3.773853645982879,232.0,21.933605991866692,128.18734202585486,131.0,21.0,211.0,14.32376934973814,131.37071572909298,-0.6352830259948188,1549947517.0,0.2594588318917025,826.2702955206606,33.14227310807038,5.641541468863445,110.00739273846033,-7.608358178603027,5.426381782844875,0.16524993018709858,0.9408938432758498,0.1652499301870986,0.6467224131783471,0.13794239076025763,0.18747716819064533,3.0191824848283404,-0.6492962874354447,0.9721754749333605,0.9173750349064507,0.9983638620773554,0.9173750349064507,0.9849772790739001,0.1652499301870986,0.3289583915107512,2.8539325546412444,1.3979079282579934,3636.0506698501126,0.24114940110426533,1.4976876267637844,33.29612680726887,62.78478578060751,2072.979241278684,2.4799430856058953,0.03934171534525883,6.125245626372752,1421.2087810054384,0.09425711506867213,0.16788963244218286,27.30734830251134,0.16613217178214218,5.423990843624102,0.007115730298623334,3636.0506698501126,0.24114940110426533,1.4976876267637844,33.29612680726887,62.78478578060751,2072.979241278684,2.4799430856058953,0.03934171534525883,1421.2087810054384,0.09425711506867213,0.16613217178214218,5.423990843624102,0.007115730298623334,6.125245626372752,0.16788963244218286,27.30734830251134,3.2284163457104706,49857.54292999588,0.5551508526984588,0.25403067051350164,23301.738233361913,1.4046789516375884,33.20401073389081,7.352102795933592,243.93108708481333,0.2862979446339553,0.0389939194474842,0.16721907356476273,5.546385477327811,0.006596193859382448,49.31287328319276,0.0002724345407034439,7.299916958822561,0.005106700639241864,0.013168657308167466,260.png,/mnt/wangbd8/workspace/DataSets/ThyroidAgent/train_val_test/500_TestData_Malignancy_Cls/images/260.png,/mnt/wangbd8/workspace/DataSets/ThyroidAgent/train_val_test/500_TestData_Malignancy_Cls/masks/260.png
0.6273391107989951,178.89953666105993,178.39282496782207,15605.0,112.23067625130156,1467.3250352559996,0.09402915958064721,15610.0,0.3017939234064875,32.0,124.0,103610360.0,2.4376092414776664,57.0,2.770497236855811,223.0,30.14951793003795,73.08853299167201,67.0,11.0,212.0,23.136708042943273,81.47045462975197,0.6552467879125782,103610360.0,0.21372931082384888,1295.5013227037487,13.742591135588773,3.4275832677681617,190.46269223239142,15.897075838005536,8.20987823741147,0.23282192499344345,0.9448465726568869,0.23098610018358248,0.7867670667326293,0.17946734651542348,0.14646679253872813,3.386916943501781,-0.6051206867542925,0.9731700801413727,0.8846905323891949,0.9971622885687829,0.8848129207098523,0.9769180792980949,0.22937975347495412,0.28376606346708627,3.147971659471562,2.1106750406012287,720.0111197310576,0.1861937211613803,2.1990900038110994,17.586501163692784,38.69252650633566,356.51538660460307,7.294108888143847,0.12476318920235394,5.649488853218539,618.2505818463926,0.15987860921809996,0.24772581678411273,22.397410297887028,0.3431368597096772,6.7505689307752785,0.03845362733629173,720.0111197310576,0.1861937211613803,2.1990900038110994,17.586501163692784,38.69252650633566,356.51538660460307,7.294108888143847,0.12476318920235394,618.2505818463926,0.15987860921809996,0.3431368597096772,6.7505689307752785,0.03845362733629173,5.649488853218539,0.24772581678411273,22.397410297887028,3.6038190861137687,7217.920435618194,0.46239080305049285,0.3777179414467229,3336.314541960282,2.1194121977854663,14.052210121716849,6.650480461242793,85.46476617552851,1.0330272917379875,0.1475893701591724,0.21895508577122927,3.5541141718271767,0.02919882216571536,22.340880290127558,0.0016098925162119835,7.785574450906653,0.012623091725368275,0.06009856704743097,261.jpg,/mnt/wangbd8/workspace/DataSets/ThyroidAgent/train_val_test/500_TestData_Malignancy_Cls/images/261.jpg,/mnt/wangbd8/workspace/DataSets/ThyroidAgent/train_val_test/500_TestData_Malignancy_Cls/masks/261.jpg
0.585735480707658,198.32473278964179,196.86035659827502,18044.5,116.16583269675864,584.6101730552671,0.032398247280626624,18045.0,0.8145373247112897,101.0,188.0,383731174.0,2.468921296385096,43.0,3.399869950663971,255.0,26.77798300038211,141.78719866999168,138.0,58.0,197.0,18.336232623842506,145.8260452281702,0.6688764710988142,383731174.0,0.2129018238247244,1161.6257602046421,19.361943003736545,4.182477273994757,206.56474771429055,14.689617876377303,7.6596808565030745,0.18437343148736826,0.9529902714289852,0.18437343148736823,0.6895515893251278,0.15037986924894098,0.14703124567436565,3.3199937309513947,-0.6555857061303478,0.9801805076781075,0.9078132842563158,0.9977515435184466,0.9078132842563158,0.9815626568512631,0.18437343148736823,0.25112932909486363,3.1356202994640285,1.9610135719976103,696.1637426900585,0.20355664990937383,1.9967805478608804,19.932748538011698,46.98918128654971,876.8540935672514,3.933916082000268,0.08517771952294022,6.090627359416412,363.15204678362574,0.10618480900106016,0.18952618453865336,19.149672976300398,0.18356662760137835,3.6245565573155023,0.01785091700577072,696.1637426900585,0.20355664990937383,1.9967805478608804,19.932748538011698,46.98918128654971,876.8540935672514,3.933916082000268,0.08517771952294022,363.15204678362574,0.10618480900106016,0.18356662760137835,3.6245565573155023,0.01785091700577072,6.090627359416412,0.18952618453865336,19.149672976300398,3.5146709876052142,9494.883291770573,0.5261780710318966,0.27493941787260856,3841.8134109171515,1.9576055213095613,19.482349681352176,7.144305901911887,138.32878913826545,0.585740938327036,0.08256061602314027,0.17584741849081004,3.4479665034943503,0.01491946616848446,18.06810691782892,0.0014799464184763582,6.280672780708634,0.00979525991659236,0.05142473764826512,262.png,/mnt/wangbd8/workspace/DataSets/ThyroidAgent/train_val_test/500_TestData_Malignancy_Cls/images/262.png,/mnt/wangbd8/workspace/DataSets/ThyroidAgent/train_val_test/500_TestData_Malignancy_Cls/masks/262.png
0.5063755874158079,217.82655267888404,212.47588098417194,18793.5,110.30204856753033,605.5391052434015,0.03222066699887735,18794.0,0.8025397851969184,59.0,131.0,176550929.0,2.2633584833675373,37.0,4.642202964750963,240.0,23.00454886843866,92.22842396509525,88.0,13.0,227.0,15.716234976941971,96.92267509921392,0.8989023042712523,176550929.0,0.2502080407608255,887.9227613024287,19.04414833841708,4.19917589768288,154.7542139521133,12.146772765990246,5.809422017193625,0.16514154224862201,0.9447184583089316,0.16514154224862204,0.6464690822179774,0.13786981327236864,0.1800813896247554,3.048628413397657,-0.6539860953016349,0.9738114498609681,0.9174292288756889,0.9983649352252612,0.9174292288756889,0.9849871325228525,0.16514154224862204,0.30646973832075775,2.8834868711490382,1.4936408898605618,757.2505480739117,0.23715958286060498,1.5588884587321017,19.024115252114,61.062323833385534,1160.5436893203882,4.3903540163818136,0.07839501980862175,6.071534580332707,306.34419041653615,0.09594243357862078,0.16989464722783867,26.417320459755324,0.16485890136212208,3.0684642054560713,0.015203245755301468,757.2505480739117,0.23715958286060498,1.5588884587321017,19.024115252114,61.062323833385534,1160.5436893203882,4.3903540163818136,0.07839501980862175,306.34419041653615,0.09594243357862078,0.16485890136212208,3.0684642054560713,0.015203245755301468,6.071534580332707,0.16989464722783867,26.417320459755324,3.2578179345575315,10377.846653187187,0.5521893504941571,0.2555126937110804,4702.409918058955,1.4907604172780753,19.12503990635309,7.332233691603704,140.37586463765032,0.5348016014030387,0.07387014008353233,0.1678313409717049,3.1974211627824483,0.012872822657624393,14.584683470228018,0.0013465965763889043,7.82673903668798,0.005406172418847452,0.07455188561486874,263.png,/mnt/wangbd8/workspace/DataSets/ThyroidAgent/train_val_test/500_TestData_Malignancy_Cls/images/263.png,/mnt/wangbd8/workspace/DataSets/ThyroidAgent/train_val_test/500_TestData_Malignancy_Cls/masks/263.png
0.6764067901687845,89.81447264932784,98.88377015466189,4139.0,60.751119155433926,946.5727265770338,0.2286959957905373,4169.0,0.24093431470907178,5.0,113.0,18924345.0,2.4606016680466865,63.0,2.293096599796742,169.0,33.39536025333129,54.435835931878145,49.0,0.0,169.0,26.143792252480914,67.37433332921914,0.4970877208916353,18924345.0,0.20007196545612077,1576.0405579543722,8.792063901056428,2.5863179592888432,195.64084204027932,17.996334159998607,8.620029357009264,0.20793609894357126,0.9528915014493272,0.20690543674310746,0.7397235705958501,0.16512623918971522,0.15151049706612485,3.258874998740652,-0.6335524284607305,0.9753429421808568,0.8966503478484927,0.995843611595922,0.896719058661857,0.9741511351598958,0.20600360731770165,0.2826591084771966,3.0472223121662907,2.206991363988209,194.48025711662075,0.17858609468927525,2.2766929669008307,14.892561983471074,34.568411386593205,184.5684113865932,21.31534347807075,0.18527997976049926,5.283909377815269,196.88613406795224,0.18079534808811043,0.2612137203166227,19.912661973268033,0.386386097929401,7.289857428866818,0.03702465772448854,194.48025711662075,0.17858609468927525,2.2766929669008307,14.892561983471074,34.568411386593205,184.5684113865932,21.31534347807075,0.18527997976049926,196.88613406795224,0.18079534808811043,0.386386097929401,7.289857428866818,0.03702465772448854,5.283909377815269,0.2612137203166227,19.912661973268033,3.591378921832975,1871.3909810506116,0.44888246127383347,0.4068488928521928,834.1000239865675,2.43685678500251,9.952266730630846,6.545214679779323,53.781962101223314,2.9252434092690405,0.3772587323887739,0.23175021987686897,3.137589616481437,0.05960607396214884,13.99553660482745,0.00742770503690691,3.510658768480306,0.02075039958445409,0.15062663499989304,264.jpg,/mnt/wangbd8/workspace/DataSets/ThyroidAgent/train_val_test/500_TestData_Malignancy_Cls/images/264.jpg,/mnt/wangbd8/workspace/DataSets/ThyroidAgent/train_val_test/500_TestData_Malignancy_Cls/masks/264.jpg
0.6911116567320443,63.80389168278177,70.26378868236469,2055.5,44.09561328683921,779.0924958366778,0.3790282149533825,2070.0,0.20628832583477438,37.0,116.0,14511833.0,2.2008536580746125,31.0,8.367083327598529,237.0,28.15771056500735,71.81207729468599,60.0,21.0,216.0,14.118063729785538,83.72901135804226,2.2875416105373834,14511833.0,0.2812705080631987,1853.572897617214,13.869565217391306,3.3592391304347826,1015.9978426374216,81.94229380958737,10.997919423440452,0.6576086956521738,0.8871593480908062,0.3032608695652174,0.9541450374098007,0.5656415406427221,0.21483858104914927,3.071172409108069,-0.5798403329079159,0.9584146660989564,0.8817327365728901,0.9939726441201656,0.8891666666666667,0.9748334998335,0.15109827898550726,0.3635869565217391,2.76991775052276,2.9138820297731565,115.93062605752961,0.19616011177246973,5.5015302865028435,23.309644670050762,33.5668358714044,323.1218274111675,5.0803095790707085,0.11557809513791105,5.153071477525968,155.19966159052453,0.2626051803562175,0.2855072463768116,21.299062932137737,0.5220134824063795,15.491240986467295,0.052190704733989075,115.93062605752961,0.19616011177246973,5.5015302865028435,23.309644670050762,33.5668358714044,323.1218274111675,5.0803095790707085,0.11557809513791105,155.19966159052453,0.2626051803562175,0.5220134824063795,15.491240986467295,0.052190704733989075,5.153071477525968,0.2855072463768116,21.299062932137737,3.451921796763666,882.0028985507247,0.42608835678778967,0.5048603234614577,582.2299516908213,3.028110107587108,14.723188405797101,6.4048309178743965,73.93188405797102,0.9286844656139428,0.13705825499371335,0.2698336017176597,5.921014492753623,0.0320778038740794,2.6087301178108326,0.010227752784839209,10.691642752746986,0.015278709077465816,0.664055915304759,265.jpg,/mnt/wangbd8/workspace/DataSets/ThyroidAgent/train_val_test/500_TestData_Malignancy_Cls/images/265.jpg,/mnt/wangbd8/workspace/DataSets/ThyroidAgent/train_val_test/500_TestData_Malignancy_Cls/masks/265.jpg
0.5293476776426114,110.62606694958677,116.21101496846157,4920.5,58.5596516264998,888.3473298326173,0.1805400528061411,4933.0,0.27991537180179854,65.0,138.0,57085920.0,2.3023860418117943,37.0,3.3043774923651164,206.0,22.728228647003846,103.48469491181837,104.0,24.0,182.0,15.348111356354575,107.57440299253953,-0.07293264369617414,57085920.0,0.24048694838013648,863.1700982091716,22.947121535181235,4.642004264392324,104.80962255151373,-1.0509835154436962,5.729147257922996,0.13347547974413645,0.9544656084088231,0.13347547974413645,0.5668932382722689,0.11565977605120908,0.18646450961761404,2.9766300206766276,-0.7045536078812019,0.9801783935685403,0.9332622601279318,0.9983722502470227,0.9332622601279318,0.9866524520255864,0.13347547974413645,0.31002132196162047,2.8431545409324936,1.4656556844167827,193.81472957422324,0.22303190975169535,1.6333656001832721,25.540851553509782,60.40851553509781,1339.4257767548906,3.75630440792436,0.05607008527103464,5.9643182558068775,88.79976985040277,0.10218615632957741,0.17616055138860734,28.184275935860043,0.25880253945222514,7.234878415640414,0.013713757880503018,193.81472957422324,0.22303190975169535,1.6333656001832721,25.540851553509782,60.40851553509781,1339.4257767548906,3.75630440792436,0.05607008527103464,88.79976985040277,0.10218615632957741,0.25880253945222514,7.234878415640414,0.013713757880503018,5.9643182558068775,0.17616055138860734,28.184275935860043,3.3387728307543902,2697.153253598216,0.5467571971616088,0.2967090864328402,1186.3221163592134,1.4692567409161539,23.315832150821002,7.306912629231705,166.77498479627002,0.45164396820136105,0.06074410357801851,0.18098069689393428,4.4287677095299225,0.010629840745372671,2.9444673604077507,0.006842166219006186,4.512713457641609,0.005307386756412104,0.23126923376518932,266.jpg,/mnt/wangbd8/workspace/DataSets/ThyroidAgent/train_val_test/500_TestData_Malignancy_Cls/images/266.jpg,/mnt/wangbd8/workspace/DataSets/ThyroidAgent/train_val_test/500_TestData_Malignancy_Cls/masks/266.jpg
0.5970009417755621,209.5421684811689,206.73654732533385,20425.5,125.09687192495133,611.2964645562822,0.02992810283989534,20426.0,0.8287802557691635,63.0,138.0,221769556.0,2.2621199315092664,37.0,3.0321747012976266,217.0,22.36332676221106,100.28982669147166,99.0,25.0,192.0,15.747997699911464,104.19797999272247,0.2383087017534814,221769556.0,0.24224794698727345,799.1696967583712,13.708341540279694,3.5261473311010443,84.16959259297461,2.866688268641038,5.281980651405426,0.183474492810715,0.9328603060607393,0.18347449281071498,0.6876192347963713,0.14981160329856585,0.16726538983328207,3.1053554202792206,-0.6275194238647164,0.9703364939100789,0.9082627535946425,0.9971773154952197,0.9082627535946425,0.9796139452432538,0.18347449281071498,0.26314752806775654,2.9218809274685085,1.366363786054035,900.025494276795,0.23413774564953044,1.463272356557133,14.250780437044744,48.82258064516129,648.2359521331946,6.3222535138101374,0.13317139854554377,5.916984180309731,415.8735691987513,0.1081877131110175,0.18819152061098599,20.586793640859273,0.18479450407768222,2.670447480512934,0.026169429178630372,900.025494276795,0.23413774564953044,1.463272356557133,14.250780437044744,48.82258064516129,648.2359521331946,6.3222535138101374,0.13317139854554377,415.8735691987513,0.1081877131110175,0.18479450407768222,2.670447480512934,0.026169429178630372,5.916984180309731,0.18819152061098599,20.586793640859273,3.308473843776092,10781.043180260453,0.5278098100587708,0.27349295892908443,4948.1565651620485,1.3656234249073025,13.801380593361403,7.156858905316753,97.94032115930676,0.9317764452340876,0.13072367868538454,0.17523417866118343,2.4454861451091747,0.023283299493464932,28.6618143983198,0.0011478189136685756,5.1293398310787905,0.00876783304237529,0.032956202814687675,267.png,/mnt/wangbd8/workspace/DataSets/ThyroidAgent/train_val_test/500_TestData_Malignancy_Cls/images/267.png,/mnt/wangbd8/workspace/DataSets/ThyroidAgent/train_val_test/500_TestData_Malignancy_Cls/masks/267.png
0.6954284879229486,187.855635461227,187.6406139405859,19127.5,130.64016051660573,590.6101730552671,0.030877541396171326,19128.0,0.8301051611193512,55.0,136.0,167787709.0,2.2363313945129213,42.0,3.7945650205295647,217.0,25.979625614474045,87.78821622751987,78.0,24.0,193.0,17.900678090929087,93.65808864141525,1.1120362034236808,167787709.0,0.26788657245970315,1065.066659553413,17.74898657541458,4.010397473019215,179.52851099350474,19.747338752749236,6.820362516257691,0.15756778099499869,0.9548382473648277,0.15756778099499869,0.6284590329515063,0.1327401753873108,0.20440226820194363,2.969917313672396,-0.6653201554943131,0.9737705985228862,0.9212161095025005,0.9980784416951828,0.9212161095025005,0.9842432219005,0.15756778099499869,0.3670966043695709,2.8123495326774,1.7444825743131722,661.8387715930902,0.21172065629977294,2.1021138622716866,19.895073576455534,69.63147792706334,1063.017274472169,6.162285032206172,0.07977062865204375,6.233973177325958,290.1324376199616,0.09281267998079386,0.16342534504391468,32.18929343761628,0.17425794142598736,3.6336105510801047,0.015202298753128465,661.8387715930902,0.21172065629977294,2.1021138622716866,19.895073576455534,69.63147792706334,1063.017274472169,6.162285032206172,0.07977062865204375,290.1324376199616,0.09281267998079386,0.17425794142598736,3.6336105510801047,0.015202298753128465,6.233973177325958,0.16342534504391468,32.18929343761628,3.1957455677913336,10755.030112923463,0.5622663170704445,0.253269002800653,5124.134358009202,1.7698638033571101,17.97124634044333,7.398996235884567,129.91614387285654,0.6052938442777431,0.0813983736235599,0.16666666666666666,3.11034144244621,0.013604774839905905,18.41304738317503,0.0014136414925949366,5.674764939071193,0.007710615342940151,0.056321831869510675,268.png,/mnt/wangbd8/workspace/DataSets/ThyroidAgent/train_val_test/500_TestData_Malignancy_Cls/images/268.png,/mnt/wangbd8/workspace/DataSets/ThyroidAgent/train_val_test/500_TestData_Malignancy_Cls/masks/268.png
0.8017456706960969,78.42373455541296,88.10221336606703,3769.0,62.87588965962223,803.7615433949902,0.21325591493632004,3792.0,0.2707639103682595,39.0,83.0,13810426.0,1.6325453249248763,18.0,4.391881688460944,130.0,13.179609470971531,57.6334388185654,55.0,15.0,115.0,8.162291626851339,60.348902052174516,0.9874263424614993,13810426.0,0.383114740782282,320.3767088496324,8.390691114245417,2.8165021156558536,14.142452015699035,1.5938131092955445,1.9282196064701072,0.09619181946403384,0.9049681124777811,0.09619181946403385,0.4568063744019837,0.08693895333223256,0.3457430457884823,2.0243791516221576,-0.6631861529915908,0.9304940669071873,0.9519040902679831,0.9974002210955666,0.9519040902679831,0.986258311505138,0.09619181946403385,0.500423131170663,1.928187332158125,0.5061028564835353,149.0,0.2534013605442177,1.1685640242491553,11.003401360544217,110.04761904761905,862.0561224489796,16.862408352229778,0.162833522297808,5.588180909333367,76.00340136054422,0.12925748530704798,0.1550632911392405,68.45828127169236,0.3445091067617952,4.559312096687834,0.058953348494865256,149.0,0.2534013605442177,1.1685640242491553,11.003401360544217,110.04761904761905,862.0561224489796,16.862408352229778,0.162833522297808,76.00340136054422,0.12925748530704798,0.3445091067617952,4.559312096687834,0.058953348494865256,5.588180909333367,0.1550632911392405,68.45828127169236,2.5484097865816717,2238.14082278481,0.5902270102280618,0.30308310633979596,1452.7710970464136,0.6043819071685449,8.768723628691983,7.538502109704641,63.057225738396625,1.163299783169245,0.1556191397093296,0.1814199484294421,1.8152103844350682,0.028956099097515238,6.2709681715275005,0.00805288742309726,1.5085744588138432,0.003777386919803405,0.1327956702095462,269.jpg,/mnt/wangbd8/workspace/DataSets/ThyroidAgent/train_val_test/500_TestData_Malignancy_Cls/images/269.jpg,/mnt/wangbd8/workspace/DataSets/ThyroidAgent/train_val_test/500_TestData_Malignancy_Cls/masks/269.jpg
0.43572198861572076,378.84191056498776,388.4765115164622,47766.5,165.0697506423555,1065.8061325481606,0.02231283708348237,47767.0,0.7269230286806064,87.0,166.0,812181688.0,2.3491641472579556,41.0,2.7474384207782574,232.0,24.27797621831614,126.86415307639164,128.0,28.0,204.0,17.34774223427449,130.3955028629152,0.07477881255442587,812181688.0,0.22488850525761303,908.473831082394,22.479278749159384,4.585984784801615,98.01086287412105,0.9893288778887455,5.964184873317436,0.17209566240753194,0.9439088022766873,0.17209566240753194,0.6624763876330311,0.14247874538804475,0.1589758729308598,3.160433990071261,-0.6543421360256579,0.9765989615902297,0.913952168796234,0.9979012724096642,0.913952168796234,0.9827904337592468,0.17209566240753194,0.2633658372562206,2.9883383276637314,1.5340701339312415,1816.7212135690397,0.21699966717260388,1.6486197022404672,22.7809364548495,56.79562828475872,1236.7360248447205,3.6429522919360893,0.0655200720132508,6.135183278006734,833.8392259913999,0.09959856975530339,0.17526744405133252,24.242142930762085,0.1681198718748376,3.7346234199167028,0.012432111589783705,1816.7212135690397,0.21699966717260388,1.6486197022404672,22.7809364548495,56.79562828475872,1236.7360248447205,3.6429522919360893,0.0655200720132508,833.8392259913999,0.09959856975530339,0.1681198718748376,3.7346234199167028,0.012432111589783705,6.135183278006734,0.17526744405133252,24.242142930762085,3.3578667601517354,26012.26715096196,0.5445656447120808,0.25969066162013477,10742.2492306404,1.5351608557612717,22.567044193690204,7.279356040781293,163.8719618146419,0.458465225703132,0.06341687472591442,0.16958360374316997,3.829254506249084,0.011014962513088528,38.33209307306163,0.0005583236572681016,5.966416609531589,0.007253486224253106,0.018549813115266253,270.png,/mnt/wangbd8/workspace/DataSets/ThyroidAgent/train_val_test/500_TestData_Malignancy_Cls/images/270.png,/mnt/wangbd8/workspace/DataSets/ThyroidAgent/train_val_test/500_TestData_Malignancy_Cls/masks/270.png
0.9325124954655402,118.37682889253043,123.06502346320826,10181.5,110.3878721158708,429.3969696196704,0.042174234603906145,10182.0,0.8330131162037866,73.0,151.0,129787046.0,2.2957044421370423,44.0,3.0195282032426993,228.0,24.83158042001319,108.74111176586132,104.0,49.0,179.0,18.4355640192578,112.9013480785645,0.6268731607813256,129787046.0,0.2327245198090105,922.0850098816353,16.238748137108793,3.8458022851465476,108.0511589409571,8.909137437841967,5.983382075130629,0.189170392449081,0.9387059426573798,0.18917039244908096,0.6997327556853856,0.15338495506974165,0.16140389011415862,3.1410477347946424,-0.6267792510067804,0.9711590501958622,0.9054148037754595,0.9976930439945234,0.9054148037754595,0.9810829607550919,0.18917039244908096,0.2800794833581719,2.951877342345564,1.5431381168949272,430.8673923800099,0.21319514714498264,1.7159812077099412,17.72389905987135,41.48045522018803,631.9292429490351,3.981256701101648,0.08935319116834337,5.861118328401448,223.33052944087086,0.11050496261299894,0.19848752700844627,16.098004108762986,0.1876681612771521,3.7841763407456153,0.015530398172370794,430.8673923800099,0.21319514714498264,1.7159812077099412,17.72389905987135,41.48045522018803,631.9292429490351,3.981256701101648,0.08935319116834337,223.33052944087086,0.11050496261299894,0.1876681612771521,3.7841763407456153,0.015530398172370794,5.861118328401448,0.19848752700844627,16.098004108762986,3.3578730766441267,5252.287762718523,0.5158404795441488,0.2816172492303791,2369.6010606953446,1.5587976397817433,16.47544686702023,7.0573561186407385,114.00245531329797,0.6599678004281513,0.09266333170598459,0.17915057072393548,3.0837862022305154,0.016246904613311602,11.395893862716717,0.0023599320528697094,7.0020224177344295,0.00806930127645152,0.09030863579299438,271.png,/mnt/wangbd8/workspace/DataSets/ThyroidAgent/train_val_test/500_TestData_Malignancy_Cls/images/271.png,/mnt/wangbd8/workspace/DataSets/ThyroidAgent/train_val_test/500_TestData_Malignancy_Cls/masks/271.png
0.7165364454221295,195.28190411353242,195.6016359849784,21131.5,139.92660142877565,620.8528137423864,0.0293804421712792,21132.0,0.8300064004414189,60.0,139.0,218706298.0,2.331996466315322,39.0,3.099499669882817,210.0,24.0622706362563,97.0842324436873,94.0,18.0,192.0,16.847443314293788,101.73264678332512,0.5044240425259449,218706298.0,0.2323594435689546,924.1832323608857,20.7312693498452,4.390045248868779,111.85858144155738,7.1226323623458745,6.021037286404111,0.1859490354846392,0.9400839551300781,0.18575851393188855,0.6934891056403784,0.15144280998645554,0.16043558154475024,3.184224375963322,-0.6339542145936855,0.973625040137283,0.9071397951893306,0.9977324928426285,0.9071524966261807,0.981425880620927,0.18559180757323174,0.28373422243391283,2.997255585027405,1.5517465804721873,888.584634448575,0.2202192402598699,1.6735033144004827,21.52069392812887,46.953159851301116,956.124907063197,3.1283205856462555,0.06780553120325647,5.987884717956797,436.49591078066913,0.10817742522445332,0.19094264622373652,19.525160791033844,0.19063259757921233,4.301153907456121,0.012701676713317964,888.584634448575,0.2202192402598699,1.6735033144004827,21.52069392812887,46.953159851301116,956.124907063197,3.1283205856462555,0.06780553120325647,436.49591078066913,0.10817742522445332,0.19063259757921233,4.301153907456121,0.012701676713317964,5.987884717956797,0.19094264622373652,19.525160791033844,3.3868654894932293,11082.504258943782,0.5244418066886136,0.2775026353373506,4910.219761499148,1.5534828821219453,20.86986560666288,7.132027257240204,147.7001703577513,0.4824356914884242,0.06768797392091139,0.17681714934696197,3.7547453046459296,0.011946421963133263,19.85051140060879,0.0011622866686676126,6.382678820286573,0.007762799409513973,0.040655071823392584,272.png,/mnt/wangbd8/workspace/DataSets/ThyroidAgent/train_val_test/500_TestData_Malignancy_Cls/images/272.png,/mnt/wangbd8/workspace/DataSets/ThyroidAgent/train_val_test/500_TestData_Malignancy_Cls/masks/272.png
0.8330183378713222,155.68183105506776,168.86681142249356,15672.0,129.68582014225655,1624.0012254892292,0.10362437630737807,15680.0,0.27326297418777984,38.0,86.0,66811689.0,1.7369410108358139,24.0,18.801332499338486,235.0,15.784651089389838,60.97684948979592,58.0,13.0,222.0,10.299809811613184,65.275949273614,2.77722199344966,66811689.0,0.3597766474255518,542.7733798702038,9.319059503480887,2.9184618415867596,178.40590077602664,14.212169121603944,3.3633312429607147,0.1567713122290818,0.9109279858918032,0.11092867463549191,0.505884432546007,0.14446614137269498,0.31040589010594943,2.2370723209221044,-0.6897230067894758,0.9513791531293837,0.9489530292610937,0.9985046235602142,0.9500645825123692,0.9902312101839227,0.08958451917042484,0.45671877052410353,2.119390497340415,0.8800256387974492,527.0906722251173,0.2746694487884926,2.378077647593618,14.702970297029703,161.37675872850443,1303.0833767587285,25.17191304875356,0.126983266600022,6.184743481953346,179.75768629494527,0.093672582748799,0.12238520408163266,94.61278659063623,0.283713200393073,6.581669944608368,0.026337195636360774,527.0906722251173,0.2746694487884926,2.378077647593618,14.702970297029703,161.37675872850443,1303.0833767587285,25.17191304875356,0.126983266600022,179.75768629494527,0.093672582748799,0.283713200393073,6.581669944608368,0.026337195636360774,6.184743481953346,0.12238520408163266,94.61278659063623,2.551374848279033,10202.095535714287,0.6506438479409621,0.24263846769575176,5641.2978316326535,0.9408081552933674,9.651211734693877,7.833928571428571,70.28794642857143,1.2032830195635276,0.1504009607923621,0.1627621882086168,2.006483843537415,0.022581297212775783,11.788244642829984,0.002022932285502574,5.57218643560705,0.0021253517567143246,0.19681906639694777,273.jpg,/mnt/wangbd8/workspace/DataSets/ThyroidAgent/train_val_test/500_TestData_Malignancy_Cls/images/273.jpg,/mnt/wangbd8/workspace/DataSets/ThyroidAgent/train_val_test/500_TestData_Malignancy_Cls/masks/273.jpg
0.12658126173373183,395.5879814900282,289.66359798911566,5209.5,50.07402582370793,1152.1118318204256,0.22115593278057885,5231.0,0.22207942099315914,25.0,89.0,18491573.0,2.0428180483572183,37.0,3.1966526447543293,155.0,20.670146404895213,53.73179124450392,48.0,7.0,148.0,14.945507868311296,59.45584669301716,0.8227416673280962,18491573.0,0.29034090512492233,647.8923156406115,7.803261977573904,2.6064220183486237,56.198932725093904,6.058805573208525,4.122689261098484,0.08338430173292558,0.9603505262153361,0.08338430173292559,0.4139931474702175,0.07643135995743801,0.26177775283911137,2.467080077096814,-0.761602071448109,0.9756532566437834,0.9583078491335372,0.9983323139653414,0.9583078491335372,0.9895769622833842,0.08338430173292559,0.4248725790010194,2.3836957753638903,1.0515183907078527,171.91972789115647,0.23390439168864824,1.3873922902494331,11.68843537414966,133.31836734693877,813.8013605442177,35.40868665062396,0.17517213506717877,5.907717960418191,76.18095238095238,0.10364755425979916,0.14050850697763334,82.66658151696052,0.2852115707520852,4.234894521780879,0.0349411048345278,171.91972789115647,0.23390439168864824,1.3873922902494331,11.68843537414966,133.31836734693877,813.8013605442177,35.40868665062396,0.17517213506717877,76.18095238095238,0.10364755425979916,0.2852115707520852,4.234894521780879,0.0349411048345278,5.907717960418191,0.14050850697763334,82.66658151696052,2.930601350398464,3200.9040336455746,0.6119105397907808,0.26551424000874746,1518.7732747084688,1.1293766873155677,8.29019307971707,7.658382718409482,59.142802523418084,1.9082444802938696,0.23853904813056304,0.1695341872172306,1.668928821767667,0.035640575842053296,5.991362043064598,0.009108353009186707,1.8740323251497728,0.00438998138827819,0.22565349696481565,274.jpg,/mnt/wangbd8/workspace/DataSets/ThyroidAgent/train_val_test/500_TestData_Malignancy_Cls/images/274.jpg,/mnt/wangbd8/workspace/DataSets/ThyroidAgent/train_val_test/500_TestData_Malignancy_Cls/masks/274.jpg
0.5646333906945785,80.49316999970671,85.44003745317531,2763.0,45.44913150468953,746.5067093990509,0.27017977176947194,2784.0,0.24960981538497684,31.30000000000001,130.70000000000027,20470216.0,2.556223180873433,54.0,5.46487961872202,247.0,34.29999009116131,73.13864942528735,60.0,9.0,238.0,22.758356077686802,85.74851293908465,1.5172365661983667,20470216.0,0.21870948730017178,2003.5454315092816,14.060805577072038,3.3642525174283495,807.4594668670304,64.64337044780424,12.138141761980847,1.167699457784663,0.824483181709688,0.5069713400464756,1.360132540871421,0.910679518156144,0.13420587082951088,3.986733716849991,-0.4124889837962934,0.9349000725551935,0.8047162427875054,0.9895551995133979,0.8174947438309172,0.9582539845901582,0.24370158791634394,0.296281951975213,3.272894926311426,3.3264603049413775,168.27395934172313,0.1628983149484251,4.083192685895928,20.021297192642788,18.511132623426914,187.51984511132625,3.6157122928677405,0.14461970198247454,5.042981798907928,360.1577928363988,0.34865226799264165,0.37104885057471265,11.247768461674704,0.6123281952978725,14.075661857213628,0.08550419620429414,168.27395934172313,0.1628983149484251,4.083192685895928,20.021297192642788,18.511132623426914,187.51984511132625,3.6157122928677405,0.14461970198247454,360.1577928363988,0.34865226799264165,0.6123281952978725,14.075661857213628,0.08550419620429414,5.042981798907928,0.37104885057471265,11.247768461674704,3.957708122537233,1020.6063218390805,0.36659709836173865,0.6023082433280487,608.8872126436781,3.291220252840534,15.186781609195402,5.700431034482759,72.10272988505747,1.013401634250843,0.1658525474931618,0.3397389846743295,6.718091475095786,0.05085396855098497,6.725269989352533,0.005247186987579395,17.303018430121572,0.029265799502429395,0.282726118987185,275.jpg,/mnt/wangbd8/workspace/DataSets/ThyroidAgent/train_val_test/500_TestData_Malignancy_Cls/images/275.jpg,/mnt/wangbd8/workspace/DataSets/ThyroidAgent/train_val_test/500_TestData_Malignancy_Cls/masks/275.jpg
0.8268896537659443,110.12467173583116,114.12712210513327,7815.5,91.06095168272968,383.63961030678973,0.04908702070331901,7816.0,0.8168830308807057,117.0,206.0,214208476.0,2.5288186956455765,49.0,2.5334970295523007,254.0,28.04539752066202,161.96059365404298,163.0,59.0,195.0,20.50171815137021,165.5488050628205,0.019272325485618448,214208476.0,0.19479734900668288,1175.1729609577085,26.67011910926981,4.980903676851373,150.54758065130142,0.6410020910751376,7.690022419645561,0.24715173485240807,0.9377229905652636,0.24689280165717242,0.8077051548314382,0.18619567934228015,0.11644290154289855,3.5587616228381314,-0.5938286792507698,0.9749348866016104,0.8765794924909373,0.9969861773510353,0.876596754703953,0.9753130737724212,0.24666623511134125,0.20015535991714137,3.3104837468994366,1.9842935386244922,395.4424424424424,0.1979191403615828,1.971967963959956,26.99199199199199,25.983983983983983,694.0725725725725,1.39432619450201,0.05669295208536831,5.633979312952846,299.94094094094095,0.150120591061532,0.25562947799385877,10.680929177425675,0.27385151057732293,7.416904357416274,0.015490695185616767,395.4424424424424,0.1979191403615828,1.971967963959956,26.99199199199199,25.983983983983983,694.0725725725725,1.39432619450201,0.05669295208536831,299.94094094094095,0.150120591061532,0.27385151057732293,7.416904357416274,0.015490695185616767,5.633979312952846,0.25562947799385877,10.680929177425675,3.736213995960754,3627.7438587512793,0.46414327773173997,0.34071253990187833,1522.5360798362333,1.9785414946795747,26.882676560900716,6.534544524053224,175.41542988741045,0.3602609219782059,0.0555642664124769,0.20987575344023657,5.658592061867395,0.011759766729905186,7.634383725119337,0.002881510772853927,7.648798778371099,0.012562067767844666,0.08710629963552988,276.png,/mnt/wangbd8/workspace/DataSets/ThyroidAgent/train_val_test/500_TestData_Malignancy_Cls/images/276.png,/mnt/wangbd8/workspace/DataSets/ThyroidAgent/train_val_test/500_TestData_Malignancy_Cls/masks/276.png
0.9653612671702593,123.12441314781483,128.57682528356344,11457.5,118.85953949596906,460.36753236814764,0.040180452312297416,11458.0,0.8242238509448664,77.0,173.0,186726147.0,2.60842121111169,57.0,3.6948581616909277,255.0,32.65088839335238,121.10883225693838,112.0,49.0,206.0,23.58348735252144,127.65803611201396,0.923429471937221,186726147.0,0.19407720398382267,1629.224933337022,21.503793225123502,4.345800988002823,449.41616046764926,34.12079443909081,10.668652126686286,0.19742413549753,0.9636622952510269,0.19742413549753002,0.7167463551568465,0.15844784622058292,0.1325443973745561,3.48384040302907,-0.6614188481051767,0.9838836707404759,0.901287932251235,0.9980453055891334,0.901287932251235,0.9820523513184063,0.19742413549753002,0.25,3.2864162675315423,2.716519065545954,424.96949152542373,0.18007181844297615,2.572406636024131,22.209322033898307,40.445762711864404,867.5648305084745,3.2512331423270813,0.07794516513840313,6.048698880555101,280.36101694915254,0.11879704108014938,0.20596962820736603,16.87391482332663,0.2010661760744098,4.595127670505756,0.01597310041138272,424.96949152542373,0.18007181844297615,2.572406636024131,22.209322033898307,40.445762711864404,867.5648305084745,3.2512331423270813,0.07794516513840313,280.36101694915254,0.11879704108014938,0.2010661760744098,4.595127670505756,0.01597310041138272,6.048698880555101,0.20596962820736603,16.87391482332663,3.685156663265641,5817.919008552976,0.5077604301407729,0.28902484811681484,2223.73660324664,2.722933775211149,21.758509338453482,6.987083260603945,151.1755105603072,0.5504759916522934,0.0785747637471298,0.1826186458757588,4.022381257151723,0.014365382063670374,10.511299147618079,0.002464593515761579,8.486219379784814,0.011538973834557825,0.11227234037114156,277.png,/mnt/wangbd8/workspace/DataSets/ThyroidAgent/train_val_test/500_TestData_Malignancy_Cls/images/277.png,/mnt/wangbd8/workspace/DataSets/ThyroidAgent/train_val_test/500_TestData_Malignancy_Cls/masks/277.png
0.5459684722670226,229.34461734502497,228.72035327010144,22417.5,125.21493035452816,667.338095116625,0.02976862250994201,22418.0,0.7953395951518359,42.0,118.0,157370787.0,2.3213549853260784,41.0,5.806616718722268,255.0,25.305584083995182,77.2476135248461,72.0,12.0,243.0,17.73221599382716,83.78448913220949,1.1965487159509165,157370787.0,0.23601949817911144,1052.6468238613427,14.668894670733893,3.606495603804055,268.296033682655,20.69987984600153,6.813597602111821,0.1652610802081464,0.9526395109197972,0.16526108020814645,0.646748466722725,0.13794985557658304,0.17033649612958895,3.102881233666535,-0.662380990029171,0.9765861584895883,0.9173694598959268,0.9986454009819005,0.9173694598959268,0.9862282433159878,0.16526108020814645,0.2921675937556074,2.9376201534583917,1.7447146705799919,842.7370078740157,0.22119081571496477,1.9497319527972388,15.65721784776903,65.7490813648294,867.4774278215223,8.104837647942242,0.11691112448856295,6.155778057207715,374.93018372703415,0.09840687236930029,0.16995271656704433,31.127748913275603,0.17355947070150854,2.6948486791947324,0.024624057233928524,842.7370078740157,0.22119081571496477,1.9497319527972388,15.65721784776903,65.7490813648294,867.4774278215223,8.104837647942242,0.11691112448856295,374.93018372703415,0.09840687236930029,0.17355947070150854,2.6948486791947324,0.024624057233928524,6.155778057207715,0.16995271656704433,31.127748913275603,3.3147702887936052,12380.687215630298,0.5522654659483583,0.25764656077786796,5291.0851101793205,1.7543934186140029,14.76460879650281,7.333749665447408,106.76184316174502,0.830515726153191,0.11376227554500952,0.1684881196657448,2.529467887907535,0.019793899871052744,17.29606070947663,0.0012019976387915058,10.637738246654827,0.0051963477114804965,0.10530721333008007,278.png,/mnt/wangbd8/workspace/DataSets/ThyroidAgent/train_val_test/500_TestData_Malignancy_Cls/images/278.png,/mnt/wangbd8/workspace/DataSets/ThyroidAgent/train_val_test/500_TestData_Malignancy_Cls/masks/278.png
0.6729168964279837,495.98034718902153,512.0009765615687,129337.5,333.75355591971015,3397.620633260602,0.02626941631978817,129260.0,0.3752254418305412,46.0,118.0,1008586959.0,2.2490478438433654,37.0,6.038215616506512,255.0,23.12238178192776,82.75656042085718,80.0,19.0,236.0,15.317241852937226,88.33332910510424,1.0099646974203784,1008586959.0,0.24847142791580315,954.1287380996681,16.122158272260688,3.8303530401327115,200.05125460733902,14.580972798857529,5.9287662706622575,0.12655082983512334,0.9582017497234858,0.08208007850528433,0.4066316276066521,0.11981369054768969,0.21806320274893018,2.68993002645312,-0.7987588369020424,0.9859255477461917,0.9621583405702787,0.999054841731967,0.9626631524475354,0.9933849206129647,0.06959251085427363,0.3088263927289153,2.5901334653887966,1.513829275124345,2098.078339208774,0.20545224629933156,2.658823847093402,21.01801801801802,391.11946729338035,5481.452311006658,40.49655006479422,0.08697647328318363,7.396186204192259,553.855464159812,0.05423574854678927,0.07900355871886121,230.90316991492085,0.18616102032362167,5.280435527655116,0.01901999455541492,2098.078339208774,0.20545224629933156,2.658823847093402,21.01801801801802,391.11946729338035,5481.452311006658,40.49655006479422,0.08697647328318363,553.855464159812,0.05423574854678927,0.18616102032362167,5.280435527655116,0.01901999455541492,7.396186204192259,0.07900355871886121,230.90316991492085,2.8870390573420743,96542.69644128114,0.7468876407340332,0.15617254087460897,32117.41677239672,1.545521229355192,16.268706483057404,8.233096085409253,130.48472071793284,0.7705355016661062,0.09297212864328863,0.14012455516014236,2.474016624546564,0.01300312241436785,41.30899321409687,0.000448613502029826,4.631066932431971,0.0022040520140966923,0.03520464985603118,279.jpg,/mnt/wangbd8/workspace/DataSets/ThyroidAgent/train_val_test/500_TestData_Malignancy_Cls/images/279.jpg,/mnt/wangbd8/workspace/DataSets/ThyroidAgent/train_val_test/500_TestData_Malignancy_Cls/masks/279.jpg
0.7822067876382465,109.14827629165914,120.70211265756701,7180.5,85.37652257435047,1273.2489168102609,0.177320370003518,7212.0,0.2359222817523624,23.0,81.0,19228960.0,1.842533497561008,28.0,3.2652416608189063,131.0,17.88065063188886,46.51358846367166,40.0,5.0,126.0,12.322176223738744,51.63569644129205,0.893943431936512,19228960.0,0.34373243706412765,502.73123520945103,6.070884592852958,2.3101933216168717,31.748670077846484,4.021586968329807,3.027246950682757,0.0916813122437024,0.9412097332705698,0.0916813122437024,0.44205705896222725,0.08327584922897516,0.31186308470342844,2.272088371179033,-0.7168066754253711,0.9596924871689441,0.9541593438781488,0.9975221266961162,0.9541593438781488,0.9869026696794712,0.0916813122437024,0.5042472173403633,2.180407058935332,0.7797320657316147,240.9089108910891,0.2385236741495932,1.277236545436722,9.86039603960396,146.56237623762377,665.3237623762376,50.09945242024202,0.22225247524752476,5.874148737449807,109.86138613861387,0.10877364964219194,0.14004437049362173,95.57429271640034,0.29191747099597576,3.7264348575833512,0.045772594799608136,240.9089108910891,0.2385236741495932,1.277236545436722,9.86039603960396,146.56237623762377,665.3237623762376,50.09945242024202,0.22225247524752476,109.86138613861387,0.10877364964219194,0.29191747099597576,3.7264348575833512,0.045772594799608136,5.874148737449807,0.14004437049362173,95.57429271640034,2.7043555575684475,4421.749029395452,0.6131099597054148,0.2656989383258137,2478.998336106489,0.8752371140537633,6.5425679423183585,7.663616195230172,45.91916250693289,2.3354723223639606,0.2930610633512048,0.16958618352129168,1.3687218832809516,0.04401165239004951,13.305031291335158,0.0053506266695205335,1.4730042540865913,0.005210322623873392,0.0940048159899133,280.jpg,/mnt/wangbd8/workspace/DataSets/ThyroidAgent/train_val_test/500_TestData_Malignancy_Cls/images/280.jpg,/mnt/wangbd8/workspace/DataSets/ThyroidAgent/train_val_test/500_TestData_Malignancy_Cls/masks/280.jpg
0.6561747158600325,131.82154995226068,132.21951444472938,8936.5,86.49796808415374,407.49747468305867,0.04559922505265581,8937.0,0.8223633370049509,54.0,147.0,97365749.0,2.554481170656368,57.0,2.846143721689048,222.0,31.209243489251893,97.3356831151393,92.0,26.0,196.0,23.19377426880468,104.37758049854705,0.626493092012785,97365749.0,0.19505422620108942,1420.4441032398545,13.730682331676459,3.3911545413465882,243.16288514944816,17.215316951401064,9.06930745620761,0.14629462268413918,0.9682506641602445,0.14629462268413918,0.6004893849115329,0.12489250605784454,0.14793437430383538,3.271797652139559,-0.7155656521014033,0.9868591435396088,0.9268526886579305,0.9977493134971671,0.9268526886579305,0.9837450419239846,0.14629462268413918,0.24638499774062358,3.1255030294554227,2.303900519722937,241.35652173913044,0.17489603024574668,2.5431127914303717,15.440579710144927,75.73260869565217,962.0739130434782,13.125773495267671,0.1785302497206612,6.473153649483528,120.95942028985507,0.08765175383322832,0.1544142329640819,33.79290642722117,0.1510530797890865,2.848203195900882,0.02129199573020247,241.35652173913044,0.17489603024574668,2.5431127914303717,15.440579710144927,75.73260869565217,962.0739130434782,13.125773495267671,0.1785302497206612,120.95942028985507,0.08765175383322832,0.1510530797890865,2.848203195900882,0.02129199573020247,6.473153649483528,0.1544142329640819,33.79290642722117,3.4937124787350364,5146.622020812353,0.5758780374636179,0.23851778382435584,1743.1996195591362,2.3232744712846953,13.93980082801835,7.480922009622916,102.14277721830592,1.3345453374554104,0.1786057234986046,0.16166250170949736,2.372191762087701,0.028349121339508412,11.901319290465633,0.004162556276251771,3.867709542535325,0.012106770850538063,0.10754696646120664,281.png,/mnt/wangbd8/workspace/DataSets/ThyroidAgent/train_val_test/500_TestData_Malignancy_Cls/images/281.png,/mnt/wangbd8/workspace/DataSets/ThyroidAgent/train_val_test/500_TestData_Malignancy_Cls/masks/281.png
0.5969513597217178,437.31384340085765,442.2273171119125,87672.5,261.0550934432723,1322.3330444827393,0.015082643297302339,87673.0,0.7937720022253045,46.0,137.0,782235848.0,2.517210901062806,51.0,3.4029018421393196,254.0,28.956283815557967,87.37417448929546,82.0,8.0,246.0,21.025972182795474,94.45738617599224,0.7080700252314027,782235848.0,0.20276632449730847,1287.9514355146814,18.119299851275596,4.010078938336575,236.57692337621788,16.456328541037962,8.319259602119917,0.16499256377988786,0.9611061622041287,0.16496968310261984,0.6462149440528974,0.13777756743690908,0.14564012234997825,3.3067988072789296,-0.6859485391786804,0.9840373011230872,0.9175174465164169,0.9986476109384641,0.9175189718949014,0.9862526730791231,0.16494966251001028,0.24546390573160964,3.1416691261823084,2.1210630414749514,2846.1472551423512,0.19385283034616205,2.2660347048477996,18.69718022067838,64.21897561640104,1117.3905462471052,6.195596225642839,0.09999073796335724,6.403729559000861,1378.70058575126,0.0939041401546969,0.1674631870701356,28.560621334485155,0.17032029386524464,3.1502933254666963,0.01964027617189026,2846.1472551423512,0.19385283034616205,2.2660347048477996,18.69718022067838,64.21897561640104,1117.3905462471052,6.195596225642839,0.09999073796335724,1378.70058575126,0.0939041401546969,0.17032029386524464,3.1502933254666963,0.01964027617189026,6.403729559000861,0.1674631870701356,28.560621334485155,3.5098787837607017,48739.53300331915,0.55592409297411,0.25521223124274384,17777.131967652527,2.1246543515073344,18.215117539037102,7.357829662495865,133.2121405677917,0.7062197030040405,0.0966179718528446,0.16754746488529978,3.0730029642978898,0.01664115349569005,57.365440133171354,0.00035433325466760295,9.942197313970262,0.0062873622891745275,0.02479074308463211,282.png,/mnt/wangbd8/workspace/DataSets/ThyroidAgent/train_val_test/500_TestData_Malignancy_Cls/images/282.png,/mnt/wangbd8/workspace/DataSets/ThyroidAgent/train_val_test/500_TestData_Malignancy_Cls/masks/282.png
0.6624104386818367,130.31241535593654,136.48443134658254,8396.0,86.32030422161564,1378.5382386916044,0.16418988073982901,8420.0,0.23562552198237624,41.0,109.0,50207489.0,2.1868672580826307,32.0,3.4474892130267403,171.0,20.48453261378575,72.43004750593825,71.0,0.0,171.0,13.611675801017071,77.21971690789158,0.35637263805219993,50207489.0,0.2644328061791572,716.7728976224462,12.554584061953534,3.373782163377467,78.97073680172949,3.743731075236397,4.835976455704688,0.14726455158631027,0.940896074915563,0.14726455158631024,0.6029522959691911,0.12557770343239322,0.20369572464668487,2.8956656717636418,-0.6682404211224189,0.9722665103324272,0.9263677242068448,0.9970547089682736,0.9263677242068448,0.9815919310517112,0.14726455158631024,0.3476142892830377,2.7484011201773333,1.2458102518227492,379.21092278719397,0.238048288002005,1.3870767785458116,15.32391713747646,55.32454488386692,615.5612052730697,8.04069322560579,0.11496749170477982,5.748642883982071,177.68173258003768,0.11153906627748755,0.18919239904988122,27.386717390781786,0.2562767115928399,4.606330279066911,0.021599487587120714,379.21092278719397,0.238048288002005,1.3870767785458116,15.32391713747646,55.32454488386692,615.5612052730697,8.04069322560579,0.11496749170477982,177.68173258003768,0.11153906627748755,0.2562767115928399,4.606330279066911,0.021599487587120714,5.748642883982071,0.18919239904988122,27.386717390781786,3.2383835340134004,4440.607125890736,0.5273880197019877,0.3040933531180709,2226.524228028504,1.257672589863519,12.917220902612826,7.176959619952494,88.54477434679335,1.037147112209888,0.13881090401322843,0.1847123251517551,2.6321324887833204,0.023102761701583947,12.580954145014616,0.0033963219285622803,2.799067739218635,0.008485484672023405,0.06572086179674388,283.jpg,/mnt/wangbd8/workspace/DataSets/ThyroidAgent/train_val_test/500_TestData_Malignancy_Cls/images/283.jpg,/mnt/wangbd8/workspace/DataSets/ThyroidAgent/train_val_test/500_TestData_Malignancy_Cls/masks/283.jpg
0.5433326028000051,513.4323641311533,500.9770453823209,110275.5,278.96454276513947,1462.190908859008,0.013259435766412376,110276.0,0.8050824701867203,80.0,178.0,2029469570.0,2.688210950172707,60.0,2.616088704859823,255.0,32.13617031122255,129.95618266893976,132.0,16.0,239.0,23.85215335011456,135.65967415074087,-0.037123611252505094,2029469570.0,0.1751597669405753,1514.9377768023533,35.04794327530566,5.712153993000318,255.59398344199536,-0.8296480342151402,9.840889054546926,0.1639289123221672,0.9672300060101007,0.1639289123221671,0.6436264525621267,0.13705622402703838,0.1254631353648364,3.4802150092297275,-0.7053686435793065,0.9886642403985628,0.9180355438389163,0.9986563203908018,0.9180355438389163,0.986339257306486,0.1639289123221671,0.18511885823371665,3.3162860969075636,2.5012044917172727,3146.463505244755,0.1719003226204521,2.5619607839883285,34.49273382867133,64.31993006993007,2286.923076923077,2.6402947871142777,0.04364661112830778,6.552152846713256,1696.8286713286714,0.09270261534793878,0.16598353222822737,28.022991602202428,0.1651992263831724,5.4733125385331975,0.007993205518538665,3146.463505244755,0.1719003226204521,2.5619607839883285,34.49273382867133,64.31993006993007,2286.923076923077,2.6402947871142777,0.04364661112830778,1696.8286713286714,0.09270261534793878,0.1651992263831724,5.4733125385331975,0.007993205518538665,6.552152846713256,0.16598353222822737,28.022991602202428,3.6760237460050895,61538.027349559285,0.5580364480898771,0.2527417543652119,19315.918459138888,2.5015073976847155,35.09463527875512,7.37114149951032,259.61551017447135,0.306635212455035,0.04194653577570904,0.1666827878333555,5.800204335787782,0.007150574458256425,44.114953719738836,0.0003230625798211294,8.437790022962389,0.00737335058516128,0.015488499155795359,284.png,/mnt/wangbd8/workspace/DataSets/ThyroidAgent/train_val_test/500_TestData_Malignancy_Cls/images/284.png,/mnt/wangbd8/workspace/DataSets/ThyroidAgent/train_val_test/500_TestData_Malignancy_Cls/masks/284.png
0.480680302556855,118.89909597394202,120.33287165193059,5152.0,57.152453426491,962.3300858899146,0.1867876719506822,5176.0,0.26440447155573626,17.0,73.0,13390411.0,1.9669290522965128,32.0,17.36466167878664,235.0,20.603553599540383,40.754057187017004,32.0,6.0,229.0,13.426006422919153,50.862747927523486,3.1020356153373907,13390411.0,0.299192160823107,926.1259495361425,5.463721118767734,2.0248277259829752,484.00556905968256,35.56828868822855,5.679536768193827,0.22436157276043778,0.9239954484974501,0.1388325901905148,0.5852111165791917,0.20508708466143033,0.26019998228747554,2.4734685704112196,-0.6934509422402331,0.9631213592575626,0.9385357304656762,0.9978999769035598,0.940268206999054,0.9879552281254752,0.10293231770481467,0.3483988650182408,2.3236070107097357,1.4759745852385662,167.4438902743142,0.2087829055789454,4.354750592347063,14.235660847880299,140.68329177057356,428.0436408977556,96.49372879804457,0.278961523581447,5.793312583439632,132.07231920199501,0.16467870224687658,0.15494590417310664,99.0309139868533,0.4065054557035144,9.56895160520997,0.07208070141928276,167.4438902743142,0.2087829055789454,4.354750592347063,14.235660847880299,140.68329177057356,428.0436408977556,96.49372879804457,0.278961523581447,132.07231920199501,0.16467870224687658,0.4065054557035144,9.56895160520997,0.07208070141928276,5.793312583439632,0.15494590417310664,99.0309139868533,2.85531709373648,3092.3956723338483,0.597448932058317,0.322050529252835,1548.6186244204018,1.6761234454467056,6.10838485316847,7.558732612055642,35.651661514683155,3.851176828533091,0.4739738108843342,0.18721020092735705,2.126738794435858,0.07006407055423348,6.200311100994005,0.006334295633912958,7.513621393430824,0.004789026931756752,0.6446327440873152,285.jpg,/mnt/wangbd8/workspace/DataSets/ThyroidAgent/train_val_test/500_TestData_Malignancy_Cls/images/285.jpg,/mnt/wangbd8/workspace/DataSets/ThyroidAgent/train_val_test/500_TestData_Malignancy_Cls/masks/285.jpg
0.763198730617505,195.895969367698,200.25983121934362,22901.5,149.50755515451274,654.4091629284904,0.028574947620395627,22902.0,0.8197615129053671,42.0,134.0,201223935.0,2.472155442029678,61.0,2.0345195253965502,190.0,30.44501557329842,86.82879224521876,86.0,13.0,177.0,24.300721528695988,93.73528702992343,0.20505572601414726,201223935.0,0.19147860604064043,1247.064871818771,17.832849859353022,3.9799358298171588,136.73243020015474,4.930624956262074,8.139871783810047,0.16802918424753868,0.95954954569305,0.1680291842475387,0.6531764685589798,0.1397953774886454,0.13622753821830597,3.261683883336647,-0.6797320347770549,0.9824526354804438,0.9159854078762308,0.997414935626961,0.9159854078762308,0.9813300906391625,0.1680291842475387,0.19470815752461323,3.0936546990891105,2.0769752420143957,756.2841681349106,0.1903559446601839,2.053727878381694,18.931286181726655,60.05235338535112,949.4827586206897,7.058128551466733,0.09797255518114621,6.2364788568341165,386.38585451799645,0.09725292084520425,0.1734782988385294,26.823933435917716,0.17366642391967352,3.311195163288125,0.019820553486555134,756.2841681349106,0.1903559446601839,2.053727878381694,18.931286181726655,60.05235338535112,949.4827586206897,7.058128551466733,0.09797255518114621,386.38585451799645,0.09725292084520425,0.17366642391967352,3.311195163288125,0.019820553486555134,6.2364788568341165,0.1734782988385294,26.823933435917716,3.4742875732907015,12532.423456466684,0.5472196077402273,0.26107252095267186,4385.243035542748,2.082119910924047,18.002226879748495,7.29971181556196,129.83927167932933,0.7370347101922595,0.1003069948069176,0.1698396064390301,3.1144587081186508,0.0171597436150107,26.507257897338583,0.0013777324282040755,4.3767128409956735,0.01239032395811683,0.03183320343888013,286.png,/mnt/wangbd8/workspace/DataSets/ThyroidAgent/train_val_test/500_TestData_Malignancy_Cls/images/286.png,/mnt/wangbd8/workspace/DataSets/ThyroidAgent/train_val_test/500_TestData_Malignancy_Cls/masks/286.png
0.7554873828343159,167.20506058016866,169.5228598154243,16252.5,126.32131361436485,552.3675323681477,0.03398661943504985,16253.0,0.8181574250771512,95.0,170.0,294019420.0,2.29233806981215,41.0,3.454243839856419,254.0,23.998579838025368,131.06909493631946,130.0,65.0,189.0,17.22617165362063,134.49967675359716,0.6701782033943448,294019420.0,0.2346597096004793,911.0553993962046,15.493582191356113,3.7446518261300925,125.59400025183963,9.406484180818005,6.049228305327395,0.16456873566069324,0.9470311841293982,0.16456873566069324,0.6451282403459893,0.1374858669037341,0.16892442021204934,3.0699283259337156,-0.6617713766844333,0.9756971072465287,0.9177156321696535,0.9979930641992598,0.9177156321696535,0.9835431264339307,0.16456873566069324,0.2796552365598065,2.905359590273025,1.553449260247022,628.4107913669064,0.2260470472542829,1.6081460586926144,15.716546762589928,61.26223021582734,909.3708633093526,6.410965812327463,0.10429765484664423,6.0893415726012465,268.73093525179854,0.09666580404740956,0.1710453454746816,27.081803607473734,0.17847186767609055,2.7098728180995755,0.020808422334897277,628.4107913669064,0.2260470472542829,1.6081460586926144,15.716546762589928,61.26223021582734,909.3708633093526,6.410965812327463,0.10429765484664423,268.73093525179854,0.09666580404740956,0.17847186767609055,2.7098728180995755,0.020808422334897277,6.0893415726012465,0.1710453454746816,27.081803607473734,3.2951243168814255,8952.696056112718,0.5508334495854745,0.26062731546923895,3813.92426013659,1.5479747655520408,15.593982649357041,7.325109210607272,114.0005537439242,0.7392332492443553,0.10147719065784193,0.16949007704560526,2.643522221538588,0.01755522327350357,16.29204330669496,0.0016540165389441874,6.284149745465796,0.007028095607458786,0.0662855692054315,287.png,/mnt/wangbd8/workspace/DataSets/ThyroidAgent/train_val_test/500_TestData_Malignancy_Cls/images/287.png,/mnt/wangbd8/workspace/DataSets/ThyroidAgent/train_val_test/500_TestData_Malignancy_Cls/masks/287.png
0.4965095638005573,564.8368591416076,575.4389628796438,120614.0,280.4469025508765,2734.427632360475,0.022670897510740667,120568.0,0.4502330358138147,18.0,125.0,851004184.0,2.6612943654676653,64.0,2.3656494639696124,237.0,34.53471235945272,73.52111671421936,73.0,0.0,237.0,26.89180132542015,84.01364343481889,0.2016737415501169,851004184.0,0.16938943659071962,1652.9376802870213,14.652859417861045,3.463351592919616,269.2624835318155,5.812945382123421,10.738293001381665,0.1060723546528594,0.9804373329060083,0.1015032892268441,0.4790658268677334,0.09576943692899104,0.13967612918046193,3.212478218132311,-0.7921409213827613,0.9925761543283199,0.9496970223092615,0.9989544298732738,0.949863122583801,0.9908048850743767,0.09883331109943831,0.186923134645689,3.103469029117678,2.7110913390086315,2119.0909523809523,0.1681818216175359,2.7963943310657595,18.99126984126984,316.29079365079366,2643.6799206349206,159.54388804021093,0.14351111122358998,7.103559894593298,920.0685714285714,0.07302131519274377,0.10450534138411519,224.7271590828924,0.18659841426090917,4.058029986660885,0.026576488631337245,2119.0909523809523,0.1681818216175359,2.7963943310657595,18.99126984126984,316.29079365079366,2643.6799206349206,159.54388804021093,0.14351111122358998,920.0685714285714,0.07302131519274377,0.18659841426090917,4.058029986660885,0.026576488631337245,7.103559894593298,0.10450534138411519,224.7271590828924,3.4196202176834096,82027.55999933647,0.6803427111616389,0.19194919708579883,20422.945590869884,2.7150127299573077,14.750389821511511,7.981570565987658,113.50402262623582,1.977724094934278,0.23598303407182275,0.1482754775543907,2.3727753448491957,0.03156383688761369,53.89774577197653,0.0005124754063406139,4.590765334440219,0.006017948947291447,0.025094203750233815,288.jpg,/mnt/wangbd8/workspace/DataSets/ThyroidAgent/train_val_test/500_TestData_Malignancy_Cls/images/288.jpg,/mnt/wangbd8/workspace/DataSets/ThyroidAgent/train_val_test/500_TestData_Malignancy_Cls/masks/288.jpg
0.7086774862565064,251.21410324356518,257.78285435614214,34500.5,178.02977919883224,1545.2001435749694,0.044787760860711276,34489.0,0.42612095018428825,3.0,69.0,58368192.0,1.7941883807826824,39.0,3.7444262555845236,193.0,21.266796210074443,31.98631447707965,27.0,0.0,193.0,16.40227133437169,41.1384400385329,0.9218596013124418,58368192.0,0.3370454221322431,669.2469349773313,4.343301505477125,1.8477974342452113,57.12855360574166,8.022018813360962,3.8074898209894257,0.09170523109366761,0.9529619678581221,0.09164665221721048,0.442227776158627,0.08330612223104529,0.29481271609839665,2.265573086593162,-0.727149033834941,0.9617015820335427,0.9541825317790404,0.9985892298097034,0.9541864370374709,0.9898176895189372,0.09159539570031047,0.456124421533595,2.1735318602217006,0.9747987630207732,935.6284892086331,0.26924560840536205,1.187607266704622,6.926906474820144,446.25985611510794,860.7197122302158,385.30505209505867,0.34446344475440055,6.28563538657808,280.46992805755394,0.0807107706640443,0.10075676302589232,347.75637318979335,0.18919411949443204,1.5555455814839503,0.05869431150659166,935.6284892086331,0.26924560840536205,1.187607266704622,6.926906474820144,446.25985611510794,860.7197122302158,385.30505209505867,0.34446344475440055,280.46992805755394,0.0807107706640443,0.18919411949443204,1.5555455814839503,0.05869431150659166,6.28563538657808,0.10075676302589232,347.75637318979335,2.5078976359523497,23761.35953492418,0.6889547257074481,0.18578332204297304,11624.35956391893,1.000204737131451,4.458667981095422,8.017309866914088,33.364116094986805,4.761575105094471,0.5667627841461036,0.146700558310057,0.7551038817529582,0.07499178508509813,51.550960676224605,0.0011950885461024837,3.5022622773744927,0.003271899078172186,0.06696508223242996,289.jpg,/mnt/wangbd8/workspace/DataSets/ThyroidAgent/train_val_test/500_TestData_Malignancy_Cls/images/289.jpg,/mnt/wangbd8/workspace/DataSets/ThyroidAgent/train_val_test/500_TestData_Malignancy_Cls/masks/289.jpg
0.8326413617223659,104.74898317690813,114.28035701729323,7074.5,87.21833599145398,1063.986940139404,0.15039747545966556,7084.0,0.2802312152790832,63.0,144.0,80698749.0,2.377660042269488,46.0,3.3649430396055644,254.0,26.014628722491512,101.82792207792208,99.0,26.0,228.0,19.132284842347463,106.73187155400521,0.5740861329150614,80698749.0,0.2183797654730314,1022.7666907132958,14.4281291463954,3.600840336134454,123.96576738510379,7.9158042903401284,6.227937614674353,0.37962553442429603,0.8850936341104565,0.3642930856553147,0.9932568534968046,0.2469160821680255,0.10858635996900523,3.6473282428065112,-0.4539209995428899,0.9394370598557383,0.8193867020492406,0.9962500894052253,0.820408865300506,0.9669986016735241,0.3508771929824561,0.18782249742002063,3.233156881008745,1.651890787274662,557.1661764705882,0.20484050605536333,1.9677280222750864,15.868014705882352,11.823529411764707,155.1481617647059,1.538166773538119,0.12437735817706712,4.934188270916094,675.5147058823529,0.24835099480968859,0.3839638622247318,5.0405687716262975,0.48176741181980426,8.17551902899546,0.061331305795294104,557.1661764705882,0.20484050605536333,1.9677280222750864,15.868014705882352,11.823529411764707,155.1481617647059,1.538166773538119,0.12437735817706712,675.5147058823529,0.24835099480968859,0.48176741181980426,8.175519028995458,0.061331305795294104,4.934188270916093,0.3839638622247318,5.0405687716262975,3.812337975882626,2735.4974590626766,0.38615153289986964,0.4814332550811573,1547.0022586109542,1.7074668987875108,14.617306606437042,5.463579898362507,75.8753529079616,0.6828182058344178,0.12462144023544126,0.3104178430265387,4.919834995921954,0.038964798335798245,10.8656377305769,0.002254634269613393,14.999909807085206,0.011261525675076047,0.12931286260139077,290.jpg,/mnt/wangbd8/workspace/DataSets/ThyroidAgent/train_val_test/500_TestData_Malignancy_Cls/images/290.jpg,/mnt/wangbd8/workspace/DataSets/ThyroidAgent/train_val_test/500_TestData_Malignancy_Cls/masks/290.jpg
0.8382842728225511,230.34775274783593,242.1672975444868,34635.5,193.09689840852843,804.4507934888334,0.023226192591093917,34636.0,0.8200988036896126,110.0,199.0,835056371.0,2.5177765827730236,50.0,2.791177491500542,255.0,28.587006024117837,151.29151749624668,147.0,62.0,193.0,20.768559050578652,155.2723161924587,0.48072713902830766,835056371.0,0.20043135224719275,1220.368909453759,22.759966319212566,4.563006300630062,181.02675939783032,10.728121476871369,7.946839676854071,0.19108039836241691,0.9530394998731088,0.19096425771609418,0.7041254769495552,0.15461305063735803,0.1368788648464283,3.3879071385366233,-0.6530350441176971,0.981102034465514,0.9045294852065852,0.9976698512170835,0.9045372279163401,0.9809046300524481,0.1908626346505618,0.23588165268139716,3.1962472315697026,2.034480018804122,1284.3338257016248,0.18970957543598593,2.199878798854098,23.554652880354507,45.91875923190547,1002.094682422452,3.0877555428183636,0.06893887659828962,6.146876899807472,756.3432791728213,0.11171983444207109,0.19546136967317243,19.744275487695525,0.19661012873197153,4.679604086161868,0.014881357619790442,1284.3338257016248,0.18970957543598593,2.199878798854098,23.554652880354507,45.91875923190547,1002.094682422452,3.0877555428183636,0.06893887659828962,756.3432791728213,0.11171983444207109,0.19661012873197153,4.679604086161868,0.014881357619790442,6.146876899807472,0.19546136967317243,19.744275487695525,3.5842442458859454,17978.991107518188,0.5190839331192456,0.2824490734856938,6942.140316433768,2.042087570499249,22.87911421642222,7.089733225545675,160.9253666705162,0.47185563400560077,0.0670085497259175,0.17895638449397547,4.142948569888747,0.012266283870422983,31.895846159766048,0.0008035583184491221,6.201025862903005,0.010431565086659163,0.02514599232010668,291.png,/mnt/wangbd8/workspace/DataSets/ThyroidAgent/train_val_test/500_TestData_Malignancy_Cls/images/291.png,/mnt/wangbd8/workspace/DataSets/ThyroidAgent/train_val_test/500_TestData_Malignancy_Cls/masks/291.png
0.9307715991843031,173.55649324509204,182.58422713914803,21915.5,161.541454766554,1651.0306627407558,0.07533620783193429,21913.0,0.31785239250450287,42.0,110.0,139119675.0,2.1441289999896314,36.0,3.479773113775239,232.0,21.25672980892696,75.12960343175284,73.0,15.0,217.0,15.33247276527432,79.67890513845771,0.5397731390783658,139119675.0,0.25818463967174743,704.2706122508931,13.35658263305322,3.5115779645191405,66.6121569362378,4.687028731880722,4.4190716460876285,0.31746031746031744,0.8659524226149122,0.3105508870214752,0.917114719238782,0.2210184640304923,0.1407968198172515,3.2911588599095456,-0.4564740912182346,0.9258747996951906,0.8454154995331464,0.9968607752824408,0.8458761282290693,0.971820445349857,0.3045051353874883,0.24565826330532212,2.955393959256926,1.1841329908869866,1748.2428227973412,0.24724124208702322,1.3512624372135458,15.031112996747277,16.80285673879225,200.13095743176353,2.117128401645599,0.10541974835184105,4.992279711223059,1376.2484797058407,0.19463279305697084,0.3226851640578652,7.199081158376618,0.39430303705534214,6.42770318040991,0.040950561279239225,1748.2428227973412,0.24724124208702322,1.3512624372135458,15.031112996747277,16.80285673879225,200.13095743176353,2.117128401645599,0.10541974835184105,1376.2484797058407,0.19463279305697084,0.39430303705534214,6.42770318040991,0.040950561279239225,4.992279711223059,0.3226851640578652,7.199081158376618,3.485038451880817,9124.45493542646,0.4163946029948642,0.4249154757352869,5657.6000091270025,1.2050186666730087,13.648884223976635,5.96919636745311,77.5998722219687,0.6864160759338646,0.11179939960784475,0.26064943691466763,3.8609070211999974,0.028103347987488408,33.17142592211836,0.0006658106403303862,14.354454941794527,0.007332138710190351,0.04448478072377128,292.jpg,/mnt/wangbd8/workspace/DataSets/ThyroidAgent/train_val_test/500_TestData_Malignancy_Cls/images/292.jpg,/mnt/wangbd8/workspace/DataSets/ThyroidAgent/train_val_test/500_TestData_Malignancy_Cls/masks/292.jpg
0.8302233818163878,211.07200640676234,216.48094604375694,28873.5,175.2369149657925,726.1665222413712,0.025149930636790524,28874.0,0.8295038854249013,13.0,104.0,116705488.0,2.3733491297107037,60.0,3.39299693890369,218.0,32.2900137409761,50.696335803837364,36.0,0.0,218.0,24.834806524993787,63.5758482521968,0.9846066257616695,116705488.0,0.23057081207182933,1471.7700170509124,8.7582482667317,2.516705570846253,319.9259330854037,28.670795539772623,9.819285744177154,0.12152039856460999,0.9755511983998729,0.12152039856460999,0.5337154707458044,0.10675319129730833,0.1899637855582231,2.977803383803119,-0.7433829503440619,0.9851369145857272,0.9392398007176951,0.9985180439199438,0.9392398007176951,0.987847960143539,0.12152039856460999,0.34435424868480646,2.8562829852385114,2.485201535685441,676.382344902979,0.18485442604618174,2.6073773025827585,11.933315113418967,172.00874555889587,739.5304728067778,127.34742758367304,0.28589617357525743,6.622254822776009,290.37359934408306,0.07935873171469884,0.12672300339405693,109.73728023784382,0.14610777744441772,1.8015662756042246,0.03660220449849719,676.382344902979,0.18485442604618174,2.6073773025827585,11.933315113418967,172.00874555889587,739.5304728067778,127.34742758367304,0.28589617357525743,290.37359934408306,0.07935873171469884,0.14610777744441772,1.8015662756042246,0.03660220449849719,6.622254822776009,0.12672300339405693,109.73728023784382,3.196193323426592,18112.35422871788,0.6272894032249733,0.2102681347345218,6657.501627762001,2.4909324762094487,8.856618411027222,7.753826972362679,64.82593336565769,3.6784473850821913,0.448354879781666,0.152746030646564,1.4770439380295999,0.061576729710135204,36.27200565680528,0.0015131210876277064,5.117418609226299,0.008365701240684802,0.0788523441084325,293.png,/mnt/wangbd8/workspace/DataSets/ThyroidAgent/train_val_test/500_TestData_Malignancy_Cls/images/293.png,/mnt/wangbd8/workspace/DataSets/ThyroidAgent/train_val_test/500_TestData_Malignancy_Cls/masks/293.png
0.7857000653824567,172.54052539786787,182.7840255602223,18026.0,135.56510208622822,1210.70771952582,0.06716452454930767,18013.0,0.3931110972984922,46.0,103.0,105410070.0,1.9076974042299257,31.0,2.891826910681938,175.0,17.68828844348057,73.28118581024816,72.0,16.0,159.0,12.685909897404601,76.49763810723258,0.391584418829053,105410070.0,0.30492106299647526,481.7564422290064,12.576670441676104,3.4464043035107585,27.49142418573502,1.964170269235698,3.0988724061773345,0.3030011325028313,0.8218622008974575,0.29903737259343155,0.8948358784924827,0.2135777822952485,0.1709181866103023,3.0215990439030844,-0.4159356618351153,0.8918628093092621,0.8508776896942243,0.9953438247849014,0.8511419403548509,0.9668176670441676,0.2955690826727067,0.3072480181200453,2.7061475565837183,0.8504683846700416,1599.5940346490445,0.28569280847455697,0.9492401320229121,13.651544918735489,17.55867119128416,205.37167351312735,1.9978431980787794,0.10262199928194174,4.821849013820671,1029.0700125022324,0.1837953228259033,0.31083106645200687,7.208413489243176,0.36829330838507823,5.315665339192055,0.03765008084230428,1599.5940346490445,0.28569280847455697,0.9492401320229121,13.651544918735489,17.55867119128416,205.37167351312735,1.9978431980787794,0.10262199928194174,1029.0700125022324,0.1837953228259033,0.36829330838507823,5.315665339192055,0.03765008084230428,4.821849013820671,0.31083106645200687,7.208413489243176,3.2272889120891506,7662.738966302115,0.42540048666530367,0.4066300691578779,5492.5431077555095,0.8497472305210931,12.777216454782657,6.063121079220563,75.07544551157497,0.6543290670928894,0.1061906824064958,0.2498349957129727,3.3664791477759892,0.026035487966495793,40.67213722423176,0.0007216134608772673,8.15270458729477,0.0080912021369042,0.023969732311729396,294.jpg,/mnt/wangbd8/workspace/DataSets/ThyroidAgent/train_val_test/500_TestData_Malignancy_Cls/images/294.jpg,/mnt/wangbd8/workspace/DataSets/ThyroidAgent/train_val_test/500_TestData_Malignancy_Cls/masks/294.jpg
0.6865569334955771,150.3060198416674,154.35349040433132,12134.5,103.19364006842052,477.2964645562822,0.0393338386053222,12135.0,0.8181400586140039,107.0,163.0,224613759.0,1.94044479488681,28.0,4.147024328743342,232.0,17.340809520147346,134.11907704985578,132.0,67.0,165.0,11.54932430582121,136.04991903604977,0.6880026974630865,224613759.0,0.3145139023643671,521.6536410105444,15.85442301296974,3.8760392417692056,48.94667287570638,4.076931284450183,3.4797720350774473,0.15680079813767872,0.9137645220766553,0.15680079813767875,0.626600816367896,0.13221430784106566,0.23295707781499522,2.6820129795647523,-0.6155114505295509,0.9528301821348835,0.9215996009311606,0.9975876800286511,0.9215996009311606,0.9825776890958134,0.15680079813767875,0.3806950448952444,2.525212181427076,0.9091432083037815,564.1781234320121,0.28307984116006624,1.043954392304828,16.02508780732564,68.28549924736578,1073.2518815855494,5.375510863987675,0.08410337826383271,5.8489931987437815,185.49673858504767,0.09307412874312478,0.1642356819118253,31.211881827238287,0.17660807900254108,2.7701746487435916,0.016400111092728938,564.1781234320121,0.28307984116006624,1.043954392304828,16.02508780732564,68.28549924736578,1073.2518815855494,5.375510863987675,0.08410337826383271,185.49673858504767,0.09307412874312478,0.17660807900254108,2.7701746487435916,0.016400111092728938,5.8489931987437815,0.1642356819118253,31.211881827238287,2.9237001117770918,6809.032797692625,0.5611069466578182,0.2548589323278887,3816.6262051915946,0.9120587593664123,15.939101771734652,7.391924186238154,117.66435929130614,0.5925397981607146,0.08081420517664557,0.16720688550107587,2.664450853820446,0.013836704711566141,14.717528488891382,0.0017788611052495752,4.531211689517631,0.005075940649720071,0.05542755929514102,295.png,/mnt/wangbd8/workspace/DataSets/ThyroidAgent/train_val_test/500_TestData_Malignancy_Cls/images/295.png,/mnt/wangbd8/workspace/DataSets/ThyroidAgent/train_val_test/500_TestData_Malignancy_Cls/masks/295.png
0.8976770353536686,248.17286547972174,264.60914572251653,42321.5,222.77908213906142,918.3919189857879,0.021700363148418368,42322.0,0.7940674688685232,33.0,122.0,276736480.0,2.3952665087103866,55.0,3.1374148989435837,229.0,29.941297331242662,72.46141486697226,64.0,7.0,222.0,22.799221745100887,80.86304940067656,0.782613677718749,276736480.0,0.22302692595408352,1288.1761138527895,13.615249364411817,3.4081070164183713,210.75876220102444,18.469189695506795,8.15119670073876,0.15097298453204078,0.9636304748625201,0.15097298453204075,0.612269852274503,0.12818014247352894,0.1725210766213279,3.1187785057372404,-0.6958952212005787,0.9819126400593253,0.9245135077339796,0.9985052179749303,0.9245135077339796,0.9862751832243599,0.15097298453204075,0.29816808040487564,2.967805521205202,2.0755424213177003,1186.0763393534678,0.18000855051653786,2.4317731224248913,16.58005767187737,99.2614964334497,951.4826225527394,17.779261357948407,0.14502304158258528,6.4367617903897845,648.6858400364243,0.09844981636612905,0.15568734936912243,58.004904396808655,0.1946800116878631,3.4180828819353914,0.03581205354075487,1186.0763393534678,0.18000855051653786,2.4317731224248913,16.58005767187737,99.2614964334497,951.4826225527394,17.779261357948407,0.14502304158258528,648.6858400364243,0.09844981636612905,0.1946800116878631,3.4180828819353914,0.03581205354075487,6.4367617903897845,0.15568734936912243,58.004904396808655,3.3238281896683834,24358.796748735884,0.575558734198192,0.2509027035590806,9438.945560228723,2.084307547121174,13.75546996833798,7.479608714143944,98.62163886394782,1.0927268874365446,0.1456806749230417,0.1655049383299466,2.4395835630536253,0.024714499919053258,34.58317182032763,0.0008334032890344885,7.321644140529794,0.006827524761335288,0.047050023676284934,296.png,/mnt/wangbd8/workspace/DataSets/ThyroidAgent/train_val_test/500_TestData_Malignancy_Cls/images/296.png,/mnt/wangbd8/workspace/DataSets/ThyroidAgent/train_val_test/500_TestData_Malignancy_Cls/masks/296.png
0.7877043861155514,352.8211477719211,393.5936991365588,73540.5,277.9187656142654,2099.844804515627,0.028553583461026603,73503.0,0.4578055181282509,28.0,105.0,355616642.0,2.283596560640224,44.0,3.1571505393053636,220.0,24.83774506009326,62.57453437274669,57.0,0.0,220.0,18.20454046856079,69.55662574771291,0.6579169862598333,355616642.0,0.23791325486850545,922.5518334413414,10.611649153611898,3.0195958736865203,115.90188935756892,9.379714741538228,6.081223479077001,0.10646382616807046,0.9655884918173466,0.10627177700348432,0.48938135329447024,0.09517013558059216,0.19722384774323143,2.8510472854768714,-0.749699206752115,0.9834921770742515,0.9468833164147165,0.9987018259785799,0.9468961196923555,0.9893745682011479,0.10610373398447145,0.3097615846799638,2.7437477491962396,1.5469218263112678,1663.7120431396045,0.19936633231151643,1.996069301659522,13.310485320551228,179.97519472738168,1505.5195925704015,39.82079166042069,0.18404207752381738,6.846651185105905,570.4645895745956,0.06836004668359444,0.1135327809749262,102.39382409503867,0.15889103831123008,2.5757676953301236,0.028709757294558255,1663.7120431396045,0.19936633231151643,1.996069301659522,13.310485320551228,179.97519472738168,1505.5195925704015,39.82079166042069,0.18404207752381738,570.4645895745956,0.06836004668359444,0.15889103831123008,2.5757676953301236,0.028709757294558255,6.846651185105905,0.1135327809749262,102.39382409503867,3.079925432294485,48297.18548902766,0.6570777449767718,0.19841742202436585,17487.33797259976,1.5548655575538577,10.655877991374501,7.887582819748854,81.17411534223093,1.6127253181446581,0.20193086321358458,0.14964846483968153,1.7207785925593362,0.029553432211737105,56.253424353266986,0.0006174991045158252,4.152789199566236,0.004459919845234504,0.028825281471934756,297.jpg,/mnt/wangbd8/workspace/DataSets/ThyroidAgent/train_val_test/500_TestData_Malignancy_Cls/images/297.jpg,/mnt/wangbd8/workspace/DataSets/ThyroidAgent/train_val_test/500_TestData_Malignancy_Cls/masks/297.jpg
0.7265426840334974,109.38732203896058,110.35397591387454,6793.5,79.47455855342295,348.9116882454318,0.05135963615889185,6794.0,0.8374062611030956,80.0,161.0,93149374.0,2.2885815544215093,39.0,2.821525284013687,210.0,24.347920367145893,113.09655578451574,106.0,38.0,172.0,16.896468829258943,117.09199325197658,0.5932028857884779,93149374.0,0.2393310293269035,919.7039534008476,17.63892197736748,4.022409172126267,101.95997632978961,8.399375979579894,6.015710196304346,0.17912447885646215,0.9421697306710407,0.17912447885646218,0.6781579810756362,0.147038899930863,0.16733411069580048,3.1077569232679023,-0.6407103971341428,0.9729276748315973,0.910437760571769,0.9972442387868238,0.910437760571769,0.9800972801270599,0.17912447885646218,0.2642942227516379,2.9286324444114427,1.5487086687902019,295.8087431693989,0.23092017421498745,1.6430591586271703,18.401249024199842,48.8711943793911,828.344262295082,4.17016328721184,0.08500930550466348,5.890509123364826,139.46994535519124,0.1088758355622102,0.1885487194583456,20.742289426744453,0.18867447923780334,3.4538239254444716,0.017618566158533962,295.8087431693989,0.23092017421498745,1.6430591586271703,18.401249024199842,48.8711943793911,828.344262295082,4.17016328721184,0.08500930550466348,139.46994535519124,0.1088758355622102,0.18867447923780334,3.4538239254444716,0.017618566158533962,5.890509123364826,0.1885487194583456,20.742289426744453,3.3357050566953204,3582.870179570209,0.5273579893391536,0.2749302857661815,1626.0150132469826,1.5538789269203144,17.791433617898146,7.154548130703562,126.14645275242862,0.601543246567099,0.08420292252167279,0.17571877146501813,3.160239426945344,0.015030709890913483,9.026140813217827,0.0035170719573561497,4.796297351656416,0.00982650841648691,0.09343533522194905,298.png,/mnt/wangbd8/workspace/DataSets/ThyroidAgent/train_val_test/500_TestData_Malignancy_Cls/images/298.png,/mnt/wangbd8/workspace/DataSets/ThyroidAgent/train_val_test/500_TestData_Malignancy_Cls/masks/298.png
0.5877568276534464,190.73215160031825,190.07366992826755,16758.5,112.10412435611926,564.0243866176402,0.03365601853493094,16759.0,0.8136256321374388,126.0,185.0,410299399.0,2.057158022367403,30.0,4.390582376342223,255.0,19.157731693003495,154.43361775762278,151.0,85.0,170.0,12.78580070472598,156.46830932079422,0.7502503441035784,410299399.0,0.29049878756123315,632.5895280002001,14.569497837578087,3.6822441134070156,74.97403181135215,6.107068344839918,4.208931129246302,0.1666266218164344,0.9238375396709299,0.16662662181643445,0.6499294320564412,0.13886219071847739,0.21043296266927078,2.8378414443106,-0.6203039368323818,0.9602371407532243,0.9166866890917829,0.9974365135105164,0.9166866890917829,0.9814859309092852,0.16662662181643445,0.3148726573762614,2.671214822494168,1.0938894377656845,760.1681109185442,0.26348981314334285,1.304881220920977,15.137608318890814,63.307105719237434,877.311958405546,6.018020549149758,0.10441379928632342,5.937266040043599,279.77712305025995,0.09697647246109531,0.17214630944567097,29.562483772816428,0.1836850390338142,2.754632163235445,0.02240015929801126,760.1681109185442,0.26348981314334285,1.304881220920977,15.137608318890814,63.307105719237434,877.311958405546,6.018020549149758,0.10441379928632342,279.77712305025995,0.09697647246109531,0.1836850390338142,2.754632163235445,0.02240015929801126,5.937266040043599,0.17214630944567097,29.562483772816428,3.063194347853954,9207.108121009607,0.5493829059615494,0.26346629208168487,4868.469180738707,1.0933643451545518,14.677904409570976,7.316247986156692,106.59758935497345,0.701911756910931,0.0974251208678073,0.1704523605890036,2.5244047974222807,0.017293801884987255,22.211832865780355,0.00131467956342817,4.730052194302057,0.006411037130779942,0.04074237013335365,299.png,/mnt/wangbd8/workspace/DataSets/ThyroidAgent/train_val_test/500_TestData_Malignancy_Cls/images/299.png,/mnt/wangbd8/workspace/DataSets/ThyroidAgent/train_val_test/500_TestData_Malignancy_Cls/masks/299.png
0.7753996137706491,137.6307052498286,138.6542462386205,11484.5,106.71879569369914,457.29646455628216,0.03981857848023703,11485.0,0.830736197443016,113.0,192.0,274418338.0,2.344242084032846,42.0,2.6710409116271663,245.0,24.48107646986691,151.58032215933827,149.0,72.0,173.0,17.549028877394456,154.57564419393913,0.11954353782297528,274418338.0,0.22500066240742167,917.035712042491,22.30725962383547,4.567103181578485,94.54435739984339,1.8564303917366853,5.966608093114722,0.17129548251010723,0.9441843683597879,0.1712954825101072,0.6606597315997671,0.14195334018173678,0.1593842760146148,3.149011975790072,-0.6550481655243138,0.9764518031458671,0.9143522587449464,0.99736468488446,0.9143522587449464,0.9809671686099881,0.1712954825101072,0.26973105994023555,2.9777164932799676,1.5344758939062073,449.8540856031128,0.21880062529334282,1.6181622734636405,23.311284046692606,55.26994163424124,1170.9153696498054,3.834957538827788,0.06281328030563717,6.034822400723327,209.9173151750973,0.102099861466487,0.17901610796691336,24.06554579743827,0.18131209815761756,4.2502960244376355,0.01391401767936322,449.8540856031128,0.21880062529334282,1.6181622734636405,23.311284046692606,55.26994163424124,1170.9153696498054,3.834957538827788,0.06281328030563717,209.9173151750973,0.102099861466487,0.18131209815761756,4.2502960244376355,0.01391401767936322,6.034822400723327,0.17901610796691336,24.06554579743827,3.3643176560564916,6197.4468437091855,0.5396122632746353,0.26658872686809787,2584.132607749238,1.5403409076478964,22.48062690465825,7.246582498911624,161.4542446669569,0.4585301508573245,0.06307975538931289,0.1720650123349296,3.919682677889034,0.011127932603328823,11.90811848273223,0.0023066776661483253,4.475811864192837,0.00933554458923363,0.055791691172348085,300.png,/mnt/wangbd8/workspace/DataSets/ThyroidAgent/train_val_test/500_TestData_Malignancy_Cls/images/300.png,/mnt/wangbd8/workspace/DataSets/ThyroidAgent/train_val_test/500_TestData_Malignancy_Cls/masks/300.png
0.8169338262920773,251.37360452652234,275.0708999512671,38597.5,205.35560057468336,919.6639969244299,0.02382703535007267,38598.0,0.7572779909141757,92.0,161.0,626836714.0,2.2248281527610296,35.0,4.37337304983185,255.0,21.726416727856527,124.2676822633297,121.0,43.0,212.0,14.620195817348764,127.43678655144225,0.7227302694051985,626836714.0,0.2591016069234761,797.6777114579842,21.32709695911614,4.478593949501003,123.72806791337258,8.594571739926835,5.270413521590021,0.19324074315345127,0.929263187679931,0.1929801704145712,0.7089552937611676,0.15599939698021434,0.1788354097248034,3.0935899829350153,-0.6086602320002703,0.966043948349926,0.9035359720666024,0.9980868741573186,0.9035533435825277,0.9824583221800306,0.19275216926805114,0.3093258983245173,2.899464304097935,1.3659135661858683,1760.3584361060089,0.23095754868879675,1.632411280828102,22.65599580162687,44.0356861716085,884.6242456048282,2.7860801008474954,0.062109631819092063,5.896462681926137,857.6706901075833,0.11252567437779891,0.19747137157365666,18.391335044235564,0.19797219490544815,4.722981450180147,0.01273491270857335,1760.3584361060089,0.23095754868879675,1.632411280828102,22.65599580162687,44.0356861716085,884.6242456048282,2.7860801008474954,0.062109631819092063,857.6706901075833,0.11252567437779891,0.19797219490544815,4.722981450180147,0.01273491270857335,5.896462681926137,0.19747137157365666,18.391335044235564,3.290721806757227,19946.48271931188,0.5167750328854314,0.2843539256817026,10000.803824032333,1.3676385204414898,21.46334006943365,7.070677237162547,149.53546815897198,0.4389844934424364,0.06207500042494731,0.17983372771185613,3.9650586386168536,0.011208035819081029,31.43917854060721,0.0005684045613796006,8.642423837626156,0.005655088550247726,0.029663847628236296,301.png,/mnt/wangbd8/workspace/DataSets/ThyroidAgent/train_val_test/500_TestData_Malignancy_Cls/images/301.png,/mnt/wangbd8/workspace/DataSets/ThyroidAgent/train_val_test/500_TestData_Malignancy_Cls/masks/301.png
0.5681207592199029,356.1384677388493,367.23970373585695,56220.5,202.32965667920797,2459.4225817265383,0.04374601047174142,56158.0,0.34175834474491,32.0,145.0,559724821.0,2.676087972370515,55.0,3.5377500035120164,255.0,32.999621575905536,90.45623063499413,86.0,10.0,245.0,22.67400413925354,99.83468840757534,0.6312993229700619,559724821.0,0.18099246652310993,1784.6353487464082,20.08322840594309,4.174632154549053,421.8854655851695,25.471680816066602,10.857526619963345,0.2348274993704357,0.9576595740013139,0.14992625103428425,0.6165146938519872,0.21234961862124044,0.14179885635843242,3.3828008321229808,-0.7359295768078871,0.9902170240866747,0.9311930682355972,0.9982474710701149,0.9320198422691498,0.9879362680341368,0.12724362501353143,0.23018671079612907,3.2010819464859974,2.7730885298334447,1221.4593879863996,0.15381682256471474,3.6255071937556855,23.511648407001637,116.89862737690467,1822.0030222893843,14.395863827858326,0.11246644355250589,6.867738180723835,692.7317718171515,0.08723482833612284,0.14140460842622601,66.88678278211646,0.23826690285810714,5.619968058425081,0.04740344183064895,1221.4593879863996,0.15381682256471474,3.6255071937556855,23.511648407001637,116.89862737690467,1822.0030222893843,14.395863827858326,0.11246644355250589,692.7317718171515,0.08723482833612284,0.23826690285810714,5.619968058425081,0.04740344183064895,6.867738180723835,0.14140460842622601,66.88678278211646,3.5837789856726436,34039.50785284376,0.6061381789387756,0.2543613379740973,10164.174935004809,2.776703691912294,20.17557605327825,7.637487089996083,149.50279568360696,0.7349858278397571,0.09802749185154915,0.16613641669733412,3.5224911064417452,0.018906255270445576,26.960087167881994,0.0007935801824892443,7.639782978794713,0.007251708760286893,0.04396789766903139,302.jpg,/mnt/wangbd8/workspace/DataSets/ThyroidAgent/train_val_test/500_TestData_Malignancy_Cls/images/302.jpg,/mnt/wangbd8/workspace/DataSets/ThyroidAgent/train_val_test/500_TestData_Malignancy_Cls/masks/302.jpg
0.47919759721221095,182.86882105639293,190.3943276465977,11881.5,87.63029965525325,554.610173055267,0.046678464255798253,11882.0,0.6967111111674646,57.0,147.0,133129520.0,2.4943084058548632,55.0,2.426060041017481,233.0,29.328736078139862,99.98283117320317,97.0,19.0,214.0,22.575809982214512,105.85037697622569,0.3291894668265957,133129520.0,0.19747195115431349,1207.735776599843,22.111158614792647,4.498289867464728,147.36510653362197,6.945329234731442,7.7135411021288744,0.20735356990166737,0.9476439017340167,0.20718255664814023,0.7369816893406002,0.16442895812240754,0.13157248660691684,3.3986047303329254,-0.6311044034559089,0.9779800378470617,0.8964258230012827,0.9979470920420552,0.8964372238848511,0.9811665176778475,0.20703292005130397,0.20222317229585293,3.1905999101536264,1.9802236680076353,483.95438865465695,0.18549420799335262,2.1887257908578097,23.566500574932924,34.38098888463013,697.824837102338,2.494999581909762,0.06918032621250877,5.911909357370143,323.81257186661554,0.12411367262039692,0.21957582898501934,13.639929359717028,0.21478851644605984,5.295565975244609,0.015470525609196385,483.95438865465695,0.18549420799335262,2.1887257908578097,23.566500574932924,34.38098888463013,697.824837102338,2.494999581909762,0.06918032621250877,323.81257186661554,0.12411367262039692,0.21478851644605984,5.295565975244609,0.015470525609196385,5.911909357370143,0.21957582898501934,13.639929359717028,3.6053612945381306,5873.556808618077,0.49432391925753894,0.30234864910893267,2346.361723615553,2.0096091975627135,22.306598215788586,6.860292879986535,150.41567076249788,0.47608301404295605,0.0693145741350584,0.1892311432792833,4.344489330266136,0.013190775248606908,9.385654198561616,0.0022195984641394835,8.876278493721864,0.008792909382442102,0.09616756119941122,303.png,/mnt/wangbd8/workspace/DataSets/ThyroidAgent/train_val_test/500_TestData_Malignancy_Cls/images/303.png,/mnt/wangbd8/workspace/DataSets/ThyroidAgent/train_val_test/500_TestData_Malignancy_Cls/masks/303.png
0.7482438991097449,99.48934463818625,106.88779163215975,5619.5,74.44229515194966,1191.7514421272072,0.21207428456752508,5644.0,0.2229811154446892,12.0,117.0,29464549.0,2.571817718574382,55.0,3.7669055734962864,248.0,33.22321792276037,59.22802976612331,50.0,0.0,248.0,23.62252054585916,72.25308524504236,0.9214574847171264,29464549.0,0.19404122514152997,1712.5488174505667,9.878770631758682,2.76636311895276,335.4792821657797,28.049266031167022,9.244944929607529,0.3409220261809903,0.9288698606493552,0.2946309998102827,0.9548151747132717,0.25411460013178355,0.13028478006018046,3.59725001745768,-0.5492825135492885,0.9666389552981067,0.8573136027319295,0.9966580630470626,0.8598305191930691,0.9735580930800055,0.2595016758363372,0.24492506165812938,3.2221678962131035,2.3964667389471304,296.82709251101323,0.1634510421316152,3.1639171025053856,17.496145374449338,29.123348017621144,153.60407488986783,16.36956350732494,0.17024576871150648,5.197492936150833,491.0011013215859,0.2703750557938248,0.32175761871013464,19.464122144811657,0.527236531404533,11.685192713614923,0.055903349388905656,296.82709251101323,0.1634510421316152,3.1639171025053856,17.496145374449338,29.123348017621144,153.60407488986783,16.36956350732494,0.17024576871150648,491.0011013215859,0.2703750557938248,0.527236531404533,11.685192713614923,0.055903349388905656,5.197492936150833,0.32175761871013464,19.464122144811657,3.8301942830003135,2242.440467753366,0.3973140446054866,0.5224579478542846,1095.1686746987953,2.712441220671237,11.226966690290574,6.075478384124734,51.559355067328134,2.2884875937211118,0.3120877416115933,0.29003267973856206,4.892589967713993,0.05828813483782626,8.379288935137009,0.004672670877644987,11.023423913437819,0.01313074447127839,0.286772523676026,304.jpg,/mnt/wangbd8/workspace/DataSets/ThyroidAgent/train_val_test/500_TestData_Malignancy_Cls/images/304.jpg,/mnt/wangbd8/workspace/DataSets/ThyroidAgent/train_val_test/500_TestData_Malignancy_Cls/masks/304.jpg
0.8878688853290878,146.44980388104483,158.52129194527782,14635.0,130.02822412852677,1647.3220766631473,0.11256044254616654,14655.0,0.2603291358225677,17.0,76.0,37660683.0,1.9166636176310414,28.0,3.1757916371714,142.0,17.522185473440594,45.656567724326166,44.0,3.0,139.0,12.58401185155257,50.6933724892079,0.5975281526163817,37660683.0,0.3008252097806004,485.2958379635984,6.123851265375371,2.306411706489467,33.44488716011169,2.8386142962251135,3.3096588316757836,0.09239360950091897,0.9456836065296147,0.09239360950091897,0.44440930900235626,0.08385703042431066,0.25653293173017494,2.395213850250804,-0.7309453456041104,0.9678098172688169,0.9538031952495405,0.997502875418894,0.9538031952495405,0.9868009129284401,0.09239360950091897,0.3901456242047222,2.302820240749887,0.8505131102941754,491.75770925110135,0.2707916901162452,1.0467427928933222,8.74614537444934,153.09856828193833,744.1139867841409,65.69624021047478,0.22531066446402348,6.0921640536915165,151.2808370044053,0.08330442566321877,0.12391675196178778,87.97473479739564,0.23660141194570758,2.6446533360588846,0.03814739721987909,491.75770925110135,0.2707916901162452,1.0467427928933222,8.74614537444934,153.09856828193833,744.1139867841409,65.69624021047478,0.22531066446402348,151.2808370044053,0.08330442566321877,0.23660141194570758,2.6446533360588846,0.03814739721987909,6.0921640536915165,0.12391675196178778,87.97473479739564,2.750820643673206,9401.23186625725,0.6415033685607131,0.23076552123845606,4408.593449334698,0.8877732997111665,6.371136131013306,7.805185943364039,47.01037188672808,2.670439137192464,0.32696201523939494,0.15908487812274913,1.1642063762841655,0.04621697078062937,28.511693878997075,0.002601449658043836,1.4848094507207772,0.005345015181020032,0.046659879147092624,305.jpg,/mnt/wangbd8/workspace/DataSets/ThyroidAgent/train_val_test/500_TestData_Malignancy_Cls/images/305.jpg,/mnt/wangbd8/workspace/DataSets/ThyroidAgent/train_val_test/500_TestData_Malignancy_Cls/masks/305.jpg
0.6635217977006406,261.60078292120755,263.69679558159214,35463.5,173.5778217637747,815.0365799264601,0.022982406697772642,35464.0,0.819065491328691,36.0,113.0,245150488.0,2.298736262615935,40.0,2.8257066383663334,187.0,23.644221775001373,77.74718023911572,80.0,0.0,187.0,16.690075128761375,83.14239332758117,-0.13181604541096975,245150488.0,0.2362199548212352,868.0335331046671,14.497690629338926,3.623799268935423,92.06191689094385,-1.7713336306984235,5.641735399282664,0.17865744807457992,0.9386098317553602,0.17860077640191552,0.6773426179663602,0.1467592107432129,0.1649805369353299,3.126024741831224,-0.6398758432154767,0.9732435663835144,0.9107052789663087,0.9972515008056481,0.9107090570778197,0.9801560989739279,0.17855118868833414,0.28658864866396533,2.9470624492015633,1.4550982118393114,1474.9663320463321,0.22779402811526364,1.5148288427423562,15.538841698841699,53.70131274131274,725.6092664092664,8.87297434643098,0.1247746101786918,6.0090339512508235,672.3115057915057,0.10383189278633294,0.1825795172569366,23.70306474858753,0.19306242510891924,3.1932060794536934,0.023507970669708375,1474.9663320463321,0.22779402811526364,1.5148288427423562,15.538841698841699,53.70131274131274,725.6092664092664,8.87297434643098,0.1247746101786918,672.3115057915057,0.10383189278633294,0.19306242510891924,3.1932060794536934,0.023507970669708375,6.0090339512508235,0.1825795172569366,23.70306474858753,3.3354866198040596,18973.078502143017,0.5349954461465999,0.27366316554944004,8377.304477780284,1.4560271202604547,14.60748928490864,7.216050078953304,103.80898939769908,1.025891543372462,0.1387274580178526,0.17461369275885405,2.6287863122540545,0.023318139902301287,43.530589893542505,0.0007132401805134795,4.768645549197596,0.00893345085377004,0.01961503888516212,306.png,/mnt/wangbd8/workspace/DataSets/ThyroidAgent/train_val_test/500_TestData_Malignancy_Cls/images/306.png,/mnt/wangbd8/workspace/DataSets/ThyroidAgent/train_val_test/500_TestData_Malignancy_Cls/masks/306.png
0.7775557001648136,210.2225038114417,210.459022139703,26407.5,163.45970614150576,699.338095116625,0.02648255590709552,26408.0,0.8237233745249772,40.0,156.0,281474266.0,2.756743079224333,70.0,2.451773268522425,244.0,36.753138725323616,93.37632535595274,88.0,13.0,231.0,28.115911114507814,103.24085486814256,0.5004061416840808,281474266.0,0.1628439455569677,1939.535976924134,21.117972596465787,4.249799625968475,379.2091817576334,21.917193465280064,12.413047051339465,0.18434410900347314,0.9707329705560314,0.18426777603908248,0.6897650488018178,0.1503894957170837,0.11318608827543307,3.6043991841607346,-0.6916871074976848,0.9888772559277549,0.9078737452768978,0.9981748544041722,0.9078788341411905,0.9832489622764803,0.18420098469524065,0.18014579596198618,3.4196681878155797,3.1493477900857347,780.5971394517283,0.15506498598564328,3.2157598493138986,23.14700039729837,51.63567739372269,921.0746920937625,6.022764734543076,0.0959672844273453,6.4012057832119345,559.6499801350815,0.11117401274038169,0.1906240533171766,24.115920047214892,0.20144192161731905,4.765024079503511,0.022490261473374722,780.5971394517283,0.15506498598564328,3.2157598493138986,23.14700039729837,51.63567739372269,921.0746920937625,6.022764734543076,0.0959672844273453,559.6499801350815,0.11117401274038169,0.20144192161731905,4.765024079503511,0.022490261473374722,6.4012057832119345,0.1906240533171766,24.115920047214892,3.8049982377846474,13858.209330505908,0.5247731494435742,0.28088435558941727,4300.3829142684035,3.153975813191655,21.245455922447743,7.138745834595577,148.13564071493488,0.7149819946544119,0.09914809917895766,0.17780807162812617,3.9071872159951524,0.017804812455652914,21.986575076257008,0.0013429917057497444,7.70186769787362,0.012556346201664239,0.054778978155322865,307.png,/mnt/wangbd8/workspace/DataSets/ThyroidAgent/train_val_test/500_TestData_Malignancy_Cls/images/307.png,/mnt/wangbd8/workspace/DataSets/ThyroidAgent/train_val_test/500_TestData_Malignancy_Cls/masks/307.png
0.9733372853196438,175.27458669558382,193.238194982255,23061.0,170.60129039980214,713.5807358037442,0.030943182680878725,23062.0,0.7543986157115696,46.0,145.0,206344631.0,2.5003972573306865,46.0,3.812460122063965,244.0,30.422436275796567,86.25214638799757,77.0,21.0,223.0,20.704159244966746,94.59062666759947,1.0984019280812896,206344631.0,0.2161948981047579,1507.9538968326165,17.94529951902055,3.9492129427197202,356.1402351659155,32.37098894613343,9.585528785827538,0.1894621775251421,0.9612353242605638,0.18946217752514208,0.7003450202096408,0.15356626081257363,0.15182947034903269,3.3454021765533244,-0.6559694794968838,0.9807257830023896,0.9052689112374289,0.9981241368561866,0.9052689112374289,0.9827761656795324,0.18946217752514208,0.29156099693922166,3.1559399990281847,2.4437477408381705,848.1588950276243,0.18743842984035897,2.8287216629529013,20.628729281767956,46.07955801104973,713.9823204419889,4.788501599829619,0.08904623243813588,6.167287850565364,515.4892817679558,0.11392028326363664,0.19621021593964097,20.10448550410549,0.19522537176445998,4.549972803652883,0.016572882676498625,848.1588950276243,0.18743842984035897,2.8287216629529013,20.628729281767956,46.07955801104973,713.9823204419889,4.788501599829619,0.08904623243813588,515.4892817679558,0.11392028326363664,0.19522537176445998,4.549972803652883,0.016572882676498625,6.167287850565364,0.19621021593964097,20.10448550410549,3.554986487668658,11952.780331280896,0.5182889745590537,0.28161456471652496,4985.886740091926,2.486249623685624,18.218194432399617,7.081085768797156,124.54054288439858,0.6926512138731968,0.09596243428523184,0.17881026026460076,3.470155330076413,0.01664849319288645,22.41554242365193,0.001165602131906617,8.582918849970026,0.010160229578287258,0.06172283479463854,308.png,/mnt/wangbd8/workspace/DataSets/ThyroidAgent/train_val_test/500_TestData_Malignancy_Cls/images/308.png,/mnt/wangbd8/workspace/DataSets/ThyroidAgent/train_val_test/500_TestData_Malignancy_Cls/masks/308.png
0.7121890793521242,166.22595977229918,173.3666634621547,15281.0,118.38431325465699,1774.7951647285554,0.11614391497471077,15311.0,0.24690653400381188,40.0,97.0,75884516.0,1.9262413016225692,31.0,2.8250036796059326,148.0,17.85713599602837,66.84266213833192,65.0,3.0,145.0,12.878950433751863,70.40034801096733,0.3228140394910072,75884516.0,0.3046342869761847,488.2675183261212,10.778556506503133,3.1614327110991303,30.782812595125137,1.8058971211103354,3.2452423857570003,0.10964350697486354,0.934636520894854,0.10964350697486352,0.4988397303132709,0.09762180835311657,0.24996991429282653,2.486850708361876,-0.6951120663504383,0.9640084701720064,0.9451782465125682,0.9970366619736523,0.9451782465125682,0.9843366418607338,0.10964350697486352,0.39840959633398476,2.3772072013870136,0.838721473182966,558.6855645545498,0.2661674914504763,1.0667780955154353,12.447355883754168,104.07860886136255,1123.0004764173416,13.398839262082474,0.12821211158752846,6.1110281117256,162.5226298237256,0.07742859924903553,0.13709098034093137,50.86995940125303,0.21247932603335964,3.2899360520463214,0.021530606413064767,558.6855645545498,0.2661674914504763,1.0667780955154353,12.447355883754168,104.07860886136255,1123.0004764173416,13.398839262082474,0.12821211158752846,162.5226298237256,0.07742859924903553,0.21247932603335964,3.2899360520463214,0.021530606413064767,6.1110281117256,0.13709098034093137,50.86995940125303,2.833541781744248,9381.140683168964,0.6127059423400799,0.2430268518749618,4664.2555678923645,0.8635066136509242,11.049572202991314,7.673110835347136,83.08575533929854,1.044824690309799,0.13514620933388485,0.16264268971472942,1.9167882205240965,0.021205238749515194,25.93574407984231,0.0020486090739159054,1.616287415442356,0.006277074397449408,0.027854860831029154,309.jpg,/mnt/wangbd8/workspace/DataSets/ThyroidAgent/train_val_test/500_TestData_Malignancy_Cls/images/309.jpg,/mnt/wangbd8/workspace/DataSets/ThyroidAgent/train_val_test/500_TestData_Malignancy_Cls/masks/309.jpg
0.5904661275729448,487.6119262299432,489.3107397145499,109136.5,287.91832583937895,3022.0499987245635,0.027690552644849004,109072.0,0.3875148034520604,51.0,73.0,377612260.0,0.5926863945355011,6.0,54.47601387761877,247.0,8.572774176522511,57.0923610092416,51.0,37.0,210.0,4.082786647984471,58.83915197048757,5.5041050095398765,377612260.0,0.8153292290004953,202.50811899656105,4.598367994978447,2.10281723943766,54.82605921052961,5.160639427382206,0.8266740578964351,0.12056344788753195,0.7454419886219564,0.04898784303951704,0.24867807973784944,0.11816363912186761,0.7873616357611919,0.7943671450282491,-0.6474477663538047,0.7297736580218825,0.9802657474503598,0.9988595714671914,0.9805890721422,0.9955724677483935,0.034499494012048555,0.8846704143705058,0.7522595395617894,0.23680937644599176,1562.722163754999,0.32892489239212774,1.7037400450230356,7.104399073879184,4271.6236581772255,17257.38539254894,1064.2040840789298,0.3549942566227985,6.000343933666052,581.7063776047148,0.12243872397489261,0.04355838345313188,3744.5679849119265,0.34601429449243915,2.119566275182011,0.2028967052130317,1562.722163754999,0.32892489239212774,1.7037400450230356,7.104399073879184,4271.6236581772255,17257.38539254894,1064.2040840789298,0.3549942566227985,581.7063776047148,0.12243872397489261,0.34601429449243915,2.119566275182011,0.2028967052130317,6.000343933666052,0.04355838345313188,3744.5679849119265,0.9336006668489499,93891.44962960246,0.860820830548651,0.10510686959858334,88929.58966554202,0.23785589502791704,4.666312160774535,8.5899955992372,39.03566451518263,2.0688796906699087,0.2452600530577752,0.13102660016625103,0.6452053078089091,0.03648690753657199,63.743874506069005,0.0004932385345680184,2.2863038440523122,0.00031414536361678967,0.0530666143334751,310.jpg,/mnt/wangbd8/workspace/DataSets/ThyroidAgent/train_val_test/500_TestData_Malignancy_Cls/images/310.jpg,/mnt/wangbd8/workspace/DataSets/ThyroidAgent/train_val_test/500_TestData_Malignancy_Cls/masks/310.jpg
0.6888341574247483,386.70785042172844,394.9746827329569,75708.5,266.37757631478695,1294.818325856975,0.01710268101807558,75709.0,0.7533007770187089,106.0,177.0,1574554505.0,2.2878650161994285,36.0,3.7194896077479394,255.0,22.177089021035847,141.25421019957997,141.0,35.0,220.0,14.697367090459384,144.21322683448255,-0.14139358824533638,1574554505.0,0.2509830742455539,844.7028949067995,27.979502215618115,5.1607649852734365,112.99836303280725,-1.7794639259145457,5.555585761188162,0.17155783161302307,0.9400895651267882,0.17155783161302307,0.6612560610991902,0.14212574202526068,0.17998305771590342,3.093305663291807,-0.6466309900834231,0.9736371946230018,0.9142210841934886,0.998301407607792,0.9142210841934886,0.9844038334897253,0.17155783161302307,0.31936742112664845,2.9217478316787866,1.4317858982002964,3020.360771898085,0.22767682586296437,1.6195540305317067,28.497361676466156,59.838609980401024,1634.2111412633801,2.888476374877751,0.049509151909698776,6.133252397835068,1325.339363787125,0.09990497239462724,0.17522355334240314,27.26881432486885,0.18319683277558377,5.136165784845859,0.010364970514344745,3020.360771898085,0.22767682586296437,1.6195540305317067,28.497361676466156,59.838609980401024,1634.2111412633801,2.888476374877751,0.049509151909698776,1325.339363787125,0.09990497239462724,0.18319683277558377,5.136165784845859,0.010364970514344745,6.133252397835068,0.17522355334240314,27.26881432486885,3.3012118011160236,41254.75080901874,0.544912108322904,0.26506673401364067,19001.67756805664,1.4362259918661715,28.09080822623466,7.285197268488555,203.91254672496004,0.34824866014821887,0.04807597878093522,0.17122212095729114,4.822786370620842,0.008459378330886395,45.928321393405085,0.00033084508339238335,7.426504525981569,0.005355539705588458,0.015428093060020716,311.png,/mnt/wangbd8/workspace/DataSets/ThyroidAgent/train_val_test/500_TestData_Malignancy_Cls/images/311.png,/mnt/wangbd8/workspace/DataSets/ThyroidAgent/train_val_test/500_TestData_Malignancy_Cls/masks/311.png
0.918985799236827,151.82698650029343,167.6305461424021,16194.5,139.5268445346911,1253.903679018705,0.07742774886651053,16180.0,0.3597696530129004,48.0,110.0,106689835.0,2.0462315632117267,33.0,4.092344296511976,228.0,19.674175713275098,77.28881334981459,74.0,16.0,212.0,13.809894453720984,81.2030352998186,0.7860571235156765,106689835.0,0.2866258531569289,620.3722728811073,13.877963958267468,3.601201391084413,65.41605758641835,5.910819763007234,3.9367125320441096,0.29946253556749924,0.8586165440342205,0.2951628201074929,0.8909154702271372,0.212341445193691,0.1647750502795273,3.152094040333266,-0.45091697956958415,0.9167314800132427,0.8528485614922544,0.9970374804449488,0.8531352091895882,0.9731995899558341,0.29140056907998735,0.2977552956054379,2.838795082788281,1.059043766902902,1277.878975795159,0.25562692054314046,1.2786177159416678,15.303260652130426,18.126825365073014,233.33386677335466,1.873872838280178,0.09634862929376,5.013189932755697,921.2592518503701,0.18428870811169634,0.3089616810877627,7.650939429734318,0.37746532714341474,6.195335253355198,0.03568815520102276,1277.878975795159,0.25562692054314046,1.2786177159416678,15.303260652130426,18.126825365073014,233.33386677335466,1.873872838280178,0.09634862929376,921.2592518503701,0.18428870811169634,0.37746532714341474,6.195335253355198,0.03568815520102276,5.013189932755697,0.3089616810877627,7.650939429734318,3.3689617982479376,6850.726946847961,0.42340710425512734,0.41396799907101967,4637.60630407911,1.0763640044554388,14.13176761433869,6.088257107540173,82.8742892459827,0.610646559789621,0.09906489373492837,0.25128416426315064,3.790938744677929,0.02439198305888456,24.29212768944396,0.0008657947966802923,13.94898854541056,0.006369337059739401,0.05981793829514285,312.jpg,/mnt/wangbd8/workspace/DataSets/ThyroidAgent/train_val_test/500_TestData_Malignancy_Cls/images/312.jpg,/mnt/wangbd8/workspace/DataSets/ThyroidAgent/train_val_test/500_TestData_Malignancy_Cls/masks/312.jpg
0.5145759869125847,330.2685071523991,332.74164151785993,43773.5,169.9482430140918,953.7645019878182,0.021788627868180935,43774.0,0.7776235669438116,65.0,156.0,550455917.0,2.5191058748769755,51.0,3.1323364371246085,254.0,29.254928669755873,106.17693151185635,99.0,17.0,237.0,21.052236260566016,112.1380901943886,0.6920284447027927,550455917.0,0.20323988750109914,1301.4104871713955,24.697614678899082,4.757236238532109,224.57188387975015,16.7835439750189,8.435341006123224,0.1700688073394495,0.9604739783401397,0.1700688073394495,0.6578621566017713,0.1411454081095867,0.14531286534172208,3.32349875381832,-0.6803616451075187,0.9836233045268263,0.9149655963302752,0.9986059933824634,0.9149655963302752,0.9858275993883792,0.1700688073394495,0.25761467889908257,3.153429946478874,2.151352453365668,1434.2331005402557,0.18898841751749318,2.36343886777335,25.72051653709316,58.99986823033338,1395.6725523784426,3.5273313090948863,0.05915705063038026,6.364751050907542,740.506127289498,0.09757624552503597,0.17336775254717413,25.729059201564027,0.17620619934697504,4.612116077351661,0.011017754147531159,1434.2331005402557,0.18898841751749318,2.36343886777335,25.72051653709316,58.99986823033338,1395.6725523784426,3.5273313090948863,0.05915705063038026,740.506127289498,0.09757624552503597,0.17620619934697504,4.612116077351661,0.011017754147531159,6.364751050907542,0.17336775254717413,25.729059201564027,3.527658542135863,23962.07328551195,0.5474042419132806,0.26141656014250425,8896.622835473112,2.152361855134714,24.804472974825238,7.3012290400694475,179.56163476036002,0.42842636729644235,0.05874928934233334,0.1699347151784672,4.273500758948742,0.010061626182005767,24.666167624827,0.0006946104755238192,9.432704770932874,0.006577587504892344,0.040939262971527945,313.png,/mnt/wangbd8/workspace/DataSets/ThyroidAgent/train_val_test/500_TestData_Malignancy_Cls/images/313.png,/mnt/wangbd8/workspace/DataSets/ThyroidAgent/train_val_test/500_TestData_Malignancy_Cls/masks/313.png
0.5279981754346614,115.30104384362771,118.59595271340417,5332.0,60.87874077514734,986.5138520739885,0.1850176016642889,5347.0,0.26238971911907527,35.0,107.0,25459698.0,1.9451410992148486,40.0,2.510462281511514,153.0,22.644691022083663,63.53057789414625,55.0,25.0,128.0,17.25015719821751,69.0035654993112,0.7894633557230983,25459698.0,0.29184965489650744,725.3577240535453,5.078137332280979,1.9883583267561167,57.49942849609037,8.54362499545903,4.57917375002258,0.0808997632202052,0.9652796193063017,0.0808997632202052,0.4053416540951404,0.07435499153111993,0.26846961045643497,2.3404443725366995,-0.7631278124573869,0.9717581244212377,0.9595501183898973,0.9978135199129674,0.9595501183898973,0.9884428909685421,0.0808997632202052,0.4078531965272297,2.259544609316496,1.1650183783106967,168.36139332365747,0.24435615867003987,1.2393384745987646,9.029027576197388,241.38026124818578,724.933236574746,187.0647230285438,0.2596734397677794,5.660216051343638,78.70682148040639,0.11423341288883365,0.12885730316065083,181.15455183149683,0.30019720948763684,3.5190781599418095,0.045168548782035835,168.36139332365747,0.24435615867003987,1.2393384745987646,9.029027576197388,241.38026124818578,724.933236574746,187.0647230285438,0.2596734397677794,78.70682148040639,0.11423341288883365,0.30019720948763684,3.5190781599418095,0.045168548782035835,5.660216051343638,0.12885730316065083,181.15455183149683,2.7561367212428,3403.395735926688,0.6365056547459674,0.25151847250593723,1560.5201047316252,1.2380795951537453,5.492612680007481,7.771647652889471,38.5283336450346,4.212333447623798,0.504314516966939,0.16530557114061883,1.1563389647361966,0.0678079752809352,12.278006660120397,0.009296293044470775,1.356164990717423,0.006606795919528746,0.174412588769316,314.jpg,/mnt/wangbd8/workspace/DataSets/ThyroidAgent/train_val_test/500_TestData_Malignancy_Cls/images/314.jpg,/mnt/wangbd8/workspace/DataSets/ThyroidAgent/train_val_test/500_TestData_Malignancy_Cls/masks/314.jpg
0.4989969260332575,163.62753170041884,164.07315441594946,10427.5,81.64963533291841,459.6396103067898,0.04407955984721072,10428.0,0.7875489983852385,37.0,109.0,61247012.0,2.2206073629682592,40.0,6.494864914803565,229.0,24.02178663446161,69.85788262370541,63.0,11.0,218.0,16.48051433332685,76.63760810856154,1.4519295501831027,61247012.0,0.25478740810090683,993.1992119340556,12.523436744950228,3.3068522276988506,273.8967706093302,23.948416858799266,6.51328662493714,0.16062626848361844,0.9518644396327179,0.1606262684836184,0.6358056847948614,0.13482547035664696,0.18730390802075117,2.9754137679589103,-0.6567369187035617,0.9723647147108845,0.9196868657581908,0.9984096409061028,0.9196868657581908,0.9853976119560347,0.1606262684836184,0.29042234464095873,2.814787499475295,1.6684782233551898,407.07573149741825,0.23354889931005063,1.6968330662211175,13.70109007458405,69.37808376362594,759.1996557659209,10.85554557222158,0.13442967176990003,6.047443224130027,167.47619047619048,0.09608502035352294,0.16714614499424627,33.584327968377075,0.17900012625153566,2.4461446900256525,0.029534827614197588,407.07573149741825,0.23354889931005063,1.6968330662211175,13.70109007458405,69.37808376362594,759.1996557659209,10.85554557222158,0.13442967176990003,167.47619047619048,0.09608502035352294,0.17900012625153566,2.4461446900256525,0.029534827614197588,6.047443224130027,0.16714614499424627,33.584327968377075,3.201511322873424,5805.521288837745,0.5567243276599295,0.2582141424146639,2656.9230916762563,1.6721521323120352,12.656405830456464,7.364211737629459,91.4860951285002,1.0049324142891112,0.1358848541041315,0.16844073647871116,2.1888505306226826,0.02337565517748352,10.546209636762054,0.0024678198936385724,8.490225796086818,0.0059383743095469625,0.1764134986571154,315.png,/mnt/wangbd8/workspace/DataSets/ThyroidAgent/train_val_test/500_TestData_Malignancy_Cls/images/315.png,/mnt/wangbd8/workspace/DataSets/ThyroidAgent/train_val_test/500_TestData_Malignancy_Cls/masks/315.png
0.8763838155593768,166.88094217566166,188.403821617291,17664.5,146.2517568480501,1566.378859125159,0.08867382938238608,17660.0,0.3007868139980336,43.0,108.0,111899917.0,2.149389090532557,33.0,3.960619197293066,192.0,20.96248507417701,74.7495469988675,74.0,0.0,192.0,13.98722715193098,79.60118492206384,0.06927473738569899,111899917.0,0.27442908646909214,748.8538644607016,13.460246425665465,3.509996512844357,84.47428123769387,1.9334464536143807,4.679246913818615,0.11856329187492735,0.9505760808402843,0.11856329187492735,0.5252169432986582,0.10450603769470815,0.21961578014065336,2.765030673054777,-0.7106380575334795,0.9759828208417594,0.9407183540625363,0.9981759493557704,0.9407183540625363,0.9868263009027859,0.11856329187492735,0.32622341043821923,2.6464673811798516,1.1994525514233854,615.7834803528468,0.24690596646064428,1.3723669766541544,14.720930232558139,96.91339214113873,1196.107056936648,17.113910270135854,0.1199240700356593,6.2820159415951915,193.27185244587008,0.07749472832633122,0.14122310305775765,46.77291063910242,0.1864941376674803,3.0695080653584697,0.021882206275043108,615.7834803528468,0.24690596646064428,1.3723669766541544,14.720930232558139,96.91339214113873,1196.107056936648,17.113910270135854,0.1199240700356593,193.27185244587008,0.07749472832633122,0.1864941376674803,3.0695080653584697,0.021882206275043108,6.2820159415951915,0.14122310305775765,46.77291063910242,3.0665536223161975,10633.132955832389,0.6021026588806563,0.23868393680044225,4846.4176670441675,1.20579490989356,13.592129105322764,7.623782559456399,102.15362400906002,1.0256288162584777,0.13232380079249517,0.16134390335975837,2.2752736881842206,0.020652272771289212,16.343281488290113,0.0018599604595155542,3.350939874206309,0.005037963686782267,0.05744299936742097,316.jpg,/mnt/wangbd8/workspace/DataSets/ThyroidAgent/train_val_test/500_TestData_Malignancy_Cls/images/316.jpg,/mnt/wangbd8/workspace/DataSets/ThyroidAgent/train_val_test/500_TestData_Malignancy_Cls/masks/316.jpg
0.7450048665145755,266.08913601870535,302.63013729633735,39576.5,198.23770126059432,931.66399692443,0.023540838551272345,39577.0,0.7569449764579884,36.0,112.0,218972661.0,2.182705930143029,35.0,5.665391839945997,255.0,23.81233839078004,67.47714581701493,59.0,9.0,246.0,15.567336986782543,74.38296956736501,1.4110593800467153,218972661.0,0.27021895655126116,979.660954048854,11.867191467750125,3.2142712036566787,224.12733257430227,21.797160108384332,6.299845564605884,0.15723717623158964,0.9512977663311786,0.15723717623158967,0.6276588419200967,0.1325136466423057,0.20108092975400066,2.9223571561660022,-0.6575234612356498,0.9710214438979425,0.9213814118842052,0.9987111706866264,0.9213814118842052,0.9868969019807009,0.15723717623158967,0.3197308278313865,2.7651199799344157,1.614270685209369,1511.7537955861637,0.23661821812273653,1.8922137876815734,13.217561433714197,73.59602441696666,755.958522460479,11.367939654623257,0.14768319064070218,6.201803418776345,587.6930662075442,0.09198514105611899,0.16143214493266292,35.22353583490524,0.1742368713028412,2.3169365545271208,0.03202284916205278,1511.7537955861637,0.23661821812273653,1.8922137876815734,13.217561433714197,73.59602441696666,755.958522460479,11.367939654623257,0.14768319064070218,587.6930662075442,0.09198514105611899,0.1742368713028412,2.3169365545271208,0.03202284916205278,6.201803418776345,0.16143214493266292,35.22353583490524,3.148749156478257,22377.78247466963,0.5654239198188249,0.2516219042398582,10694.455643429264,1.6264987473857262,12.00320893448215,7.418677514718144,87.11233797407586,1.0612792087569736,0.14365692457291973,0.16603639038386495,2.054988447274371,0.0246544769492968,35.6973235692033,0.0006377339167746524,10.856587726424696,0.004614453764229708,0.06892559286481094,317.png,/mnt/wangbd8/workspace/DataSets/ThyroidAgent/train_val_test/500_TestData_Malignancy_Cls/images/317.png,/mnt/wangbd8/workspace/DataSets/ThyroidAgent/train_val_test/500_TestData_Malignancy_Cls/masks/317.png
0.6689888163164647,73.4670396093468,85.7962703152066,2635.0,49.14862786653175,803.5361466505738,0.3049473042317168,2651.0,0.22645912437273036,21.0,80.0,8306371.0,1.9697535880782624,32.0,2.9869726461112664,137.0,18.290528431297357,51.14334213504338,50.0,3.0,134.0,13.146884148983432,55.97586306902416,0.34112022678993814,8306371.0,0.2898492714862017,517.655801580039,7.310627821091506,2.537956503898236,37.59590939999647,2.233556741142046,3.5941551471307562,0.11653672548215017,0.9371886809884377,0.11653672548215017,0.5193231665352465,0.10295591709604814,0.23033896960903483,2.5738970112050867,-0.6914385657394598,0.9665040553242212,0.941731637258925,0.9968503587707528,0.941731637258925,0.9833518963596929,0.11653672548215017,0.31965531391054575,2.4573602857229386,0.9276729681532266,142.27309236947792,0.28568894050095966,0.9679521298043582,8.602409638554217,56.7570281124498,394.6546184738956,15.732608768406964,0.22345883534136546,5.467082789869667,60.269076305220885,0.12102224157674876,0.1878536401357978,28.419577910033713,0.3062003267381012,2.8614040826317537,0.0544155389237203,142.27309236947792,0.28568894050095966,0.9679521298043582,8.602409638554217,56.7570281124498,394.6546184738956,15.732608768406964,0.22345883534136546,60.269076305220885,0.12102224157674876,0.3062003267381012,2.8614040826317537,0.0544155389237203,5.467082789869667,0.1878536401357978,28.419577910033713,3.059482462754436,1408.9222934741606,0.5314682359389516,0.32357433000735225,768.3904187099208,0.9269263600377985,7.564692568841947,7.210486608826858,52.75971331572991,1.984789282870196,0.2654680623664026,0.19049415314975482,1.5452868938346118,0.045847857319157456,5.452503497901259,0.012147678377499072,1.7967786373306727,0.006853171126646869,0.1917002183747886,318.jpg,/mnt/wangbd8/workspace/DataSets/ThyroidAgent/train_val_test/500_TestData_Malignancy_Cls/images/318.jpg,/mnt/wangbd8/workspace/DataSets/ThyroidAgent/train_val_test/500_TestData_Malignancy_Cls/masks/318.jpg
0.4515362867518911,315.00993504685323,319.90779921721196,32750.5,142.2384163610105,2442.341412646905,0.07457417177285554,32696.0,0.2626682168829365,64.0,119.0,286244433.0,1.9530647030187336,29.0,8.511400079719568,238.0,18.63142528476998,89.9917726939075,85.0,33.0,205.0,12.045252915634196,93.56667836086827,1.6929549876092036,286244433.0,0.3164797856972962,656.2041468942581,10.669432314410482,3.108281347473487,135.53644793322866,12.86038610180388,4.1914349722078335,0.15935745477230193,0.9267455492548465,0.12554585152838427,0.5618722734102978,0.1435956939363148,0.2610255694543412,2.5504791044178767,-0.683391906927245,0.96394216901602,0.9405333749220213,0.9981105650082744,0.9416583489290914,0.987729715699148,0.10680516566160671,0.41350592638802247,2.3971554653646483,1.087698106745034,1039.1372365339578,0.2433576666355873,2.3029192284277324,14.894613583138174,132.47587822014052,1252.2248243559718,19.251661409736936,0.12799232477490952,6.407424725740232,355.9021077283372,0.08334943974902512,0.13059701492537312,73.84404148544665,0.24439011381545192,5.737333942781928,0.02396769199131187,1039.1372365339578,0.2433576666355873,2.3029192284277324,14.894613583138174,132.47587822014052,1252.2248243559718,19.251661409736936,0.12799232477490952,355.9021077283372,0.08334943974902512,0.24439011381545192,5.737333942781928,0.02396769199131187,6.407424725740232,0.13059701492537312,73.84404148544665,2.8179122267515027,20556.978957670664,0.6287306997085473,0.24325308860639305,10347.623073158797,1.1160295742784072,10.867323219965746,7.744311230731588,79.63200391485196,1.1009903731319395,0.14040042955011076,0.16275181469700678,2.1383162738221455,0.02163064341850729,29.520816379786908,0.0009507355231499565,4.691890124229209,0.0035759603106317902,0.05396386384808657,319.jpg,/mnt/wangbd8/workspace/DataSets/ThyroidAgent/train_val_test/500_TestData_Malignancy_Cls/images/319.jpg,/mnt/wangbd8/workspace/DataSets/ThyroidAgent/train_val_test/500_TestData_Malignancy_Cls/masks/319.jpg
0.7090853977970163,277.9529559533603,291.05325973092965,42459.5,197.092382341045,910.4507934888334,0.021442805343652973,42460.0,0.8022983353049596,38.0,106.0,227542911.0,2.101383344757585,35.0,4.533190355325201,209.0,21.761264360305642,67.7153791804051,62.0,12.0,197.0,14.971096244264807,73.20515423580943,1.1168192222311235,227542911.0,0.27401605545348273,773.6220291426093,11.593971798996877,3.2197170436263836,115.11722342112377,12.248696962605246,5.05436621707597,0.14479038516135134,0.9443023566172077,0.14479038516135137,0.5966482024407237,0.1238261295261789,0.207389374079545,2.8015161986136214,-0.6634910254295446,0.9685336102003892,0.9276048074193243,0.9982342635955932,0.9276048074193243,0.9855209614838648,0.14479038516135137,0.3271269045140532,2.656725813452273,1.2997891505593302,1573.9014575411913,0.24935067451539789,1.5130220506617447,12.802281368821292,93.02946768060836,927.7233840304183,13.934241009857447,0.1369709226723361,6.219260537937124,551.3434727503169,0.08734845892748999,0.14865756005652378,47.77869501591112,0.178417189725316,2.2999708407469925,0.02930816628016734,1573.9014575411913,0.24935067451539789,1.5130220506617447,12.802281368821292,93.02946768060836,927.7233840304183,13.934241009857447,0.1369709226723361,551.3434727503169,0.08734845892748999,0.178417189725316,2.2999708407469925,0.02930816628016734,6.219260537937124,0.14865756005652378,47.77869501591112,3.0340247536846583,24933.36278850683,0.5872200374118425,0.24123160442046368,11634.721714554875,1.30889808345845,11.714460668864813,7.545737164390014,86.81497880357983,1.0221892950289972,0.13558004887768335,0.16227822264091696,1.957492018631915,0.02242747726439676,47.66861954558817,0.0006234742611294047,5.9833956996635775,0.005213551303931002,0.03288536015578972,320.png,/mnt/wangbd8/workspace/DataSets/ThyroidAgent/train_val_test/500_TestData_Malignancy_Cls/images/320.png,/mnt/wangbd8/workspace/DataSets/ThyroidAgent/train_val_test/500_TestData_Malignancy_Cls/masks/320.png
0.8620804086151679,429.4657150746891,459.31470692761405,121088.0,370.23397913779326,2547.8935777509314,0.021041668685178806,121046.0,0.4841436063810075,53.0,127.0,1156127432.0,2.353230787451444,40.0,3.5088176568330622,240.0,24.32690729159853,92.69021694231945,96.0,0.0,240.0,16.64073460535017,97.72993990047327,-0.19451044630176276,1156127432.0,0.23644809449408674,959.664836135875,19.431616473873156,4.2304381066347565,135.56947182790944,-3.2378225090129638,6.257942803583906,0.11790320436112221,0.9630156675006886,0.11408057439170324,0.5147518354149998,0.10488882690758125,0.19087645966001573,2.9521870262722976,-0.7405543553151579,0.9843465366272747,0.9433123303017013,0.9988381860668849,0.9433910051854807,0.9896547326493478,0.11247140875917801,0.3039073926339583,2.83366865852143,1.5939615019862572,3025.036078870088,0.21151140252203104,1.9062581417636977,20.216543140819464,158.71458537267515,3142.310376171165,14.3467149747348,0.0969066061647394,6.832907891460645,1009.2100405537687,0.07056425958283938,0.11815342927482114,87.08254235535773,0.16377297965846888,3.537726023203458,0.01671675596408487,3025.036078870088,0.21151140252203104,1.9062581417636977,20.216543140819464,158.71458537267515,3142.310376171165,14.3467149747348,0.0969066061647394,1009.2100405537687,0.07056425958283938,0.16377297965846888,3.537726023203458,0.01671675596408487,6.832907891460645,0.11815342927482114,87.08254235535773,3.181974695566682,78336.295276176,0.6471613706869785,0.20513423506804052,28621.096046131224,1.6173035186132472,19.474885580688333,7.843134015167787,151.92504502420567,0.76192810217184,0.09708576580512172,0.15146904666178332,2.99166203114702,0.01477897535926382,56.67562079855373,0.0003268818792065111,5.201824282844939,0.0040283612086470764,0.01693875796192723,321.jpg,/mnt/wangbd8/workspace/DataSets/ThyroidAgent/train_val_test/500_TestData_Malignancy_Cls/images/321.jpg,/mnt/wangbd8/workspace/DataSets/ThyroidAgent/train_val_test/500_TestData_Malignancy_Cls/masks/321.jpg
0.6846072233012862,82.70411690714215,90.95603333479313,3489.5,56.61983583138355,1003.1585130146609,0.28747915547060066,3513.0,0.2087454270872824,52.0,121.0,27974869.0,2.1964362981947847,40.0,4.085301888687917,208.0,22.57929342025865,84.60091090236266,81.0,22.0,186.0,16.2995787292654,89.23699882022075,0.7876149092802134,27974869.0,0.25520394380791644,805.9278329305756,16.10505237215034,3.854898336414048,108.46687925542477,8.72393341685001,5.104937913063482,0.12569316081330867,0.9519395808887937,0.12569316081330867,0.5455072278294819,0.10989439013806837,0.20751707680223708,2.814908400194562,-0.70376478731552,0.9761928126142143,0.9371534195933456,0.9984671565754474,0.9371534195933456,0.9874306839186691,0.12569316081330867,0.3046826863832409,2.689215239381256,1.3076577684691981,145.6725925925926,0.21581124828532236,1.7528801097393691,19.41777777777778,55.16,814.2103703703704,4.866986851805194,0.08182327015854353,5.803035957398587,83.97481481481482,0.12440713305898492,0.19214346712211786,28.073758024691355,0.32448247051901946,7.086308519344333,0.025227150433046807,145.6725925925926,0.21581124828532236,1.7528801097393691,19.41777777777778,55.16,814.2103703703704,4.866986851805194,0.08182327015854353,83.97481481481482,0.12440713305898492,0.32448247051901946,7.086308519344333,0.025227150433046807,5.803035957398587,0.19214346712211786,28.073758024691355,3.2855433580345967,1850.2707087959009,0.5266924875593227,0.33794837425854873,896.5314545972103,1.3505023713717883,16.576715058354683,7.179903216623968,114.1019072018218,0.6341378027421023,0.08703370492222781,0.19544865104216086,3.5570262833285886,0.016498074469315453,2.4217481393775366,0.010223591964309102,4.477640783534311,0.004549087596897096,0.38968739851577444,322.jpg,/mnt/wangbd8/workspace/DataSets/ThyroidAgent/train_val_test/500_TestData_Malignancy_Cls/images/322.jpg,/mnt/wangbd8/workspace/DataSets/ThyroidAgent/train_val_test/500_TestData_Malignancy_Cls/masks/322.jpg
0.9589718700904789,136.772539529677,145.49914089093448,13859.5,131.1610180097983,515.4386001800132,0.037190273832390285,13860.0,0.8096583041578473,49.0,129.0,124484954.0,2.4095773084141245,42.0,6.659177888929342,255.0,26.315748705359095,87.72150072150072,83.0,18.0,237.0,17.32093772964272,94.77129529925405,1.4574530585469843,124484954.0,0.23045393118986193,1286.5367238661609,18.143127823932375,4.016469902346596,469.2902567735964,34.82060657812798,8.232408629083128,0.18801923917796237,0.9553421174981717,0.18772773648156243,0.6981014407611074,0.15277753613347145,0.16241272843273583,3.2522306265764978,-0.6446306228551846,0.9770679089776213,0.9061652820288589,0.9984589733848482,0.9061847155419522,0.9843578905668982,0.18747267162221248,0.2735752805713453,3.0628533794964503,2.1051069670652724,533.1327433628319,0.19658286997154567,2.7530559036207483,20.89085545722714,45.18141592920354,747.5840707964602,4.0511223977188875,0.08588359902309786,6.133363991133624,293.7153392330383,0.10830211623637107,0.19567099567099566,19.062984572010336,0.22162472358311583,5.620431129497069,0.01877442396848775,533.1327433628319,0.19658286997154567,2.7530559036207483,20.89085545722714,45.18141592920354,747.5840707964602,4.0511223977188875,0.08588359902309786,293.7153392330383,0.10830211623637107,0.22162472358311583,5.620431129497069,0.01877442396848775,6.133363991133624,0.19567099567099566,19.062984572010336,3.476536667242922,7187.416883116883,0.5185726466895298,0.29403759299863197,3194.0914862914865,2.139273814208879,18.351226551226553,7.099134199134199,125.79567099567099,0.629326622593262,0.08806827224502078,0.18252765752765754,3.6364999198332533,0.0159082918102189,10.409828009139993,0.0018641688059998795,10.813520367306769,0.006920437132151512,0.14304767054158782,323.png,/mnt/wangbd8/workspace/DataSets/ThyroidAgent/train_val_test/500_TestData_Malignancy_Cls/images/323.png,/mnt/wangbd8/workspace/DataSets/ThyroidAgent/train_val_test/500_TestData_Malignancy_Cls/masks/323.png
0.5244335307119623,410.4506263142,403.1935019317648,68886.5,215.2540711408922,1149.1787155501909,0.016682205011870118,68887.0,0.8096259472324686,63.0,166.0,976584672.0,2.68392967836094,53.0,2.8356327639351986,255.0,31.355581548676593,112.5117366121329,109.0,12.0,243.0,22.338995788064164,119.06560302367737,0.3663635754972483,976584672.0,0.17840614036649208,1517.726947913962,27.568976311459892,5.015738974709898,273.9640646739162,11.220727662646654,9.828340996656443,0.18298560051249946,0.9634442850832085,0.1828982426510199,0.6868706356594455,0.14953383334766804,0.12340469173081048,3.5370019926448073,-0.6821987216151442,0.9870768052800273,0.9085596144606379,0.9985001523988922,0.9085654383180699,0.9847590397653733,0.18282180452222527,0.2015928250076438,3.353552032124606,2.502831649292235,2190.937162109222,0.17166317966851227,2.670938908807718,29.36848703282927,51.10373736582308,1289.9481313170884,3.2002177704238735,0.05550346653227029,6.390406910033441,1343.7089242341142,0.10528158929986008,0.18527443494418394,21.971824307596915,0.18566669533664257,5.639907575128155,0.010841216319260476,2190.937162109222,0.17166317966851227,2.670938908807718,29.36848703282927,51.10373736582308,1289.9481313170884,3.2002177704238735,0.05550346653227029,1343.7089242341142,0.10528158929986008,0.18566669533664257,5.639907575128155,0.010841216319260476,6.390406910033441,0.18527443494418394,21.971824307596915,3.7227436794207898,36609.4851713676,0.5314425823648526,0.27226282966640325,12289.863791426538,2.5027917598308806,27.641325649251673,7.186276075311742,195.5373582824045,0.4152365053558925,0.057296857481165406,0.17449913949253448,4.942571812452923,0.009955691836368883,36.31465010513138,0.00046968619061985684,9.380223967216422,0.008038255411563883,0.0243626512886495,324.png,/mnt/wangbd8/workspace/DataSets/ThyroidAgent/train_val_test/500_TestData_Malignancy_Cls/images/324.png,/mnt/wangbd8/workspace/DataSets/ThyroidAgent/train_val_test/500_TestData_Malignancy_Cls/masks/324.png
0.2683129828028942,489.64335234027396,457.0525133942488,44492.5,131.37766837602737,2579.9078631008015,0.05798523038940948,44470.0,0.28983053626708566,40.0,121.0,323922418.0,2.407867074461765,43.0,3.087099020722939,235.0,25.227938192566487,79.23696874297279,78.0,0.0,235.0,17.688414886471392,85.34674022487015,0.24256878275983593,323922418.0,0.21839943741366027,1005.5688514366213,15.005107275587681,3.687452974304019,115.62753815951022,3.7489790774365126,6.148257404114048,0.5170660525775782,0.8448489241558195,0.45509473540208395,1.1364599539647795,0.3099548343868853,0.09268997361739625,3.891312458606479,-0.3805047698107761,0.9161623521380087,0.7785322517967104,0.9949288028042244,0.7820548315543643,0.9590853211860303,0.40691264430713575,0.17522059326478032,3.3058479725945196,1.6663308641729062,4166.238878543348,0.21550997716446035,1.7215811861251675,16.613387130146908,8.915890751086282,119.22863645768673,1.4513679814926639,0.11246754062051975,4.661968835326066,5585.913407821229,0.2889464829206098,0.4347200359793119,3.624367777841568,0.5339342040466761,9.317370751740114,0.0571286889989401,4166.238878543348,0.21550997716446035,1.7215811861251675,16.613387130146908,8.915890751086282,119.22863645768673,1.4513679814926639,0.11246754062051975,5585.913407821229,0.2889464829206098,0.5339342040466761,9.317370751740114,0.0571286889989401,4.661968835326066,0.4347200359793119,3.624367777841568,3.8842846778927473,16605.91639307398,0.3734184032622888,0.5045641793971615,9712.222981785473,1.6787010453023692,15.318326961996851,5.043849786372836,72.52574769507534,0.7108280878871632,0.12864619377304762,0.3513542213227394,5.811189815855882,0.04068743763683671,83.05306013958244,0.0002768899043525013,18.96491854797467,0.01433038500707112,0.015446088352267752,325.jpg,/mnt/wangbd8/workspace/DataSets/ThyroidAgent/train_val_test/500_TestData_Malignancy_Cls/images/325.jpg,/mnt/wangbd8/workspace/DataSets/ThyroidAgent/train_val_test/500_TestData_Malignancy_Cls/masks/325.jpg
0.4834701323949793,382.2708409322875,379.0118731649445,54319.5,184.81653407627311,2098.930157677346,0.03864045430604748,54292.0,0.39362695105081874,39.0,136.0,480206322.0,2.5479102504491724,50.0,2.5491437534663355,232.0,28.875058358243678,87.01340897369778,86.0,0.0,232.0,20.840865110468002,94.04723168372362,0.2322968830023342,480206322.0,0.19197795894309988,1273.5484461479991,18.02639454264949,4.001171025483745,173.15143792312057,5.478547386915967,8.24769428616848,0.1795944162530902,0.9573778892370252,0.17952006542872545,0.6794530446940943,0.14736696236155636,0.13351347718958834,3.3830509946374736,-0.6717143841071955,0.983534697703828,0.9102474023680739,0.9982218799328472,0.9102523590896981,0.9836805573157551,0.17945500845740628,0.2335917024480009,3.2030188948199076,2.1068221756053926,1929.2620947876637,0.19009381168466488,2.1295245331699277,19.29943836831215,60.83476204552173,985.3933392452458,7.70112641182163,0.10476570934223929,6.216370141010831,1171.9386146418367,0.11547330915773343,0.18693361821262802,32.217691387002496,0.2598622411413264,5.135785064894577,0.029176643423323035,1929.2620947876637,0.19009381168466488,2.1295245331699277,19.29943836831215,60.83476204552173,985.3933392452458,7.70112641182163,0.10476570934223929,1171.9386146418367,0.11547330915773343,0.2598622411413264,5.135785064894577,0.029176643423323035,6.216370141010831,0.18693361821262802,32.217691387002496,3.6218755706603147,28800.994805864582,0.5304832167881932,0.30205634043763635,10422.867346938776,2.10834311412404,18.139744345391588,7.198629632358358,128.5281256907095,0.7856240528920841,0.10819388673727688,0.18380444837381402,3.4294258618007976,0.01982092542240274,41.709062177100165,0.000556246019258128,8.160308998187991,0.008226640678366561,0.02642733413622538,326.jpg,/mnt/wangbd8/workspace/DataSets/ThyroidAgent/train_val_test/500_TestData_Malignancy_Cls/images/326.jpg,/mnt/wangbd8/workspace/DataSets/ThyroidAgent/train_val_test/500_TestData_Malignancy_Cls/masks/326.jpg
0.4383472993210012,259.51760022900316,254.77244748991205,23134.5,113.75883918665077,698.2670273047594,0.030182931435940235,23135.0,0.772170944853125,75.0,151.0,292684694.0,2.2999094787527525,36.0,3.331297737861476,221.0,23.147469212783015,108.4292197968446,104.0,20.0,201.0,15.281791898844626,112.47739613947701,0.5359446226036602,292684694.0,0.24578742834423578,894.2689365643973,24.947352417358065,4.849528691194995,114.79243102903045,7.309569904669276,5.883283503983228,0.16558794144476782,0.9452499716885446,0.16558794144476785,0.6475116451406374,0.138168575092852,0.1776170955700193,3.0844611213847606,-0.6581412509124202,0.9754356552310204,0.9172060292776161,0.9979806348604296,0.9172060292776161,0.9834412058555232,0.16558794144476785,0.2765301246687807,2.918873179939995,1.5122178613569985,895.8512480896587,0.22818422009415656,1.6743117516126798,25.12990320937341,61.53260315843097,1541.9416709118696,3.114141192601359,0.054969476814517804,6.166175688297718,370.0723382577687,0.09426193027452082,0.16969958936676033,26.80790997436269,0.17298650051483355,4.313287727886204,0.010195355516480936,895.8512480896587,0.22818422009415656,1.6743117516126798,25.12990320937341,61.53260315843097,1541.9416709118696,3.114141192601359,0.054969476814517804,370.0723382577687,0.09426193027452082,0.17298650051483355,4.313287727886204,0.010195355516480936,6.166175688297718,0.16969958936676033,26.80790997436269,3.2979439282911707,12787.013313161877,0.5527129160649179,0.2583547719293018,5686.292154743895,1.5145747479965204,25.05143721633888,7.337151502053167,183.6599524529933,0.3825150891760941,0.05263685231034356,0.1686838124054463,4.2254736690440176,0.009071131350831006,18.149498376998952,0.0011170759312265576,5.679091425092373,0.0068931099852085715,0.038955122156397105,327.png,/mnt/wangbd8/workspace/DataSets/ThyroidAgent/train_val_test/500_TestData_Malignancy_Cls/images/327.png,/mnt/wangbd8/workspace/DataSets/ThyroidAgent/train_val_test/500_TestData_Malignancy_Cls/masks/327.png
0.7493526756668503,186.5567964756255,191.0026177831079,20181.5,139.796834602846,600.3675323681476,0.029748409799477127,20182.0,0.8388116534400576,31.0,110.0,111376693.0,2.2918927935280777,43.0,2.350838188702555,151.0,24.354826990548922,68.23025468239025,65.0,0.0,151.0,18.07440267323254,74.28738285344257,0.2613462114038673,111376693.0,0.2265137471975983,863.2475971901165,11.848283775693476,3.2348333665934943,78.7260476384544,2.9644274259135215,5.7052762609148715,0.16872879664737575,0.9425506805002992,0.16872879664737575,0.6547885259899401,0.14025938982930428,0.16082113114867105,3.088176160594248,-0.6525377117533067,0.9745585835051279,0.9156356016763122,0.9966254240670525,0.9156356016763122,0.9789089004190781,0.16872879664737575,0.261424865296348,2.919447363946874,1.4685012643905617,778.6619318181819,0.22121077608471074,1.5319917839617767,12.311647727272728,58.01590909090909,676.0607954545454,10.12775539837147,0.17281537311894454,6.068261543538394,350.6596590909091,0.09961922133264463,0.17441284312753938,25.142626226756192,0.17904274345528476,2.29375431071571,0.031096311038661215,778.6619318181819,0.22121077608471074,1.5319917839617767,12.311647727272728,58.01590909090909,676.0607954545454,10.12775539837147,0.17281537311894454,350.6596590909091,0.09961922133264463,0.17904274345528476,2.29375431071571,0.031096311038661215,6.068261543538394,0.17441284312753938,25.142626226756192,3.3056532004390666,11018.290555940937,0.5459464154167544,0.2626234847271948,4571.500445941929,1.4679140954957297,11.966901199088296,7.291348726588049,86.6917054801308,1.2692394544115668,0.17381633259784937,0.17039936577147954,2.0675079003292263,0.029611913031948447,37.47350188839673,0.0013311892624698984,3.4189483746539553,0.011652998131987917,0.02515459739906751,328.png,/mnt/wangbd8/workspace/DataSets/ThyroidAgent/train_val_test/500_TestData_Malignancy_Cls/images/328.png,/mnt/wangbd8/workspace/DataSets/ThyroidAgent/train_val_test/500_TestData_Malignancy_Cls/masks/328.png
0.7870886434343969,227.6620833143328,225.78751072634643,31856.5,179.19024031732684,757.2375900532368,0.023770269491414208,31857.0,0.8355487559727104,61.0,183.0,508610100.0,2.8733169123263855,70.0,2.7034843119817427,255.0,38.47707609836238,117.35731550365696,114.0,21.0,234.0,28.697117499462852,126.35430762603607,0.5149885667789538,508610100.0,0.15389190308743161,2192.6715534300743,30.636627631703547,5.208105804741012,565.234615316054,28.874166546241824,14.231237452017611,0.18219121871153057,0.9747192395544962,0.18219121871153063,0.6848472233008167,0.14899757853593784,0.10704556363632622,3.7210030171498367,-0.7050046292511202,0.9912635386021151,0.9089043906442347,0.9985066293548235,0.9089043906442347,0.9848173984407058,0.18219121871153063,0.16921814336668667,3.5388117984383096,3.6033571676822858,880.5780094149294,0.14804606748737884,3.6218996320498347,31.64172831203766,49.942333557498316,1486.904505716207,2.930845065975949,0.05669373906713816,6.5359494506412235,624.7333557498318,0.1050325076916328,0.18670935744106476,21.256476410215598,0.19068351988660132,6.206821766319276,0.011595012711906265,880.5780094149294,0.14804606748737884,3.6218996320498347,31.64172831203766,49.942333557498316,1486.904505716207,2.930845065975949,0.05669373906713816,624.7333557498318,0.1050325076916328,0.19068351988660132,6.206821766319276,0.011595012711906265,6.5359494506412235,0.18670935744106476,21.256476410215598,3.913415306078304,16872.716985277963,0.529639231103932,0.275663463846633,4902.534356656308,3.5988873903794008,30.719779012461938,7.174592711178077,218.76341149511882,0.40693471522818053,0.05668102583938079,0.17571229766351715,5.4709814343960685,0.010050405661878396,17.228870506614292,0.0011821133416149668,8.948375724503906,0.011614349778356304,0.05535118383292404,329.png,/mnt/wangbd8/workspace/DataSets/ThyroidAgent/train_val_test/500_TestData_Malignancy_Cls/images/329.png,/mnt/wangbd8/workspace/DataSets/ThyroidAgent/train_val_test/500_TestData_Malignancy_Cls/masks/329.png
0.5846552702146721,148.8556318745032,147.80054127099805,10149.5,87.02922967656342,438.8111831820435,0.04323475867599818,10150.0,0.8138597465711145,80.0,182.0,209840475.0,2.592126131274142,48.0,2.8289565799063228,231.0,30.091940886699515,138.72561576354678,144.0,29.0,202.0,21.01797141195666,143.78434693542033,-0.547254360052325,209840475.0,0.19312041544322847,1429.1419546700963,27.938990461049283,5.066027424483306,240.081051345499,-14.272568791283993,9.296452613843737,0.1990262321144674,0.958079790320594,0.1988275039745628,0.7206099912755685,0.15949385577771263,0.12976308738540748,3.489402185813693,-0.6553050901477316,0.9831879602809418,0.9006061208267089,0.9975730218994417,0.9006193693693693,0.9801190562219974,0.19865361685214628,0.22992845786963434,3.28943793428607,2.373869711489551,383.928092042186,0.18404990030785523,2.439072886034735,27.506232023010547,41.09108341323106,1184.652924256951,2.543208531175334,0.07484257610575923,6.061304758246452,254.20997123681687,0.12186479925063129,0.20551724137931035,17.415348085993553,0.20032811636355144,5.257945681971081,0.018247817548703183,383.928092042186,0.18404990030785523,2.439072886034735,27.506232023010547,41.09108341323106,1184.652924256951,2.543208531175334,0.07484257610575923,254.20997123681687,0.12186479925063129,0.20032811636355144,5.257945681971081,0.018247817548703183,6.061304758246452,0.20551724137931035,17.415348085993553,3.671840268314071,5158.75842364532,0.5082520614428887,0.28839055546118564,1960.1722167487685,2.363152670533136,28.055566502463055,6.991133004926108,197.14660098522168,0.4647828465248534,0.06819815236804447,0.1823481116584565,5.047066228790366,0.01332110028573249,7.2905020631639434,0.00277793324776934,6.19078420516886,0.01252716672912612,0.08395553532327428,330.png,/mnt/wangbd8/workspace/DataSets/ThyroidAgent/train_val_test/500_TestData_Malignancy_Cls/images/330.png,/mnt/wangbd8/workspace/DataSets/ThyroidAgent/train_val_test/500_TestData_Malignancy_Cls/masks/330.png
0.8130764318304612,217.69158613769446,240.40174708183798,29619.0,176.9998980963501,1645.2316728675316,0.05554649626481419,29611.0,0.3708199288336087,53.0,119.0,237326097.0,2.143581610204068,34.0,3.6103343535527275,236.0,20.61133777035253,85.62868528587349,85.0,16.0,220.0,14.497384879022663,89.52538788608588,0.2751030714148255,237326097.0,0.26571559857859095,682.5233323669643,16.571472708547887,3.9494164092001376,65.17686147363732,2.3817510690225565,4.235182297144716,0.3408513559903879,0.8510276008320586,0.3331616889804326,0.9444267120268578,0.22985464498609348,0.1384475224937774,3.341821295621932,-0.4332460870256313,0.9178661595770868,0.8341881222107793,0.9966296265212357,0.8347007666781097,0.9697708287821574,0.3264332303467216,0.2594576038448335,2.9792619852858646,1.1440084132837762,2564.730990669049,0.25458913943508527,1.2673853448743742,17.687016081000596,14.749950367282112,226.37462775461583,1.3671880173201054,0.08404373382434835,4.893774085564736,2088.6478062338692,0.20733053466685222,0.3402114079227314,6.110178889046153,0.4155501730669086,7.5813461448113495,0.03560628373508079,2564.730990669049,0.25458913943508527,1.2673853448743742,17.687016081000596,14.749950367282112,226.37462775461583,1.3671880173201054,0.08404373382434835,2088.6478062338692,0.20733053466685222,0.4155501730669086,7.5813461448113495,0.03560628373508079,4.893774085564736,0.3402114079227314,6.110178889046153,3.5217704924590967,12087.826449630205,0.40822081151025646,0.438514103081477,7868.1045895106545,1.162007943553913,16.75985275742123,5.8189524163317685,94.71534227145318,0.503831485194275,0.08562831985415252,0.2731623758438118,4.771158615979798,0.023293677565786593,42.40602705199501,0.00045173350118558875,14.466101722852265,0.007517979790827197,0.02741291067329283,331.jpg,/mnt/wangbd8/workspace/DataSets/ThyroidAgent/train_val_test/500_TestData_Malignancy_Cls/images/331.jpg,/mnt/wangbd8/workspace/DataSets/ThyroidAgent/train_val_test/500_TestData_Malignancy_Cls/masks/331.jpg
0.7646986132997338,62.232638363635296,69.85699678629192,2229.5,47.58921225865572,613.1097397793804,0.27499876195531753,2251.0,0.27300490818947765,7.0,74.0,6751899.0,2.0487419428109934,35.5,15.547215942881637,255.0,24.277442218779907,40.55575299866726,34.0,0.0,255.0,15.29556394155295,54.767790571206476,2.90923679689183,6751899.0,0.2914053105574678,1354.7417827626246,5.982926829268294,2.1239024390243904,689.2676949563112,51.70604712340213,7.457617132659131,1.5697560975609757,0.652223064776795,0.5053658536585367,1.3004783597491176,1.3143614515169542,0.17633622843545504,3.336940760098493,-0.3518463613783292,0.871451439755817,0.8170424205161471,0.9898312130882183,0.8254698553479043,0.9629924924283265,0.2586798915681901,0.3229268292682927,2.767083598375563,2.2568433075550267,198.74498229043684,0.23464578782814266,3.3536880635732196,10.599763872491145,17.961038961038962,61.04250295159386,12.740532915795539,0.35169092445354927,4.59296700146924,283.91617473435656,0.3352020953180125,0.37627721012883164,10.898120876654739,0.5990825233950597,8.023404705507115,0.18041222583797836,198.74498229043684,0.23464578782814266,3.3536880635732196,10.599763872491145,17.961038961038962,61.04250295159386,12.740532915795539,0.35169092445354927,283.91617473435656,0.3352020953180125,0.5990825233950597,8.023404705507115,0.18041222583797836,4.59296700146924,0.37627721012883164,10.898120876654739,3.4344371656296753,819.5597512216792,0.36408696189323825,0.5958120000371028,655.95335406486,2.182811489478688,6.823189693469569,5.646823633940471,27.23456241670369,3.196528575798875,0.4886634294441684,0.3407868108001382,3.6108643072214814,0.1282995033975827,7.460044571792423,0.0048032604984636395,30.204088913554912,0.016925802915064337,0.6181391603731676,332.jpg,/mnt/wangbd8/workspace/DataSets/ThyroidAgent/train_val_test/500_TestData_Malignancy_Cls/images/332.jpg,/mnt/wangbd8/workspace/DataSets/ThyroidAgent/train_val_test/500_TestData_Malignancy_Cls/masks/332.jpg
0.618595745923747,382.5493651886592,380.00131578719567,70736.5,236.64340991153452,2126.0184694319246,0.030055465981946018,70717.0,0.44346534038030383,0.0,65.0,106310539.0,1.5260374882040664,35.0,8.234382436571153,228.0,24.327159395276688,21.530848310872916,4.0,0.0,228.0,15.302860009826315,38.77271793753565,2.069446140567234,106310539.0,0.495758594938722,1039.7462272778798,3.91121588513475,1.618155660646117,293.8509076563538,30.043569148546798,5.247957312685343,0.07680474047062845,0.9711518600441096,0.07085066377984159,0.3754612689920321,0.07178492391258429,0.47122293328810205,1.888661879714315,-0.7568861243681099,0.9485401492359987,0.9651700757791579,0.999243667497214,0.9655100374147721,0.9936033403285981,0.06617896099620786,0.6677254857273089,1.7999558183088538,1.3311905132889927,1141.0385341896488,0.21553429055339038,2.314393631783934,9.747072157159048,1208.5188893086513,1586.8949754438988,1165.82348831249,0.3292279854423824,6.629746363268248,482.74574990555345,0.091187334700709,0.07486177298245118,1030.0839970162458,0.2541304408672527,3.014002681807782,0.058864551028476784,1141.0385341896488,0.21553429055339038,2.314393631783934,9.747072157159048,1208.5188893086513,1586.8949754438988,1165.82348831249,0.3292279854423824,482.74574990555345,0.091187334700709,0.2541304408672527,3.014002681807782,0.058864551028476784,6.629746363268248,0.07486177298245118,1030.0839970162458,2.0577100652212463,53917.139089610704,0.7624353279920062,0.1560123746103994,35058.5605582816,1.3445049525822899,3.9793826095564007,8.280088239037289,28.859425597805338,6.34731471925304,0.7318965120677694,0.14067731631400904,0.7492862787982774,0.09021900416733987,48.82026059348045,0.0010339492907943013,3.807991978656133,0.0018682922070660003,0.11136972298224875,333.jpg,/mnt/wangbd8/workspace/DataSets/ThyroidAgent/train_val_test/500_TestData_Malignancy_Cls/images/333.jpg,/mnt/wangbd8/workspace/DataSets/ThyroidAgent/train_val_test/500_TestData_Malignancy_Cls/masks/333.jpg
0.7552631423375916,228.52941518266383,235.47823678633233,30212.5,172.5998442274308,1728.8641404993773,0.05722347175835754,30195.0,0.3563997554040014,46.0,127.0,243867409.0,2.3637553364119204,42.0,4.105995903700977,255.0,25.46573888700101,83.84570293094883,79.0,18.0,237.0,17.8972104171277,89.86888740454995,0.9028505294988263,243867409.0,0.2270749023547636,1046.315023346756,16.37574064099111,3.8476972798276323,177.5544641855824,14.667450686300844,6.582612778607624,0.2987476434150283,0.9131719238367644,0.2935631564772421,0.8913497983657177,0.21256831657414654,0.12913520945489712,3.477744825623648,-0.518708332073757,0.9552261250553313,0.8537368704551574,0.9975532886226064,0.8540825029176765,0.9755696375175232,0.2890267304066792,0.23680312415836252,3.1633226426540153,1.7203401055056629,1939.3061090431356,0.2123172880493908,1.9255135289775294,18.891723231880885,19.45576965185023,274.10148894241297,2.176272532744768,0.08511715103768386,5.319277284807378,1650.3199036566673,0.18067877202284513,0.30250041397582383,8.527584276803404,0.37602778949922877,7.817612738687762,0.029974672641032714,1939.3061090431356,0.2123172880493908,1.9255135289775294,18.891723231880885,19.45576965185023,274.10148894241297,2.176272532744768,0.08511715103768386,1650.3199036566673,0.18067877202284513,0.37602778949922877,7.817612738687762,0.029974672641032714,5.319277284807378,0.30250041397582383,8.527584276803404,3.675875677151531,12847.341645967876,0.4254791073345877,0.413573269580371,6856.526676602087,1.7602203154793286,16.756184798807748,6.149594303692664,97.37072362974003,0.6075552683746057,0.09458748759967642,0.24848852826994905,4.583635995657853,0.021862595588679288,33.85910581545059,0.0005752389494397445,16.381571711267714,0.008369585404677185,0.04537529423528928,334.jpg,/mnt/wangbd8/workspace/DataSets/ThyroidAgent/train_val_test/500_TestData_Malignancy_Cls/images/334.jpg,/mnt/wangbd8/workspace/DataSets/ThyroidAgent/train_val_test/500_TestData_Malignancy_Cls/masks/334.jpg
0.8093675720798241,325.3632290404869,344.8593916366495,66511.5,263.3384467325506,2294.025612106865,0.03449066119553559,66474.0,0.3985245140021144,14.0,83.0,151765986.0,1.8551603474422698,28.0,7.1068563601916726,214.0,23.762786824171883,34.84255498390348,19.0,1.0,213.0,14.015039222564209,47.781669226510566,2.0426312769978403,151765986.0,0.3828912773367691,1069.0842762653301,5.129462182575263,1.8577572451104052,320.51855996357193,35.04548981104035,6.893613228225666,0.1808124249654271,0.9488827973239446,0.13677187970153337,0.5964844910260416,0.1621058778883364,0.34162535504919533,2.446110038058283,-0.666702278404484,0.9557128538839921,0.9357239416734292,0.9978805061726248,0.937014016584857,0.9866828550080075,0.11450386000638269,0.5444128687141924,2.2593219435125507,1.7686064132977735,1606.280873061459,0.18452393716961044,2.9401263245686935,12.136243538196439,521.4541068351522,744.7935669155657,493.4924029445644,0.2991391746329864,6.0435262056338175,1374.8662837449742,0.15793983730556854,0.13095345548635556,463.14101423221615,0.37393856383401075,5.640565934028027,0.08434387322562185,1606.280873061459,0.18452393716961044,2.9401263245686935,12.136243538196439,521.4541068351522,744.7935669155657,493.4924029445644,0.2991391746329864,1374.8662837449742,0.15793983730556854,0.37393856383401075,5.640565934028027,0.08434387322562185,6.0435262056338175,0.13095345548635556,463.14101423221615,2.6300815974233753,42515.10716972049,0.6395749792357989,0.272109406383926,25452.314769684388,1.8315676623521224,5.3577639377801844,7.769263170562927,33.55230616481632,5.354809545791513,0.6366157070658504,0.1715641537376351,1.4111599188320916,0.08681138508872148,102.54429747964386,0.0006047573645566715,5.207330281955656,0.006129809068114413,0.04100795486745432,335.jpg,/mnt/wangbd8/workspace/DataSets/ThyroidAgent/train_val_test/500_TestData_Malignancy_Cls/images/335.jpg,/mnt/wangbd8/workspace/DataSets/ThyroidAgent/train_val_test/500_TestData_Malignancy_Cls/masks/335.jpg
0.8196513015132978,395.0075090602209,472.4785709426407,94499.5,323.76841890873584,2683.7270555095574,0.028399378361891412,94477.0,0.4060517091603919,17.0,68.0,219614682.0,1.780767024605197,28.0,4.5792667048032065,179.0,16.21819944027764,43.52892238322555,43.0,0.0,179.0,11.504382727616544,48.213386602383174,0.5814999326249811,219614682.0,0.3320064954065224,429.76356382598755,5.803111130078525,2.2582419341072035,35.21588005398753,2.771421014144185,2.889985195711087,0.07616720723796518,0.9486424182639855,0.07616720723796516,0.38852797741895034,0.07036576377953405,0.28769124382016814,2.2149346121950932,-0.7524770734100334,0.964824230400083,0.9619163963810174,0.9988281968117236,0.9619163963810174,0.9915369769735595,0.07616720723796516,0.4073169170365312,2.1387674049571297,0.741538100737263,2331.3362068965516,0.2955547929635588,1.0242006241539772,7.105476673427992,326.5650354969574,1715.4690669371196,115.63117746254393,0.295474218602671,6.819788613173961,392.00659229208924,0.04969657610193829,0.08349122008531176,183.10914528487567,0.12500528656603158,1.111455714785786,0.03191558249294847,2331.3362068965516,0.2955547929635588,1.0242006241539772,7.105476673427992,326.5650354969574,1715.4690669371196,115.63117746254393,0.295474218602671,392.00659229208924,0.04969657610193829,0.12500528656603158,1.111455714785786,0.03191558249294847,6.819788613173961,0.08349122008531176,183.10914528487567,2.4441039521109977,68836.8675656509,0.7286097946129841,0.1522241923840537,31366.977666522012,0.7494665115151056,5.869703737417573,8.178212686685649,47.015231220297004,2.7581696411545487,0.33350083854348217,0.13831349899387624,0.853752177190686,0.04493407646822679,95.16710828777616,0.00044675816111641714,2.858646761776847,0.0020251288009288638,0.02463247154915508,336.jpg,/mnt/wangbd8/workspace/DataSets/ThyroidAgent/train_val_test/500_TestData_Malignancy_Cls/images/336.jpg,/mnt/wangbd8/workspace/DataSets/ThyroidAgent/train_val_test/500_TestData_Malignancy_Cls/masks/336.jpg
0.13385991579520565,304.03217478360637,196.70282153543198,2184.0,40.697721315566795,724.9087296526038,0.3319179165076025,2196.0,0.22853247301852556,66.0,119.0,20619553.0,1.9723999704227446,34.0,9.41392256914336,232.0,20.642536852896974,92.60610200364299,87.0,51.0,181.0,14.059283429560812,96.89992819289758,2.0552722095007367,20619553.0,0.2939120142268938,813.7059554795769,5.738886050076648,2.1249361267245783,239.47087442923888,22.295219317062916,5.17977131735481,0.2856412876852325,0.8954731112444015,0.1793561573837506,0.7105789794442876,0.2534726564937678,0.24072567874085898,2.647120488584849,-0.6261123065581915,0.9541632827692259,0.9208061558808501,0.9958629279905371,0.9242803610969171,0.9811585450829191,0.12081275194458636,0.32652018395503324,2.41909092035721,1.3663531512600104,129.22912621359222,0.250930342162315,2.287740597605806,10.401941747572815,47.53398058252427,217.45631067961165,22.556871606895186,0.27914339376527314,5.033710951868288,118.09126213592234,0.22930342162315015,0.23451730418943534,29.351622207559615,0.48173386725166695,6.362502936382989,0.0930367852838911,129.22912621359222,0.250930342162315,2.287740597605806,10.401941747572815,47.53398058252427,217.45631067961165,22.556871606895186,0.27914339376527314,118.09126213592234,0.22930342162315015,0.48173386725166695,6.362502936382989,0.0930367852838911,5.033710951868288,0.23451730418943534,29.351622207559615,3.111649614919114,1052.7440801457194,0.4793916576255553,0.44303021556000144,645.4307832422586,1.4294337112351985,6.2750455373406195,6.848816029143898,34.69945355191257,3.1949892610353188,0.4236813003130821,0.2355292450920866,2.1749139850232746,0.0764120301172314,3.946444017299375,0.013369781614723807,4.694921868201334,0.00756701588939398,0.5880710354533729,337.jpg,/mnt/wangbd8/workspace/DataSets/ThyroidAgent/train_val_test/500_TestData_Malignancy_Cls/images/337.jpg,/mnt/wangbd8/workspace/DataSets/ThyroidAgent/train_val_test/500_TestData_Malignancy_Cls/masks/337.jpg
0.7498455008951777,199.95747127083064,202.47468977627796,23081.5,149.93721020280907,654.0243866176402,0.02833543689178087,23082.0,0.8234609411710878,54.0,119.0,180993570.0,2.0569020214844356,36.0,2.983007219189633,202.0,20.330144272052426,84.94549865696213,82.0,24.0,178.0,15.005659714772557,88.55128235935577,0.4789032641253015,180993570.0,0.2758460940343406,625.5918654063971,16.29367575122292,3.9126048218029355,50.29788206397865,3.860474954996689,4.093050707272481,0.15225366876310273,0.9282719657876295,0.15225366876310273,0.6154514939419861,0.1290724891112781,0.20546695192334458,2.790116512375056,-0.6418450622464308,0.96355298812248,0.9238731656184487,0.9981432479419134,0.9238731656184487,0.9847746331236897,0.15225366876310273,0.2927585604472397,2.637862843611956,1.0613260940088955,923.9656862745098,0.25162464223162034,1.267848073627902,16.99019607843137,69.29248366013071,1063.359477124183,5.767147366448293,0.08358142489677628,6.055137013637652,324.9226579520697,0.08848656262311266,0.15908500129971406,29.779345016873847,0.1648083780542296,2.7924751871090336,0.01536000776291551,923.9656862745098,0.25162464223162034,1.267848073627902,16.99019607843137,69.29248366013071,1063.359477124183,5.767147366448293,0.08358142489677628,324.9226579520697,0.08848656262311266,0.1648083780542296,2.7924751871090336,0.01536000776291551,6.055137013637652,0.15908500129971406,29.779345016873847,3.0183331780922953,13131.240187158824,0.5688952511549616,0.24735116111731215,6367.07954250065,1.0645939457597409,16.40334459752188,7.439563296074864,121.10631661034573,0.6026286020578664,0.08140177484785967,0.16459434479969964,2.7277219382106304,0.013648115074725973,21.174278356282617,0.0010889549575450513,5.840256519781775,0.004462968992257143,0.04601558634565588,338.png,/mnt/wangbd8/workspace/DataSets/ThyroidAgent/train_val_test/500_TestData_Malignancy_Cls/images/338.png,/mnt/wangbd8/workspace/DataSets/ThyroidAgent/train_val_test/500_TestData_Malignancy_Cls/masks/338.png
0.6569077809471897,58.949032112937495,68.24221567329127,1706.5,38.724077874294395,493.32799384885953,0.2890876026070082,1718.0,0.2968399283980717,38.0,107.0,11163943.0,2.0082408278636605,37.0,2.3571107332535415,146.0,20.990945694495455,76.488358556461,81.0,19.0,127.0,15.588931267596276,80.61154139051717,-0.2725658750872092,11163943.0,0.2810819088714847,647.7516106933232,13.430225080385853,3.523472668810289,39.16793734181011,-1.655794152910594,4.19908230890913,0.13762057877813508,0.9365321617172037,0.13762057877813508,0.5779732393178068,0.1186811550749062,0.21036258930325366,2.6960227998893522,-0.6665634396994007,0.9656523208865199,0.9311897106109325,0.9962805248978883,0.9311897106109325,0.9803399173174093,0.13762057877813508,0.3504823151125402,2.5584022211112187,1.0841757219218162,118.23607427055703,0.3136235391791964,0.8552934306158491,15.485411140583555,48.16976127320955,580.1644562334218,6.3127166224580025,0.09362658414382553,4.944768180611301,61.09549071618037,0.16205700455220257,0.21944121071012807,27.40324634662877,0.38397480242259685,6.301633498418274,0.03320402912609332,118.23607427055703,0.3136235391791964,0.8552934306158491,15.485411140583555,48.16976127320955,580.1644562334218,6.3127166224580025,0.09362658414382553,61.09549071618037,0.16205700455220257,0.38397480242259685,6.301633498418274,0.03320402912609332,4.944768180611301,0.21944121071012807,27.40324634662877,3.1690292448256643,845.9289871944121,0.4923917271213109,0.38479781970263494,482.8987194412107,1.056397982872577,13.862630966239815,6.944121071012805,93.08963911525029,0.8062002004915276,0.11108119906868452,0.21439658517656188,3.1892381321950585,0.02169311142729847,2.8407446124155675,0.016210223385936355,1.8943572854300876,0.00934647807896576,0.20943365398362027,339.jpg,/mnt/wangbd8/workspace/DataSets/ThyroidAgent/train_val_test/500_TestData_Malignancy_Cls/images/339.jpg,/mnt/wangbd8/workspace/DataSets/ThyroidAgent/train_val_test/500_TestData_Malignancy_Cls/masks/339.jpg
0.4291709741342836,593.8311158459636,580.0,117005.5,254.85507845886082,1604.3330444827304,0.013711603680875945,117006.0,0.7558115801324035,32.0,111.0,649984848.0,2.290469783498113,43.0,2.9194899517701645,195.0,24.531324826124365,68.17240141531204,64.0,4.0,191.0,17.87800282297813,74.53281943041989,0.5735674271328579,649984848.0,0.23473345093027176,907.6648575171386,11.96910978618421,3.24670195997807,102.73581005671973,7.779677930144486,5.8701079445789315,0.15796326754385964,0.9475907758932288,0.15792900219298245,0.6295409529347351,0.13302169781018858,0.17296607606628928,3.051842875266023,-0.6675005485644275,0.9762163404624716,0.9210389254385966,0.9975698423979916,0.9210412097953218,0.9824527138157896,0.1578990200109649,0.26798074287280704,2.8936906019583795,1.5070178030306978,3976.6394354148847,0.2126090373938668,1.7342349701184214,12.910072711719419,72.93958511548333,778.286623182207,11.83540518937829,0.1719414795742577,6.289687467695186,1706.0800898203593,0.09121471823248285,0.15985505016836743,33.80621253597534,0.16354919605055934,2.0924945965442303,0.03468070818405671,3976.6394354148847,0.2126090373938668,1.7342349701184214,12.910072711719419,72.93958511548333,778.286623182207,11.83540518937829,0.1719414795742577,1706.0800898203593,0.09121471823248285,0.16354919605055934,2.0924945965442303,0.03468070818405671,6.289687467695186,0.15985505016836743,33.80621253597534,3.2525578860657633,66398.8943302053,0.5674828156693271,0.2467077292327182,27465.222159547375,1.507423578641854,12.053236586157976,7.430661675469634,88.20104097225783,1.1753002077523942,0.16037258542917135,0.16444123473250183,2.0223003758591678,0.027533120297472582,160.1937242903407,0.00024696256450683617,4.5680389347060135,0.008397842065969082,0.007299214451791738,340.png,/mnt/wangbd8/workspace/DataSets/ThyroidAgent/train_val_test/500_TestData_Malignancy_Cls/images/340.png,/mnt/wangbd8/workspace/DataSets/ThyroidAgent/train_val_test/500_TestData_Malignancy_Cls/masks/340.png
0.8364146938218081,245.8156451238219,257.18670261115756,39457.5,205.60381755285172,2295.8906191580622,0.05818641878370556,39448.0,0.306703350997352,0.0,133.0,298807839.0,2.6976764736584506,106.0,2.0793325624726817,248.0,46.20093670414856,68.55305718921112,73.0,0.0,248.0,41.42092930811959,87.03290877883474,0.18829855804026213,298807839.0,0.18066531555666945,2875.2055605177193,15.28253314454885,3.366778221135282,550.6764795009478,20.330724373435867,16.062615759492864,0.27326554254086755,0.9665441322095247,0.19037199124726478,0.7311731921886494,0.2370240474894189,0.14280735998381375,3.5074766940722926,-0.6960466645777672,0.9881062851522533,0.9116612721248643,0.9974656741829606,0.9130195404201068,0.9832192155490634,0.16084027848922214,0.2936800102973356,3.257162384486387,4.083970325508433,1133.4778489830037,0.15790998174742318,3.208327649862925,20.58066313736417,188.38701588186123,879.1310950125384,157.5747955438651,0.1404371867396536,6.175616637778828,1066.6118696015603,0.14859457642819174,0.18196106266477388,158.18450349940042,0.35101907548991673,7.654959492704865,0.041297276309678915,1133.4778489830037,0.15790998174742318,3.208327649862925,20.58066313736417,188.38701588186123,879.1310950125384,157.5747955438651,0.1404371867396536,1066.6118696015603,0.14859457642819174,0.35101907548991673,7.654959492704865,0.041297276309678915,6.175616637778828,0.18196106266477388,158.18450349940042,3.6858715686177077,21419.92369701886,0.5429913733780891,0.3321216276812263,7126.885368079497,4.099805206161598,15.53221963090651,7.281028189008315,104.57156256337457,2.961847904317967,0.35615464532445584,0.19240659996845355,3.4475512066517946,0.05033687805806026,30.748916010920187,0.0010843330937784024,7.2962658367401945,0.015924286766536105,0.04884461404951786,341.jpg,/mnt/wangbd8/workspace/DataSets/ThyroidAgent/train_val_test/500_TestData_Malignancy_Cls/images/341.jpg,/mnt/wangbd8/workspace/DataSets/ThyroidAgent/train_val_test/500_TestData_Malignancy_Cls/masks/341.jpg
0.9909921805363334,279.5972459933698,304.78352973873115,58355.5,277.07868447892315,1102.9777054234144,0.018901006853225735,58356.0,0.7763885022393725,19.0,105.0,271196874.0,2.3971117300062557,46.0,3.0540239574680297,233.0,26.563978437007766,59.846151209815616,56.0,0.0,233.0,19.36085427968254,68.17098698856928,0.5808784187407164,271196874.0,0.21009736865749287,1065.7216523675668,10.130158566189763,2.8996866553036176,149.56918188207365,9.803827897594184,7.035089392567638,0.14718592359210098,0.959014123766339,0.14697932269338707,0.6031979157390248,0.12558300229269415,0.15670826212516087,3.1165478470487504,-0.698162480219929,0.9821711950272519,0.9265309987431778,0.9985428316405002,0.9265447721364254,0.9866398085498338,0.14679854690701238,0.23006731745949763,2.968609498257742,1.7955688290399348,1812.2869150386189,0.20584812756004303,1.902659069717804,12.057928214447978,102.25829168559746,732.0022716946843,45.84456168397997,0.2072691686115441,6.372869407268343,812.1099500227169,0.0922432928240251,0.1508670916443896,58.323258025089174,0.18300793795403822,2.39240519316836,0.040671746879819226,1812.2869150386189,0.20584812756004303,1.902659069717804,12.057928214447978,102.25829168559746,732.0022716946843,45.84456168397997,0.2072691686115441,812.1099500227169,0.0922432928240251,0.18300793795403822,2.39240519316836,0.040671746879819226,6.372869407268343,0.1508670916443896,58.323258025089174,3.335777161066955,34046.12978956748,0.5834212384256543,0.24390061862792478,12260.442045376654,1.8029511517303736,10.248132154362876,7.524539036260196,74.48454314894784,2.0971407669605493,0.2668805316859838,0.16316612211635861,1.7792990914006748,0.04075859791984699,53.625669155048726,0.0005711226254623361,8.018197988604298,0.005789516297273583,0.039801907374218834,342.png,/mnt/wangbd8/workspace/DataSets/ThyroidAgent/train_val_test/500_TestData_Malignancy_Cls/images/342.png,/mnt/wangbd8/workspace/DataSets/ThyroidAgent/train_val_test/500_TestData_Malignancy_Cls/masks/342.png
0.826812431619151,122.79528122858147,127.47548783981962,9638.5,101.52866506396093,414.3259018078049,0.04298655411192664,9639.0,0.83997734632023,99.0,174.0,193938622.0,2.252573991392085,42.0,2.539836529272953,221.0,23.323279122025635,138.95839817408444,141.0,61.0,160.0,17.138779445830416,141.84569599808754,-0.16151171265551872,193938622.0,0.2373831320634443,810.7650500744692,17.830026246719157,4.068188976377953,71.38865079415073,-1.8026718847324972,5.307490292847252,0.18803149606299213,0.9315691927771328,0.18803149606299213,0.6973352913275436,0.1526756525513051,0.16214666473777395,3.110271905191315,-0.6202508365083077,0.9690042127578031,0.9059842519685039,0.9962393700787401,0.9059842519685039,0.976496062992126,0.18803149606299213,0.24755905511811024,2.922240409128325,1.3738804472275608,441.1186351706037,0.2315583386722329,1.4391259360296498,18.143832020997376,42.28293963254593,748.7711286089238,3.6221816558644453,0.0910183340177716,5.809324634600516,209.4251968503937,0.10993448653563974,0.1976346093993153,16.680933308533284,0.1981627110782294,3.5840686946730256,0.019635537431116217,441.1186351706037,0.2315583386722329,1.4391259360296498,18.143832020997376,42.28293963254593,748.7711286089238,3.6221816558644453,0.0910183340177716,209.4251968503937,0.10993448653563974,0.1981627110782294,3.5840686946730256,0.019635537431116217,5.809324634600516,0.1976346093993153,16.680933308533284,3.324615193778827,4979.130718954249,0.5165609211489002,0.2850943330612322,2288.1360099595395,1.370780604665008,17.98661686896981,7.069716775599129,126.85807656395892,0.6095953690118022,0.08719537550469923,0.18008437943078467,3.2503371719058,0.01612758703324559,14.202355752444133,0.0024684671187964204,3.5413023968571338,0.011864536527564577,0.04296365933486535,343.png,/mnt/wangbd8/workspace/DataSets/ThyroidAgent/train_val_test/500_TestData_Malignancy_Cls/images/343.png,/mnt/wangbd8/workspace/DataSets/ThyroidAgent/train_val_test/500_TestData_Malignancy_Cls/masks/343.png
0.770257554664872,228.6281561919881,253.33377192944488,30617.5,176.10256451597917,822.0487732352802,0.026848984183401006,30618.0,0.7545572733069198,53.0,124.0,250533245.0,2.2190546683109122,36.0,4.4678079850115795,222.0,22.680116862004944,85.51907374746881,81.0,20.0,202.0,15.324421493385595,90.45743576052038,1.0081989756618124,250533245.0,0.2604883374441989,869.035709743663,16.79037665154802,3.9276605534740026,141.34401761048963,13.118793082364352,5.630944702319896,0.17550778939065276,0.9395473261371853,0.17550778939065273,0.6701504924994122,0.14470480525385904,0.18727015100271902,3.0285441604769185,-0.6329612765731389,0.9692599440238999,0.9122461053046735,0.9978596611049919,0.9122461053046735,0.9824492210609346,0.17550778939065273,0.28449352527443633,2.8530363710862683,1.451613122927637,1247.0039768618944,0.2254164817176237,1.7692168917686042,18.319052783803325,55.52675343456254,842.6090021691974,4.8906329753688516,0.08464786767322016,6.0596749947337285,565.5665220535069,0.10223545228732951,0.18067803252988437,24.89377010585621,0.19063496840569352,3.735354066893767,0.01660930884173308,1247.0039768618944,0.2254164817176237,1.7692168917686042,18.319052783803325,55.52675343456254,842.6090021691974,4.8906329753688516,0.08464786767322016,565.5665220535069,0.10223545228732951,0.19063496840569352,3.735354066893767,0.01660930884173308,6.0596749947337285,0.18067803252988437,24.89377010585621,3.2441427383948906,16457.938859494414,0.5375249480532502,0.27193012267877453,7975.631915866484,1.4586060489428474,16.93490757071004,7.2343719380756415,120.13250375596054,0.6147837508708857,0.08490235893265234,0.1738737561782829,3.050649218687627,0.014782732879540546,31.864278959039908,0.0007834006465652343,6.385372184911022,0.006974458725217264,0.031630695872966796,344.png,/mnt/wangbd8/workspace/DataSets/ThyroidAgent/train_val_test/500_TestData_Malignancy_Cls/images/344.png,/mnt/wangbd8/workspace/DataSets/ThyroidAgent/train_val_test/500_TestData_Malignancy_Cls/masks/344.png
0.9369693218767353,127.08967270240332,140.24621207005913,11664.5,119.07912444950708,1234.5727265770224,0.10584017545347185,11658.0,0.3101139602962333,15.0,74.0,27422229.0,1.9220500910575782,33.0,3.035400423464952,148.0,18.29250777012766,43.035254760679365,40.0,6.0,142.0,14.036687415997033,48.49973337999947,0.6533974686537242,27422229.0,0.292570562159535,500.1909856144587,5.702451544384459,2.203602088680414,37.58562528158054,3.731661367158101,3.509819769887851,0.12346225329675191,0.9320381668646046,0.12346225329675192,0.5392317918756709,0.10821932530764058,0.23252453067482748,2.5344637078157026,-0.6725190475152015,0.9608902257187919,0.9382688733516241,0.9966631823433311,0.9382688733516241,0.9823625352433212,0.12346225329675192,0.35127002389592,2.411001454518952,0.9083205057961508,478.2793614595211,0.27267922546152856,1.0286340132799567,7.341505131128848,93.14481185860889,417.31185860889394,45.195886703408085,0.2991463955403522,5.929716023100167,157.40820980615734,0.08974242292255265,0.15045462343455138,48.968554039699455,0.23267544675752308,2.036851721822939,0.05787328560911688,478.2793614595211,0.27267922546152856,1.0286340132799567,7.341505131128848,93.14481185860889,417.31185860889394,45.195886703408085,0.2991463955403522,157.40820980615734,0.08974242292255265,0.23267544675752308,2.036851721822939,0.05787328560911688,5.929716023100167,0.15045462343455138,48.968554039699455,2.8710435719670775,6856.357351175158,0.5881246655665774,0.26131500789013445,3410.7876136558584,0.9216103288080395,5.874506776462515,7.546405901526849,42.284868759650024,2.9772644202359855,0.3794632917786546,0.16847277024837498,1.1000838718285963,0.05838474718785806,31.725831087151846,0.0025396421518293403,2.059648261385285,0.007349377271817987,0.04700696268905839,345.jpg,/mnt/wangbd8/workspace/DataSets/ThyroidAgent/train_val_test/500_TestData_Malignancy_Cls/images/345.jpg,/mnt/wangbd8/workspace/DataSets/ThyroidAgent/train_val_test/500_TestData_Malignancy_Cls/masks/345.jpg
0.6662626652545166,324.493181692231,323.488794241779,53948.5,216.19769209118394,1798.8153672641079,0.033343195218849604,53925.0,0.4577285798046537,66.0,114.0,452324016.0,1.851862918709996,26.0,6.885934033336316,247.0,16.0614260237555,89.02809457579973,87.0,26.0,221.0,10.666158804234755,91.58613811822339,0.9714667838323772,452324016.0,0.3409115400710434,462.0190716127522,10.228964098728495,3.07467277486911,63.98234460768275,4.693965637863698,3.203855218665685,0.10244951383694839,0.9380277850194396,0.10244951383694839,0.4767126227242003,0.09195361095152133,0.2834107048804829,2.395287296424927,-0.7025024664879557,0.9619049421167266,0.9487752430815258,0.9987506156849153,0.9487752430815258,0.9897550486163053,0.10244951383694839,0.4533096484667165,2.2928377825879815,0.8265761831256583,1677.6981769074948,0.2832036085259107,1.1568050129458853,11.621877110060769,177.18517893315328,1679.914415935179,26.13503903357239,0.13941411781001445,6.503299390910063,375.7120189061445,0.06342201534539914,0.10985628187297172,94.32417175626813,0.1486151560273971,1.9264588767339963,0.020019535830346984,1677.6981769074948,0.2832036085259107,1.1568050129458853,11.621877110060769,177.18517893315328,1679.914415935179,26.13503903357239,0.13941411781001445,375.7120189061445,0.06342201534539914,0.1486151560273971,1.9264588767339963,0.020019535830346984,6.503299390910063,0.10985628187297172,94.32417175626813,2.6383539750242186,35848.74401483542,0.6647889478875367,0.19206018627237945,18383.654798331016,0.8338647854157922,10.300398701900788,7.9220584144645345,80.20215113583681,1.1724697417035805,0.14698379729645594,0.14792767732962447,1.5803925204759695,0.021432455843364034,44.839433533240204,0.0005865636780136871,4.402332911782794,0.0023577416201242896,0.03672581222629859,346.jpg,/mnt/wangbd8/workspace/DataSets/ThyroidAgent/train_val_test/500_TestData_Malignancy_Cls/images/346.jpg,/mnt/wangbd8/workspace/DataSets/ThyroidAgent/train_val_test/500_TestData_Malignancy_Cls/masks/346.jpg
0.5086040496482824,516.5031277737124,492.2296212135145,104086.0,262.6955824417144,1777.2518754030868,0.017074840760554606,104079.0,0.6435052735929212,17.0,130.0,763386237.0,2.7500318740234477,71.0,2.967351883707515,255.0,36.45733622309049,73.39099145841139,74.0,0.0,255.0,28.417985158145306,85.64275067110408,0.5050844759918869,763386237.0,0.16424521067343328,1948.4431152642835,14.974388161639157,3.437919026074877,483.9073354239967,20.505720343999094,12.871081403868493,0.2506776767023914,0.9617920623045786,0.2415326587114014,0.8149494655970042,0.1923396514781931,0.10464189494198285,3.7375942811936143,-0.6406471600012539,0.9851336579744228,0.8801093065097865,0.9979522683304314,0.8804570258112024,0.9799271733189815,0.236099288613638,0.17404474113232302,3.474744316147235,3.280439770142721,4238.600780907605,0.16887528510727942,2.908708497099801,19.276066775568747,58.70700027889557,377.11115980716363,38.988726172968896,0.14539615134316955,5.885832153971502,3981.584087015419,0.1586351682144874,0.2411533546632846,41.511556658835126,0.33117466021037373,7.05217662326511,0.04084587913820007,4238.600780907605,0.16887528510727942,2.908708497099801,19.276066775568747,58.70700027889557,377.11115980716363,38.988726172968896,0.14539615134316955,3981.584087015419,0.1586351682144874,0.33117466021037373,7.05217662326511,0.04084587913820007,5.885832153971502,0.2411533546632846,41.511556658835126,3.9066878434305305,48798.29422842264,0.46885821566716285,0.3668095178203564,17094.47728168026,3.2807153930950346,15.101576686939728,6.705589023722364,91.96768800622604,2.081671883598493,0.2686454695458945,0.21388560612611573,3.7448156368399643,0.04401676308077127,94.30856321456389,0.00027835977153856914,12.984719157253027,0.013093987973478582,0.019108138029090463,347.jpg,/mnt/wangbd8/workspace/DataSets/ThyroidAgent/train_val_test/500_TestData_Malignancy_Cls/images/347.jpg,/mnt/wangbd8/workspace/DataSets/ThyroidAgent/train_val_test/500_TestData_Malignancy_Cls/masks/347.jpg
0.8772217149213614,112.24805404514456,125.36347155371855,8507.0,98.46643046606737,1208.9402589451663,0.1421112329781552,8520.0,0.2704508234819295,1.0,30.0,5495226.0,0.8606413856342408,20.0,32.944463301190055,184.0,11.616636580043641,15.925352112676057,14.0,0.0,184.0,8.204873906295596,25.396448126948552,4.633875774033733,5495226.0,0.6717458231391479,391.36273755207304,1.9802526677296701,1.2535876364528393,132.87823073961712,13.416940986780576,1.8991573956255392,0.264074573776524,0.7558518203209459,0.09849135287624186,0.39903475588129667,0.2543740271851316,0.6339168017335091,1.1614405021816678,-0.5786947473912605,0.7820630720668497,0.9629441088023639,0.9968716682785368,0.9638829995385866,0.9904361443917437,0.06004170244081932,0.7826566907886667,1.0879020294525277,0.5408079923505157,367.9355191256831,0.40211532144883394,2.2133763325270985,5.9300546448087434,363.3289617486339,417.6808743169399,352.52548384663515,0.580970997050915,5.209910880323695,147.40218579234974,0.16109528501896145,0.1073943661971831,276.62538744065216,0.4022068968832406,3.3477489316929154,0.20230715526644596,367.9355191256831,0.40211532144883394,2.2133763325270985,5.9300546448087434,363.3289617486339,417.6808743169399,352.52548384663515,0.580970997050915,147.40218579234974,0.16109528501896145,0.4022068968832406,3.3477489316929154,0.20230715526644596,5.209910880323695,0.1073943661971831,276.62538744065216,1.5718494341069578,5941.2084507042255,0.6973249355286649,0.24283293658665608,5723.27441314554,0.5694676431043224,2.184037558685446,8.000234741784038,13.908215962441314,7.023778529477127,0.8455603313997743,0.16360850286906622,0.6091484089723527,0.12279149394825745,18.501850579379703,0.003595702881837691,3.6890577408135603,0.0018726834591521664,0.33138298668150823,348.jpg,/mnt/wangbd8/workspace/DataSets/ThyroidAgent/train_val_test/500_TestData_Malignancy_Cls/images/348.jpg,/mnt/wangbd8/workspace/DataSets/ThyroidAgent/train_val_test/500_TestData_Malignancy_Cls/masks/348.jpg
0.34786225630120915,332.88066655973364,314.5313974788527,29204.5,115.79661974851942,1902.7392488183586,0.06515226245333283,29205.0,0.3183834928810247,62.0,136.0,305381834.0,2.311434415174235,38.0,4.454176204789709,255.0,23.5363694451501,97.64636192432802,95.0,0.0,255.0,16.22091896079455,102.25698749319294,0.736998656067709,305381834.0,0.2412679943633257,921.6794941261587,21.02204172307265,4.434482279843104,148.36506895525173,10.635272831384881,5.778345003742422,0.34871047242181263,0.8861735547267744,0.33947724669374146,0.9549631636611617,0.23346567139904917,0.1256143420263453,3.532347662405846,-0.4645916122501404,0.939186262374931,0.8311846992259364,0.9971453501837143,0.8318002476078078,0.971769416786599,0.3313981741816793,0.2408622305529522,3.160520965396785,1.5317638690410587,2249.26744996515,0.22396370108186298,1.7388853539657,22.697102459424475,14.098277407149258,274.96793786717114,0.9744466099111517,0.06397963511597693,5.071354062395372,2075.454246739022,0.20665680043204443,0.34387947269303204,5.641838887962484,0.4146067649196093,9.957481017505044,0.02563730703608973,2249.26744996515,0.22396370108186298,1.7388853539657,22.697102459424475,14.098277407149258,274.96793786717114,0.9744466099111517,0.06397963511597693,2075.454246739022,0.20665680043204443,0.4146067649196093,9.957481017505044,0.02563730703608973,5.071354062395372,0.34387947269303204,5.641838887962484,3.6870331025711756,11911.680089025851,0.40786440982796957,0.4380645034403533,7046.2317753809275,1.5517412375271054,21.169012155452833,5.78452319808252,117.888409518918,0.3914078886159444,0.06640781426977425,0.2748692195019879,6.175679583024215,0.017691622265550055,31.646631150630864,0.000511590041292437,16.99829706903464,0.008128340895894579,0.036656241033127014,349.jpg,/mnt/wangbd8/workspace/DataSets/ThyroidAgent/train_val_test/500_TestData_Malignancy_Cls/images/349.jpg,/mnt/wangbd8/workspace/DataSets/ThyroidAgent/train_val_test/500_TestData_Malignancy_Cls/masks/349.jpg
0.8187528079083648,53.508994133302615,65.76473218982953,1732.0,43.81063919499374,589.5117600329334,0.3403647575247883,1746.0,0.25025709716283856,45.0,90.0,10927302.0,1.637224823849042,17.0,11.825759032252211,236.0,21.700628108889703,69.2737686139748,60.0,26.0,210.0,7.617489795918368,79.11054078458977,2.9820054265531373,10927302.0,0.457484231672066,1459.6226452477201,7.066881028938907,2.238263665594855,921.9591096504109,76.73547056257645,8.783211091696735,0.554983922829582,0.8811367888620318,0.2578778135048232,0.8497408514480556,0.4884829561315537,0.3784110999679491,2.34112698685789,-0.5307003354420651,0.9031616878107482,0.8995914507282011,0.993789370210277,0.9064951768488746,0.9766384098216895,0.12261968560200073,0.5845659163987138,2.1267125772889637,2.334548753631579,124.31838565022422,0.2787407750005027,4.842063986808501,14.031390134529149,44.63228699551569,192.98430493273543,16.266008132886938,0.30810257317924683,4.893759831365691,123.68609865470852,0.27732309115405496,0.2554410080183276,29.30664199963804,0.5441983807926779,9.358114277071007,0.14185235986933628,124.31838565022422,0.2787407750005027,4.842063986808501,14.031390134529149,44.63228699551569,192.98430493273543,16.266008132886938,0.30810257317924683,123.68609865470852,0.27732309115405496,0.5441983807926779,9.358114277071007,0.14185235986933628,4.893759831365691,0.2554410080183276,29.30664199963804,2.8113223036866355,804.4925544100802,0.4607632041294846,0.4995952128839082,798.7674684994273,2.390490651845029,7.599656357388316,6.695303550973654,36.812714776632305,2.6154796045894924,0.37090473858182704,0.25836833396970854,3.1409889270714015,0.0827380363645701,3.938380281690142,0.01054742717684157,8.229154009864489,0.012778491456979915,0.8808603338242513,350.jpg,/mnt/wangbd8/workspace/DataSets/ThyroidAgent/train_val_test/500_TestData_Malignancy_Cls/images/350.jpg,/mnt/wangbd8/workspace/DataSets/ThyroidAgent/train_val_test/500_TestData_Malignancy_Cls/masks/350.jpg
0.7384934958791609,190.4058933606497,189.40960904874916,20904.5,140.61351382390092,613.195959492894,0.029333203831370946,20905.0,0.8358445974581521,63.0,133.0,216750175.0,2.177283429753145,38.0,2.791368709755057,204.0,21.86591590606382,98.23367615403014,97.0,28.0,176.0,16.133473297830196,101.8250524473603,0.18549683843817125,216750175.0,0.2517059320243552,718.4861751728084,12.956475686085701,3.4391670678863746,62.61348882367702,1.8714365686709016,4.689530590327285,0.17510832932113626,0.9280076765353051,0.17510832932113626,0.6692581133703509,0.14444540232349673,0.17710329609040848,2.991859278178068,-0.6259332046631554,0.9666980450826804,0.9124458353394317,0.9973060257027516,0.9124458353394317,0.980543518964318,0.17510832932113626,0.2676937891189215,2.816750948856934,1.2161597299121054,907.9135737009544,0.2406981902706666,1.3167315200804275,13.203870625662779,52.73833510074231,679.10737009544,6.608008550892962,0.13941792015940346,5.916435461353937,383.4745493107105,0.10166345421810989,0.18043530255919638,22.02287850478325,0.17888432486493808,2.348261519950945,0.028822104482845678,907.9135737009544,0.2406981902706666,1.3167315200804275,13.203870625662779,52.73833510074231,679.10737009544,6.608008550892962,0.13941792015940346,383.4745493107105,0.10166345421810989,0.17888432486493808,2.348261519950945,0.028822104482845678,5.916435461353937,0.18043530255919638,22.02287850478325,3.2035688409890817,11240.268309016981,0.5376832484581192,0.2666152669211598,5261.912508969146,1.2159797253677915,13.058072231523559,7.2316192298493185,94.16661085864625,0.9306780702953269,0.13066558657266622,0.17222355098461292,2.2558106779345715,0.023414938932822416,28.30968178116501,0.0011346475162264634,5.115832874188589,0.0074827603969911255,0.033701120892602514,351.png,/mnt/wangbd8/workspace/DataSets/ThyroidAgent/train_val_test/500_TestData_Malignancy_Cls/images/351.png,/mnt/wangbd8/workspace/DataSets/ThyroidAgent/train_val_test/500_TestData_Malignancy_Cls/masks/351.png
0.680039202093447,159.75795643027493,161.27616066858735,13585.5,108.64167321892384,495.88225099390905,0.03650084656390336,13586.0,0.8332286250522637,108.0,201.0,334569292.0,2.559286754707535,53.0,2.81036606820159,255.0,29.719366077024116,152.6761372000589,149.0,71.0,184.0,21.88851484443578,156.92684143881473,0.5132916610190976,334569292.0,0.19295683468375854,1316.030693631699,23.517359050445105,4.6249258160237385,223.00158702055535,14.031535421191172,8.703746268788137,0.19406528189910977,0.9563790982100261,0.19391691394658755,0.7103903969226207,0.1564615123845416,0.13106553339819846,3.439455280632785,-0.6563675591951125,0.9824853044132474,0.9030563798219586,0.9976334779406445,0.9030662710187934,0.9806096574049099,0.19378709198813057,0.2097181008902077,3.244675902275645,2.224452887671812,500.09378447958807,0.18392562871628837,2.300950593409055,24.36226553880103,41.285031261493195,921.3023170283192,2.73145733540307,0.06598845453005552,6.080517720389133,310.54394998161087,0.11421255975785616,0.20013248932724864,16.318120709685875,0.1880949249905562,4.535771705186276,0.013267837497159075,500.09378447958807,0.18392562871628837,2.300950593409055,24.36226553880103,41.285031261493195,921.3023170283192,2.73145733540307,0.06598845453005552,310.54394998161087,0.11421255975785616,0.1880949249905562,4.535771705186276,0.013267837497159075,6.080517720389133,0.20013248932724864,16.318120709685875,3.6236530183295894,6985.306786397762,0.514154775975104,0.28141903769150917,2621.511556013543,2.218190512444845,23.661784189606948,7.040041218901811,165.18496982187546,0.45751033430475857,0.06517298583101178,0.17934311464415983,4.284635327215924,0.011832001778921708,12.65509887781527,0.0021061747070834345,6.204308748996453,0.011515092560759978,0.06395510472373649,352.png,/mnt/wangbd8/workspace/DataSets/ThyroidAgent/train_val_test/500_TestData_Malignancy_Cls/images/352.png,/mnt/wangbd8/workspace/DataSets/ThyroidAgent/train_val_test/500_TestData_Malignancy_Cls/masks/352.png
0.5954008145912829,134.12597159596086,134.73678042761748,8392.5,79.85871274608238,403.2964645562821,0.04805438958073067,8393.0,0.8052415796487287,58.0,130.0,80651059.0,2.2096499662971207,40.0,2.5155677120917432,195.0,22.298902924286462,94.14595496246872,94.0,21.0,174.0,16.4108449155445,98.0271611232517,0.0692752966176932,80651059.0,0.24261775736956565,745.8634820887615,19.453275529865124,4.276131984585742,60.803699197358526,0.988135236964081,4.890813756909871,0.21893063583815028,0.9143085763159244,0.21868978805394984,0.7590239533336022,0.17110541243906874,0.15661397628322213,3.1514375327996103,-0.5748872969349212,0.9598623316154274,0.890679190751445,0.9966321633144141,0.8906952472703916,0.9757038107471632,0.2184790462427745,0.2597543352601156,2.931398135884314,1.2774360981870054,445.76995798319325,0.23412287709201327,1.3851676700091802,20.80252100840336,32.519432773109244,592.2762605042017,2.388522690326131,0.06824765843837535,5.580122492511543,240.93172268907563,0.12653977031989266,0.2268557130942452,13.088190882970835,0.2498981995960235,5.3650363849525595,0.017504695457947268,445.76995798319325,0.23412287709201327,1.3851676700091802,20.80252100840336,32.519432773109244,592.2762605042017,2.388522690326131,0.06824765843837535,240.93172268907563,0.12653977031989266,0.2498981995960235,5.3650363849525595,0.017504695457947268,5.580122492511543,0.2268557130942452,13.088190882970835,3.359157150339011,4076.432384129632,0.48569431480157654,0.3224433324287178,2036.2908376027642,1.2738120163880162,19.622780888835933,6.806028833551769,131.0072679613964,0.4823555542992446,0.07019889360883558,0.19691674278830243,3.9782292121741665,0.013747243086064623,11.009322744616016,0.0024402508518563044,5.671067407953942,0.00944501982330564,0.06033312244729459,353.png,/mnt/wangbd8/workspace/DataSets/ThyroidAgent/train_val_test/500_TestData_Malignancy_Cls/images/353.png,/mnt/wangbd8/workspace/DataSets/ThyroidAgent/train_val_test/500_TestData_Malignancy_Cls/masks/353.png
0.5117147996139922,204.04091497728245,201.20139164528658,16679.5,104.41075592065573,572.0243866176402,0.03429505600393538,16680.0,0.8003535982042405,37.0,96.0,82212045.0,2.012277040275017,31.0,3.718501781859104,179.0,18.790765768680018,66.02787769784173,64.0,8.0,171.0,13.057450988666385,70.20526815174907,0.5531397304065324,82212045.0,0.2917016890085054,569.099042977848,10.913499819037279,3.164163349016769,52.622974988107934,3.730350575516242,3.7807888637111495,0.17450838460610446,0.9117596612085992,0.17450838460610446,0.6679148637127211,0.1440552083082724,0.2075499984201147,2.818993014344654,-0.5995370606796814,0.9542059562649322,0.9127458076969477,0.9973152556214445,0.9127458076969477,0.9806101794882105,0.17450838460610446,0.348473881047171,2.6444846297385523,0.9888243120793136,797.7298831385642,0.2663538841864989,1.178296158594876,11.424707846410685,52.53622704507512,558.1986644407345,7.241239065297794,0.1545581562619483,5.803565000273238,301.34056761268783,0.10061454678219961,0.17955635491606714,21.519323524739338,0.17051392731856996,1.9990104551660932,0.03091179831946811,797.7298831385642,0.2663538841864989,1.178296158594876,11.424707846410685,52.53622704507512,558.1986644407345,7.241239065297794,0.1545581562619483,301.34056761268783,0.10061454678219961,0.17051392731856996,1.9990104551660932,0.03091179831946811,5.803565000273238,0.17955635491606714,21.519323524739338,3.0286777211439793,8986.97026378897,0.5387871860784753,0.26348410480248896,4865.58417266187,0.9891505464692993,10.989988009592325,7.237769784172662,78.78387290167866,1.037029036634638,0.14531185629727508,0.1711730615507594,1.9094224620303755,0.025914470945919,26.218938250775278,0.0012598199681011773,5.3931682298172685,0.006076295216299287,0.04477265869423666,354.png,/mnt/wangbd8/workspace/DataSets/ThyroidAgent/train_val_test/500_TestData_Malignancy_Cls/images/354.png,/mnt/wangbd8/workspace/DataSets/ThyroidAgent/train_val_test/500_TestData_Malignancy_Cls/masks/354.png
0.1887268744707905,330.83641668021835,257.75181861628056,8003.5,62.43772288117371,1585.3910524339776,0.19808721839619886,8010.0,0.200036157618594,49.0,110.0,58437952.0,2.1289798822670547,31.0,9.689943205001875,250.0,21.962502240489027,79.23345817727841,74.0,12.0,238.0,13.474007395534978,85.41442775909252,2.0755518509050623,58437952.0,0.29155802437963774,1017.6835746827077,14.898600475310271,3.6881436493266433,333.40950244627015,28.37549482142574,6.023446157755231,0.8386585687879589,0.7555681231316804,0.4121996303142329,1.207162672142736,0.6687500335567685,0.17977106125642536,3.4220744974542407,-0.3921699175537654,0.9009078805478483,0.8328610338613599,0.9935705807492137,0.8424667094194424,0.9680940650823103,0.22591453217146376,0.3307367309215738,2.8418843724115037,1.715526181635798,563.6916827852998,0.21806254653203086,2.770513414319332,19.43017408123791,23.637137330754353,294.27775628626694,2.4465174341746105,0.09352098612193167,5.04626875510039,726.3377176015474,0.2809817089367688,0.3227215980024969,14.035530081671899,0.5445995625541171,12.467150831139971,0.04950771560087546,563.6916827852998,0.21806254653203086,2.770513414319332,19.43017408123791,23.637137330754353,294.27775628626694,2.4465174341746105,0.09352098612193167,726.3377176015474,0.2809817089367688,0.5445995625541171,12.467150831139971,0.04950771560087546,5.04626875510039,0.3227215980024969,14.035530081671899,3.467549916813672,3173.507365792759,0.39619317925003233,0.5392083241765521,2335.3797752808987,1.7012146178076404,15.35705368289638,6.08314606741573,82.83920099875156,0.6129853318517479,0.09851759063541109,0.2955888472742405,5.688209182965736,0.027928238626940747,11.398841191807048,0.0016901162382190354,19.53514048126663,0.010252468074632357,0.14096973886220382,355.jpg,/mnt/wangbd8/workspace/DataSets/ThyroidAgent/train_val_test/500_TestData_Malignancy_Cls/images/355.jpg,/mnt/wangbd8/workspace/DataSets/ThyroidAgent/train_val_test/500_TestData_Malignancy_Cls/masks/355.jpg
0.8508988585183098,79.66585476288964,94.26027795418386,4120.0,67.78758488062824,834.9919907732897,0.20266795892555575,4138.0,0.2725029638947123,35.0,89.0,16632264.0,1.7997884165052889,30.0,2.770382804349836,128.0,16.94420267798179,59.89125181246979,57.0,15.0,113.0,12.410396786022442,63.398712999974734,0.539718040228797,16632264.0,0.320476779712766,432.4347663884996,9.010036026762737,2.8916623777663406,21.18767097369498,2.5433155603751514,2.8027687710135143,0.20946989191971177,0.8609207865915001,0.20946989191971177,0.7404682351457873,0.16559225629885607,0.21807535079143126,2.660303107299588,-0.5054798763571661,0.9135788049476031,0.8952650540401441,0.9943386515697376,0.8952650540401441,0.9700757297257554,0.20946989191971177,0.3121461657231086,2.450833215379878,0.7530596657333066,319.3358348968105,0.2995645730739311,0.8453618408315704,10.615384615384615,32.450281425891184,254.48311444652907,5.735838284344382,0.14385423181154888,4.94196759630001,178.72232645403378,0.16765696665481591,0.25761237312711455,17.38190144637772,0.37797024891023256,4.491717400045592,0.05012228170298896,319.3358348968105,0.2995645730739311,0.8453618408315704,10.615384615384615,32.450281425891184,254.48311444652907,5.735838284344382,0.14385423181154888,178.72232645403378,0.16765696665481591,0.37797024891023256,4.491717400045592,0.05012228170298896,4.94196759630001,0.25761237312711455,17.38190144637772,3.0439407378379544,1870.0024166263895,0.45190971885606324,0.4049156213112575,1326.132914451426,0.7696267672967493,9.315853069115514,6.579023682938618,58.38835186080232,1.0499475726330487,0.15563228344342409,0.2300762579882928,2.372898877611299,0.03364977713334408,14.155456100184812,0.004031741438517161,3.054859340506117,0.010068260593603358,0.05939067682205296,356.jpg,/mnt/wangbd8/workspace/DataSets/ThyroidAgent/train_val_test/500_TestData_Malignancy_Cls/images/356.jpg,/mnt/wangbd8/workspace/DataSets/ThyroidAgent/train_val_test/500_TestData_Malignancy_Cls/masks/356.jpg
0.8772357527587622,98.4840777603364,104.65658125507444,6359.5,86.39375408884118,361.1543289325511,0.056789736446662645,6360.0,0.7827509312841425,57.0,143.0,69202565.0,2.4327455548372954,53.0,2.2937871121463886,203.0,27.49851573315929,98.96525157232705,96.0,23.0,180.0,20.885920613294694,104.31158347250262,0.1964573080572339,69202565.0,0.20346203670740876,1086.7854277669,21.51804535292239,4.45025550942191,113.4565189125609,3.6659239780532236,7.026671728639363,0.17358671351006066,0.9517831991990996,0.17358671351006066,0.6658442569285299,0.1434543664028368,0.14354733386506657,3.2410407542236905,-0.6644584198038206,0.9799197879150775,0.9132066432449696,0.9978830888596333,0.9132066432449696,0.9826413286489939,0.17358671351006066,0.22580645161290322,3.0674540407136326,1.8000646105373561,237.28691983122363,0.20024212643985118,1.8469404831846747,23.271729957805906,48.26329113924051,949.1451476793249,3.646610638035492,0.06547567394671575,5.997383807412236,123.52995780590717,0.10424469013156723,0.18632075471698112,19.45765101746515,0.17936189752429618,4.338327938977215,0.012302994483021294,237.28691983122363,0.20024212643985118,1.8469404831846747,23.271729957805906,48.26329113924051,949.1451476793249,3.646610638035492,0.06547567394671575,123.52995780590717,0.10424469013156723,0.17936189752429618,4.338327938977215,0.012302994483021294,5.997383807412236,0.18632075471698112,19.45765101746515,3.464814842268355,3371.595283018868,0.530125044499822,0.27183012934614925,1294.0185534591194,1.8152094211067602,21.762106918238995,7.174842767295598,153.41430817610063,0.5041867608300017,0.06926128042644965,0.17449336128581414,3.902166317260656,0.011949165746108601,5.415549972082637,0.004553616688575577,5.971748232894986,0.0086376251934653,0.14483967892490066,357.png,/mnt/wangbd8/workspace/DataSets/ThyroidAgent/train_val_test/500_TestData_Malignancy_Cls/images/357.png,/mnt/wangbd8/workspace/DataSets/ThyroidAgent/train_val_test/500_TestData_Malignancy_Cls/masks/357.png
0.7227047815573393,148.8881147184047,159.67780058605516,12166.0,107.60215242404874,1307.383909759059,0.10746210009527034,12172.0,0.29907196374623546,2.0,88.0,39587402.0,2.2454198810187656,52.0,3.2183762826116724,195.0,27.24341557837498,46.03302661846862,45.0,0.0,195.0,20.406773260300877,57.02923275043988,0.5900986688115468,39587402.0,0.23586040657898416,1133.293848447205,7.268298903340985,2.391694295672872,127.18994188935287,11.74208695187907,6.273235920322108,0.08084672277480234,0.9745528261699165,0.08084672277480232,0.4051556662089668,0.07431053019137658,0.2083474162327031,2.667310897696344,-0.793091786723363,0.9848700131232634,0.9595766386125988,0.998756204265003,0.9595766386125988,0.9910170308027997,0.08084672277480232,0.2934625520700502,2.5864641749215433,1.5885206607742277,262.55882352941177,0.19305795847750865,2.3967971453287196,12.10735294117647,230.96764705882353,1269.441911764706,124.10503359781413,0.2500605825663599,6.54175891563678,121.0985294117647,0.08904303633217993,0.11173184357541899,150.86514705882354,0.25233648529433056,4.622231199479857,0.04507036830554535,262.55882352941177,0.19305795847750865,2.3967971453287196,12.10735294117647,230.96764705882353,1269.441911764706,124.10503359781413,0.2500605825663599,121.0985294117647,0.08904303633217993,0.25233648529433056,4.622231199479857,0.04507036830554535,6.54175891563678,0.11173184357541899,150.86514705882354,3.0183532679313867,8156.031547814657,0.6700650302180954,0.2169059128286001,2870.8928688793953,1.683050953368678,7.584373973052909,7.92605980939862,55.58667433453829,3.3510032731668087,0.40251801383961405,0.15540219812319714,1.4797531675612516,0.054849785487596656,11.39902456479511,0.004962268293115465,2.5168613484711395,0.004780272413445613,0.1854710580848065,358.jpg,/mnt/wangbd8/workspace/DataSets/ThyroidAgent/train_val_test/500_TestData_Malignancy_Cls/images/358.jpg,/mnt/wangbd8/workspace/DataSets/ThyroidAgent/train_val_test/500_TestData_Malignancy_Cls/masks/358.jpg
0.9291903971073512,156.58750958993093,216.06017680266763,17012.0,145.49961021791907,613.9238815542519,0.03608769583554267,17013.0,0.7531267810843532,60.0,131.0,157290855.0,2.1396674980156485,40.0,2.428004369755035,179.0,22.326617598004525,92.33603714806324,88.0,29.0,150.0,16.88857208332495,96.15265609724337,0.384549655979657,157290855.0,0.2528800736011621,719.3895183462365,11.411062971096207,3.2057688883613262,54.260721669621546,3.7965612797263932,4.7024984898928786,0.16606326784972408,0.9317813859152021,0.16594456644311234,0.6489698672369552,0.1385256687177315,0.18318867217308793,2.916760757516998,-0.6348756404205105,0.9662615852155219,0.917039586919105,0.9966790034009072,0.9170475003462125,0.9792585778252584,0.16584070271232715,0.2820938928126298,2.7500649613579804,1.2171404394356506,689.9401824940859,0.2331666720155748,1.3809424989329784,12.30956404190605,59.19601216627239,610.7445082798242,9.084917962340958,0.15561280815131054,5.978182364780133,282.5904021628929,0.0955019946478178,0.17392582143067067,26.13837004797228,0.18384253732321007,2.2729306252529993,0.03376693430829496,689.9401824940859,0.2331666720155748,1.3809424989329784,12.30956404190605,59.19601216627239,610.7445082798242,9.084917962340958,0.15561280815131054,282.5904021628929,0.0955019946478178,0.18384253732321007,2.2729306252529993,0.03376693430829496,5.978182364780133,0.17392582143067067,26.13837004797228,3.149177061191768,9304.124434256157,0.5468832324843448,0.2658798552604821,4302.248692176571,1.2224710836795865,11.521013342737906,7.299770763533768,82.74207958619878,1.0848197413529177,0.14972921500738465,0.1713493602931092,2.01613145503112,0.026570888531182203,31.665557954279215,0.0014985647892767132,3.4379188912739598,0.009438682700148455,0.02967959302166451,359.png,/mnt/wangbd8/workspace/DataSets/ThyroidAgent/train_val_test/500_TestData_Malignancy_Cls/images/359.png,/mnt/wangbd8/workspace/DataSets/ThyroidAgent/train_val_test/500_TestData_Malignancy_Cls/masks/359.png
0.8647410434203363,73.66981950904402,81.41252974819048,3597.0,63.705316590838564,729.3940110268426,0.20277842953206632,3610.0,0.2914828168743143,57.0,115.0,26870717.0,1.8702893860948506,31.0,3.3559708710114675,180.0,18.308667520967457,83.22520775623269,80.0,37.0,143.0,13.186147981477074,86.27521029448343,0.7527229172130601,26870717.0,0.3188902786197159,516.9767052892473,8.418064136510738,2.7743453957046182,32.954553517889615,4.255996935905376,3.0490413868848996,0.16475433951162105,0.8974705590909768,0.16475433951162105,0.6455630836900299,0.13761034712371054,0.25104038266104783,2.5625511011897344,-0.5821587301114728,0.9370560974311648,0.9176228302441894,0.9967049132097675,0.9176228302441894,0.9794057075610474,0.16475433951162105,0.3692262430126508,2.3977967616781157,0.80344893159913,196.06614785992218,0.25430109968861503,1.2160197563761583,11.865110246433204,49.608300907911804,334.8495460440986,9.59339167703398,0.1539663275599907,5.3276003039308115,107.63294422827497,0.13960174348673796,0.21357340720221607,27.685014997283165,0.32062354971718554,4.747448953632875,0.044267722511808605,196.06614785992218,0.25430109968861503,1.2160197563761583,11.865110246433204,49.608300907911804,334.8495460440986,9.59339167703398,0.1539663275599907,107.63294422827497,0.13960174348673796,0.32062354971718554,4.747448953632875,0.044267722511808605,5.3276003039308115,0.21357340720221607,27.685014997283165,2.936669323400392,1796.182271468144,0.4975574159191535,0.3482935213818187,1151.1939058171745,0.8764043400526393,8.96814404432133,6.96786703601108,56.98199445983379,1.2422916234822643,0.17303846866539782,0.2020929516774392,2.1921360418590337,0.03257019210166882,7.350674128720429,0.006246647401844577,3.5932355668978904,0.006612627390978888,0.15202622861902637,360.jpg,/mnt/wangbd8/workspace/DataSets/ThyroidAgent/train_val_test/500_TestData_Malignancy_Cls/images/360.jpg,/mnt/wangbd8/workspace/DataSets/ThyroidAgent/train_val_test/500_TestData_Malignancy_Cls/masks/360.jpg
0.8561914287986581,166.86569288770144,178.48809484108457,18424.5,142.86897601099918,1666.1849916733029,0.09043311849294705,18436.0,0.2887882834165198,42.0,100.5,105514890.0,2.0082185832041644,29.0,3.564008502791361,176.0,18.099262171642348,71.95313517031894,72.0,5.0,171.0,12.243868036315044,75.65254203601604,0.23571423544280756,105514890.0,0.29599640933826254,546.0534556729851,12.10944552800223,3.3581777653942604,40.46318539859244,0.9001649228481208,3.476748378473869,0.14839788241850096,0.9181286095849984,0.14839788241850096,0.605816440218133,0.12637595091220574,0.2282212754817765,2.690416411741929,-0.6333942410312897,0.9578169878893803,0.9258010587907497,0.9977169556551001,0.9258010587907497,0.9835113463979445,0.14839788241850096,0.3465589300640847,2.54201852932343,0.9062865652230925,769.0386810399493,0.2438296388839408,1.361605819868601,14.596068484464173,66.99048826886494,779.3189600507293,8.177483942662882,0.12018480339187038,5.949684108818542,308.02282815472415,0.09766101082901844,0.17107832501627251,32.82323862080502,0.23424808628899013,4.452862841231023,0.02469802238704339,769.0386810399493,0.2438296388839408,1.361605819868601,14.596068484464173,66.99048826886494,779.3189600507293,8.177483942662882,0.12018480339187038,308.02282815472415,0.09766101082901844,0.23424808628899013,4.452862841231024,0.02469802238704339,5.949684108818541,0.17107832501627251,32.82323862080502,3.0060325182154357,10199.135929702756,0.5532184817586654,0.28225622974586173,5456.989802560208,0.9621175677630545,12.50206118463875,7.346387502712085,88.72184855717076,0.9177049851228913,0.12418511691669508,0.1761017092162677,2.441473204599696,0.02123584755746436,22.488975968261194,0.0013329313427569759,4.413399963393284,0.0050360352185471234,0.04398885519738278,361.jpg,/mnt/wangbd8/workspace/DataSets/ThyroidAgent/train_val_test/500_TestData_Malignancy_Cls/images/361.jpg,/mnt/wangbd8/workspace/DataSets/ThyroidAgent/train_val_test/500_TestData_Malignancy_Cls/masks/361.jpg
0.6986409473832808,82.23430121703171,89.0,3607.5,57.452250109669116,727.7787873376928,0.20174048159049005,3624.0,0.2925557975450391,79.0,146.0,47353409.0,2.0908033188985957,40.0,2.3593539014840808,191.0,21.11175786027903,111.45502207505518,111.0,53.0,138.0,15.88923076923077,114.30929079682195,0.14087064578056602,47353409.0,0.2612852932863568,644.3920167213668,9.43198583652995,2.905429330185896,42.27576541939474,1.7731327521855338,4.110876483121368,0.14901150781941574,0.9300397061442419,0.14901150781941574,0.607361064500132,0.12680707835679997,0.19893971618207276,2.792710685145204,-0.649491121776675,0.9653278351159289,0.9254942460902922,0.9959726619508267,0.9254942460902922,0.9787126417400835,0.14901150781941574,0.28208911183239893,2.64369917732579,1.064971997735196,192.43243243243242,0.26004382761139516,1.141218042366691,12.30945945945946,43.70810810810811,370.03513513513514,9.057995495495495,0.15088100600600599,5.425172738155109,86.32972972972973,0.1166617969320672,0.2041942604856512,19.724587289992698,0.2798410163096568,4.379541455055858,0.02423409244124865,192.43243243243242,0.26004382761139516,1.141218042366691,12.30945945945946,43.70810810810811,370.03513513513514,9.057995495495495,0.15088100600600599,86.32972972972973,0.1166617969320672,0.2798410163096568,4.379541455055858,0.02423409244124865,5.425172738155109,0.2041942604856512,19.724587289992698,3.1713389769665294,1842.805187637969,0.5085003277146714,0.3271481757622716,946.8979028697572,1.0975895306736059,9.945916114790286,7.043598233995585,65.78200883002208,1.414963208241354,0.19076189600196222,0.1939692175619328,2.232293966151582,0.03164720621099392,8.373591524342713,0.00766758562031487,2.0283724855881737,0.010327760208600984,0.10065189385847366,362.jpg,/mnt/wangbd8/workspace/DataSets/ThyroidAgent/train_val_test/500_TestData_Malignancy_Cls/images/362.jpg,/mnt/wangbd8/workspace/DataSets/ThyroidAgent/train_val_test/500_TestData_Malignancy_Cls/masks/362.jpg
0.29926249888862866,469.974049095669,408.8826237442721,27346.0,140.64560834517695,1786.0630585851266,0.06531350320284965,27337.0,0.3282124482954713,32.0,98.0,132119831.0,2.118463639534112,35.0,3.3965398573516903,190.0,20.525724900158746,64.60193144822036,63.0,6.0,184.0,14.68739144211511,69.51981029786013,0.5199003699677521,132119831.0,0.26745928377297745,659.5944770098964,10.610093277342155,3.10074696198298,62.80021719666638,4.131889729155973,4.268218809478486,0.2863725890965848,0.8742488341825007,0.2836225798060128,0.8710360504226105,0.2059308213207666,0.15379405889825004,3.212495108199959,-0.4810432650543465,0.9323555835071072,0.8584637110260507,0.9955980009043383,0.8586470449787554,0.9685169356803381,0.28121632167676236,0.27139618714928093,2.916655368527547,1.1386478496437675,2008.5774647887324,0.2503524198914038,1.286302286013092,11.735884332543936,20.068926835348375,192.3634550666833,3.568920347305069,0.16265581037142932,5.138447077960792,1378.9957621837218,0.1718803143691539,0.29348502030215456,8.459036402711643,0.34978177348547956,4.3343820611124615,0.05973383501947562,2008.5774647887324,0.2503524198914038,1.286302286013092,11.735884332543936,20.068926835348375,192.3634550666833,3.568920347305069,0.16265581037142932,1378.9957621837218,0.1718803143691539,0.34978177348547956,4.3343820611124615,0.05973383501947562,5.138447077960792,0.29348502030215456,8.459036402711643,3.4124257121404877,11867.445037860774,0.4341165833069018,0.39446459847325077,7311.534440501884,1.1437903833655223,10.786772506127226,6.21717818341442,64.53187986977356,1.0399500028181885,0.16561207158663052,0.23908784593936586,2.734001129929725,0.03985412464902368,65.01872271251828,0.0005450342281774422,8.109126361032086,0.010681250503369003,0.018665777818154344,363.jpg,/mnt/wangbd8/workspace/DataSets/ThyroidAgent/train_val_test/500_TestData_Malignancy_Cls/images/363.jpg,/mnt/wangbd8/workspace/DataSets/ThyroidAgent/train_val_test/500_TestData_Malignancy_Cls/masks/363.jpg
0.06882852885583311,559.1018466429841,380.1473398565351,3005.0,38.48215758501621,983.1757569573634,0.32717995239845704,3016.0,0.19764963149099812,55.0,141.0,28318041.0,2.2087069608089287,28.0,7.046574477036797,238.0,26.628557067874954,88.8066976127321,78.0,40.0,198.0,13.879985400255118,96.89825018334524,2.012080715115768,28318041.0,0.289674565007845,1502.6413477149279,11.452406804198336,3.0448787549764753,585.0481229373779,53.97110424091794,9.22828090392026,0.503800217155266,0.8964660875947179,0.2975027144408252,0.9911289769328507,0.4152923520556069,0.21577888831122288,3.1898569285286977,-0.5368076294307831,0.9506448346893736,0.8716740116241938,0.9941687547279252,0.8786825913861747,0.9719955759043708,0.18118389833916437,0.33659066232356133,2.812369369250511,2.4330202802688805,161.1108545034642,0.18604024769453142,4.284459354948824,19.644341801385682,34.21939953810624,254.4769053117783,6.778441293836412,0.14393621110663066,5.218299881151093,251.32794457274827,0.2902170260655292,0.28713527851458887,22.090346633669178,0.5567126841771399,13.709557629036723,0.06377598551907458,161.1108545034642,0.18604024769453142,4.284459354948824,19.644341801385682,34.21939953810624,254.4769053117783,6.778441293836412,0.14393621110663066,251.32794457274827,0.2902170260655292,0.5567126841771399,13.709557629036723,0.06377598551907458,5.218299881151093,0.28713527851458887,22.090346633669178,3.4485209328002533,1288.0318302387268,0.4270662567104532,0.5309560328996897,873.6584880636605,2.457413577630181,12.016909814323608,6.415119363395226,58.96850132625995,1.24863583505966,0.1811238068484836,0.27840406719717065,5.108808576480991,0.04132589507729908,5.536107047061692,0.006642125744513804,8.084261084374196,0.015616852421942464,0.3330036904624611,364.jpg,/mnt/wangbd8/workspace/DataSets/ThyroidAgent/train_val_test/500_TestData_Malignancy_Cls/images/364.jpg,/mnt/wangbd8/workspace/DataSets/ThyroidAgent/train_val_test/500_TestData_Malignancy_Cls/masks/364.jpg
0.6715707778243248,208.603291608007,214.93254755853056,22779.5,140.0918748019037,672.208152801714,0.029509346245603023,22780.0,0.7959270234468108,84.0,145.0,306021326.0,2.1044539959450583,32.0,5.7985575779533365,255.0,20.339212292100413,112.64258121158912,108.0,47.0,208.0,13.281141906939633,115.90415002482135,1.2490200208630815,306021326.0,0.28521599897018546,745.4208909668463,17.321565855167236,4.015508328546812,140.40685809937568,13.205094804812969,4.957461507830172,0.16842663367649005,0.9342839215266278,0.16842663367649005,0.6540928961375947,0.1400591027448955,0.20523537163901545,2.8869400015341196,-0.626540739253673,0.9634329085294727,0.9157866831617548,0.9983324095675593,0.9157866831617548,0.9846884878475917,0.16842663367649005,0.33318605575928956,2.718513367857632,1.2814720353766653,1040.8747158373326,0.2629135427727539,1.4545752207155422,17.904268754736044,56.679969689315485,949.3468047486739,4.3872876688914735,0.07898340891275916,5.9437025526111755,382.44379893912605,0.09660111112380046,0.1737928007023705,23.57170367318309,0.17183383282346493,3.037664164656975,0.014834499739789047,1040.8747158373326,0.2629135427727539,1.4545752207155422,17.904268754736044,56.679969689315485,949.3468047486739,4.3872876688914735,0.07898340891275916,382.44379893912605,0.09660111112380046,0.17183383282346493,3.037664164656975,0.014834499739789047,5.9437025526111755,0.1737928007023705,23.57170367318309,3.111278038134255,12454.837928007024,0.5467444217737938,0.2608348203721361,6497.220456540826,1.2839445287635058,17.431782265144864,7.296136962247585,126.35961369622476,0.562698207585964,0.07743125607069805,0.16979562969466394,2.9814554677592433,0.013358908277932511,20.309233002197686,0.0009599088465839801,8.256355936219254,0.004751383835591023,0.06183720987554031,365.png,/mnt/wangbd8/workspace/DataSets/ThyroidAgent/train_val_test/500_TestData_Malignancy_Cls/images/365.png,/mnt/wangbd8/workspace/DataSets/ThyroidAgent/train_val_test/500_TestData_Malignancy_Cls/masks/365.png
0.7581042383600577,309.3330345259853,316.07752213657966,55609.5,234.5066845389275,1020.3502884254451,0.018348488809024448,55610.0,0.8192758166258989,110.0,196.0,1379900437.0,2.4807113490697166,45.0,2.816827554568801,255.0,26.4498463297373,154.02803452616436,155.0,47.0,208.0,18.76418105911302,157.52425290586692,-0.028988958586557378,1379900437.0,0.20708077916046516,1089.2548335582399,33.87598410978693,5.669230769230769,145.41080380327554,-0.28503280401571507,7.129105758813235,0.1858793788371253,0.9491784671221267,0.185807150595883,0.6930378249945945,0.15135508162456415,0.14174018544320532,3.337302370591251,-0.6535889401883682,0.9802236049230966,0.9071036475261828,0.998159651368087,0.9071084627422656,0.9831089880385655,0.18574395088479598,0.24015890213073313,3.1510206103119462,1.82874628441259,2137.115040882297,0.2031864461762975,1.912399504488561,34.39741395702605,48.07586993725043,1601.2715345122647,1.887645372812524,0.03893552138552772,6.1432270553764985,1112.5843316219814,0.1057790769748984,0.1891386441287538,20.12215981867356,0.18905973946854726,6.477096552663503,0.0077015514975748165,2137.115040882297,0.2031864461762975,1.912399504488561,34.39741395702605,48.07586993725043,1601.2715345122647,1.887645372812524,0.03893552138552772,1112.5843316219814,0.1057790769748984,0.18905973946854726,6.477096552663503,0.0077015514975748165,6.1432270553764985,0.1891386441287538,20.12215981867356,3.534278588519083,29285.235425283223,0.526618151866269,0.27693866146763296,11515.76212911347,1.8338932868626368,34.002229814781515,7.150368638734041,242.38363603668404,0.27566889700361225,0.03861851676173677,0.17640812004235848,6.019827568982398,0.00686956059642553,31.873817707470607,0.0004816664359457587,7.868570901378415,0.007417064858972904,0.019984940003337785,366.png,/mnt/wangbd8/workspace/DataSets/ThyroidAgent/train_val_test/500_TestData_Malignancy_Cls/images/366.png,/mnt/wangbd8/workspace/DataSets/ThyroidAgent/train_val_test/500_TestData_Malignancy_Cls/masks/366.png
0.6133320287073194,146.6140883053883,154.1460346554526,10159.5,89.92311621741788,1409.2316728675496,0.13871073112530632,10177.0,0.2535471328459187,44.0,82.0,46774043.0,1.5642680555885555,16.0,18.567657082731102,236.0,14.878996618842269,63.09865382725754,57.0,26.0,210.0,7.2516331846365345,67.79420433703791,3.3168332899592725,46774043.0,0.4645870769892313,614.6140268799678,4.933523945675483,2.027315429388339,224.72127704976043,20.13824706537245,3.4875699469574677,0.1935055651996324,0.894864658678931,0.12631471459205557,0.556820404146944,0.17755015807715993,0.41968581141942923,2.041730368636075,-0.6258527888192819,0.9188563253548382,0.9432157423369635,0.9977672750275086,0.9449572824126078,0.9879178005696948,0.09421412119768088,0.6153374859593588,1.885867505587987,0.9202688780392749,313.2301136363636,0.22246456934400827,3.172136795422262,11.158380681818182,182.0674715909091,703.9417613636364,62.708025288023194,0.32691286883413934,5.988986659278313,198.90198863636363,0.14126561692923553,0.13835118404244867,129.82373399970948,0.3663670085963646,6.6003202260445075,0.08134594192079986,313.2301136363636,0.22246456934400827,3.172136795422262,11.158380681818182,182.0674715909091,703.9417613636364,62.708025288023194,0.32691286883413934,198.90198863636363,0.14126561692923553,0.3663670085963646,6.6003202260445075,0.08134594192079986,5.988986659278313,0.13835118404244867,129.82373399970948,2.385190662092861,6363.608234253709,0.6252931349369862,0.2858215713346693,4728.102682519407,1.0473449655164704,5.358160558121254,7.702171563329076,34.418394418787464,2.999509221099341,0.38159699331222596,0.17572303560315747,1.5230585306737414,0.06028724903503638,13.929815906677442,0.0028948977462778724,5.264274799507022,0.0032117412595879446,0.26054456939933535,367.jpg,/mnt/wangbd8/workspace/DataSets/ThyroidAgent/train_val_test/500_TestData_Malignancy_Cls/images/367.jpg,/mnt/wangbd8/workspace/DataSets/ThyroidAgent/train_val_test/500_TestData_Malignancy_Cls/masks/367.jpg
0.1807221324562438,506.52968542315153,366.0,12918.0,91.5411249020623,1384.915872327516,0.1072082266858272,12919.0,0.2909237516417798,28.0,99.0,60580884.0,2.1921445479092134,41.0,2.8645529142568074,161.0,22.408516961186244,62.74727146063937,62.0,9.0,152.0,16.6296302011742,68.4783605092773,0.4704192134493538,60580884.0,0.25054146462695237,752.06578228338,10.20352500199378,3.0126006858601166,69.09701476571902,4.620537886329932,4.77518433420021,0.2641358960044661,0.8951700293141566,0.2620623654198899,0.8380520351694326,0.19545921263499816,0.15239240395073042,3.2236181704635087,-0.5214197751391091,0.9471326335405414,0.8691761703485128,0.99472197686614,0.8693144057208179,0.9672710033584107,0.2602480261583858,0.24172581545577798,2.952580268074232,1.2598300575511685,856.0199835751437,0.23433342008626984,1.4331534652452573,11.989871338625788,24.368190528332878,205.41992882562278,5.100142187361302,0.17570610587514504,5.232537509977172,624.8341089515467,0.17104684066563008,0.28276182367056274,11.861037832398573,0.35810126988044444,4.734023963658114,0.06051331258592978,856.0199835751437,0.23433342008626984,1.4331534652452573,11.989871338625788,24.368190528332878,205.41992882562278,5.100142187361302,0.17570610587514504,624.8341089515467,0.17104684066563008,0.35810126988044444,4.734023963658114,0.06051331258592978,5.232537509977172,0.28276182367056274,11.861037832398573,3.4665139179192135,5647.3600897902315,0.4371360081887322,0.3986596665783526,3236.7451815155973,1.280049310319574,10.511881724591687,6.32533477823361,62.77366669246846,1.2116798264575073,0.18700368368830103,0.23639170558436753,2.7420810004214293,0.042363489220029416,37.14459991372803,0.0013395376422882877,5.128634490505719,0.01479398970326844,0.02770413679562176,368.jpg,/mnt/wangbd8/workspace/DataSets/ThyroidAgent/train_val_test/500_TestData_Malignancy_Cls/images/368.jpg,/mnt/wangbd8/workspace/DataSets/ThyroidAgent/train_val_test/500_TestData_Malignancy_Cls/masks/368.jpg
0.47392238699656686,314.59954367661845,303.48640826238,36645.5,149.0957666872537,851.338095116625,0.02323172272493553,36646.0,0.7971006999709488,81.0,155.0,547261289.0,2.2849678175290786,40.0,3.008283451858127,228.0,23.17523974880596,118.7475031381324,118.0,41.0,187.0,16.559294321959484,122.2036213551525,0.25492792985167523,547261289.0,0.236460637366859,832.7555707727212,19.47442675944443,4.259663589294031,90.1646098921978,3.119674424032204,5.487661690148921,0.16889022820042188,0.9402850957126169,0.16889022820042188,0.6551597835303444,0.1403663190188313,0.168793108117984,3.0843415729667685,-0.6499170708483509,0.973998644349272,0.9155548858997891,0.9979403630707265,0.9155548858997891,0.9831109771799578,0.16889022820042188,0.2655398186450429,2.9154513447663493,1.4141379795873361,1409.7584020291692,0.22348738142504268,1.5702887728198112,19.85716550412175,59.192454026632845,1128.784083703234,4.27296458467338,0.07704228258860321,6.126581756282788,617.6794546607482,0.09792001500645978,0.17213338427113464,25.442764248597364,0.16747281282428406,3.2738684077759164,0.014353355058812104,1409.7584020291692,0.22348738142504268,1.5702887728198112,19.85716550412175,59.192454026632845,1128.784083703234,4.27296458467338,0.07704228258860321,617.6794546607482,0.09792001500645978,0.16747281282428406,3.2738684077759164,0.014353355058812104,6.126581756282788,0.17213338427113464,25.442764248597364,3.2859819792028544,20117.074387381977,0.5489568953605299,0.25718306085441056,8665.336516945916,1.4148085661419876,19.58893194345904,7.3101020575233315,142.72575451618184,0.5311635283632413,0.07344360384060765,0.16853135403591116,3.3112360300047903,0.012695619644773769,31.732621477811072,0.0007138563519053513,6.041362481419986,0.006554686850967384,0.025399317168677365,369.png,/mnt/wangbd8/workspace/DataSets/ThyroidAgent/train_val_test/500_TestData_Malignancy_Cls/images/369.png,/mnt/wangbd8/workspace/DataSets/ThyroidAgent/train_val_test/500_TestData_Malignancy_Cls/masks/369.png
0.7917026373149874,264.55004934944895,286.35642126552705,42643.5,209.44497177176876,2233.072293301104,0.05236606501110612,42640.0,0.3278148099731847,20.0,79.0,133612179.0,2.006586389281997,34.0,3.6121428539831877,179.0,19.095364552349793,50.66662757973734,51.0,0.0,179.0,13.876240700269015,55.977619447301144,0.5494046206410144,133612179.0,0.2860117064986677,566.3867286830666,7.358847795502778,2.5309869566254144,52.93189911170694,3.2685470470590796,3.8984173832048334,0.08660609962562892,0.9565342086445547,0.08660609962562893,0.4250387969331707,0.07910548313326456,0.2454583221182365,2.4833068796638833,-0.755955821386141,0.9752444211923468,0.9566969501871856,0.998667598467298,0.9566969501871856,0.9903771000415968,0.08660609962562893,0.3504542528077831,2.3967007800382567,0.9962558707076155,1048.2627450980392,0.24181378202953616,1.3698795113404614,9.57047289504037,232.7446366782007,1486.0235294117647,76.38629590169401,0.23650100988107664,6.682493403656547,287.92549019607844,0.06641879819978741,0.10166510318949343,135.99347496105435,0.19306503754626023,2.316286484503339,0.03675077324411691,1048.2627450980392,0.24181378202953616,1.3698795113404614,9.57047289504037,232.7446366782007,1486.0235294117647,76.38629590169401,0.23650100988107664,287.92549019607844,0.06641879819978741,0.19306503754626023,2.316286484503339,0.03675077324411691,6.682493403656547,0.10166510318949343,135.99347496105435,2.7565831295498997,29353.916510318948,0.6884126761331836,0.19059866582303434,12195.53916510319,1.010475819197505,7.472373358348968,8.011960600375234,57.86946529080675,2.3444878477207802,0.2866229532209225,0.1480938607462998,1.2068506358140505,0.040151492161623,38.55388229914939,0.001044812892363812,2.9109846850958827,0.0030955301098188103,0.04415753694315954,370.jpg,/mnt/wangbd8/workspace/DataSets/ThyroidAgent/train_val_test/500_TestData_Malignancy_Cls/images/370.jpg,/mnt/wangbd8/workspace/DataSets/ThyroidAgent/train_val_test/500_TestData_Malignancy_Cls/masks/370.jpg
0.4917403773947509,216.0338843292717,210.92415698539605,17952.5,106.23258381013002,590.7106781186553,0.0329040901333327,17953.0,0.804067628949582,47.0,134.0,155003133.0,2.417565338062243,47.0,2.9698197800795487,213.0,27.147652012474726,86.65019773853952,83.0,21.0,192.0,19.616666917934886,92.91839997352548,0.6362418055670204,155003133.0,0.2126082484715835,1125.5722855120612,17.639628032043024,3.9817657274102296,156.085496133124,11.88961016944976,7.29624441079425,0.15556551453700074,0.9582475892177066,0.15556551453700074,0.623594513285309,0.13136488522383896,0.1562519161400777,3.171057135493426,-0.6883695761796327,0.9819124096039902,0.9222172427314997,0.9981028595788172,0.9222172427314997,0.9844434485463001,0.15556551453700074,0.25247885272533754,3.0154916209564275,1.8629524813328122,579.4647447030219,0.2012729227867391,1.9843277082455375,18.709274053490795,72.19277526919069,1157.7669329628343,7.124254065853891,0.09020103866357111,6.339903878399713,259.6064605765891,0.0901724420203505,0.16036317050075197,33.307002679932694,0.18176368177934915,3.2623783138921096,0.01919529170972237,579.4647447030219,0.2012729227867391,1.9843277082455375,18.709274053490795,72.19277526919069,1157.7669329628343,7.124254065853891,0.09020103866357111,259.6064605765891,0.0901724420203505,0.18176368177934915,3.2623783138921096,0.01919529170972237,6.339903878399713,0.16036317050075197,33.307002679932694,3.392553778633142,10188.047067342506,0.5674843796213728,0.253175387317626,3816.955884810338,1.859159515484041,17.74750738038211,7.4316827271208155,130.33537570322508,0.6773952273227298,0.09088608780166829,0.16644695717831126,2.9919264499278984,0.015360002902713358,16.042569491589347,0.0017586386277779584,5.572856389798497,0.007963823933198362,0.06211728513400747,371.png,/mnt/wangbd8/workspace/DataSets/ThyroidAgent/train_val_test/500_TestData_Malignancy_Cls/images/371.png,/mnt/wangbd8/workspace/DataSets/ThyroidAgent/train_val_test/500_TestData_Malignancy_Cls/masks/371.png
0.8474222802607403,121.98994906893616,126.84636376341263,9877.5,103.37700080888945,420.46803743153595,0.04256826498927218,9878.0,0.8379063147152428,88.0,155.0,147694825.0,2.089358825832578,37.0,2.67935932864944,206.0,20.73476344588839,119.59516096375785,117.0,60.0,146.0,15.065902169796216,122.27794415447566,0.40949295041124906,147694825.0,0.26567562201764955,648.8931006979213,11.79547779824023,3.2829957028852057,48.97909707457691,3.5140651943370877,4.243394264710261,0.17372621240024558,0.9213396087788441,0.17372621240024555,0.6661581999638783,0.14354541552531033,0.18862918491570219,2.8900098532919216,-0.6142305948562498,0.9606484622538255,0.9131368937998774,0.9965254757519952,0.9131368937998774,0.9782842234499695,0.17372621240024555,0.30437896459995906,2.716283640891678,1.1042801192776266,447.6470588235294,0.24841679179996082,1.2711184760797287,12.3834628190899,52.96781354051054,584.6958934517203,7.157440624048361,0.14576063758836866,5.809013278524543,186.46392896781353,0.10347609820633381,0.1824255922251468,22.918921016357455,0.18583167401337064,2.3972651320947573,0.03209560128261791,447.6470588235294,0.24841679179996082,1.2711184760797287,12.3834628190899,52.96781354051054,584.6958934517203,7.157440624048361,0.14576063758836866,186.46392896781353,0.10347609820633381,0.18583167401337064,2.3972651320947573,0.03209560128261791,5.809013278524543,0.1824255922251468,22.918921016357455,3.115469572528383,5286.1166227981375,0.5351403748530206,0.2714189442438896,2624.343794290342,1.1095344986523377,11.946547884187082,7.21542822433691,85.45738003644462,0.9416457642650772,0.1333777608363991,0.17391059818676746,2.116566556432926,0.024390905657742015,18.959560056482214,0.0022990188440180415,3.6514239437603973,0.009047414670747064,0.046439215837892706,372.png,/mnt/wangbd8/workspace/DataSets/ThyroidAgent/train_val_test/500_TestData_Malignancy_Cls/images/372.png,/mnt/wangbd8/workspace/DataSets/ThyroidAgent/train_val_test/500_TestData_Malignancy_Cls/masks/372.png
0.8059755593503808,166.52262798283732,178.71765441612084,17422.0,134.21316823296266,1611.7169542417694,0.09251044393535583,17416.0,0.2903121166998677,66.0,109.0,141516796.0,1.6773622340179182,21.0,7.13346123794503,246.0,14.01022449591493,88.0415709692237,87.0,3.0,243.0,8.86367361036415,90.14253883834382,0.9588593723351204,141516796.0,0.4002030403460068,374.35908949347044,16.732285781544263,4.021686676082863,37.76714249589635,3.2429479218225334,2.4058988841486504,0.17261064030131829,0.8661159567846551,0.15413135593220337,0.640366037358821,0.1488541654198187,0.3178707248908095,2.37230857442952,-0.5631135114156997,0.9188227040622395,0.924732400022156,0.9983100161659164,0.9254374607658508,0.9861193518502842,0.14305833464113832,0.5164194915254238,2.1880666869717795,0.6446273811124922,823.84268125855,0.28175194297488027,1.2508017753915424,18.219904240766073,83.37414500683994,1360.205198358413,5.647031542537342,0.07612076979801395,5.804059051138144,327.52120383036936,0.11201135561914137,0.16789159393661002,47.89753649686261,0.28938281125100546,5.877428598503727,0.02426309543831741,823.84268125855,0.28175194297488027,1.2508017753915424,18.219904240766073,83.37414500683994,1360.205198358413,5.647031542537342,0.07612076979801395,327.52120383036936,0.11201135561914137,0.28938281125100546,5.877428598503727,0.02426309543831741,5.804059051138144,0.16789159393661002,47.89753649686261,2.6734450441814883,9783.755052824989,0.5617682046867816,0.29779168105864773,6969.936150666054,0.6729108171220018,16.90525953146532,7.39584290307763,123.1204639412035,0.513690366541677,0.07056871025590436,0.18059064461797583,3.205602766294084,0.013338084511554752,13.837598917396098,0.0012011328553216305,7.319295362301133,0.0021830191299605597,0.08721283427483809,373.jpg,/mnt/wangbd8/workspace/DataSets/ThyroidAgent/train_val_test/500_TestData_Malignancy_Cls/images/373.jpg,/mnt/wangbd8/workspace/DataSets/ThyroidAgent/train_val_test/500_TestData_Malignancy_Cls/masks/373.jpg
0.7937004628794944,122.2761586202253,134.21251804507656,8950.5,97.0506436959993,445.3380951166249,0.04975566673555946,8951.0,0.7530758719482644,64.0,134.0,92262129.0,2.106203186543101,44.0,2.045979717524545,177.0,22.80373057543734,98.02513685621719,98.0,37.0,140.0,18.219405141677612,101.52569178869922,0.14614892626446904,92262129.0,0.24977020521901777,698.5386374938388,12.780592626102692,3.4163085274824696,44.53373685844755,1.4609695116370223,4.594240357537675,0.15652567292467767,0.9341050803508231,0.15652567292467764,0.6259326906440631,0.13202538664015445,0.18464572782704494,2.8464749604243442,-0.646518395986994,0.9664795585013212,0.9217371635376611,0.9968694865415064,0.9217371635376611,0.9804342908844152,0.15652567292467764,0.26306265550780367,2.689949287499669,1.1876915076155878,344.57133288680507,0.23079124774735774,1.380097072787543,14.105827193569993,67.14601473543202,753.233757535164,9.391991504572358,0.12524148596701462,5.950622663864271,138.42799732083054,0.09271801562011422,0.16679700592112612,31.20225531157009,0.17795021960875973,2.737991106928618,0.02749206350444429,344.57133288680507,0.23079124774735774,1.380097072787543,14.105827193569993,67.14601473543202,753.233757535164,9.391991504572358,0.12524148596701462,138.42799732083054,0.09271801562011422,0.17795021960875973,2.737991106928618,0.02749206350444429,5.950622663864271,0.16679700592112612,31.20225531157009,3.079756540235128,4988.561836666294,0.5573189405280186,0.25850612005798623,2235.6931069154284,1.1926104313931232,12.952966149033628,7.368227013741482,93.6250698246006,0.9003667479355351,0.12258028087412674,0.16850382949142864,2.268920915105699,0.021269336928281656,13.876702889071609,0.0030135201035727103,3.260070236584477,0.008872994708243731,0.055241848850375024,374.png,/mnt/wangbd8/workspace/DataSets/ThyroidAgent/train_val_test/500_TestData_Malignancy_Cls/images/374.png,/mnt/wangbd8/workspace/DataSets/ThyroidAgent/train_val_test/500_TestData_Malignancy_Cls/masks/374.png
0.8379617419488162,127.6997935519975,147.63468427168462,10523.5,107.00754145133604,1452.094587877705,0.13798589707584977,10552.0,0.2504321764892513,36.0,84.0,40531473.0,1.7450707983678224,23.0,4.931595304968621,165.0,14.921141934150727,58.73341546626232,57.0,10.0,155.0,9.923419873362317,61.97675054434841,0.930926251220607,40531473.0,0.3605806523137373,391.5035157038093,8.672100375419877,2.8369887374036753,32.438739822976885,3.268033268197381,2.611946815536875,0.11756569847856155,0.9138559007332714,0.11756569847856155,0.522322822907284,0.1037440050198095,0.2975028989345203,2.3165670959250813,-0.6489609614834932,0.9444498236866815,0.9412171507607192,0.9976486860304288,0.9412171507607192,0.9853042876901797,0.11756569847856155,0.44803398537838374,2.1990013974465206,0.6823781285038594,471.7345679012346,0.29119417771681144,0.9728772290809327,10.848765432098766,95.04197530864198,759.6172839506173,15.325841672265614,0.150878933260547,5.782205613349634,162.58641975308643,0.1003619875019052,0.1535253980288097,52.6152476756592,0.2763821350828443,3.682539682886956,0.03303252229588266,471.7345679012346,0.29119417771681144,0.9728772290809327,10.848765432098766,95.04197530864198,759.6172839506173,15.325841672265614,0.150878933260547,162.58641975308643,0.1003619875019052,0.2763821350828443,3.682539682886956,0.03303252229588266,5.782205613349634,0.1535253980288097,52.6152476756592,2.6975017420945804,6188.769522365428,0.5865020396479746,0.2798668897624444,3804.8470432145564,0.7095606451115987,8.958301743745261,7.531842304776346,64.89575435936315,1.24028823081545,0.1627006245068156,0.17425869766658245,1.7411654452025944,0.02684058346613854,15.935638996138996,0.0025566161953834324,2.6906376861955783,0.0038713438208054568,0.06926820642000764,375.jpg,/mnt/wangbd8/workspace/DataSets/ThyroidAgent/train_val_test/500_TestData_Malignancy_Cls/images/375.jpg,/mnt/wangbd8/workspace/DataSets/ThyroidAgent/train_val_test/500_TestData_Malignancy_Cls/masks/375.jpg
0.7566787738088785,125.05848878563847,126.17844506887855,9223.5,94.62910394870829,407.1543289325511,0.044143148363696115,9224.0,0.8361684009662637,83.0,153.70000000000073,125988676.0,2.165353253520821,37.0,4.442061794978576,254.0,22.547963136250768,113.26431049436253,107.0,51.0,203.0,15.46992101497566,116.87082475578755,1.0496019391782454,125988676.0,0.2680394775046656,829.9856473346429,10.505750903713441,3.0340124876766352,126.30741008850232,12.834556762679139,5.3792043477166835,0.17712783437397306,0.9362428924084498,0.17712783437397306,0.6737533338800646,0.14575356466395942,0.19328713915553292,2.968086677434452,-0.6238917078363839,0.965509034712554,0.9114360828130134,0.9978399044588538,0.9114360828130134,0.9822872165626025,0.17712783437397306,0.29981378026070765,2.7909588430604817,1.3890830455226646,393.6144859813084,0.2299150034937549,1.7362201393134773,11.870327102803738,50.757009345794394,468.0286214953271,8.912427226417998,0.18254935004462153,5.920142264297684,178.8271028037383,0.10445508341339856,0.18560277536860365,21.72807668792034,0.19406245023697372,2.4759778121791096,0.04249294407999418,393.6144859813084,0.2299150034937549,1.7362201393134773,11.870327102803738,50.757009345794394,468.0286214953271,8.912427226417998,0.18254935004462153,178.8271028037383,0.10445508341339856,0.19406245023697372,2.4759778121791096,0.04249294407999418,5.920142264297684,0.18560277536860365,21.72807668792034,3.1935595917442936,4898.49501300954,0.5310597368830812,0.27612664725453184,2472.3961405030354,1.4028068934203093,10.633889852558543,7.186686903729401,74.21736773633998,1.2241591751457577,0.17252588257444895,0.1757191384793293,1.9597607690083838,0.03171088897868511,13.023085793357934,0.002513059449630717,7.345834219337096,0.006759212168354579,0.1340759160884649,376.png,/mnt/wangbd8/workspace/DataSets/ThyroidAgent/train_val_test/500_TestData_Malignancy_Cls/images/376.png,/mnt/wangbd8/workspace/DataSets/ThyroidAgent/train_val_test/500_TestData_Malignancy_Cls/masks/376.png
0.4949987781082024,581.8575925299923,563.5672098339293,130696.5,288.0187973353265,1610.3330444827302,0.012321164258283352,130697.0,0.7958316481200798,98.0,200.0,2989447550.0,2.7129107654920257,51.0,3.020747547161207,255.0,31.323792568075135,145.96061118464846,142.0,32.0,223.0,21.626239113212932,151.2386038589823,0.3933233151054651,2989447550.0,0.18000425000762874,1568.615279818042,31.201995184566073,5.3533209624733535,336.5180654670667,14.054119816910559,10.350841986018457,0.17504255678071373,0.9667405516241458,0.17502722100387996,0.6691816546121041,0.14440802868837274,0.12571964603293276,3.541374061419919,-0.6946342344982342,0.9883950617018333,0.9124879230757433,0.9982669141383727,0.9124889454608656,0.9840885506343202,0.17501380219915041,0.22273682273375559,3.366239263957993,2.6314711356997926,4120.2223472390515,0.17830285387047998,2.53601511686033,30.683659338757142,57.701185736541454,1910.3063441232473,2.7937251156569216,0.05103286884991016,6.432911502215798,2339.294876233339,0.10123311737205033,0.17680589454998968,25.711754376848326,0.17131024360324884,5.107650620463231,0.009506618896995438,4120.2223472390515,0.17830285387047998,2.53601511686033,30.683659338757142,57.701185736541454,1910.3063441232473,2.7937251156569216,0.05103286884991016,2339.294876233339,0.10123311737205033,0.17131024360324884,5.107650620463231,0.009506618896995438,6.432911502215798,0.17680589454998968,25.711754376848326,3.7265432323005383,70900.58551458718,0.5424805888014811,0.26145571478270624,23526.01546324705,2.6316185416514686,31.293105427056474,7.264826277573318,228.35758280603227,0.3544034087078213,0.04919393593616633,0.17027212220292398,5.280405994186724,0.008548972924042027,78.04106545352799,0.0002495171755691999,6.978933008166984,0.010038771236136767,0.009719452733761434,377.png,/mnt/wangbd8/workspace/DataSets/ThyroidAgent/train_val_test/500_TestData_Malignancy_Cls/images/377.png,/mnt/wangbd8/workspace/DataSets/ThyroidAgent/train_val_test/500_TestData_Malignancy_Cls/masks/377.png
0.836398198490593,166.72435458608115,169.09464805250343,18139.5,139.44794982030513,574.2670273047594,0.031658371361104734,18140.0,0.8313879140973047,74.0,171.0,276264105.0,2.5426566674687403,52.0,2.5547786720530277,232.0,29.733115228973713,117.99983461962513,113.0,40.0,192.0,22.004865679002584,123.40807813357208,0.48293064523494095,276264105.0,0.19203311497370082,1305.592778362947,19.921986997832974,4.222870478413069,188.53064880264824,11.675887297313976,8.526435852883301,0.16902817136189363,0.9611226793899441,0.16902817136189363,0.6554768106341982,0.14045764864794794,0.13708378646661826,3.342459560170751,-0.6839486336838001,0.984383766886588,0.915485914319053,0.99793868083705,0.915485914319053,0.9830971828638105,0.16902817136189363,0.21942545979885536,3.1734313888088597,2.173866006061298,581.1042386185243,0.1824503103982808,2.337570982504824,21.211616954474096,56.27880690737834,1025.5620094191522,5.13016847893585,0.08351732110077591,6.301945916042927,314.6910518053375,0.09880409789806516,0.17557883131201765,23.84068571034259,0.1738060454986481,3.7364652695923097,0.01689042318031056,581.1042386185243,0.1824503103982808,2.337570982504824,21.211616954474096,56.27880690737834,1025.5620094191522,5.13016847893585,0.08351732110077591,314.6910518053375,0.09880409789806516,0.1738060454986481,3.7364652695923097,0.01689042318031056,6.301945916042927,0.17557883131201765,23.84068571034259,3.5519265402170004,9872.28368246968,0.5442273253842161,0.2619143158260692,3483.480705622933,2.1831959043285774,20.090463065049615,7.278280044101433,144.2917861080485,0.6116988039524479,0.08384847372991013,0.17029278451549676,3.4870268283719223,0.014520740975489882,16.486466427799506,0.0017694659914537915,5.720154443294782,0.010071171232680755,0.05640587958112789,378.png,/mnt/wangbd8/workspace/DataSets/ThyroidAgent/train_val_test/500_TestData_Malignancy_Cls/images/378.png,/mnt/wangbd8/workspace/DataSets/ThyroidAgent/train_val_test/500_TestData_Malignancy_Cls/masks/378.png
0.4728680990388893,162.2818089374635,178.39282496782207,9462.0,76.73789050085061,1304.9230150024625,0.13791196522959867,9459.0,0.2642478807580044,38.0,103.0,52182097.0,2.0348299266256547,36.0,7.308709815111303,238.0,20.318325389176614,69.45311343693837,67.0,20.0,218.0,14.713028384788716,74.2742287979981,1.195121479238555,52182097.0,0.2734211686358208,692.9260974531433,11.665496819477955,3.257512612415003,108.3390969003035,8.598965894516336,4.352428333428197,0.13599473568765083,0.9394019977201304,0.11186663742048697,0.5159297015916573,0.12348059111988413,0.22864974352739434,2.5734517463720787,-0.7187134645213067,0.9717304432789284,0.9464175580300118,0.9986807898905966,0.9471338743876582,0.98999896060655,0.09933038434354514,0.3288001754770783,2.449803804237142,1.1221057672789616,317.20856031128403,0.24685491074808097,1.9476352405032626,16.762645914396888,150.052140077821,1388.6607003891052,22.928859884067478,0.09948345850085243,6.09173744871833,132.3011673151751,0.10295810686005843,0.13584945554498362,95.86650153673789,0.28591428074079,6.427151946064033,0.023131381211656123,317.20856031128403,0.24685491074808097,1.9476352405032626,16.762645914396888,150.052140077821,1388.6607003891052,22.928859884067478,0.09948345850085243,132.3011673151751,0.10295810686005843,0.28591428074079,6.427151946064033,0.023131381211656123,6.09173744871833,0.13584945554498362,95.86650153673789,2.9039282759200677,5876.860661803574,0.6212983044511654,0.2594073156252018,2586.290834126229,1.1866456309719835,12.03224442330056,7.703034147372873,86.96003805899144,1.0069307669278063,0.12636154802278712,0.16764750795832306,2.4100210264181086,0.01926845041138398,5.943710181136788,0.003976090492944426,5.483589033183331,0.002815688967078276,0.2832935053733727,379.jpg,/mnt/wangbd8/workspace/DataSets/ThyroidAgent/train_val_test/500_TestData_Malignancy_Cls/images/379.jpg,/mnt/wangbd8/workspace/DataSets/ThyroidAgent/train_val_test/500_TestData_Malignancy_Cls/masks/379.jpg
0.8610333121864823,185.96092736780713,195.41238445912276,23117.5,160.11855322877287,629.2964645562821,0.027221648731752226,23118.0,0.8564856151768396,43.0,131.0,189656676.0,2.5094661085888244,49.0,2.9096548925266323,221.0,28.32201054646304,83.65221905009084,80.0,6.0,215.0,20.581495271236225,90.5751240765331,0.5097084646498803,189656676.0,0.20114765547472283,1206.1593494749864,16.79916317991632,3.855822873082287,183.66991830052706,10.98246434798464,7.902033135313146,0.174860529986053,0.9567010444281799,0.174860529986053,0.6687037379598031,0.14428432503904964,0.14101789767919562,3.3319856059698125,-0.672287527388849,0.9827298904124782,0.9125697350069735,0.9978675545123652,0.9125697350069735,0.9825139470013946,0.174860529986053,0.23461471408647142,3.157125075983762,2.0192234163247993,829.9531772575251,0.19826879533146802,2.0138075431288835,17.584806497849975,51.48351648351648,829.989010989011,6.087334223699389,0.109878649950097,6.178233240056982,425.30864787386525,0.10160263924363719,0.18107102690544163,20.983359771577227,0.17309665220878045,3.0948166857659136,0.020084836201841153,829.9531772575251,0.19826879533146802,2.0138075431288835,17.584806497849975,51.48351648351648,829.989010989011,6.087334223699389,0.109878649950097,425.30864787386525,0.10160263924363719,0.17309665220878045,3.0948166857659136,0.020084836201841153,6.178233240056982,0.18107102690544163,20.983359771577227,3.5338867088847126,12410.126741067566,0.5368166251867621,0.265686768989328,4650.131499264642,2.0151493953531983,16.935634570464572,7.223981313262393,121.19923868846786,0.8147183596541986,0.1121810471672592,0.17200882429275888,2.9555060510809277,0.019227868696674297,23.7986312695681,0.0012588385654162882,6.212603825385881,0.009662328611371777,0.04499552255449152,380.png,/mnt/wangbd8/workspace/DataSets/ThyroidAgent/train_val_test/500_TestData_Malignancy_Cls/images/380.png,/mnt/wangbd8/workspace/DataSets/ThyroidAgent/train_val_test/500_TestData_Malignancy_Cls/masks/380.png
0.8054750300417897,55.80175987302185,66.2872536767062,1843.5,44.94692421010701,567.1858582251285,0.3076679458774768,1859.0,0.2683496968669845,21.0,96.0,8706308.0,2.309287421566026,38.5,10.833503173721146,253.0,25.395365754781487,58.0494889725659,52.0,0.0,253.0,16.45246261128898,68.43484983054081,2.1353236608255974,8706308.0,0.24469968728668606,1313.5855013526218,9.189349112426036,2.7730769230769234,486.1580043310808,37.17823941738734,7.406449704142013,1.4088757396449705,0.6803576342974513,0.4857988165680473,1.2880061582751285,1.172875249466055,0.14724677007107592,3.646950482668307,-0.402164174859202,0.916797685569183,0.8232372168080215,0.9904307383646959,0.8325704637243097,0.9641515182001699,0.23797230617537396,0.27928994082840236,3.013818620543481,2.2038313609467455,135.18397626112758,0.20056969771680652,3.421593920876295,14.905044510385757,18.422848664688427,130.90949554896142,5.411348388744314,0.2024389997331874,4.811776635249259,230.8545994065282,0.34251424244292017,0.36256051640667025,10.815400769576204,0.6075900342264557,11.00897016880498,0.11068383145994425,135.18397626112758,0.20056969771680652,3.421593920876295,14.905044510385757,18.422848664688427,130.90949554896142,5.411348388744314,0.2024389997331874,230.8545994065282,0.34251424244292017,0.6075900342264557,11.00897016880498,0.11068383145994425,4.811776635249259,0.36256051640667025,10.815400769576204,3.6945725915704895,690.1500806885422,0.3712480261907166,0.600611537260687,454.89671866594944,2.179467985153424,10.218934911242604,5.775685852608929,45.39698762775686,1.6549580697175905,0.2572027826765892,0.33443906520829597,4.9179367640906095,0.07160669463086744,3.8583155048434064,0.007158383568448433,26.06012852339895,0.016477370556248195,0.6316587184335218,381.jpg,/mnt/wangbd8/workspace/DataSets/ThyroidAgent/train_val_test/500_TestData_Malignancy_Cls/images/381.jpg,/mnt/wangbd8/workspace/DataSets/ThyroidAgent/train_val_test/500_TestData_Malignancy_Cls/masks/381.jpg
0.836432458790597,94.9159534058718,101.84301645179212,5802.0,79.3907842857271,1018.3717164502575,0.17552080600659384,5819.0,0.2651474564022345,41.0,74.0,19921132.0,1.35678052274817,16.0,4.82415021163486,144.0,10.606886064964694,56.83382024402818,55.0,22.0,122.0,7.1898253261782195,58.5103677820967,0.9219579394617773,19921132.0,0.45446784258629025,193.38001446571147,7.950739805124504,2.760104655359076,7.068954454005372,0.6940188448145709,1.4217316054131304,0.09148321905449297,0.8790875987001,0.09148321905449297,0.4414013277201885,0.08311403968592064,0.3896816261269702,1.7970820104529284,-0.6370513235795113,0.9020056264845473,0.9542583904727536,0.9975274805660949,0.9542583904727536,0.9869309687065011,0.09148321905449297,0.5447491880187658,1.7055987913984372,0.3783037061169057,294.96173469387753,0.37622670241566014,0.6504841732611412,9.619897959183673,125.32525510204081,1003.6619897959183,18.16306157879819,0.13910005668934242,5.574105502887374,76.38775510204081,0.09743336109954186,0.1347310534456092,70.23629314608496,0.28647057169703805,3.381954391344198,0.03406451561379831,294.96173469387753,0.37622670241566014,0.6504841732611412,9.619897959183673,125.32525510204081,1003.6619897959183,18.16306157879819,0.13910005668934242,76.38775510204081,0.09743336109954186,0.28647057169703805,3.381954391344198,0.03406451561379831,5.574105502887374,0.1347310534456092,70.23629314608496,2.247946436157692,3633.456092112047,0.6244124578298758,0.2600933865603316,2644.5483760096236,0.4058930630649441,8.195738099329782,7.715930572263275,61.56607664547173,1.1746164384869489,0.1505149319279754,0.167860075232476,1.5045444998186017,0.024188720856962824,9.625934977123316,0.004719879338503112,1.548468726126301,0.0024483324477710153,0.08718402417205189,382.jpg,/mnt/wangbd8/workspace/DataSets/ThyroidAgent/train_val_test/500_TestData_Malignancy_Cls/images/382.jpg,/mnt/wangbd8/workspace/DataSets/ThyroidAgent/train_val_test/500_TestData_Malignancy_Cls/masks/382.jpg
0.8521613210489667,86.94553070671437,88.84255736976509,5038.5,74.09161830633721,300.6690475583124,0.05967431726869354,5039.0,0.836887038374501,84.0,154.0,73415435.0,2.1445207668957487,43.0,2.621918444671403,219.0,22.910622880764016,117.62075808692201,116.0,53.0,166.0,17.62878145959227,120.70395737693799,0.32184665542096047,73415435.0,0.250896155452838,734.8025935114324,11.394281111558596,3.2000604107933945,59.301351018731836,2.927647116302552,4.800233573803272,0.184655658477648,0.9259138368484244,0.18425291985501413,0.6911316022183611,0.15070652000254978,0.17651629956032877,2.9729709672414746,-0.611351590372976,0.9628236047076537,0.9079138139347562,0.9963077986914793,0.9079406631762652,0.9769739786101042,0.18390052356020947,0.24667740636327024,2.7868563455933733,1.24622230807023,226.90678824721377,0.22989542882189845,1.4349050318784522,12.48530901722391,46.87436676798379,484.1306990881459,7.414828909611802,0.16406178851141942,5.734819306222281,108.26038500506586,0.10968630699601403,0.19587219686445723,20.809565896677068,0.22059295418674743,3.062440324051902,0.036669105941269424,226.90678824721377,0.22989542882189845,1.4349050318784522,12.48530901722391,46.87436676798379,484.1306990881459,7.414828909611802,0.16406178851141942,108.26038500506586,0.10968630699601403,0.22059295418674743,3.062440324051902,0.036669105941269424,5.734819306222281,0.19587219686445723,20.809565896677068,3.200277374365758,2611.879539591189,0.5183329112107935,0.29384730438164774,1264.2657273268505,1.2516538099470291,11.593768604881921,7.096844612026196,80.70787854733082,1.0811611606341287,0.1548967644211882,0.18249873211175055,2.2178232012524526,0.028716591650882747,9.710430025721841,0.004699910833205863,3.7679376768794954,0.010598113889873634,0.0916631524111927,383.png,/mnt/wangbd8/workspace/DataSets/ThyroidAgent/train_val_test/500_TestData_Malignancy_Cls/images/383.png,/mnt/wangbd8/workspace/DataSets/ThyroidAgent/train_val_test/500_TestData_Malignancy_Cls/masks/383.png
0.6857895420992401,173.3700026411003,172.38619434281853,16159.5,118.89533472498424,541.5391052434015,0.03351212013016501,16160.0,0.8321259550283785,66.0,174.0,259815607.0,2.6663433475128757,64.0,2.187716345047918,244.0,34.19786175987649,120.22221534653465,121.0,36.0,208.0,26.570976527064374,126.79786454420396,0.1611317699561267,259815607.0,0.17044009165768065,1624.3173901417447,21.219784329614164,4.316867169482017,245.4543258132775,6.4081664526268085,10.521213175575186,0.18344449292526335,0.9657262289731939,0.18344449292526335,0.6875546131560624,0.14979261094065635,0.11733344814766869,3.5123294288005384,-0.6829962866342401,0.9868260872076304,0.9082777535373683,0.9977628720374967,0.9082777535373683,0.9816555507074736,0.18344449292526335,0.18475347503584116,3.3288849358752772,2.6761644171251118,525.3535947712418,0.17168418129779145,2.5216032295271047,21.96797385620915,48.46078431372549,985.9251633986928,4.935648028141298,0.09460879490685163,6.233198609245286,329.9751633986928,0.10783502071852706,0.18935643564356436,20.571340082874112,0.1888664717376558,4.16633512556845,0.02255053324139546,525.3535947712418,0.17168418129779145,2.5216032295271047,21.96797385620915,48.46078431372549,985.9251633986928,4.935648028141298,0.09460879490685163,329.9751633986928,0.10783502071852706,0.1888664717376558,4.16633512556845,0.02255053324139546,6.233198609245286,0.18935643564356436,20.571340082874112,3.702060537030754,8506.08316831683,0.5263665326928733,0.275883491814528,2754.3118811881186,2.6715810605271537,21.376670792079207,7.147029702970297,151.69733910891088,0.6633754446784673,0.09299891536418382,0.1761138613861386,3.8072297854785484,0.017000195387694712,14.278940044384616,0.0020586762215061725,5.91216793757945,0.013269275086621998,0.06101097521068944,384.png,/mnt/wangbd8/workspace/DataSets/ThyroidAgent/train_val_test/500_TestData_Malignancy_Cls/images/384.png,/mnt/wangbd8/workspace/DataSets/ThyroidAgent/train_val_test/500_TestData_Malignancy_Cls/masks/384.png
0.6408895430681419,225.32750920949871,232.1055794245369,25177.0,144.41004441795818,1896.3443712397352,0.0753205056694497,25171.0,0.2966126814640375,1.0,90.0,69671175.0,2.123328848806101,44.0,4.649103498622544,238.0,27.419416621953374,39.07810575662469,30.0,0.0,238.0,19.062968200092744,52.61097285794092,1.266408432659168,69671175.0,0.2857235295687347,1240.8161155330529,6.336383883377202,2.1312816359586964,261.7947047144823,27.785717914193235,7.254405334881053,0.07831544847135048,0.9786394570896109,0.07280826078153474,0.37748529415079835,0.07301440563331851,0.26014088707499766,2.5189271074627344,-0.8048312049617126,0.9830441653923254,0.9641008539475722,0.9992327911007391,0.9642039549166498,0.9934178732113537,0.07059346246428652,0.4136464871431464,2.4415470386181264,1.8331801958381013,425.5422818791946,0.1903992312658589,2.9130487615672966,11.596420581655481,514.7601789709172,1477.8885906040268,402.5476781498166,0.3167838816403187,6.932043814532402,164.06845637583893,0.07340870531357446,0.08879265821779031,387.9232014573919,0.21258981156980422,3.2401974646604823,0.05395030856437451,425.5422818791946,0.1903992312658589,2.9130487615672966,11.596420581655481,514.7601789709172,1477.8885906040268,402.5476781498166,0.3167838816403187,164.06845637583893,0.07340870531357446,0.21258981156980422,3.2401974646604823,0.05395030856437451,6.932043814532402,0.08879265821779031,387.9232014573919,2.792150968895281,18177.08748162568,0.7221440340719749,0.1740174659541915,7191.946962774621,1.878853414012029,6.496801875173811,8.140042111954234,48.610663064637876,4.376363250110989,0.5167344091033106,0.14432172826753892,1.141176574452964,0.06737768994926749,17.266923963592994,0.0026420054302233103,4.174039921479709,0.002999012949235009,0.23626602006874747,385.jpg,/mnt/wangbd8/workspace/DataSets/ThyroidAgent/train_val_test/500_TestData_Malignancy_Cls/images/385.jpg,/mnt/wangbd8/workspace/DataSets/ThyroidAgent/train_val_test/500_TestData_Malignancy_Cls/masks/385.jpg
0.8562334303765243,136.7454415243508,141.9929575718458,12455.5,117.08601848474731,484.85281374238633,0.03892680452349455,12456.0,0.815972636020259,81.0,162.0,177546749.0,2.292519722010465,44.0,3.608248245687724,255.0,25.979690978525717,114.97406872190109,106.0,45.0,210.0,18.38162731781206,119.38975540728217,0.9642604054211723,177546749.0,0.24807292124282612,1034.8772177422268,18.379327117957033,4.09002837454398,167.78987877932636,16.88490935067467,6.7650663932124555,0.1610863396838265,0.9534846123393338,0.16108633968382652,0.6369021015786649,0.1351375308510934,0.18578964914906765,3.045359711454545,-0.6662605074566066,0.975852574776814,0.9194568301580867,0.9984050857457046,0.9194568301580867,0.9853557873014702,0.16108633968382652,0.32290231049858126,2.884273371770721,1.7315381832240704,435.0948766603416,0.20640174414627208,2.0756949670362115,19.985294117647058,62.42125237191651,1034.7950664136622,5.128018323891683,0.08005680624997907,6.202559520772896,199.38235294117646,0.09458365889050117,0.16923570969813745,27.50593564229879,0.1842728278089253,3.6334866888182193,0.01713366304731764,435.0948766603416,0.20640174414627208,2.0756949670362115,19.985294117647058,62.42125237191651,1034.7950664136622,5.128018323891683,0.08005680624997907,199.38235294117646,0.09458365889050117,0.1842728278089253,3.6334866888182193,0.01713366304731764,6.202559520772896,0.16923570969813745,27.50593564229879,3.2763768845562176,6896.765574823378,0.5536902356152359,0.26115964160447214,3089.9963070006424,1.7486477255430446,18.59184328837508,7.344894026974952,134.22029543994861,0.5758948096063576,0.0786264286848032,0.169503318347249,3.224033040747876,0.013643017534427995,9.666044102848815,0.0022357380829963916,7.589849941810373,0.006195701104204108,0.12031555506399647,386.png,/mnt/wangbd8/workspace/DataSets/ThyroidAgent/train_val_test/500_TestData_Malignancy_Cls/images/386.png,/mnt/wangbd8/workspace/DataSets/ThyroidAgent/train_val_test/500_TestData_Malignancy_Cls/masks/386.png
0.372886546464168,270.9720063608892,363.6660556059639,11687.5,101.04181564037856,1483.935208311262,0.12696771835818285,11687.0,0.2582562287187815,9.0,59.0,16538047.0,1.6345758425779457,24.0,7.919468547634591,236.0,15.432039963050672,31.725934799349705,28.0,0.0,236.0,10.487009817842509,37.61755710275072,1.3484968527343513,16538047.0,0.364895350268372,408.5456634861228,3.773250664304695,1.779716563330381,46.339081047600814,5.494979240905958,2.5733056131098873,0.14986713906111604,0.889931963411695,0.13073516386182463,0.5710853030373205,0.1327754559911379,0.29537553318934506,2.2292431422768972,-0.6161567810673213,0.9287836227205651,0.9364580836763404,0.998539957808134,0.9369707705934456,0.9882469169448799,0.12140967916543648,0.3783879539415412,2.0853840522250975,0.6807931880427509,558.0266370699223,0.30967071979462946,1.1167296541886496,5.7075471698113205,110.98057713651498,335.1642619311876,69.70925450709635,0.4124338448691846,5.623397253598552,212.05105438401776,0.11767539089013195,0.1541884144776247,68.91793832478649,0.31204141046858225,2.521113182273561,0.1010669818059014,558.0266370699223,0.30967071979462946,1.1167296541886496,5.7075471698113205,110.98057713651498,335.1642619311876,69.70925450709635,0.4124338448691846,212.05105438401776,0.11767539089013195,0.31204141046858225,2.521113182273561,0.1010669818059014,5.623397253598552,0.1541884144776247,68.91793832478649,2.5962983314638484,6871.293659621802,0.5879433267409774,0.2897758114524926,4264.531958586464,0.6995307402329152,3.9479763840164286,7.534611106357492,27.39950372208437,4.167691780954036,0.5311248452324847,0.1773147752013158,0.8872583972695207,0.08385699354119953,19.00034075875616,0.002054889659792419,8.810638244358834,0.0019313361186088873,0.31160037252665423,387.jpg,/mnt/wangbd8/workspace/DataSets/ThyroidAgent/train_val_test/500_TestData_Malignancy_Cls/images/387.jpg,/mnt/wangbd8/workspace/DataSets/ThyroidAgent/train_val_test/500_TestData_Malignancy_Cls/masks/387.jpg
0.5354963958897256,151.57095984916515,155.7080601638849,9515.5,81.16570272077426,1290.5209947489038,0.1356230355471498,9533.0,0.2679511742357514,34.0,115.0,60589420.0,2.320963754346582,44.0,2.9652051801185912,197.0,25.073636968752716,73.49669568866044,73.0,10.0,187.0,18.651433703081562,79.72299414633893,0.4767514097151252,60589420.0,0.22744077508055877,953.9915185056324,13.134299095959046,3.417656028755037,107.8636993543557,7.006941879393045,5.977452546667601,0.16174708637403334,0.9473067839320621,0.15695458011109897,0.6389654749963559,0.13711234615618192,0.1719438088831586,3.060464817755263,-0.668415460015972,0.9765735065314887,0.9220019605707438,0.9975180889511636,0.9223214609882728,0.982613852279466,0.15276113713103145,0.23842718658098247,2.883741942950562,1.5347999082604082,368.9683794466403,0.20833900589872406,1.8544796474730436,16.723320158102766,62.483907396950876,724.2264257481648,8.886698177106341,0.12051957414812339,5.962218677317816,208.90175042348955,0.1179569454678089,0.18577572642400084,33.50899953163474,0.2924021317315204,6.034010163952644,0.028343231014166855,368.9683794466403,0.20833900589872406,1.8544796474730436,16.723320158102766,62.483907396950876,724.2264257481648,8.886698177106341,0.12051957414812339,208.90175042348955,0.1179569454678089,0.2924021317315204,6.034010163952644,0.028343231014166855,5.962218677317816,0.18577572642400084,33.50899953163474,3.370926271480195,5088.4272527011435,0.5337697737019976,0.3161612036098162,2168.1929088429665,1.5808459176556846,13.593727053393476,7.224902968635267,93.04993181579775,0.9991448407049104,0.13504851716902713,0.1879727729407788,2.9155448325699034,0.023548263582719393,10.84058351674476,0.003371884398093168,3.9984690158881215,0.008122649803182823,0.09216284557367142,388.jpg,/mnt/wangbd8/workspace/DataSets/ThyroidAgent/train_val_test/500_TestData_Malignancy_Cls/images/388.jpg,/mnt/wangbd8/workspace/DataSets/ThyroidAgent/train_val_test/500_TestData_Malignancy_Cls/masks/388.jpg
0.7388654813429447,200.91559429072458,217.18655575334307,20460.0,148.44959728492,1632.2955980044699,0.0797798434997297,20430.0,0.3106411156485629,7.0,72.0,41433715.0,1.8676895865142404,44.0,2.9553366391862865,157.0,22.922630689322972,36.16833088595203,28.0,0.0,157.0,17.737269465639404,45.034231283254044,0.7627607182850938,41433715.0,0.31938163072022974,719.9338281979055,5.029519554194487,1.9741201867563631,62.28311044479142,8.02861197033018,4.5897703612175125,0.06029419147547568,0.9740673744236268,0.060294191475475684,0.3286116441334066,0.05665880194979436,0.2964573355263172,2.211148476003657,-0.8100483888798842,0.975053774792946,0.9698529042622622,0.9987941161704905,0.9698529042622622,0.9924632260655656,0.060294191475475684,0.45177970781665744,2.1508542845281835,1.162516138173247,410.7570093457944,0.23992815966459952,1.3453054715477333,7.959696261682243,482.7605140186916,1620.2044392523364,346.3512252513934,0.3203038906372518,6.538072834857744,127.11915887850468,0.07425184513931347,0.08379833578071463,340.35421079351903,0.21588005967230237,1.8763811690862318,0.055359302664614723,410.7570093457944,0.23992815966459952,1.3453054715477333,7.959696261682243,482.7605140186916,1620.2044392523364,346.3512252513934,0.3203038906372518,127.11915887850468,0.07425184513931347,0.21588005967230237,1.8763811690862318,0.055359302664614723,6.538072834857744,0.08379833578071463,340.35421079351903,2.5062919098129113,15017.30024473813,0.7350611965119006,0.16574395480047316,6524.966715614292,1.1680195809671123,5.116886930983847,8.188252569750366,39.598923152227115,4.612914652433008,0.5415973608239184,0.1424049600261054,0.8201392288029586,0.06975621822304456,20.239855384138085,0.0035586168912023863,1.4773666763631503,0.0033186860340743305,0.10588411498957805,389.jpg,/mnt/wangbd8/workspace/DataSets/ThyroidAgent/train_val_test/500_TestData_Malignancy_Cls/images/389.jpg,/mnt/wangbd8/workspace/DataSets/ThyroidAgent/train_val_test/500_TestData_Malignancy_Cls/masks/389.jpg
0.947456736506698,131.69640060107469,144.97241116847025,12767.0,124.77664192317296,1361.449926937036,0.10663820215689168,12793.0,0.2942034005706457,63.0,104.0,92530356.0,1.5802552144360442,20.0,19.530906682146348,238.0,13.77896455859153,82.44133510513562,79.0,41.0,197.0,8.56864397244109,85.04639644906828,3.0043099655096217,92530356.0,0.39379114427055184,436.31581505482717,8.447806841046278,2.7882494969818916,132.69363047965925,12.110027192987742,2.831834020622731,0.13794768611670022,0.907099107113731,0.10865191146881287,0.5060933299149923,0.12614244825087342,0.3410476573728083,2.0575970648084088,-0.6595384709745346,0.9316523204892416,0.9485695348561961,0.998363240306517,0.9495184439973174,0.9893817168746748,0.09258383635144199,0.46229376257545274,1.941178111169968,0.7424454266848577,443.1499684940139,0.2792375352829325,2.0242089853404845,13.422810333963453,164.80340264650283,1193.1556395715186,27.938815975829055,0.13011394952739433,6.059927513581093,152.8626339004411,0.09632176049177132,0.12405221605565543,99.82172098521023,0.2843842381140886,5.8708261733865,0.025822041480762753,443.1499684940139,0.2792375352829325,2.0242089853404845,13.422810333963453,164.80340264650283,1193.1556395715186,27.938815975829055,0.13011394952739433,152.8626339004411,0.09632176049177132,0.2843842381140886,5.8708261733865,0.025822041480762753,6.059927513581093,0.12405221605565543,99.82172098521023,2.387272642658504,8270.810990385367,0.646510669146046,0.24392374990062532,5037.77010865317,0.7878631254075921,8.74103025091847,7.816852966466036,63.26537950441648,1.2589982414620053,0.15729336427704768,0.16310134882791805,1.8149118007243545,0.02341727508882673,12.249205199798203,0.002271093829124022,4.440782344481038,0.0022145114425426407,0.16972890102577282,390.jpg,/mnt/wangbd8/workspace/DataSets/ThyroidAgent/train_val_test/500_TestData_Malignancy_Cls/images/390.jpg,/mnt/wangbd8/workspace/DataSets/ThyroidAgent/train_val_test/500_TestData_Malignancy_Cls/masks/390.jpg
0.856302352242947,172.85544271985486,178.71765441612084,19633.5,148.0165221990077,626.9949493661173,0.03193495552836312,19634.0,0.792208965271882,65.0,137.0,219340379.0,2.19136170270958,44.0,2.215212178448806,195.0,23.41129015781508,102.00626464296629,103.0,35.0,160.0,18.080248795449837,105.69511155151758,0.0724559034414159,219340379.0,0.23757111252867477,766.1785794768725,14.094289235825801,3.5881265406737883,56.705996153653956,0.9939152182428821,5.0469956565743175,0.16844700082169267,0.9354045238776353,0.16844700082169273,0.6541398142673363,0.14007260873586938,0.16967799960029417,2.9785731626418093,-0.6399342557800844,0.9692102074539941,0.9157764995891537,0.9966310599835663,0.9157764995891537,0.9789441248972885,0.16844700082169273,0.25349219391947414,2.8101261618201185,1.3038606643490027,789.5520046484602,0.2293875667194829,1.4096584691750842,15.14613596746078,60.08309122603138,775.0293434049971,7.333227519266471,0.11625545811971894,5.989416872972368,340.171411969785,0.0988295793055738,0.17530813894265052,27.544717626638295,0.19564463721179107,3.0708077397470563,0.02619905583335629,789.5520046484602,0.2293875667194829,1.4096584691750842,15.14613596746078,60.08309122603138,775.0293434049971,7.333227519266471,0.11625545811971894,340.171411969785,0.0988295793055738,0.19564463721179107,3.0708077397470563,0.02619905583335629,5.989416872972368,0.17530813894265052,27.544717626638295,3.206467112249531,10703.031272282775,0.5451273949415695,0.27005997468868226,4664.471223388,1.3064198832730856,14.243913619231945,7.289294081695019,102.32102475297953,0.8264534250595419,0.11382154394812828,0.1727558769934241,2.527455208085747,0.020100121143609845,30.928837384124655,0.0013182628110735824,3.368971842511846,0.010361018588510188,0.023414385393371484,391.png,/mnt/wangbd8/workspace/DataSets/ThyroidAgent/train_val_test/500_TestData_Malignancy_Cls/images/391.png,/mnt/wangbd8/workspace/DataSets/ThyroidAgent/train_val_test/500_TestData_Malignancy_Cls/masks/391.png
0.5026200404183948,319.6257072373937,305.94934221207274,39912.5,160.65028589041688,875.9238815542519,0.021946104141666194,39913.0,0.8085242133230668,21.0,111.0,208226144.0,2.5128721554784734,56.0,3.4813505447971482,215.0,30.203898334438247,62.143913010798485,57.0,0.0,215.0,22.795978193348404,72.22880710806008,0.8330049984134063,208226144.0,0.19818424204255508,1355.1346519596618,11.142562503144022,2.992567533578148,270.77873736912517,20.244453987447766,8.913632849355837,0.16522460888374665,0.9636023344030378,0.16522460888374668,0.6466632416713329,0.13792543750295963,0.14268299575680518,3.289758289542087,-0.6905925540017194,0.9843199948689859,0.9173876955581266,0.99798506574532,0.9173876955581266,0.9834775391116253,0.16522460888374668,0.24088233814578197,3.1245336806583435,2.2697143645598956,1265.9387269482452,0.18827167265738326,2.452909145536371,11.959547888161808,68.30264723378941,675.4149315883403,19.648920178752977,0.26472573017739054,6.369901809677744,652.902736466389,0.09710034748161646,0.16846641445143187,33.067723592865775,0.18454210986721284,2.2013014798746697,0.05236020827343136,1265.9387269482452,0.18827167265738326,2.452909145536371,11.959547888161808,68.30264723378941,675.4149315883403,19.648920178752977,0.26472573017739054,652.902736466389,0.09710034748161646,0.18454210986721284,2.2013014798746697,0.05236020827343136,6.369901809677744,0.16846641445143187,33.067723592865775,3.514853351409086,22145.885024929223,0.5548539329273475,0.26058996609912277,7910.127652644502,2.2684477942290497,11.24846541227169,7.352516723874427,81.5246661488738,1.9855509640702713,0.2689412664706861,0.1692681582441811,1.9428047670349677,0.04564798997723537,52.02438187524063,0.0007940791336573376,6.794977207987892,0.010283943223461049,0.03578019373592891,392.png,/mnt/wangbd8/workspace/DataSets/ThyroidAgent/train_val_test/500_TestData_Malignancy_Cls/images/392.png,/mnt/wangbd8/workspace/DataSets/ThyroidAgent/train_val_test/500_TestData_Malignancy_Cls/masks/392.png
0.6510749063105781,382.0742265639906,410.85520563819074,71810.5,248.75894126383673,1265.2203461105316,0.01761887671176961,71811.0,0.7508146535533229,60.0,154.0,874603813.0,2.5733316764259486,49.0,3.1281422496683495,251.0,29.09434117330471,104.1656709974795,100.0,15.0,236.0,20.460774527888358,110.35961988209012,0.5539559489574294,874603813.0,0.19459322126649925,1328.758686164278,23.938720181114352,4.672617633494975,232.1811460731664,13.575233185871248,8.599344689747754,0.1778861606830918,0.9594664504752404,0.1776625627122434,0.6760396206016849,0.14632217449360996,0.13660649774607272,3.4049559852654157,-0.675422658974902,0.9843576871618621,0.9111910784409631,0.9985420046886846,0.9112059849723531,0.9851962197609723,0.17746691448775104,0.23293318613133585,3.226008786066782,2.194307712607712,2385.523805849217,0.184082398784568,2.3821312636949385,25.677521413689327,56.147002083494094,1258.8735241916816,3.7969940985554365,0.06165988301657649,6.343221342975562,1333.8645728837103,0.10292959124035111,0.18045981813371212,25.439890347066864,0.1893745340026559,5.263004910196595,0.011487670810750372,2385.523805849217,0.184082398784568,2.3821312636949385,25.677521413689327,56.147002083494094,1258.8735241916816,3.7969940985554365,0.06165988301657649,1333.8645728837103,0.10292959124035111,0.1893745340026559,5.263004910196595,0.011487670810750372,6.343221342975562,0.18045981813371212,25.439890347066864,3.603903191898055,38618.38950857111,0.537778188697708,0.27070622700172536,13973.93381236858,2.2022695309188998,24.091183801924497,7.23545139324059,171.63370514266617,0.46605801534167784,0.06387709352919417,0.1734762083803317,4.315544353310155,0.010932501014530348,40.967802849651164,0.00042651921768246725,9.569471509268848,0.0068475128460819615,0.024988108702851966,393.png,/mnt/wangbd8/workspace/DataSets/ThyroidAgent/train_val_test/500_TestData_Malignancy_Cls/images/393.png,/mnt/wangbd8/workspace/DataSets/ThyroidAgent/train_val_test/500_TestData_Malignancy_Cls/masks/393.png
0.9291327245254104,234.05718342537338,247.7761086142084,39815.0,217.4701885307609,2284.1332598451886,0.05736866155582541,39805.0,0.30967550488134393,54.0,134.0,356140377.0,2.2948588035288737,41.0,4.363840707979711,247.0,25.45171340482062,88.91910563999498,81.0,21.0,226.0,17.70062831985324,94.58925238896903,1.096703979479291,356140377.0,0.24867676411641285,1040.5193196874961,17.90115195014176,4.039628617404409,179.89250475882622,17.22349489941894,6.480014937048562,0.1498046026921407,0.9548088445562729,0.1498046026921407,0.6093511068008157,0.12736318370439056,0.1925500210513003,2.994298312572265,-0.6784211393008274,0.9766131033809473,0.9250976986539297,0.998516786111959,0.9250976986539297,0.98638139975526,0.1498046026921407,0.3214988122908738,2.844493709880128,1.6574548849351756,1277.7442859334253,0.19600311181675492,2.4284061779742045,21.699953980671882,90.16981132075472,1340.3025003834944,7.961027303598401,0.07572586651569607,6.349195821837587,656.8643963798129,0.10076152728636491,0.16377339530209772,52.886601546858394,0.22803194868025495,5.983906882068931,0.015898125855881358,1277.7442859334253,0.19600311181675492,2.4284061779742045,21.699953980671882,90.16981132075472,1340.3025003834944,7.961027303598401,0.07572586651569607,656.8643963798129,0.10076152728636491,0.22803194868025495,5.983906882068931,0.015898125855881358,6.349195821837587,0.16377339530209772,52.886601546858394,3.2739718627432666,22459.620173345058,0.5642411800865483,0.2711077740008164,9898.578595653813,1.7412912606663804,18.344177867102122,7.413113930410752,130.9749528953649,0.5978170809445543,0.07983451808591702,0.17214057418805567,3.458127817555025,0.013331515133451608,28.472857653107756,0.0007588610274760977,6.966307988231883,0.005684976087525014,0.04111790017374371,394.jpg,/mnt/wangbd8/workspace/DataSets/ThyroidAgent/train_val_test/500_TestData_Malignancy_Cls/images/394.jpg,/mnt/wangbd8/workspace/DataSets/ThyroidAgent/train_val_test/500_TestData_Malignancy_Cls/masks/394.jpg
0.7266375291699457,63.23894273250615,70.68238818828917,2141.0,45.95178909446796,791.2762620207516,0.3695825604954468,2166.0,0.20729323463955976,60.0,129.0,25528276.0,2.216080262388273,34.0,9.271171631533914,255.0,23.93756783463738,102.3056325023084,104.0,18.0,237.0,15.192660217376902,108.56292029922824,1.730076021348576,25528276.0,0.2700647716876874,1319.465222199202,22.944791666666667,4.590104166666666,626.5518818164367,43.07712446876809,8.728983289930556,1.2260416666666667,0.7536838587523247,0.4520833333333334,1.243175117516935,1.0216623263888889,0.1639675564236111,3.537108822503116,-0.44708814521878704,0.9324913298303403,0.8382397145448616,0.9910579231168102,0.8501463293650794,0.9665376072303921,0.18269661458333333,0.32447916666666665,2.948728189415774,2.488756239149306,176.79189189189188,0.23890796201607012,3.228508035062089,26.463513513513515,22.018918918918917,447.82027027027027,1.442366382732454,0.06563386560789158,4.744638791819478,238.93243243243242,0.322881665449233,0.34164358264081257,13.451431701972245,0.5886092305093931,15.626360504085747,0.0419316464988856,176.79189189189188,0.23890796201607012,3.228508035062089,26.463513513513515,22.018918918918917,447.82027027027027,1.442366382732454,0.06563386560789158,238.93243243243242,0.322881665449233,0.5886092305093931,15.626360504085747,0.0419316464988856,4.744638791819478,0.34164358264081257,13.451431701972245,3.624966094286871,831.1754385964912,0.3837375062772351,0.579286701469619,584.960295475531,2.2589258233302556,23.62927054478301,5.946445060018467,131.69021237303787,0.3733749134884374,0.06344957621576951,0.3168923771416846,8.020621729763004,0.021395027403783094,2.137897643307148,0.007880103103472738,15.288813801744737,0.015910050043256598,0.3912387631400731,395.jpg,/mnt/wangbd8/workspace/DataSets/ThyroidAgent/train_val_test/500_TestData_Malignancy_Cls/images/395.jpg,/mnt/wangbd8/workspace/DataSets/ThyroidAgent/train_val_test/500_TestData_Malignancy_Cls/masks/395.jpg
0.6431492477682359,165.14821504969223,172.12204972053988,13671.5,106.21495027947643,525.9238815542518,0.038468630476118336,13672.0,0.7881159617334056,75.0,161.0,197576736.0,2.450717691596542,44.0,2.8802783451158707,218.0,26.30440398574853,115.62741369221767,113.0,31.0,187.0,18.475610636019685,120.21312262307279,0.3749949218590829,197576736.0,0.21115252102163845,1081.4960536386893,18.78782736997418,4.133419402434526,142.73320436596532,7.1257036543985155,7.010095466085477,0.19940981187753598,0.9446814159392977,0.19926226484692,0.721249443892263,0.1597043616856119,0.1426108232087506,3.3422458718733186,-0.6339243114849681,0.9772601247861443,0.9003836222796016,0.9969323570304325,0.9003934587483093,0.9778613877617935,0.199133161195131,0.24256731833271855,3.142210696208821,1.8023763194907532,550.4029108981185,0.19538619485201228,2.0712593767063376,20.042598509052183,38.90308839190628,684.08164714235,3.4410499728527073,0.09205462341130986,5.981251447008896,325.8306709265176,0.11566583987451813,0.2060415447630193,15.347692624865337,0.201493000706817,4.305845473493037,0.020533390723054955,550.4029108981185,0.19538619485201228,2.0712593767063376,20.042598509052183,38.90308839190628,684.08164714235,3.4410499728527073,0.09205462341130986,325.8306709265176,0.11566583987451813,0.201493000706817,4.305845473493037,0.020533390723054955,5.981251447008896,0.2060415447630193,15.347692624865337,3.5357117433149154,6939.218841427735,0.5075496519476108,0.29054446120613653,2886.877267407841,1.8130864856518052,18.90301345816267,6.98785839672323,129.87638970157988,0.6087626378630738,0.08812999400681865,0.18309521487549574,3.566860087120473,0.016669133418759873,17.784024200602584,0.0018679654983821301,4.878545599477929,0.012425375102157462,0.04389278478727235,396.png,/mnt/wangbd8/workspace/DataSets/ThyroidAgent/train_val_test/500_TestData_Malignancy_Cls/images/396.png,/mnt/wangbd8/workspace/DataSets/ThyroidAgent/train_val_test/500_TestData_Malignancy_Cls/masks/396.png
0.7077381297646689,312.46835773872783,317.3846247063648,53949.5,221.14577111664474,1003.66399692443,0.01860376828190122,53950.0,0.8203709976077946,72.0,164.0,743538481.0,2.480403649131713,48.0,3.475149220688638,255.0,29.153003091284365,111.59341983317887,103.0,39.0,216.0,20.351650377387987,117.39673008031178,0.9155653313126677,743538481.0,0.21420866229586485,1328.9008834854637,17.888913707095526,3.9720329833966197,260.56611926607025,22.740095522420912,8.623016123710327,0.17554538009083462,0.9600967999109865,0.1754709254709255,0.6704930555710982,0.14475533440521157,0.1531476898701044,3.295190540595962,-0.6698366879243074,0.9817341475832068,0.9122719827265282,0.9982619694590892,0.9122769463678555,0.9840486617346121,0.175405777678505,0.2861104906559452,3.119265046389212,2.1996403759502905,1843.4358097606466,0.19100982382764964,2.4430920119313564,19.448140089109938,57.753393430732565,931.7786757848928,5.8460038199599635,0.09297802857716153,6.301043209246195,976.3364418195006,0.10116427746549586,0.178887859128823,26.504239251289547,0.19367537775633972,4.009428475814161,0.01968659452362874,1843.4358097606466,0.19100982382764964,2.4430920119313564,19.448140089109938,57.753393430732565,931.7786757848928,5.8460038199599635,0.09297802857716153,976.3364418195006,0.10116427746549586,0.19367537775633972,4.009428475814161,0.01968659452362874,6.301043209246195,0.178887859128823,26.504239251289547,3.5064269517148925,29133.654791473586,0.5400121370059979,0.2715887504391273,11556.55733086191,2.210588514233737,18.020166821130676,7.252937905468026,128.26917516218722,0.6859925630920682,0.09419850717773122,0.17357944598908454,3.236928225723406,0.016471579708631084,46.43128836950188,0.0005340850822582102,8.083922483794419,0.008421224538725451,0.027642926641461736,397.png,/mnt/wangbd8/workspace/DataSets/ThyroidAgent/train_val_test/500_TestData_Malignancy_Cls/images/397.png,/mnt/wangbd8/workspace/DataSets/ThyroidAgent/train_val_test/500_TestData_Malignancy_Cls/masks/397.png
0.7917965576653045,187.01455244401959,188.6001060445089,21055.5,148.07747885849227,671.1370849898484,0.03187466861341922,21056.0,0.7664370210707024,71.0,136.0,235770473.0,2.1243664356524965,35.0,3.437585606943817,223.0,20.74335144726958,102.57926481762918,101.0,35.0,188.0,14.712128899200797,105.8173232441467,0.4877729073958827,235770473.0,0.26645384344887796,674.8003280309354,14.098141584442953,3.612103649774883,65.31649536274125,4.351851993592915,4.397331431689221,0.19393620078551585,0.9155195400007722,0.19326563847111788,0.7111187599504317,0.15658459377186695,0.1835790101084105,2.9874994703851483,-0.5906373530684474,0.9582502116770045,0.9034342369958808,0.9970172764073465,0.903478941150174,0.9785334908622579,0.19267889644601968,0.2923651690774978,2.7910318532226035,1.147816908118684,1010.5563480741797,0.24026541799195905,1.396855396893553,15.172848311935331,43.07988587731812,572.2370423204945,4.415744770050991,0.10863210443077213,5.767476354160914,478.63100332857823,0.11379719527545845,0.19975303951367782,18.018031211893252,0.2002957470226357,3.2031799088516646,0.02474527945351998,1010.5563480741797,0.24026541799195905,1.396855396893553,15.172848311935331,43.07988587731812,572.2370423204945,4.415744770050991,0.10863210443077213,478.63100332857823,0.11379719527545845,0.2002957470226357,3.2031799088516646,0.02474527945351998,5.767476354160914,0.19975303951367782,18.018031211893252,3.1927159002127015,10827.159954407294,0.5142078245824133,0.28644352503903325,5610.452127659574,1.1555953532474699,14.216802811550153,7.049012158054711,98.39157484802432,0.7315314502273174,0.10469192670102487,0.1808194022289767,2.650271234380277,0.019585113382244643,30.153981286829346,0.001018002584748014,5.315814862547072,0.007613897208956041,0.02961735930463251,398.png,/mnt/wangbd8/workspace/DataSets/ThyroidAgent/train_val_test/500_TestData_Malignancy_Cls/images/398.png,/mnt/wangbd8/workspace/DataSets/ThyroidAgent/train_val_test/500_TestData_Malignancy_Cls/masks/398.png
0.7972506024643441,248.69828141221112,286.9006796785257,36404.5,198.2748546877323,912.6934341759527,0.025070896020435735,36405.0,0.7410671137042977,75.0,143.0,447860676.0,2.2116413966527624,36.0,4.245427080880717,247.0,21.96139817053418,107.28064826260129,104.0,30.0,217.0,15.086561934766973,110.91516968426737,0.7521327477227292,447860676.0,0.2574484175671682,793.0373744458454,15.685313139129956,3.799209551710795,110.50803978547756,8.291841653848877,5.1921129172714515,0.18683323199380908,0.9305316592472934,0.18666740368138854,0.6953144638266794,0.15198851239665861,0.17964068254472634,3.059979834136268,-0.6155298016540045,0.9665325163026528,0.906682880990548,0.9977216887016358,0.906693936211376,0.9813347671619742,0.18652230390802058,0.28627494334199327,2.872281503526853,1.3447365373163152,1613.6334958416978,0.23137847660477456,1.6327948891902069,17.02609693145971,47.118583309435046,689.1723544594207,4.532494816369919,0.09523653207233464,5.935760583178922,757.2411815314024,0.10858061105985121,0.1915670924323582,19.869105466829186,0.1917952336420682,3.613407008054771,0.01818478213963868,1613.6334958416978,0.23137847660477456,1.6327948891902069,17.02609693145971,47.118583309435046,689.1723544594207,4.532494816369919,0.09523653207233464,757.2411815314024,0.10858061105985121,0.1917952336420682,3.613407008054771,0.01818478213963868,5.935760583178922,0.1915670924323582,19.869105466829186,3.2610266329419053,19064.731245708008,0.5236844182312321,0.27842451282809877,9372.409641532757,1.34641461283402,15.810850157945337,7.126411207251751,110.50872132948771,0.6805781304258187,0.09545107132899806,0.1771826214347846,2.9156098826473777,0.016883608986715825,40.2580168846309,0.0006245351583358314,6.796923630215363,0.006716765660019857,0.026004406680579184,399.png,/mnt/wangbd8/workspace/DataSets/ThyroidAgent/train_val_test/500_TestData_Malignancy_Cls/images/399.png,/mnt/wangbd8/workspace/DataSets/ThyroidAgent/train_val_test/500_TestData_Malignancy_Cls/masks/399.png
0.3937413929163193,404.59034023313575,393.3255648950371,50391.5,159.3039641238824,1051.9655121145945,0.020875852318636964,50392.0,0.75645321506913,59.0,128.0,450961306.0,2.1533276113204147,34.0,4.25424520866308,235.0,21.413382248751628,90.44419749166535,87.0,23.0,212.0,14.52874397796473,94.5995002465464,0.9229560498814064,450961306.0,0.2695156959436431,768.9125869849692,18.307216084403308,4.133701602468399,105.32954346686071,10.035784435884473,5.042081671107474,0.16317308649348064,0.9373044763062911,0.16317308649348067,0.641846831746201,0.13654763033767175,0.1970337152023293,2.926762441920172,-0.6407665080926227,0.9678190345860639,0.9184134567532598,0.9983844248862033,0.9184134567532598,0.9851660830460474,0.16317308649348067,0.32343983278590627,2.7635893554266944,1.301313689400239,2007.092650227436,0.240255284920689,1.5473370307856291,19.314460138855637,66.49820445295667,1137.8697629877902,4.952424246353548,0.07390309588908849,6.115719083151204,791.2566435240603,0.09471590178645682,0.16578028258453723,30.11221001220301,0.16788546128528745,3.260121716545733,0.013327630434505916,2007.092650227436,0.240255284920689,1.5473370307856291,19.314460138855637,66.49820445295667,1137.8697629877902,4.952424246353548,0.07390309588908849,791.2566435240603,0.09471590178645682,0.16788546128528745,3.260121716545733,0.013327630434505916,6.115719083151204,0.16578028258453723,30.11221001220301,3.132683559683904,28136.16447055088,0.5583458578851976,0.2525854516025382,13581.434949992063,1.300967898577833,18.390180981108113,7.373154468963327,134.07981425623115,0.5365174580576514,0.07294382332573096,0.16662036302058528,3.1123767441040027,0.01228416547593204,39.52460376970684,0.00048527846219885467,7.813671286093946,0.0046639759977282515,0.028088245013757254,400.png,/mnt/wangbd8/workspace/DataSets/ThyroidAgent/train_val_test/500_TestData_Malignancy_Cls/images/400.png,/mnt/wangbd8/workspace/DataSets/ThyroidAgent/train_val_test/500_TestData_Malignancy_Cls/masks/400.png
0.7181022959940577,208.36403129132876,214.40149253211834,24394.5,149.62668927288087,670.5096679918788,0.027486100063206002,24395.0,0.8257448015223424,77.0,185.0,438146760.0,2.7291645072485546,59.0,2.4447180132944726,252.0,33.12757699307459,127.7974175035868,125.0,17.0,235.0,24.314297401605874,134.01684543221563,0.22349176553390224,438146760.0,0.16810501952119336,1628.334939016304,34.20597458326456,5.624236672718269,269.36608254413704,7.674877430237749,10.48100732438444,0.18526159432249545,0.9652621557295306,0.18509655058590527,0.6919614245888072,0.1510008612836949,0.11543152195358178,3.5849158212097594,-0.6843972619523214,0.9879290403723764,0.9074682290807065,0.9984815272768596,0.9074792319964792,0.9845763454238452,0.18495213731638882,0.19013038455190626,3.3988277898670463,2.6665672296767324,761.3265130303683,0.16397297286891413,2.8277653817017034,35.65970277837605,46.75059228946802,1535.255869050183,2.0480414694870914,0.04275444375977645,6.381259518811528,482.8772345466293,0.10400112740612305,0.19032588645214182,19.144541824034935,0.20170910117353238,7.410943053351005,0.009032698141982378,761.3265130303683,0.16397297286891413,2.8277653817017034,35.65970277837605,46.75059228946802,1535.255869050183,2.0480414694870914,0.04275444375977645,482.8772345466293,0.10400112740612305,0.20170910117353238,7.410943053351005,0.009032698141982378,6.381259518811528,0.19032588645214182,19.144541824034935,3.7886580756742214,12810.534822709571,0.5251295274732352,0.2833067282972257,4100.921951219512,2.6787502991538497,34.28854273416684,7.144291863086698,242.47472842795653,0.3059198385778174,0.0427879486824363,0.17850880189474166,6.229061055316436,0.00768712190350741,11.44074146754595,0.0013764323190258098,9.24727815221642,0.008738668549364738,0.06444406077849318,401.png,/mnt/wangbd8/workspace/DataSets/ThyroidAgent/train_val_test/500_TestData_Malignancy_Cls/images/401.png,/mnt/wangbd8/workspace/DataSets/ThyroidAgent/train_val_test/500_TestData_Malignancy_Cls/masks/401.png
0.7557794370412111,85.34779665630043,90.95603333479313,4223.0,64.5041097096065,894.1879502661834,0.2117423514719828,4239.0,0.25762420199462505,57.0,122.0,37808426.0,2.1638541747541318,34.0,8.429601540583523,235.0,24.188093563396897,87.7103090351498,79.0,30.0,205.0,14.182436547396465,94.4414378606403,2.1018266789657094,37808426.0,0.2847316237672394,1226.0868741437046,10.701082850667339,2.9796021153361876,483.9052361543963,42.87263082376562,7.6603855667008105,0.3681692268949886,0.9082850559384187,0.23268698060941828,0.8516761259276721,0.31402599594986086,0.222374586692833,2.996877636788699,-0.5895938379659486,0.9583170203529966,0.8968847675055921,0.9957283845724095,0.9013388734995385,0.9778688322506002,0.15814831136853297,0.36590279526567615,2.7095917684709296,2.00713869839895,192.75175175175175,0.19294469644819995,3.8311905499092687,18.845845845845847,45.08208208208208,329.4274274274274,9.317133471970331,0.13409746528463456,5.562039252987462,194.80980980980982,0.19500481462443425,0.2356687898089172,27.076968860752647,0.4429148869036165,11.586575014600331,0.04134046731913589,192.75175175175175,0.19294469644819995,3.8311905499092687,18.845845845845847,45.08208208208208,329.4274274274274,9.317133471970331,0.13409746528463456,194.80980980980982,0.19500481462443425,0.4429148869036165,11.586575014600331,0.04134046731913589,5.562039252987462,0.2356687898089172,27.076968860752647,3.2838379983255326,2016.2031139419676,0.4756317796513252,0.42846603348043566,1206.9773531493277,2.0789872804574023,11.268223637650388,6.822599669733428,61.87827317763624,1.3215899821130868,0.18019453667551263,0.23135697622604912,3.976252260753323,0.033647758396639645,6.112825679788623,0.005798354328829202,6.852413464636562,0.01076249607848646,0.28757021150796847,402.jpg,/mnt/wangbd8/workspace/DataSets/ThyroidAgent/train_val_test/500_TestData_Malignancy_Cls/images/402.jpg,/mnt/wangbd8/workspace/DataSets/ThyroidAgent/train_val_test/500_TestData_Malignancy_Cls/masks/402.jpg
0.7106051498524485,162.42204019585114,167.45148551147582,14693.5,115.41793821271321,530.8528137423863,0.036128411456929,14694.0,0.8094563549683947,76.0,153.0,187624537.0,2.245528333073631,39.0,3.76492966605851,235.0,23.88028231806536,108.8612358785899,103.0,45.0,190.0,16.521845100585693,112.99905174310726,0.9567303008309581,187624537.0,0.25681781395224146,918.0170178274428,16.32729642587638,3.8567949509501274,137.9148976470755,14.002518116920882,5.996106046541369,0.18638951773341567,0.939704115984989,0.18638951773341567,0.6938572122314695,0.15164846541252042,0.18222522783763478,3.080960387665843,-0.6235800374954976,0.9688542831038119,0.9068052411332922,0.997726957100812,0.9068052411332922,0.9813610482266585,0.18638951773341567,0.3224943403992591,2.89457086993243,1.5456238910686966,619.3232180663373,0.21853324561268078,1.8441527395189674,17.557515878616798,46.16302046577276,700.075158786168,4.190114118084439,0.09180707258333952,5.951403284124347,306.98588567395905,0.10832247200915987,0.19286783721246767,19.279856605619138,0.19797945296350264,3.625535785687195,0.01985043363489546,619.3232180663373,0.21853324561268078,1.8441527395189674,17.557515878616798,46.16302046577276,700.075158786168,4.190114118084439,0.09180707258333952,306.98588567395905,0.10832247200915987,0.19797945296350264,3.625535785687195,0.01985043363489546,5.951403284124347,0.19286783721246767,19.279856605619138,3.295416355252673,7671.279025452565,0.5220688053254775,0.28226828619568983,3773.6809582142373,1.5615505683022264,16.51592486729277,7.116646250170137,115.60548523206751,0.634862984713039,0.08967901014447992,0.17853470048243425,3.0278080244393024,0.016355073658684494,16.59055048080378,0.0015913327704357358,6.793876726372382,0.0078744085661309,0.06418395435583178,403.png,/mnt/wangbd8/workspace/DataSets/ThyroidAgent/train_val_test/500_TestData_Malignancy_Cls/images/403.png,/mnt/wangbd8/workspace/DataSets/ThyroidAgent/train_val_test/500_TestData_Malignancy_Cls/masks/403.png
0.44073266402408673,241.04290602805227,238.89118861942146,20070.5,106.23548211785108,649.4386001800133,0.032357868522459,20071.0,0.773296296158872,92.0,157.0,309185160.0,2.091034116095944,32.0,3.108469461105553,214.0,19.987253024172144,121.49658711573913,119.0,48.0,166.0,13.629824349008546,124.11515528014995,0.48712935837410554,309185160.0,0.27630278561626875,643.1510894433476,20.116247620955626,4.369703495943103,55.83430269098528,3.9476763493702816,4.257093788379442,0.16933787438645698,0.9234878623289781,0.16933787438645698,0.6561878720810692,0.14066255868473349,0.197660147012016,2.882996893894276,-0.6215638747043297,0.9621467640777168,0.9153310628067715,0.9973948019325161,0.9153310628067715,0.981184680623727,0.16933787438645698,0.340879495141741,2.7136590195078214,1.1066079156914745,904.6351118760757,0.2595051956041525,1.2261810951699594,20.361158921399884,57.81497418244406,1146.6620768789444,3.6248632170404975,0.06483243144264782,5.913241699508994,335.23924268502583,0.09616731000717894,0.17368342384534902,24.66499528151126,0.1765584220594972,3.6471297610567253,0.01251114245201055,904.6351118760757,0.2595051956041525,1.2261810951699594,20.361158921399884,57.81497418244406,1146.6620768789444,3.6248632170404975,0.06483243144264782,335.23924268502583,0.09616731000717894,0.1765584220594972,3.6471297610567253,0.01251114245201055,5.913241699508994,0.17368342384534902,24.66499528151126,3.1008237630057867,10978.722983408898,0.5469943193367993,0.2622768341338475,5545.673210104131,1.1056064756175068,20.209356783418862,7.298739474864232,147.2696925913009,0.45766345135200875,0.06306717403218574,0.1702262523596787,3.4568116519688434,0.010948740892105638,22.365786860046118,0.0011196977602641797,4.642438964490837,0.006603287143871687,0.030375943146504422,404.png,/mnt/wangbd8/workspace/DataSets/ThyroidAgent/train_val_test/500_TestData_Malignancy_Cls/images/404.png,/mnt/wangbd8/workspace/DataSets/ThyroidAgent/train_val_test/500_TestData_Malignancy_Cls/masks/404.png
0.9176214140596834,100.76750314918668,116.77756633874505,7077.5,92.4664187310203,969.234631460409,0.1369459034207572,7070.0,0.3076918178493503,77.0,118.0,72883730.0,1.6565733695703524,24.0,14.338097431334678,233.0,15.008521613527284,99.12956152758133,97.0,57.0,176.0,9.823686554535742,101.53261890425101,2.43488259248776,72883730.0,0.3869352544468429,482.2027329053374,7.0298463356974,2.5059840425531914,128.09717641129956,11.990340661598248,3.1702172850334494,0.17065602836879434,0.8978374740016684,0.13312647754137116,0.5855520943415474,0.15293336934622112,0.320342878233126,2.2552940464030873,-0.627169462908439,0.9341450530605486,0.9371688569044639,0.9974589603794347,0.9385392040977147,0.9855968073166654,0.11102594726819019,0.4304078014184397,2.1058419041479235,0.8352183283505609,317.8527551942186,0.28712986015737907,1.8735973508485464,9.066847335140018,101.71093044263776,665.1056910569106,21.000575087005593,0.2670905667295524,5.795164542077494,128.51400180668475,0.11609214255346408,0.15657708628005657,60.921880877947586,0.31270637116443445,3.508424483490615,0.08861176135364734,317.8527551942186,0.28712986015737907,1.8735973508485464,9.066847335140018,101.71093044263776,665.1056910569106,21.000575087005593,0.2670905667295524,128.51400180668475,0.11609214255346408,0.31270637116443445,3.508424483490615,0.08861176135364734,5.795164542077494,0.15657708628005657,60.921880877947586,2.6087660484964883,4128.4868458274395,0.5839443912061443,0.29401367212898294,2735.6322489391796,0.8420422167494583,7.061669024045262,7.513154172560113,50.24158415841584,1.7402401262721023,0.2373375998678585,0.17872072921577872,1.4488370265597987,0.04483335908096803,10.22020432561678,0.0037591946071774563,4.048024730110825,0.003538993353887398,0.19454629528886955,405.jpg,/mnt/wangbd8/workspace/DataSets/ThyroidAgent/train_val_test/500_TestData_Malignancy_Cls/images/405.jpg,/mnt/wangbd8/workspace/DataSets/ThyroidAgent/train_val_test/500_TestData_Malignancy_Cls/masks/405.jpg
0.9073719394887627,53.8540466448851,63.13477647065839,1933.5,48.86565075348769,656.3818177180225,0.3394785713566188,1955.0,0.23747641164700958,36.0,107.0,10716925.0,2.0438414049775018,44.0,2.007201305576903,138.0,22.88902819840268,69.14424552429668,65.0,24.0,114.0,18.33756145241772,74.03919954357764,0.3123261802043963,10716925.0,0.25562025366134444,700.8763799294876,11.074712643678161,3.1686781609195407,41.484191755743765,4.320285394675487,4.28216772360946,0.1454022988505747,0.9343195937667919,0.1454022988505747,0.598213937655856,0.12426047033954286,0.2029467234773418,2.6833538128700742,-0.6509400744435435,0.9617396949296827,0.9272988505747127,0.9960702081391737,0.9272988505747127,0.9792282430213465,0.1454022988505747,0.2959770114942529,2.5379515140195013,1.1068925056150083,122.90598290598291,0.26261962159398056,1.0678829717291256,15.371794871794872,36.52777777777778,349.5897435897436,5.9070322886989555,0.09387998575498575,4.930824867158904,77.73076923076923,0.1660913872452334,0.239386189258312,19.077521184892984,0.3851516366657695,7.199297919079553,0.026226754929011244,122.90598290598291,0.26261962159398056,1.0678829717291256,15.371794871794872,36.52777777777778,349.5897435897436,5.9070322886989555,0.09387998575498575,77.73076923076923,0.1660913872452334,0.3851516366657695,7.199297919079555,0.026226754929011244,4.930824867158904,0.239386189258312,19.077521184892984,3.197845531179987,917.3038363171355,0.46920912343587495,0.3999330197997135,499.7375959079284,1.1874919708793115,12.085933503836317,6.756521739130434,74.88900255754476,0.9450909349246944,0.1289030974708724,0.2235578289286729,3.255299801079852,0.023528740803889996,4.516229375169056,0.014636301021172101,1.9771935122760058,0.010730958986633166,0.1876369251556242,406.jpg,/mnt/wangbd8/workspace/DataSets/ThyroidAgent/train_val_test/500_TestData_Malignancy_Cls/images/406.jpg,/mnt/wangbd8/workspace/DataSets/ThyroidAgent/train_val_test/500_TestData_Malignancy_Cls/masks/406.jpg
0.798653997643628,154.41607908387084,162.265215003093,14407.5,123.32501886078805,1326.8569978244757,0.0920948809872966,14412.0,0.32068240123852576,73.0,225.0,335774758.0,3.1108401011412568,77.0,2.5732502412829454,253.0,45.15312335319913,142.12045517624202,141.0,0.0,253.0,32.48867154237567,152.63772894513937,-0.1533151549157841,335774758.0,0.12619538340740352,3100.052518027619,43.63703650985695,6.260195003914312,864.0579044187705,-6.5595210361262986,18.566999378176433,0.7790192868834958,0.919464640206261,0.5803145683581239,1.3394516643454693,0.44225428863482014,0.04555004874852202,4.830143331445315,-0.4366832937002706,0.965757863086322,0.7290870822459532,0.9937472702313274,0.7383407722209232,0.9528560752024542,0.4457105860397441,0.0810618461319479,4.007702937860615,4.836504666264982,994.027423296226,0.13494806181051125,4.215668518732995,41.19481401031768,6.738528373608472,352.8699429812653,0.441139605484895,0.05845402345977595,4.919478276516955,2773.014390442574,0.3764613617217722,0.5111018595614766,2.910412474808303,0.6316494502850798,25.639215721229316,0.03491737120560045,994.027423296226,0.13494806181051125,4.215668518732995,41.19481401031768,6.738528373608472,352.8699429812653,0.441139605484895,0.05845402345977595,2773.014390442574,0.3764613617217722,0.6316494502850798,25.639215721229316,0.03491737120560045,4.919478276516955,0.5111018595614766,2.910412474808303,4.589754193687732,5099.213294476825,0.35381718668309914,0.5500204558618274,1818.7278656674994,5.021135920054286,43.65376075492645,4.461698584512906,205.56661115736887,0.30248011857198054,0.06332375159678204,0.42808076602830974,17.797082678015233,0.024906669813735918,11.717081181736445,0.0015108253276468768,16.60338358533509,0.03319932046148981,0.06324877247505643,407.jpg,/mnt/wangbd8/workspace/DataSets/ThyroidAgent/train_val_test/500_TestData_Malignancy_Cls/images/407.jpg,/mnt/wangbd8/workspace/DataSets/ThyroidAgent/train_val_test/500_TestData_Malignancy_Cls/masks/407.jpg
0.28900468355192677,269.2319646193838,273.7918917718346,15931.5,77.80929873688856,2012.393144474992,0.12631535916109543,15939.0,0.2223414516417283,44.0,117.0,104066830.0,2.2015564399374554,37.0,7.960782409070534,242.0,25.47187384729427,73.06744463266202,61.0,23.0,219.0,16.307574833655593,80.80265435227545,1.9708036513090452,104066830.0,0.2739850402351732,1190.217485226168,13.315076484314234,3.388935701322271,421.8021789422011,37.234544070062924,7.551449656265415,0.23068446979517762,0.9407143423491844,0.14058854031630802,0.5957191356602012,0.21091933212690744,0.2399117201121047,2.7662707386187337,-0.7195105216208216,0.9774166273542196,0.9383035428327411,0.9978290062455373,0.9406382335148216,0.987839411906044,0.09742432590095929,0.4033575317604356,2.586328257079221,1.9455335315151483,359.57450628366246,0.16138891664437274,4.394458966829869,24.717235188509875,156.78052064631956,1536.552513464991,21.315558527067154,0.08815190877867206,6.41160692357873,301.302513464991,0.13523452130385594,0.13978292239161805,105.6015238969344,0.3638043788885301,13.494459390714129,0.019425356912236423,359.57450628366246,0.16138891664437274,4.394458966829869,24.717235188509875,156.78052064631956,1536.552513464991,21.315558527067154,0.08815190877867206,301.302513464991,0.13523452130385594,0.3638043788885301,13.494459390714129,0.019425356912236423,6.41160692357873,0.13978292239161805,105.6015238969344,3.0511869240910037,9924.528828659264,0.6226569313419451,0.288616261725698,4367.047556308426,2.0195564272520716,13.854382332643203,7.6893782545956455,93.50881485664094,0.9814450877207418,0.12226581998434097,0.17658643020961862,3.5287868331346592,0.01831385658982277,9.976467565936485,0.002605913784456646,5.557408087844117,0.005263902992307822,0.15525458529284247,408.jpg,/mnt/wangbd8/workspace/DataSets/ThyroidAgent/train_val_test/500_TestData_Malignancy_Cls/images/408.jpg,/mnt/wangbd8/workspace/DataSets/ThyroidAgent/train_val_test/500_TestData_Malignancy_Cls/masks/408.jpg
0.5465759674111635,620.5319006720835,604.1671954020675,163782.0,339.167823919332,2944.0357133746734,0.017975331314641862,163722.0,0.4872983524740554,26.0,47.0,205040219.0,0.6534434613718697,0.0,39.8642802534082,253.0,9.054165165838082,31.486037307142595,26.0,14.0,239.0,2.052252851707226,35.38881397496491,4.860042163643506,205040219.0,0.8099448211927452,260.99760924789666,4.7897471763630435,2.129942514984754,51.0460296059642,5.934231139802076,1.1131479962788826,0.1007797593850269,0.8339608614848589,0.04101252154921196,0.2200266774004043,0.09909773246120232,0.7893267454074174,0.8225974855046145,-0.7323940629701431,0.7832458922849235,0.9834495636087115,0.9993211447418814,0.9838867552255365,0.9968706617367719,0.027402092301655846,0.8865269112080442,0.7790704599469995,0.3034819389159774,1607.6015859030838,0.28327781249393547,2.9132011566302474,9.124933920704846,6221.03577092511,25326.090572687226,1546.9433203200217,0.37488101607703084,6.0768371975226945,863.6586784140969,0.15218655126239594,0.03466241555808016,5388.73106378156,0.39704786597819763,4.564234456676345,0.22442920403832464,1607.6015859030838,0.28327781249393547,2.9132011566302474,9.124933920704846,6221.03577092511,25326.090572687226,1546.9433203200217,0.37488101607703084,863.6586784140969,0.15218655126239594,0.39704786597819763,4.564234456676345,0.22442920403832464,6.0768371975226945,0.03466241555808016,5388.73106378156,0.9292297075916136,145877.49669561817,0.8910072970988516,0.08871845669385653,132605.78601531865,0.30845609301251337,4.852127386667644,8.677575402206179,40.79378458606663,2.0751935385120444,0.24344060440696957,0.12813386920104403,0.7148499692568296,0.034988480351723875,54.10987944754844,0.00046098554749546646,2.7925638721581896,0.000209332136670639,0.09098467182090705,409.jpg,/mnt/wangbd8/workspace/DataSets/ThyroidAgent/train_val_test/500_TestData_Malignancy_Cls/images/409.jpg,/mnt/wangbd8/workspace/DataSets/ThyroidAgent/train_val_test/500_TestData_Malignancy_Cls/masks/409.jpg
0.6794984217008131,80.71160062721928,91.4166286842826,3361.0,54.84340523914186,766.4650788387082,0.22804673574492956,3376.0,0.2681308689499428,23.0,93.0,12935182.0,2.14890236155281,45.0,2.443735272661364,144.0,23.28656560948766,55.541469194312796,51.0,5.0,139.0,18.407322675950695,61.89920238520179,0.49642304249651187,12935182.0,0.2537582334740909,746.6564556613732,8.007670182166827,2.6297539149888145,53.29070653108203,4.319036910994642,4.499609984678225,0.13135186960690315,0.9432723163178893,0.13135186960690315,0.561134070662161,0.11409855595767426,0.20988876009241883,2.7382520266690356,-0.6830503389926856,0.9703610377806591,0.9343240651965483,0.9964499494700836,0.9343240651965483,0.9812354471990137,0.13135186960690315,0.35186960690316393,2.606900157062134,1.157740463571282,147.25835866261397,0.22379689766354707,1.5302796537356451,12.206686930091186,56.58662613981763,416.85410334346506,14.387530817291456,0.19370694022289767,5.443173504056418,81.36474164133739,0.123654622555224,0.19490521327014218,30.262553006716495,0.30700322359071375,5.123087929252861,0.03390115059716443,147.25835866261397,0.22379689766354707,1.5302796537356451,12.206686930091186,56.58662613981763,416.85410334346506,14.387530817291456,0.19370694022289767,81.36474164133739,0.123654622555224,0.30700322359071375,5.123087929252861,0.03390115059716443,5.443173504056418,0.19490521327014218,30.262553006716495,3.178821656320619,1760.5870853080569,0.5215009138945667,0.33086773657375174,856.6877962085308,1.2778011359807733,8.804502369668246,7.143957345971564,57.062796208530806,1.9091191910215903,0.25303868812532915,0.19367101105845183,2.1322406529752502,0.041449300801591475,8.085806166991732,0.009694477507577402,1.8772563868856125,0.010875440158130198,0.13271791601147997,410.jpg,/mnt/wangbd8/workspace/DataSets/ThyroidAgent/train_val_test/500_TestData_Malignancy_Cls/images/410.jpg,/mnt/wangbd8/workspace/DataSets/ThyroidAgent/train_val_test/500_TestData_Malignancy_Cls/masks/410.jpg
0.3852839344301277,328.01666688655587,326.5348373451139,30464.5,126.37955197670884,1940.312841947164,0.06369094657542924,30448.0,0.31888214394772524,14.0,76.0,78345167.0,1.981815641014707,33.0,4.815589153164192,211.0,19.459106006805637,44.31204019968471,42.0,0.0,211.0,13.93219256705321,50.725544768022075,0.8236017759288952,78345167.0,0.2861047747575598,609.5239853541382,6.205723793677204,2.2938602329450912,71.52300535342924,6.394564095462325,3.9475297454879694,0.1718136439267887,0.9165820240340787,0.1568386023294509,0.64955959105805,0.147215296746133,0.21486219860963837,2.7270602354432305,-0.6220628226237673,0.9564286745338155,0.9230688068904768,0.997921826217694,0.923865224625624,0.9844482854915467,0.14566509521168422,0.3396006655574043,2.532054258514315,1.0298358473536895,1286.7051517002647,0.26200471425377003,1.271733745209631,7.970881694155977,80.3343514559153,418.2698024842191,34.107504716063595,0.2899704242636593,5.976331887759706,485.81327631846875,0.09892349344705126,0.16129138202837626,41.89485644305742,0.2642678919110196,2.6371253103849486,0.06175998193434865,1286.7051517002647,0.26200471425377003,1.271733745209631,7.970881694155977,80.3343514559153,418.2698024842191,34.107504716063595,0.2899704242636593,485.81327631846875,0.09892349344705126,0.2642678919110196,2.6371253103849486,0.06175998193434865,5.976331887759706,0.16129138202837626,41.89485644305742,2.9754661670652114,17398.720178665266,0.5714240731300994,0.28368339764301687,8711.318181818182,1.0329843549413362,6.3200538623226485,7.452246452968996,44.69774697845507,2.7865871025513,0.3599440090290777,0.17582435627955859,1.2651734104046246,0.057504025764520565,44.783330759806404,0.000860523067623991,6.942158249786452,0.004068314521918743,0.06251462980254652,411.jpg,/mnt/wangbd8/workspace/DataSets/ThyroidAgent/train_val_test/500_TestData_Malignancy_Cls/images/411.jpg,/mnt/wangbd8/workspace/DataSets/ThyroidAgent/train_val_test/500_TestData_Malignancy_Cls/masks/411.jpg
0.39721399577034366,360.677993622041,357.7401291440478,40362.5,143.26634703304143,948.793939239341,0.023506817943371717,40363.0,0.7506233311820482,84.0,157.0,644720115.0,2.2770657220714288,39.0,3.443184948931576,241.0,22.952965912828798,122.98870252458936,123.0,45.0,196.0,16.126707431082043,126.38452226921166,0.3596919664229584,644720115.0,0.24296552673691707,846.8265205349257,20.97128365779071,4.430658113920589,105.52027592199633,4.408353296414538,5.5386097292185195,0.17640038785708959,0.938267690085086,0.17640038785708956,0.6721387798237158,0.14528329102095794,0.17171811088456695,3.095242813246291,-0.6397674315106524,0.9724258732858246,0.9117998060714552,0.9978487757578404,0.9117998060714552,0.982359961214291,0.17640038785708956,0.27614927525422045,2.918842425389204,1.4287525292689023,1633.4402376675419,0.22570681741986207,1.5989745250182392,21.652342130717148,55.751969047948045,1122.616553820644,3.7128204248820653,0.06741136159631227,6.069916554012522,726.339505319884,0.10036472368659444,0.17929787181329435,24.645570605616673,0.1886532826712075,4.120251809411016,0.013692395138086514,1633.4402376675419,0.22570681741986207,1.5989745250182392,21.652342130717148,55.751969047948045,1122.616553820644,3.7128204248820653,0.06741136159631227,726.339505319884,0.10036472368659444,0.1886532826712075,4.120251809411016,0.013692395138086514,6.069916554012522,0.17929787181329435,24.645570605616673,3.303294127700156,21770.743527488044,0.5393737712134392,0.2703388055087272,9806.817555682184,1.4321813674884516,21.063647399846396,7.247355251096301,151.63075093526248,0.4763785477659165,0.06602202197050305,0.1732403438792954,3.6877228044386086,0.011624377184942216,34.90539326283469,0.0006130043567079079,6.161973207770979,0.006897902438404762,0.021663537709779714,412.png,/mnt/wangbd8/workspace/DataSets/ThyroidAgent/train_val_test/500_TestData_Malignancy_Cls/images/412.png,/mnt/wangbd8/workspace/DataSets/ThyroidAgent/train_val_test/500_TestData_Malignancy_Cls/masks/412.png
0.29162854101283986,161.43449404322826,153.11760186209813,2787.0,47.07890596697265,674.8843430349639,0.24215441084856976,2773.0,0.27729629281394746,7.0,69.0,6323311.0,1.9170541969031838,34.0,5.247261498371914,176.0,19.34861003840417,40.5391272989542,40.0,0.0,176.0,13.781943648261315,47.75263448494161,0.926005266641236,6323311.0,0.2992520088031399,636.8932580916205,5.423735408560311,2.1441634241245136,63.44138581340797,6.62746242764112,3.7421594573725563,0.4369649805447471,0.7908820438175266,0.2206225680933852,0.7886345672971492,0.3882906629926267,0.21590599403473176,2.764135954082819,-0.5598869466227245,0.9399106511252746,0.9061281948180553,0.994427793677579,0.9084792477302206,0.9773380013846942,0.15849486266620785,0.31439688715953307,2.478082862072625,1.044781109479326,185.7753846153846,0.28580828402366865,1.2468071005917158,7.443076923076923,47.80769230769231,173.33692307692309,28.75287513736264,0.30722076792255365,5.012746167572445,119.92307692307692,0.18449704142011833,0.23440317345834835,29.607623668639054,0.41840098205319515,3.2061711276393767,0.137854795930306,185.7753846153846,0.28580828402366865,1.2468071005917158,7.443076923076923,47.80769230769231,173.33692307692309,28.75287513736264,0.30722076792255365,119.92307692307692,0.18449704142011833,0.41840098205319515,3.2061711276393767,0.137854795930306,5.012746167572445,0.23440317345834835,29.607623668639054,3.104958263953704,1318.7093400649117,0.47555331412366086,0.4120273166275854,829.8258204111071,1.029337427558957,5.731337901190047,6.818968626036783,35.33609808871259,3.0152732153385453,0.40876016799916265,0.22602876948351167,1.4883800136234322,0.08270589342240083,7.367636690520675,0.006634042710986123,7.668876390619452,0.00788137010823502,0.3153076782393724,413.jpg,/mnt/wangbd8/workspace/DataSets/ThyroidAgent/train_val_test/500_TestData_Malignancy_Cls/images/413.jpg,/mnt/wangbd8/workspace/DataSets/ThyroidAgent/train_val_test/500_TestData_Malignancy_Cls/masks/413.jpg
0.637196037278539,245.88216719491743,265.409118155349,29068.5,156.67514257406057,813.6223663640872,0.02798982975950211,29069.0,0.7428367207311346,61.0,128.0,256910936.0,2.0701306553524113,34.0,3.9469297076806873,229.0,20.935771544672882,90.16849564828512,85.0,31.0,198.0,14.516408650585145,94.01047559073056,0.9591493203039656,256910936.0,0.2809412278773471,707.6119133205375,10.807545731707318,3.114727688470066,80.17265021329754,8.942937790993673,4.592548400724969,0.16847976718403546,0.9292254692716803,0.16847976718403546,0.6542152864957965,0.14009433523364867,0.20456365997674392,2.8454772649608335,-0.6214107210872128,0.9607807824050539,0.9157601164079823,0.9979453686928776,0.9157601164079823,0.9831520232815965,0.16847976718403546,0.3227549889135255,2.6769974977768003,1.190257041977251,1245.9917127071824,0.24585471837158293,1.4745504937117242,12.080702446724546,60.860497237569064,572.6625887924231,9.589167837844967,0.15373458663735304,5.971835054325566,502.3831886345699,0.09912849025938632,0.17434380267639066,27.961173463158346,0.18311315951303528,2.350302577357099,0.033843138803198974,1245.9917127071824,0.24585471837158293,1.4745504937117242,12.080702446724546,60.860497237569064,572.6625887924231,9.589167837844967,0.15373458663735304,502.3831886345699,0.09912849025938632,0.18311315951303528,2.350302577357099,0.033843138803198974,5.971835054325566,0.17434380267639066,27.961173463158346,3.0717050272739503,15877.094671299323,0.5461864760156635,0.2648079545957621,8166.680553166603,1.2032217337489446,10.942928893322783,7.294265368605731,77.90443427706491,1.0711095365534178,0.14794947692829724,0.17106042710638672,1.947611239158936,0.02620348017689053,37.899696611456335,0.0007912222857341865,7.033227532428461,0.005539618678548754,0.042594364839924174,414.png,/mnt/wangbd8/workspace/DataSets/ThyroidAgent/train_val_test/500_TestData_Malignancy_Cls/images/414.png,/mnt/wangbd8/workspace/DataSets/ThyroidAgent/train_val_test/500_TestData_Malignancy_Cls/masks/414.png
0.6737032445720419,111.86918301688561,121.59358535712317,6411.5,75.3666315660994,1158.4377336282298,0.18068123428655225,6435.0,0.24502593777146997,21.0,101.0,24847915.0,2.1974899841769924,37.0,3.170718420419607,172.0,24.011514390815087,54.15524475524475,47.0,0.0,172.0,16.321370227187405,62.13992156713631,0.7448355112441482,24847915.0,0.26391677216852044,928.5793178693878,8.227937551355792,2.6276910435497127,94.92037674635372,10.621560178395736,5.415798888520541,0.12308956450287593,0.9555544165415761,0.12308956450287595,0.5381769959237607,0.10793852361336828,0.22574804079970887,2.7593833501384037,-0.7067600190650646,0.9751945413574002,0.938455217748562,0.9975382087099425,0.938455217748562,0.9846138044371404,0.12308956450287595,0.4026294165981923,2.6362937856355297,1.3847221132558543,210.98362147406732,0.19197781753782286,2.026390108966626,12.673339399454049,94.64331210191082,590.9071883530482,26.861644475806703,0.21217284214261986,5.934501832512882,143.35486806187444,0.1304411902291851,0.17078477078477078,60.35850442250007,0.3121657252919852,5.01523940547898,0.053304360640696435,210.98362147406732,0.19197781753782286,2.026390108966626,12.673339399454049,94.64331210191082,590.9071883530482,26.861644475806703,0.21217284214261986,143.35486806187444,0.1304411902291851,0.3121657252919852,5.01523940547898,0.053304360640696435,5.934501832512882,0.17078477078477078,60.35850442250007,3.179108559072166,3590.2870240870243,0.557931161474285,0.30539707033879526,1698.304428904429,1.5116833507509497,8.766899766899767,7.372649572649572,58.6055944055944,2.0602087418754085,0.2677008335579764,0.18314771648104983,1.9871017871017873,0.043861772168650476,11.05857213438735,0.005750015078710871,2.505282430462694,0.008440190092437872,0.13394154626759,415.jpg,/mnt/wangbd8/workspace/DataSets/ThyroidAgent/train_val_test/500_TestData_Malignancy_Cls/images/415.jpg,/mnt/wangbd8/workspace/DataSets/ThyroidAgent/train_val_test/500_TestData_Malignancy_Cls/masks/415.jpg
0.4642707504648416,184.93842494215275,179.42407865166817,12167.0,85.86150133767904,1225.9280656363455,0.10075845036873063,12161.0,0.31895667726585525,14.0,114.0,56318278.0,2.477908848715364,66.0,2.7900178583304047,222.0,33.472771778679906,55.39248417070964,45.0,8.0,214.0,26.647721117172807,68.05186619090469,0.7906844989207945,56318278.0,0.20629464667845757,1562.7291894624784,9.540102892805937,2.6506704900059037,288.58960154865787,25.02022751658654,10.20614899877016,0.14995361389896264,0.9710405314610311,0.14911023024373787,0.6107244359558894,0.1277197531356221,0.1667985859919402,3.1575730777899924,-0.7118458500421248,0.9846284930545475,0.9255292232436535,0.998172023403231,0.9255854488206685,0.9850966440997646,0.1483722695454162,0.30876275617778526,3.004437879656705,2.589025653167281,357.6753749395259,0.1730408199997706,2.560545855120984,14.7614900822448,110.80648282535076,525.4252539912917,78.34872807733264,0.2030001686388329,6.1434898998479675,254.68359941944848,0.12321412647288267,0.1699695748704876,76.19201781444025,0.2971992498199327,5.405655985528039,0.03968685873094955,357.6753749395259,0.1730408199997706,2.560545855120984,14.7614900822448,110.80648282535076,525.4252539912917,78.34872807733264,0.2030001686388329,254.68359941944848,0.12321412647288267,0.2971992498199327,5.405655985528039,0.03968685873094955,6.1434898998479675,0.1699695748704876,76.19201781444025,3.4418290475408178,6790.61466984623,0.5583927859424578,0.30036111791553394,2508.749198256722,2.660742526192843,9.951319792780199,7.3762848449963,65.92401940629883,3.308892511355428,0.4049378943156598,0.18154117442827253,2.2463704556460087,0.057477220788432905,15.530721525740198,0.0034810556406426195,5.457177850220837,0.010246808785738411,0.15605249966273962,416.jpg,/mnt/wangbd8/workspace/DataSets/ThyroidAgent/train_val_test/500_TestData_Malignancy_Cls/images/416.jpg,/mnt/wangbd8/workspace/DataSets/ThyroidAgent/train_val_test/500_TestData_Malignancy_Cls/masks/416.jpg
0.8430019734402493,178.55318113892835,188.7882411592417,20472.5,150.52068406415088,649.2375900532367,0.03171266772759734,20473.0,0.781244035889089,86.0,165.0,328218674.0,2.3785935758083028,42.0,3.1376936733202543,245.0,24.82560582935502,122.72632247350168,121.0,36.0,209.0,17.431472718173502,126.61667368247015,0.36086636917003084,328218674.0,0.22532595972585814,970.0318265432049,21.0044785668586,4.41478419213544,123.41988353255535,5.560148628901036,6.273084074744332,0.21644765982577882,0.9332932887367669,0.21438062896796103,0.757266746635191,0.17048860574908026,0.1480347328654639,3.318638212064108,-0.6044787319011201,0.971381798667762,0.8930163886018012,0.9973621737589606,0.8931541906589892,0.9785807282928204,0.21257197696737046,0.24996308873468182,3.0952838379606518,1.6223829336425273,938.4163510804188,0.2090479730631363,1.8488175422101827,22.654934283804856,35.888839385163735,702.3426152817999,2.5745759591655446,0.07114115891111113,5.856851648467091,561.9721541546002,0.1251887177889508,0.21926439701069703,15.088818929726044,0.23804801098278666,5.751113665943192,0.016721996184681,938.4163510804188,0.2090479730631363,1.8488175422101827,22.654934283804856,35.888839385163735,702.3426152817999,2.5745759591655446,0.07114115891111113,561.9721541546002,0.1251887177889508,0.23804801098278666,5.751113665943192,0.016721996184681,5.856851648467091,0.21926439701069703,15.088818929726044,3.5063727169852483,10098.475699702047,0.49325822789537666,0.31225948748478116,4613.098373467494,1.6230106164847333,21.15049089044107,6.873394226542275,142.3086015728032,0.4861740169460021,0.0708551321571737,0.19219622592357413,4.227456758766289,0.01357009524524878,20.0198298938306,0.0011560121156258304,6.791234849199656,0.008843640453012218,0.038667948243172476,417.png,/mnt/wangbd8/workspace/DataSets/ThyroidAgent/train_val_test/500_TestData_Malignancy_Cls/images/417.png,/mnt/wangbd8/workspace/DataSets/ThyroidAgent/train_val_test/500_TestData_Malignancy_Cls/masks/417.png
0.49778964906577783,314.60519154041776,308.15742729974886,37565.5,156.60720789117636,910.3086578651023,0.02423257131849975,37566.0,0.7547634232728568,58.0,149.0,413612220.0,2.5005049177237098,52.0,3.243986799375157,254.0,29.55122855360574,98.4594580205505,91.0,14.0,240.0,21.484120530256885,104.92988661603877,0.7479829931159346,413612220.0,0.2064247454746377,1316.016231554206,21.841443850267382,4.445949197860963,232.37704324278585,18.254626347621905,8.463581422831652,0.16366310160427808,0.962059009422831,0.16366310160427805,0.6430012777423663,0.13687749077754582,0.15061792051531359,3.280290191567025,-0.6863648318702139,0.9836379078520016,0.9181684491978608,0.9986584991671779,0.9181684491978608,0.9863614081996434,0.16366310160427805,0.23593582887700534,3.1166270899627495,2.156811131108982,1181.9651662160013,0.18800145796341677,2.3679706577652,23.288372832829648,68.6772705582949,1363.4776522983934,5.054831289589557,0.07009632365773878,6.409147944641282,607.5261651025927,0.09663212424090864,0.1673587818772294,32.97441214496581,0.1815873018641783,4.24157804656459,0.01399028398368104,1181.9651662160013,0.18800145796341677,2.3679706577652,23.288372832829648,68.6772705582949,1363.4776522983934,5.054831289589557,0.07009632365773878,607.5261651025927,0.09663212424090864,0.1815873018641783,4.24157804656459,0.01399028398368104,6.409147944641282,0.1673587818772294,32.97441214496581,3.489547752701138,20901.40494063781,0.5563915492902575,0.25829902979692904,7754.5519885002395,2.1652268085827817,21.97087792152478,7.362029494755896,159.5761060533461,0.5148079860840683,0.06991123172110127,0.16848272965506636,3.772372476293575,0.011918585399774247,22.11264754962582,0.0008417199668967396,9.28388320583219,0.006352748817174537,0.052864705835753936,418.png,/mnt/wangbd8/workspace/DataSets/ThyroidAgent/train_val_test/500_TestData_Malignancy_Cls/images/418.png,/mnt/wangbd8/workspace/DataSets/ThyroidAgent/train_val_test/500_TestData_Malignancy_Cls/masks/418.png
0.7876564590276822,142.49533643425914,142.23923509355637,12513.5,112.23737212376682,476.46803743153595,0.038076320568309105,12514.0,0.8322629442641741,86.0,153.0,173734295.0,2.088557928728197,32.0,5.004387999062786,247.0,21.109794600767934,114.3964359916893,108.0,57.0,190.0,13.374236795610427,117.82696814501799,1.322294145107352,173734295.0,0.29004936877601356,796.6498546464144,10.786353738204694,3.0845632712315507,132.93430804686247,15.014097891347175,5.246418391842479,0.15912573594644727,0.9411249886469666,0.15912573594644724,0.6322139291178259,0.13380473610594878,0.2144811291462129,2.8354886098324767,-0.6399950440346776,0.9647047451963996,0.9204371320267764,0.99755191175467,0.9204371320267764,0.9823193626726169,0.15912573594644724,0.3422050165335914,2.6763628738860312,1.3513860319472313,535.9147509578544,0.25666415275759313,1.5889132481173207,11.534961685823754,65.30555555555556,662.7734674329502,9.944036937532038,0.16897290409618507,6.018506779066199,199.57950191570882,0.095584052641623,0.16685312450055936,29.385970368902395,0.18353813532699512,2.149385707038739,0.03625333392232253,535.9147509578544,0.25666415275759313,1.5889132481173207,11.534961685823754,65.30555555555556,662.7734674329502,9.944036937532038,0.16897290409618507,199.57950191570882,0.095584052641623,0.18353813532699512,2.149385707038739,0.03625333392232253,6.018506779066199,0.16685312450055936,29.385970368902395,3.076000218781278,6973.745724788238,0.5572755094125169,0.2589453974885191,3629.6778008630336,1.3559319491528605,10.891561451174685,7.368067764104203,79.19777848809333,1.1257371785550296,0.15556261986575037,0.16864223181148225,1.8731820361195461,0.02744163659402401,20.72964355537578,0.0018498733330500033,4.897300295564011,0.007658249410299069,0.06952786905951842,419.png,/mnt/wangbd8/workspace/DataSets/ThyroidAgent/train_val_test/500_TestData_Malignancy_Cls/images/419.png,/mnt/wangbd8/workspace/DataSets/ThyroidAgent/train_val_test/500_TestData_Malignancy_Cls/masks/419.png
0.641342990628058,143.79472333281566,149.18780110987626,10083.5,92.22173789880219,1430.638743754988,0.14187918319581375,10099.0,0.24881731606554455,52.0,103.0,65369970.0,1.8290177496432378,29.0,4.10235903095534,195.0,16.681859571429108,77.6207545301515,75.0,38.0,157.0,11.748951663260002,80.45442896517807,0.8562770112148996,65369970.0,0.33828461926305753,447.9336062828478,7.307859583721653,2.5712436574505535,32.232322061859534,3.23070870170314,2.8805982659931733,0.09433571502537018,0.9365796245380393,0.0943357150253702,0.45077863753983916,0.08543648789602235,0.29449403662320506,2.3018432714341452,-0.7120713537954897,0.9599738472974263,0.952832142487315,0.9981132856994926,0.952832142487315,0.9882080356218288,0.0943357150253702,0.41027234130682405,2.2075075564087765,0.7437334952546357,340.1515151515151,0.25140540661604965,1.3122714899795642,10.113821138211382,137.72431633407243,887.2313377679232,29.70699881258244,0.20454738608919795,6.083539837154302,135.91943828529193,0.10045782578365997,0.13397366075849093,82.01072539247868,0.28936500488096245,3.8099711350473426,0.04415529091337697,340.1515151515151,0.25140540661604965,1.3122714899795642,10.113821138211382,137.72431633407243,887.2313377679232,29.70699881258244,0.20454738608919795,135.91943828529193,0.10045782578365997,0.28936500488096245,3.8099711350473426,0.04415529091337697,6.083539837154302,0.13397366075849093,82.01072539247868,2.7061650263971395,6320.429052381424,0.6258470197426897,0.25873200791910556,3416.3363699376177,0.802184641972191,7.607881968511734,7.722843845925339,55.773046836320425,1.734631968343333,0.22219226539346634,0.16744782211660122,1.4820279235567877,0.03503227480420531,12.669259307472014,0.003705909529423982,2.221113597979151,0.0035441840518294736,0.10066996288504743,420.jpg,/mnt/wangbd8/workspace/DataSets/ThyroidAgent/train_val_test/500_TestData_Malignancy_Cls/images/420.jpg,/mnt/wangbd8/workspace/DataSets/ThyroidAgent/train_val_test/500_TestData_Malignancy_Cls/masks/420.jpg
0.5414283828064076,242.87025476935773,253.26863208853953,24851.5,131.49684927155357,713.5807358037443,0.02871378934083433,24852.0,0.7831376770511604,50.0,135.0,234921772.0,2.4351320179157003,48.0,2.900226672689218,224.0,26.709566472888568,91.5127152744246,91.0,14.0,210.0,19.652679126677974,97.22567378696074,0.39284608992484377,234921772.0,0.2081837855284355,1078.2545864306005,19.14468894102419,4.175511689992719,140.80899927715842,6.960856554925737,7.008082643333321,0.16891837229997572,0.9529278672437052,0.16891837229997575,0.6552244814271359,0.14038495579950253,0.148798727277305,3.2347417201161446,-0.6711434627772436,0.9807629362817283,0.9155408138500121,0.9979400198500002,0.9155408138500121,0.9831081627700025,0.16891837229997575,0.22579079362511123,3.065823347816172,1.7942502539083245,852.118439386902,0.1978909520173948,1.97430393952292,20.594751509521597,60.394333488156065,1058.143520668834,5.33190334997385,0.08169263026553795,6.24724867503697,427.4904784022294,0.09927786307529714,0.17326573314018992,27.08433301139123,0.17928896106578715,3.852452261511719,0.01656618780498593,852.118439386902,0.1978909520173948,1.97430393952292,20.594751509521597,60.394333488156065,1058.143520668834,5.33190334997385,0.08169263026553795,427.4904784022294,0.09927786307529714,0.17928896106578715,3.852452261511719,0.01656618780498593,6.24724867503697,0.17326573314018992,27.08433301139123,3.4398810890475864,13608.689119587962,0.547589293400449,0.26193751055823955,5173.78343795268,1.7967945320799372,19.239819732818283,7.302832769998391,138.23330114276516,0.6040854545036625,0.08244774013659985,0.17008467907791905,3.3607556735876387,0.014193019543788024,21.728685358137653,0.001201293086727952,5.827946452570987,0.008276318323029472,0.03992950570214787,421.png,/mnt/wangbd8/workspace/DataSets/ThyroidAgent/train_val_test/500_TestData_Malignancy_Cls/images/421.png,/mnt/wangbd8/workspace/DataSets/ThyroidAgent/train_val_test/500_TestData_Malignancy_Cls/masks/421.png
0.7208929772012213,128.05741062548964,136.35615130972272,9115.0,92.31568799848854,1359.1412690719399,0.14911039704574217,9118.0,0.24901107827083643,23.0,85.0,30617696.0,2.0263643072287714,31.0,3.218969394118876,150.0,19.252515470557093,52.42289975871902,51.0,0.0,150.0,13.067376151622597,57.94773420161206,0.3899007180241607,30617696.0,0.2826342644783866,609.7794799879777,7.864269406392694,2.6268264840182645,46.54557785861141,3.4086254649777796,3.9603177060528343,0.10410958904109588,0.948770352385555,0.10410958904109589,0.4818889347297647,0.09327078251079002,0.2317454025145431,2.5850047773694245,-0.722213016310951,0.972718142891034,0.947945205479452,0.9979178082191781,0.947945205479452,0.986986301369863,0.10410958904109589,0.33093607305936074,2.4808951883283297,1.0161068237734827,333.41417322834644,0.2625308450616901,1.1528978857957715,8.970866141732284,122.02992125984252,858.0,32.68803006767011,0.23115758298069883,6.065834677005866,115.53070866141732,0.09096906193812387,0.1392849309059004,70.4843052886106,0.25060952872045067,2.484690815937878,0.050692887782119646,333.41417322834644,0.2625308450616901,1.1528978857957715,8.970866141732284,122.02992125984252,858.0,32.68803006767011,0.23115758298069883,115.53070866141732,0.09096906193812387,0.25060952872045067,2.484690815937878,0.050692887782119646,6.065834677005866,0.1392849309059004,70.4843052886106,2.9554411480560634,5571.188857205528,0.6110099645981056,0.2540505100897155,2577.0592235139284,1.0198578930116176,7.955033998683922,7.6602325071287565,59.64158806755867,1.9772155647372645,0.25431013957092674,0.1660208135312325,1.3963893153956763,0.040375558603690555,12.549430451630142,0.0040451120047505,2.398136593731229,0.004945414374817404,0.10384661678043264,422.jpg,/mnt/wangbd8/workspace/DataSets/ThyroidAgent/train_val_test/500_TestData_Malignancy_Cls/images/422.jpg,/mnt/wangbd8/workspace/DataSets/ThyroidAgent/train_val_test/500_TestData_Malignancy_Cls/masks/422.jpg
0.543012361152396,258.20460481579534,442.4036618293298,19148.0,140.20829212144636,817.7817459305209,0.042708468034808905,19149.0,0.5998314451427804,65.0,157.0,240475092.0,2.4443304193791753,54.0,2.4360851475120495,226.0,29.14434582906941,106.55888035928768,100.0,35.0,191.0,22.426764473985674,112.06293692828994,0.5127845227198344,240475092.0,0.2027534396007424,1203.306849568902,16.077432581611735,3.762550596646165,151.5667756811743,11.276454318253256,7.844386488997685,0.16180413184040374,0.9595802449621249,0.1618041318404037,0.6386081939646541,0.13562355475977694,0.14704259552901552,3.2145565343340077,-0.6835402396900323,0.9820885351273574,0.9190979340797981,0.998026778879995,0.9190979340797981,0.9838195868159596,0.1618041318404037,0.24044577616569415,3.0527524024936064,2.0015476552095217,621.5424469413233,0.1939895277594642,2.06237550674017,17.2125468164794,67.6619850187266,974.2084893882646,8.240693244445325,0.11057053387025037,6.282561255999032,311.8414481897628,0.09732879156983858,0.16731944226852577,31.942335949445216,0.17692927224593485,3.033907598839516,0.02290135935995372,621.5424469413233,0.1939895277594642,2.06237550674017,17.2125468164794,67.6619850187266,974.2084893882646,8.240693244445325,0.11057053387025037,311.8414481897628,0.09732879156983858,0.17692927224593485,3.033907598839516,0.02290135935995372,6.282561255999032,0.16731944226852577,31.942335949445216,3.4310985030358285,10651.310512298292,0.5562332504202984,0.2560778123080356,3882.525614914617,2.0055697027426604,16.22330147788396,7.360227688129928,117.77826518356049,0.8165698109839479,0.11076296835029419,0.16780104560145293,2.776292350630436,0.018884942626830332,19.367662623815104,0.0016453927327929117,5.927709355960748,0.008921381872944294,0.05977632120866462,423.png,/mnt/wangbd8/workspace/DataSets/ThyroidAgent/train_val_test/500_TestData_Malignancy_Cls/images/423.png,/mnt/wangbd8/workspace/DataSets/ThyroidAgent/train_val_test/500_TestData_Malignancy_Cls/masks/423.png
0.6230457108704613,375.133036472678,364.42420336744925,68096.5,233.72502938011436,1116.9360748630713,0.016402253784894544,68097.0,0.8282072145946104,97.0,206.0,1720533738.0,2.8284882660275734,56.0,2.8192161528392647,255.0,34.02914532108476,153.1903608088462,154.0,21.0,234.0,24.02452263863643,158.95258926953832,-0.07925647050218042,1720533738.0,0.1630422766482861,1798.6389907460668,47.04137260391036,6.645422934684917,393.9919681587196,-1.2693472168231708,11.71178710404502,0.19288061174875865,0.9675958008482896,0.19276274108234742,0.7078665505627546,0.15572313739917862,0.1093749110796032,3.7106084051321377,-0.6863029297269564,0.9895893684988745,0.9036304165254676,0.9984190577544528,0.903638274569895,0.9839371938243329,0.19265960424923756,0.17948755727777696,3.5171210369504236,2.976166928948444,2180.9756482525368,0.16392150682093473,2.9598789423014322,46.38406614054867,44.90259301014656,2165.218338970312,1.3133059551491126,0.030962974984629767,6.393074708733975,1468.023524990605,0.1103362288606242,0.19538305652231375,18.707122624302684,0.19168101271251958,8.530665060739882,0.006592623796691852,2180.9756482525368,0.16392150682093473,2.9598789423014322,46.38406614054867,44.90259301014656,2165.218338970312,1.3133059551491126,0.030962974984629767,1468.023524990605,0.1103362288606242,0.19168101271251958,8.530665060739882,0.006592623796691852,6.393074708733975,0.19538305652231375,18.707122624302684,3.8948001152239637,35357.84144675977,0.5192275936790133,0.2810948166862338,11102.689912918337,2.993235803616569,47.1112971202843,7.089196293522475,335.2482781914034,0.21142555259368032,0.030035801908352835,0.17853127809513555,8.324364101534902,0.005506577228318697,27.665140109982374,0.0004806111678502726,9.41635609975982,0.01014052748130376,0.023243317229618764,424.png,/mnt/wangbd8/workspace/DataSets/ThyroidAgent/train_val_test/500_TestData_Malignancy_Cls/images/424.png,/mnt/wangbd8/workspace/DataSets/ThyroidAgent/train_val_test/500_TestData_Malignancy_Cls/masks/424.png
0.2911767423527147,529.133375386241,374.080205303622,17894.5,154.07133251506175,1314.1808075912365,0.07344048772478899,17886.0,0.3608357804394549,28.0,83.0,63259400.0,1.8501406968808487,31.0,2.838836784084611,139.0,17.34557522727495,55.53158895225316,55.0,0.0,139.0,12.874673478924517,59.471093092053394,0.3215440745376137,63259400.0,0.32091505798105163,453.05354200167596,8.276854293247737,2.752894646337269,26.200973758887276,1.8165447432930653,2.9366568429118347,0.14295540525048722,0.9071601268401289,0.14249684741488022,0.5926043002035368,0.12265005372730757,0.2500240732349929,2.5347270725949875,-0.6244517648098822,0.9486186076870224,0.9287974320761206,0.996138199416888,0.9288280025984944,0.9796514960449387,0.14209560930872409,0.36111429554052504,2.3896102744560572,0.7699030620405805,764.2149212867898,0.2615383029728918,1.0879200766823094,8.698494182067078,81.75975359342915,626.4476386036961,14.646841204654347,0.24172018784698457,5.859612387987886,290.2984257357974,0.09934922167549534,0.1633679973163368,44.2912775278388,0.2451324187524227,2.0610268085318033,0.07494543168995854,764.2149212867898,0.2615383029728918,1.0879200766823094,8.698494182067078,81.75975359342915,626.4476386036961,14.646841204654347,0.24172018784698457,290.2984257357974,0.09934922167549534,0.2451324187524227,2.0610268085318033,0.07494543168995854,5.859612387987886,0.1633679973163368,44.2912775278388,2.8371700793819166,10127.40623951694,0.5662197383158303,0.2779019818498633,5739.886727049088,0.7774164125100126,8.342837973834284,7.424242424242424,61.35368444593537,1.4043707679501036,0.19788326065078835,0.17418962068408564,1.4679886192801321,0.038552495710142284,42.277658013026326,0.0013860469261274806,2.2308480981360357,0.007371677488633464,0.020074465324413107,425.jpg,/mnt/wangbd8/workspace/DataSets/ThyroidAgent/train_val_test/500_TestData_Malignancy_Cls/images/425.jpg,/mnt/wangbd8/workspace/DataSets/ThyroidAgent/train_val_test/500_TestData_Malignancy_Cls/masks/425.jpg
0.6807069285652301,127.74512986793532,135.07035203922436,8603.5,86.95699499156869,1193.425540319409,0.13871395830992142,8620.0,0.2755162290271954,116.0,181.0,197140824.0,2.1409774449917665,38.0,3.03655007443207,251.0,21.09693320987721,148.95800464037123,148.0,71.0,180.0,15.2092849552627,151.22885041292807,0.28990909634365963,197140824.0,0.2612153789008457,681.6780507749204,21.201666465402727,4.488467576379664,58.42234079343857,2.6859482886562076,4.375630312060987,0.15432918729622028,0.9318628842848954,0.15191402004588817,0.6217494959370092,0.13125131780971774,0.1967466521781908,2.862706004648464,-0.6490479763185787,0.9675314108047929,0.9242845067020892,0.9981200157938771,0.9244455178521113,0.9848305540613232,0.1498007487018476,0.2832991184639536,2.699303343795834,1.1324898748393017,368.6017643352237,0.23226324154708486,1.4787166839582317,21.765595463137995,69.13421550094517,1394.8985507246377,4.215062294375614,0.06472960408112462,5.875884476488643,200.86641461877755,0.12656988948883274,0.18410672853828305,39.63158920799867,0.3184635804473583,6.857433424031792,0.02248760599518236,368.6017643352237,0.23226324154708486,1.4787166839582317,21.765595463137995,69.13421550094517,1394.8985507246377,4.215062294375614,0.06472960408112462,200.86641461877755,0.12656988948883274,0.3184635804473583,6.857433424031792,0.02248760599518236,5.875884476488643,0.18410672853828305,39.63158920799867,3.2216610612128243,4635.355220417633,0.537744225106454,0.32427963889083283,2251.67656612529,1.1634778559546946,21.180278422273783,7.250580046403712,152.50580046403712,0.4356292143608324,0.06091585878142612,0.1902552204176334,4.0639017788089715,0.01208259587133814,6.204054313607914,0.00325444574467061,5.216916017178059,0.004656610908403361,0.11748994025802256,426.jpg,/mnt/wangbd8/workspace/DataSets/ThyroidAgent/train_val_test/500_TestData_Malignancy_Cls/images/426.jpg,/mnt/wangbd8/workspace/DataSets/ThyroidAgent/train_val_test/500_TestData_Malignancy_Cls/masks/426.jpg
0.5639625795643519,367.3226724043805,373.6107600163571,58857.5,207.1562418616458,1108.0487732352788,0.018825957154742876,58858.0,0.776152320769627,53.0,131.0,533257668.0,2.3303152112014853,39.0,3.6266958335059756,231.0,23.950179639938106,89.99697577219749,88.0,10.0,221.0,16.19224161840495,95.18440604586225,0.6912284921712158,533257668.0,0.23856842055766508,960.6155061620757,18.431945699814108,4.111209645786789,143.91993529581802,10.680874812556109,6.275375745677597,0.15577195286252707,0.9515570283363615,0.15577195286252704,0.6240980844932237,0.13150705156392173,0.17555247408823244,3.0873064045474288,-0.6752233017306292,0.9782763641302978,0.9221140235687364,0.9984577034370046,0.9221140235687364,0.9858389133761338,0.15577195286252704,0.2982928867438648,2.9315344516849042,1.6077869246350314,2072.4721539283805,0.2215363072077371,1.7466719952145906,18.868840192410477,73.09481560662748,1306.425227151256,5.840667620965879,0.08496601999273094,6.310478511675204,834.4131480491716,0.08919435040611134,0.15894186006999897,33.51047475019575,0.16620734670646323,3.006262795865342,0.016415601596201507,2072.4721539283805,0.2215363072077371,1.7466719952145906,18.868840192410477,73.09481560662748,1306.425227151256,5.840667620965879,0.08496601999273094,834.4131480491716,0.08919435040611134,0.16620734670646323,3.006262795865342,0.016415601596201507,6.310478511675204,0.15894186006999897,33.51047475019575,3.2971473581556086,33497.005334873764,0.5691155889577247,0.24714389881036802,14041.66009718305,1.6073808152004425,18.51870603826158,7.440891637500425,137.20418634680078,0.5994660585738845,0.08124982310866588,0.16452308946957084,3.0515223079275544,0.013776453339894358,42.43204710680587,0.00048139339448076895,7.3716874511201755,0.00551074771009232,0.025952284940486358,427.png,/mnt/wangbd8/workspace/DataSets/ThyroidAgent/train_val_test/500_TestData_Malignancy_Cls/images/427.png,/mnt/wangbd8/workspace/DataSets/ThyroidAgent/train_val_test/500_TestData_Malignancy_Cls/masks/427.png
0.7771253446813337,92.7887682654927,104.04326023342406,5038.5,72.10850352087742,808.8498551495586,0.1605338603055589,5057.0,0.31109114644699004,53.0,135.40000000000055,48288376.0,2.3531690557072587,48.0,2.86879986699241,210.0,26.663958185367843,92.2566739173423,93.0,27.0,183.0,20.08709461734525,97.71805701708354,0.5015712914420374,48288376.0,0.22668738727722867,1037.5247849031616,11.727122153209109,3.1818840579710144,123.37315975731605,8.264629150843007,6.54531250937678,0.13436853002070392,0.9597679801690577,0.13436853002070398,0.5692983178051267,0.11631362816077914,0.1803389143937348,3.000458816762051,-0.7106382586177403,0.9815243679080943,0.9328157349896481,0.9979327918458354,0.9328157349896481,0.9850701633310329,0.13436853002070398,0.2821946169772257,2.8660902867413487,1.6699202598493716,169.48858447488584,0.1934801192635683,2.1342483997414563,14.665525114155251,67.49885844748859,687.1130136986301,12.530587199015834,0.16962373743256817,6.130539768904131,90.98401826484019,0.10386303454890432,0.17322523235119636,34.17328011300848,0.26295179945823105,4.6827490720910365,0.0410052246114928,169.48858447488584,0.1934801192635683,2.1342483997414563,14.665525114155251,67.49885844748859,687.1130136986301,12.530587199015834,0.16962373743256817,90.98401826484019,0.10386303454890432,0.26295179945823105,4.6827490720910365,0.0410052246114928,6.130539768904131,0.17322523235119636,34.17328011300848,3.369975891579468,2788.5262013051215,0.5514190629434688,0.2944470606765687,1146.3581174609453,1.7349924524646831,12.089974293059125,7.335772196954716,84.66343682024916,1.352625841203926,0.18176846954918016,0.18001450135126226,2.4334146287873795,0.03157925015431289,5.51668703468459,0.007370060241534523,3.680431927323353,0.008025792087095451,0.21077819725359906,428.jpg,/mnt/wangbd8/workspace/DataSets/ThyroidAgent/train_val_test/500_TestData_Malignancy_Cls/images/428.jpg,/mnt/wangbd8/workspace/DataSets/ThyroidAgent/train_val_test/500_TestData_Malignancy_Cls/masks/428.jpg
0.6504388788157267,175.66429113468382,177.55280904564702,15530.5,114.25888457360315,575.8233764908636,0.037076937412888415,15531.0,0.7671995849055737,97.0,184.0,311710251.0,2.4868927757411097,49.0,3.3141044792845067,255.0,28.268591050507652,137.23050672847853,131.0,65.0,190.0,20.089107401884366,141.6693275816564,0.7689326598476142,311710251.0,0.20941990103052974,1237.9864004836804,17.938467542604396,3.996097307141928,223.81368606428015,17.73962978050001,8.080724818115913,0.2020294002861975,0.9512168549351999,0.201769220762326,0.7267605860184427,0.16131858183916123,0.14083652675465103,3.3806032425142525,-0.6375697771284742,0.9786439523105097,0.8991414075712242,0.9975364507966739,0.8991587528728157,0.9798254431921664,0.20154156367893847,0.2532847664888773,3.177283026393813,2.070688554600528,636.562787841572,0.1954445157634547,2.133377400500318,18.8360454405895,39.491249616211235,679.8682836966534,3.733827498448407,0.09547124947387386,5.96001555537433,391.053423395763,0.12006552760078691,0.2097096130320005,16.752670542905676,0.21587530182728165,4.211943493691715,0.021666444542012848,636.562787841572,0.1954445157634547,2.133377400500318,18.8360454405895,39.491249616211235,679.8682836966534,3.733827498448407,0.09547124947387386,391.053423395763,0.12006552760078691,0.21587530182728165,4.211943493691715,0.021666444542012848,5.96001555537433,0.2097096130320005,16.752670542905676,3.585931715705344,7818.213186530165,0.5033940626186444,0.2977208912123558,3252.5004829051572,2.084784676162887,18.114158779215764,6.957118022020476,124.5898525529586,0.6516221252461714,0.0940221633310724,0.18592921683514693,3.4348686140264273,0.017730180977714647,17.989807015920032,0.0016647426353547986,6.78072689107954,0.011072421636772502,0.05906524457670432,429.png,/mnt/wangbd8/workspace/DataSets/ThyroidAgent/train_val_test/500_TestData_Malignancy_Cls/images/429.png,/mnt/wangbd8/workspace/DataSets/ThyroidAgent/train_val_test/500_TestData_Malignancy_Cls/masks/429.png
0.7773675119650331,217.50916525458356,235.22967499871268,28203.5,169.08455862354685,1838.9961748553308,0.06520453755226588,28191.0,0.323724530363777,12.0,77.0,72089027.0,1.9512168084821513,34.0,2.705202035176415,142.0,19.56923366770006,44.486360895321205,44.0,0.0,142.0,14.371987265529413,50.56841495969896,0.274924817145147,72089027.0,0.2840112420169222,578.1282858275423,6.1745801968731895,2.3019325419803125,33.76565085918678,2.4744126710243113,3.5811344531352427,0.07838737695425595,0.9571597708150088,0.07838737695425596,0.39647136720714704,0.07224279608848734,0.24636976890040294,2.382613210452412,-0.7665490501211546,0.9737839487015219,0.960806311522872,0.9978814222444795,0.960806311522872,0.9888018032922491,0.07838737695425596,0.35328604516502604,2.3042258334981573,0.9148804575223745,723.365504587156,0.26545523104115815,1.0836730914906152,8.588256880733946,251.53798165137616,1169.4234862385322,123.24852996941895,0.24188205912334354,6.54821758256924,157.72513761467889,0.05788078444575372,0.096662055265865,144.51231297028872,0.15781855426929123,1.7802022195073886,0.028769791042783585,723.365504587156,0.26545523104115815,1.0836730914906152,8.588256880733946,251.53798165137616,1169.4234862385322,123.24852996941895,0.24188205912334354,157.72513761467889,0.05788078444575372,0.15781855426929123,1.7802022195073886,0.028769791042783585,6.54821758256924,0.096662055265865,144.51231297028872,2.6670309877863034,19666.50310382746,0.6976163706086149,0.17702045325111102,8006.560923699053,0.9409034308741182,6.343052747330709,8.054450001773615,49.02965485438615,2.906068810376835,0.34846624612267896,0.14439990698371033,1.009867215305121,0.04633782134741366,46.06807786448431,0.0016387591922976746,1.2794799436638378,0.004901825069976665,0.02854263713354206,430.jpg,/mnt/wangbd8/workspace/DataSets/ThyroidAgent/train_val_test/500_TestData_Malignancy_Cls/images/430.jpg,/mnt/wangbd8/workspace/DataSets/ThyroidAgent/train_val_test/500_TestData_Malignancy_Cls/masks/430.jpg
0.588150425319909,332.60166691055815,340.5201902971394,49273.5,195.6198118555555,2437.5474734075806,0.04946974486098168,49228.0,0.3228186042094498,0.0,65.0,77230181.0,1.7424403770768873,39.0,5.042135027470055,198.0,21.772084102785243,28.316100593158364,23.0,0.0,198.0,16.490053887506445,39.60841196061469,1.3000568196690636,77230181.0,0.3689043160517179,767.0247452399011,4.1234915609645775,1.7668009785580658,98.00590656152713,12.988168918878538,4.078980071152966,0.07135661862960754,0.9656140578641361,0.06671052361079703,0.3589104992988791,0.06690632466918084,0.3436290545282613,2.104715338774945,-0.7816039701850054,0.965825381389545,0.9671093476964825,0.99890966880943,0.967377971479281,0.9926383461280568,0.06303350716215878,0.5125506239335568,2.0222267448612086,1.0375841724456434,900.7465771812081,0.2418111616593847,1.6057435971352643,8.459597315436241,1155.6,1813.3889932885907,1046.5263138500814,0.3092542399062533,6.534174670347895,332.50496644295305,0.08926307823971893,0.07566831884293491,980.9486971577857,0.26400262655441736,2.623811125773581,0.07165686694948929,900.7465771812081,0.2418111616593847,1.6057435971352643,8.459597315436241,1155.6,1813.3889932885907,1046.5263138500814,0.3092542399062533,332.50496644295305,0.08926307823971893,0.26400262655441736,2.623811125773581,0.07165686694948929,6.534174670347895,0.07566831884293491,980.9486971577857,2.3180973320104323,37499.844519379214,0.7617584407121804,0.15983875130495387,18160.421670593973,1.0613874550350826,4.2279190704477125,8.2747217030958,31.961282197123587,5.251228710778548,0.6085334839479385,0.14172602764461056,0.7426837030416293,0.07669235152668259,48.15982550003459,0.0013597372835540992,2.2159410398239623,0.0023389450216115856,0.0722312070383177,431.jpg,/mnt/wangbd8/workspace/DataSets/ThyroidAgent/train_val_test/500_TestData_Malignancy_Cls/images/431.jpg,/mnt/wangbd8/workspace/DataSets/ThyroidAgent/train_val_test/500_TestData_Malignancy_Cls/masks/431.jpg
0.6351136503740827,97.78489890774686,104.27847332982968,4615.0,62.10452409675977,1058.1707063234776,0.22928942715568312,4636.0,0.22758050146660325,11.0,84.0,12796169.0,2.1313970201924497,37.0,4.350215558618852,180.0,23.22160906764854,43.45966350301985,38.0,0.0,180.0,16.21449531737773,52.53736293232329,1.0432024978382886,12796169.0,0.25978146046880735,871.4321520869426,6.215782122905028,2.2158985102420856,135.83976738154945,13.999859971340051,5.367787832169893,0.14548417132216016,0.94722401824905,0.14548417132216018,0.5984230989088655,0.12431852721686452,0.21032408238229494,2.7715394536893396,-0.6704998168091583,0.9689769829984417,0.9272579143389199,0.997761781979659,0.9272579143389199,0.9838350920753155,0.14548417132216018,0.29981378026070765,2.626055282367182,1.3783180008730134,211.2321243523316,0.21889339311122447,1.7096040162152004,10.020725388601036,62.134715025906736,259.35647668393784,38.03024278899816,0.2584497168470152,5.471600556310079,147.93471502590674,0.15330022282477382,0.20815358067299397,39.05490509812344,0.35259234106115356,4.6077741995841475,0.06570675710130046,211.2321243523316,0.21889339311122447,1.7096040162152004,10.020725388601036,62.134715025906736,259.35647668393784,38.03024278899816,0.2584497168470152,147.93471502590674,0.15330022282477382,0.35259234106115356,4.6077741995841475,0.06570675710130046,5.471600556310079,0.20815358067299397,39.05490509812344,3.2014269707388565,2341.903796376186,0.5051561251889962,0.3573182007338747,1204.346850733391,1.439012155684477,6.634383088869715,7.032786885245901,40.42644521138913,3.262786108151918,0.4200573099170643,0.20386348384622757,1.7979580097785448,0.06780196738403603,8.042938078326207,0.006962942158467011,4.485962066795479,0.006723475228203465,0.3065553142651475,432.jpg,/mnt/wangbd8/workspace/DataSets/ThyroidAgent/train_val_test/500_TestData_Malignancy_Cls/images/432.jpg,/mnt/wangbd8/workspace/DataSets/ThyroidAgent/train_val_test/500_TestData_Malignancy_Cls/masks/432.jpg
0.786387556844922,233.55101923195357,252.6697449240807,23873.0,183.66161541245737,909.5218613006989,0.03809834797891756,23874.0,0.6022062919622935,81.0,187.0,433062595.0,2.7040624715318744,58.0,2.5851462544109096,255.0,33.384120416639064,128.43088715757727,121.0,31.0,224.0,24.235091116192972,134.6829878065164,0.45651574541733564,433062595.0,0.17597865462859874,1645.0144284078915,24.117980378890394,4.637855209742895,294.3841205436445,15.843675784162993,10.628483087996981,0.19536535859269283,0.9639009434478457,0.19536535859269286,0.7125614034489504,0.15719773525464137,0.11940243060546564,3.5880342234923535,-0.671124803374352,0.9865739356694171,0.9023173207036537,0.9980656895188843,0.9023173207036537,0.9822395128552098,0.19536535859269286,0.22779939106901217,3.392668864899664,2.7059621116474184,807.8085018572018,0.16669593517482498,2.8090390805271195,25.217911679735863,42.52125464300454,980.4238547255468,3.0560924547361323,0.07487000331422217,6.245580486080423,568.365662401981,0.1172855267028438,0.20298232386696824,18.25048437819636,0.20564347358158624,5.245360531645239,0.015897335431062753,807.8085018572018,0.16669593517482498,2.8090390805271195,25.217911679735863,42.52125464300454,980.4238547255468,3.0560924547361323,0.07487000331422217,568.365662401981,0.1172855267028438,0.20564347358158624,5.245360531645239,0.015897335431062753,6.245580486080423,0.20298232386696824,18.25048437819636,3.787353544693201,12191.005612800536,0.5106394241769513,0.2897457750759273,4201.314400603166,2.718839052606537,24.343637429839994,7.0187651838820475,169.13345061573258,0.5095890066208643,0.07309243904807369,0.18234155240940866,4.502145523256355,0.013482550959453301,17.98815477057681,0.0013064961490541695,7.934992222136245,0.01131236264941984,0.052308362377500514,433.png,/mnt/wangbd8/workspace/DataSets/ThyroidAgent/train_val_test/500_TestData_Malignancy_Cls/images/433.png,/mnt/wangbd8/workspace/DataSets/ThyroidAgent/train_val_test/500_TestData_Malignancy_Cls/masks/433.png
0.5186508119055729,364.3315458445604,377.22274586774324,41126.0,188.96085205509374,1276.617315730197,0.03104161152872142,41127.0,0.5631219249919734,95.0,162.0,718274229.0,2.1589755435511444,36.0,3.12305963504961,249.0,20.982648757109853,129.51742164514795,130.0,58.0,191.0,14.995328165384805,132.1543998376705,0.23445007219131367,718274229.0,0.2598499562378317,690.0228868478432,14.710763650622487,3.6891358690324476,64.72914146748823,2.1474703261714083,4.574560722550935,0.17039996078815806,0.9281764498549032,0.17030193118321732,0.6589302413335295,0.14139721302342473,0.18614511411262002,2.960166655234354,-0.6292548321393513,0.9664261697273988,0.9148588373688852,0.9973785952135824,0.9148653726758813,0.9810786524196973,0.17021615527889422,0.30570532300754827,2.78921347301466,1.1862401708347732,1738.4866574965613,0.23913158975193413,1.379855428935782,15.282393397524071,58.20453920220083,823.365749656121,5.87705702678825,0.11141721640513153,5.997715024206327,729.2489683631362,0.10030934915586467,0.17676951880759598,26.201940877416373,0.18625167199843395,2.9012050128216,0.023491347573441013,1738.4866574965613,0.23913158975193413,1.379855428935782,15.282393397524071,58.20453920220083,823.365749656121,5.87705702678825,0.11141721640513153,729.2489683631362,0.10030934915586467,0.18625167199843395,2.9012050128216,0.023491347573441013,5.997715024206327,0.17676951880759598,26.201940877416373,3.1779708098158816,22323.850730663555,0.5428027993936722,0.26725855017567796,10686.849150193304,1.1850774369172894,14.81919420332142,7.271014175602402,106.97014126972549,0.7455572542578276,0.10416092450507408,0.17204161634827622,2.5839851084580827,0.018590613793113716,50.845442232036845,0.0005877604933226581,4.762887553344722,0.0070457994850916675,0.01656257603242404,434.png,/mnt/wangbd8/workspace/DataSets/ThyroidAgent/train_val_test/500_TestData_Malignancy_Cls/images/434.png,/mnt/wangbd8/workspace/DataSets/ThyroidAgent/train_val_test/500_TestData_Malignancy_Cls/masks/434.png
0.9329923007001886,130.86188095483092,142.88806808127822,12312.0,122.09312738600191,1319.3839097590553,0.10716243581538785,12310.0,0.29812476358364,52.0,119.0,98839962.0,2.2515395420696,34.0,5.963846599186067,248.0,21.837809340480586,84.70349309504468,83.0,8.0,240.0,14.493348081406921,89.60603456091518,0.8101029223590113,98839962.0,0.2572298218048372,854.5596872296436,16.688879528222408,3.9416175231676487,140.46355380302595,7.749659516867604,5.086955667583886,0.47683235046335304,0.8285943501381958,0.31069924178601516,1.0101408396785736,0.3802983316169483,0.16061693337468744,3.379216854586068,-0.47310203586477306,0.93638402821341,0.859787170932421,0.9955252397740384,0.8640147229911341,0.9728748645345107,0.2336790461480857,0.27598989048020217,2.9446602154063655,1.3909470045118097,748.2215261958997,0.21304713160475505,2.137776808832457,18.793564920273347,26.62870159453303,407.63211845102506,2.487813811371486,0.10592130220591991,5.390807115289844,728.8451025056947,0.20752992668157597,0.28529650690495534,14.342798332823094,0.4491544963524361,9.38602184234006,0.051312220004065594,748.2215261958997,0.21304713160475505,2.137776808832457,18.793564920273347,26.62870159453303,407.63211845102506,2.487813811371486,0.10592130220591991,728.8451025056947,0.20752992668157597,0.4491544963524361,9.38602184234006,0.051312220004065594,5.390807115289844,0.28529650690495534,14.342798332823094,3.562133950659268,5247.583103168156,0.4262861984701995,0.4598013542647594,3166.4991064175465,1.4586299634212572,16.737774167343623,6.361819658813973,101.61754670999187,0.6095184253282804,0.09853097394070905,0.2559888076541204,4.753141077714595,0.026959373816235952,15.248448565379281,0.0013395356044428619,12.239305201143564,0.008740720576905612,0.0737482975142944,435.jpg,/mnt/wangbd8/workspace/DataSets/ThyroidAgent/train_val_test/500_TestData_Malignancy_Cls/images/435.jpg,/mnt/wangbd8/workspace/DataSets/ThyroidAgent/train_val_test/500_TestData_Malignancy_Cls/masks/435.jpg
0.5141719880572142,242.88234884143293,250.05999280172747,23588.5,124.88330016780539,2096.6530291048202,0.08888454242977809,23593.0,0.2596740362976244,116.0,177.0,500694903.0,2.048784958267678,34.0,3.5676980227709443,247.0,19.90795882667759,143.52964862459203,139.0,58.0,189.0,14.117412018712846,145.67834579948644,0.6199360468057157,500694903.0,0.286628377210284,621.4204005758953,19.104686417186414,4.257514726264726,56.46348096810358,4.3851126935097895,4.0462917870743365,0.13327269577269577,0.9362265153129481,0.12010568260568262,0.5440648398950811,0.11884732077851883,0.23372401742659019,2.6611354541597194,-0.6927586267727285,0.9697539399249415,0.941257745301863,0.9979761248310187,0.9418471355971356,0.986793961793962,0.11132316210441211,0.3822331947331947,2.510499238211577,1.0448911207117582,743.0063431652394,0.23565060043299696,1.5252284661057605,20.809387884554393,123.71931493815414,2274.408816999683,8.138509577765983,0.06903797125150937,6.409384977683533,259.8588645734221,0.08241638584631213,0.13364133429407027,67.72829304176098,0.23112793064766818,5.317474589428781,0.016286790703669927,743.0063431652394,0.23565060043299696,1.5252284661057605,20.809387884554393,123.71931493815414,2274.408816999683,8.138509577765983,0.06903797125150937,259.8588645734221,0.08241638584631213,0.23112793064766818,5.317474589428781,0.016286790703669927,6.409384977683533,0.13364133429407027,67.72829304176098,2.9447907918472,14648.218920866359,0.6208713991805348,0.242636184117458,6762.423303522231,1.0634884596310823,19.2077734921375,7.710380197516212,146.15441020641717,0.5155613486546655,0.06717345846701331,0.16253173022129916,3.2410931679358757,0.011023763117665062,17.673470185288682,0.001429267537795124,3.196123595417425,0.004419101037364777,0.03713675994631794,436.jpg,/mnt/wangbd8/workspace/DataSets/ThyroidAgent/train_val_test/500_TestData_Malignancy_Cls/images/436.jpg,/mnt/wangbd8/workspace/DataSets/ThyroidAgent/train_val_test/500_TestData_Malignancy_Cls/masks/436.jpg
0.9501356467195624,145.76042994352915,160.37767924496225,15698.5,138.49218037051654,1407.4427842620998,0.08965460294054207,15702.0,0.3155754875444134,37.0,101.0,86155245.0,2.0518381632482123,35.0,3.6735704403916505,217.0,20.55062433603473,69.51604891096676,68.0,15.0,202.0,14.835181250255463,74.0735867583993,0.6145974771710037,86155245.0,0.27493426519700015,654.4151990621856,11.92118516580548,3.3097651906599515,59.33687499022184,4.822227216531024,4.042632495790299,0.1760743017855975,0.9165268836000778,0.17542023677153507,0.6726600379785965,0.14530204231661606,0.19984174484370656,2.8302563044281905,-0.6048671544939388,0.9560666040398095,0.9123552881156386,0.997853315457433,0.9123988924499095,0.9824639223684288,0.17484792988423045,0.3027012885080777,2.6515268844099973,1.0546766993939742,729.8485436893204,0.2361969397052817,1.4561246740189144,14.165695792880259,61.67443365695793,619.3559870550162,8.597210767805263,0.12096984880192038,5.731314879822788,424.3838187702265,0.13734104167321248,0.19679021780664885,35.852248719640556,0.3345880457454467,5.15524851961009,0.04386730015586914,729.8485436893204,0.2361969397052817,1.4561246740189144,14.165695792880259,61.67443365695793,619.3559870550162,8.597210767805263,0.12096984880192038,424.3838187702265,0.13734104167321248,0.3345880457454467,5.15524851961009,0.04386730015586914,5.731314879822788,0.19679021780664885,35.852248719640556,3.1524302080127726,8165.076805502484,0.5200023440009224,0.34210119143483764,4317.017832123296,1.0945878676764107,12.089670105719017,7.135524137052605,82.54362501592153,0.9030443457633978,0.12524307356707196,0.19737754567712534,2.6106016218740717,0.024779937827155953,18.943135631881994,0.0014323911513402622,6.992066202992625,0.005276666701018658,0.07000185799974058,437.jpg,/mnt/wangbd8/workspace/DataSets/ThyroidAgent/train_val_test/500_TestData_Malignancy_Cls/images/437.jpg,/mnt/wangbd8/workspace/DataSets/ThyroidAgent/train_val_test/500_TestData_Malignancy_Cls/masks/437.jpg
0.8225442358491207,233.1199396358783,251.54323684011064,33960.5,191.75146260898669,839.7645019878181,0.024727683690988593,33961.0,0.7779191406673756,39.0,140.0,300955909.0,2.593078165044745,58.0,2.819513355319177,226.0,31.70432120550558,85.79803303789642,80.0,11.0,215.0,23.452209299980304,94.13718393396161,0.593793467116889,300955909.0,0.18544202351994563,1500.506925844555,17.86319469131414,3.9369741675553978,262.45265965255913,17.94483143564677,9.618575961781502,0.16485958051901883,0.966298223194456,0.16485958051901883,0.6458094878854249,0.13768089923011198,0.13441156387627,3.3760832158503034,-0.6961677233515389,0.9863160399728749,0.9175702097404905,0.9983677269255542,0.9175702097404905,0.9850127654073619,0.16485958051901883,0.1974167555397559,3.211223635331287,2.4458588855751304,1015.9646447140382,0.17607706147556987,2.563385706862424,20.06100519930676,67.00987868284228,956.4582322357019,9.034925019393148,0.1038922050735051,6.418952907371574,565.7792027729636,0.09805532110449976,0.16990076852860633,32.367371691862225,0.18180872291527814,3.6793738673135024,0.02379198348956709,1015.9646447140382,0.17607706147556987,2.563385706862424,20.06100519930676,67.00987868284228,956.4582322357019,9.034925019393148,0.1038922050735051,565.7792027729636,0.09805532110449976,0.18180872291527814,3.6793738673135024,0.02379198348956709,6.418952907371574,0.16990076852860633,32.367371691862225,3.579200215631217,18765.862872118018,0.5525709747097558,0.26031890292864657,6297.796560760873,2.455481182794023,18.03427460911045,7.3369747651718145,128.93059686110539,0.7959846380959087,0.10746308377110113,0.1693004066756312,3.1662806029137998,0.018472275531522236,26.23083559842451,0.001018266705041438,7.421640693049556,0.00881373210984928,0.04782534430944775,438.png,/mnt/wangbd8/workspace/DataSets/ThyroidAgent/train_val_test/500_TestData_Malignancy_Cls/images/438.png,/mnt/wangbd8/workspace/DataSets/ThyroidAgent/train_val_test/500_TestData_Malignancy_Cls/masks/438.png
0.9390612754449269,155.46446280023275,162.69296235547498,17567.5,145.99065672354698,590.4091629284904,0.03360803545914276,17568.0,0.7958052944558891,77.0,166.0,269277086.0,2.454004651721548,54.0,2.356443959397277,222.0,29.147858251963328,118.95081967213115,117.0,44.0,178.0,22.622773328431308,123.80510079433647,0.3620584063595785,269277086.0,0.2053834633926231,1178.4054820239478,20.00683358217526,4.258843459285632,142.1113984420079,7.912194516267785,7.6687752629539485,0.1924313770529459,0.9510427887562114,0.19220167681176067,0.707212019943711,0.1554898924836934,0.14259899695890546,3.3183223514763958,-0.6464802441338309,0.97876976815517,0.9039221316182383,0.9970398290863908,0.9039374449676506,0.9786468103569287,0.19200068910072357,0.24916733662570345,3.1248411832925167,1.9653016600017235,652.5924549871391,0.1865082752178163,2.121746947500862,21.68448128036582,45.76393255215776,853.2800800228637,3.6572312242273295,0.07746777747966863,6.041457911380243,401.42869391254646,0.11472669160118504,0.19916894353369763,20.55486624562066,0.21149611137591975,4.836222023924972,0.016986143011907314,652.5924549871391,0.1865082752178163,2.121746947500862,21.68448128036582,45.76393255215776,853.2800800228637,3.6572312242273295,0.07746777747966863,401.42869391254646,0.11472669160118504,0.21149611137591975,4.836222023924972,0.016986143011907314,6.041457911380243,0.19916894353369763,20.55486624562066,3.5229633972204475,9041.035632969035,0.5146308989622629,0.2905527929361549,3608.176684881603,1.9695608714335304,20.205202641165755,7.0591985428051,139.8300887978142,0.5584683024839793,0.07871675559549109,0.1819849220805505,3.8028264774337184,0.01434890537710058,21.38890098423421,0.0016110226669733797,4.692905615844202,0.012906744952401253,0.03609648293794179,439.png,/mnt/wangbd8/workspace/DataSets/ThyroidAgent/train_val_test/500_TestData_Malignancy_Cls/images/439.png,/mnt/wangbd8/workspace/DataSets/ThyroidAgent/train_val_test/500_TestData_Malignancy_Cls/masks/439.png
0.7155664138576113,210.57533213900714,216.9446934128604,24786.5,150.68063526558475,1552.5382386915958,0.06263644478613745,24768.0,0.35947627232851354,37.0,114.0,159528971.0,2.2800167994648346,43.0,2.9468648026790394,207.0,24.10205828303713,74.60961724806202,72.0,11.0,196.0,17.739487962634918,80.25540901820628,0.4791977811668141,159528971.0,0.2326919784593274,874.3356907772737,13.64038619556286,3.505854560394412,94.49077613171394,6.31969965536622,5.646165279399144,0.24868529170090387,0.9156262610217457,0.24720624486442072,0.8128927705285718,0.1875743642009359,0.14404295504861625,3.290757154466811,-0.5571983144573114,0.9598279648093484,0.8765447822514381,0.996968525751283,0.8766433853738702,0.9752928213938896,0.24591207888249797,0.23845521774856204,3.0365763510356474,1.4737126427750122,1431.9089777501167,0.2227958577485789,1.5797839599834689,15.85047456044811,28.99206472693325,318.0894663139879,4.3711272754582415,0.11193866574400335,5.454313082698429,1003.5489341839116,0.1561457809528414,0.25948804909560724,14.140737125296225,0.3285285998228553,5.6666668370982505,0.03577186522879284,1431.9089777501167,0.2227958577485789,1.5797839599834689,15.85047456044811,28.99206472693325,318.0894663139879,4.3711272754582415,0.11193866574400335,1003.5489341839116,0.1561457809528414,0.3285285998228553,5.6666668370982505,0.03577186522879284,5.454313082698429,0.25948804909560724,14.140737125296225,3.5039784405570575,11257.360788113696,0.4545123057216447,0.37480140640544773,5763.31492248062,1.4710297461606499,13.776203165374676,6.530281007751938,85.03605458656331,0.8418624122102544,0.12429514633516339,0.22143491602067183,3.3393985070341663,0.026057143098485565,35.75549045118935,0.0007961611710769638,8.704434430019559,0.009271805884634804,0.03319475192419101,440.jpg,/mnt/wangbd8/workspace/DataSets/ThyroidAgent/train_val_test/500_TestData_Malignancy_Cls/images/440.jpg,/mnt/wangbd8/workspace/DataSets/ThyroidAgent/train_val_test/500_TestData_Malignancy_Cls/masks/440.jpg
0.5380683195716531,360.7971408172773,373.87163572541846,54207.5,194.13351126580952,1065.6639969244295,0.019658977022080516,54208.0,0.7744873483147013,43.0,128.0,423294262.0,2.4223095678312756,43.0,3.5643079532874458,236.0,26.15427999295904,81.91226387249114,78.0,7.0,229.0,18.176433162773833,88.36687533312082,0.7167160213522786,423294262.0,0.22032376912306997,1099.085683422697,16.124629629629627,3.7953148148148146,179.3720144692304,13.116728962721442,7.084452936899864,0.2035925925925926,0.944129714401833,0.20274074074074075,0.7309347113515251,0.16248878463648833,0.14725050222908093,3.327413253505702,-0.6258227308392628,0.9755608472705273,0.8987148148148149,0.9979847183436292,0.8987716049382717,0.9815754769921436,0.20199537037037038,0.25216666666666665,3.120225853345344,1.8220113823731139,2316.082547381658,0.20803759520180168,1.9441377285454204,17.169765561843167,41.401598850264975,618.3954908829605,4.583298986540732,0.10798103146382125,5.9932243530026685,1295.2775532201563,0.11634577860596032,0.20537559031877214,17.693193140313905,0.2183998743679882,3.916581836986048,0.024814353509152128,2316.082547381658,0.20803759520180168,1.9441377285454204,17.169765561843167,41.401598850264975,618.3954908829605,4.583298986540732,0.10798103146382125,1295.2775532201563,0.11634577860596032,0.2183998743679882,3.916581836986048,0.024814353509152128,5.9932243530026685,0.20537559031877214,17.693193140313905,3.520169641448296,27520.250036894922,0.5076787565838055,0.2972663483604715,11943.310876623376,1.8249943842915746,16.235371162927983,7.001475796930342,111.86280622786305,0.7587505947087009,0.10822159814701221,0.18503623901351177,3.0911304604486416,0.02017791354008375,52.08601354109459,0.0004529103794730268,9.313684531672063,0.007738435251016619,0.025094540320395816,441.png,/mnt/wangbd8/workspace/DataSets/ThyroidAgent/train_val_test/500_TestData_Malignancy_Cls/images/441.png,/mnt/wangbd8/workspace/DataSets/ThyroidAgent/train_val_test/500_TestData_Malignancy_Cls/masks/441.png
0.7067107132203062,392.20235698324433,407.4825149622987,83057.5,277.1736074303137,1269.7472580451088,0.015287568949765027,83058.0,0.8045945301230972,25.0,127.0,542375201.0,2.6158046152134,53.0,4.1446675566502105,254.0,31.90685782235689,69.98397505357701,62.0,0.0,254.0,22.509083359970695,80.80889671945104,1.036744273412732,542375201.0,0.19435424379924873,1632.321024715215,13.576017596442039,3.315956443971768,455.06728874020155,34.065335152220484,10.506359020933198,0.1845571884366238,0.9654740183493584,0.18448467562602727,0.6902111477044739,0.15052259289578332,0.13570167338763447,3.462579873667447,-0.6751912749867799,0.9852299757557957,0.907764913468046,0.9984872646899859,0.9077697476554192,0.9846267418568734,0.1844212269167553,0.23741902736150053,3.277633927366576,2.672729052342455,2775.79134565999,0.17820951114920325,2.9523099777316664,15.15157935285054,51.73240883410375,610.262583461736,11.573392478559477,0.19412692526859124,6.352742507089148,1666.4539034411916,0.10698856596309653,0.187531604421007,23.297550981202168,0.2043204794830848,3.2141899508621483,0.04400178396448934,2775.79134565999,0.17820951114920325,2.9523099777316664,15.15157935285054,51.73240883410375,610.262583461736,11.573392478559477,0.19412692526859124,1666.4539034411916,0.10698856596309653,0.2043204794830848,3.2141899508621483,0.04400178396448934,6.352742507089148,0.187531604421007,23.297550981202168,3.667224396186505,43907.9614245467,0.5286421708269727,0.28100882417291023,16142.674781478003,2.684734599481637,13.679765946687857,7.171301981747694,95.4184545739122,1.4703506517964942,0.20260574586057314,0.17744762027070776,2.5275898234433236,0.035969537884424585,75.861062269534,0.00036254357117739846,11.680193804367072,0.008721498330040453,0.02948542307233233,442.png,/mnt/wangbd8/workspace/DataSets/ThyroidAgent/train_val_test/500_TestData_Malignancy_Cls/images/442.png,/mnt/wangbd8/workspace/DataSets/ThyroidAgent/train_val_test/500_TestData_Malignancy_Cls/masks/442.png
0.8207727620128273,104.34896380577949,115.20850663036997,6862.0,85.64678723604618,975.1757569573635,0.1421124682246231,6864.0,0.30112540198486004,40.0,96.0,32513753.0,1.8415537449680621,29.0,2.9849019010963977,150.0,17.15175533237159,65.44624125874125,63.0,21.0,129.0,12.333456829802778,68.82479296764812,0.6130942129695012,32513753.0,0.31711208372047534,453.64163214226033,10.42917933130699,3.1169452887538,27.083772402279884,3.0014245639142603,3.0278179941057455,0.1724924012158055,0.8922027054200942,0.17249240121580545,0.6633747018676501,0.14273877273861105,0.22795268197817833,2.614896491365336,-0.5722912577566676,0.9365333523576808,0.9137537993920972,0.9965501519756839,0.9137537993920972,0.9784384498480243,0.17249240121580545,0.3791793313069909,2.442404090149533,0.8000775988303879,417.5736434108527,0.29427318069827535,0.9028780354804249,11.47568710359408,43.06272022551092,422.88794926004226,5.881995041380424,0.12641266725153766,5.395959057835576,163.46511627906978,0.11519740400216333,0.20673076923076922,19.664126391005784,0.2657888088212025,3.259386199177469,0.03302373802755469,417.5736434108527,0.29427318069827535,0.9028780354804249,11.47568710359408,43.06272022551092,422.88794926004226,5.881995041380424,0.12641266725153766,163.46511627906978,0.11519740400216333,0.2657888088212025,3.259386199177469,0.03302373802755469,5.395959057835576,0.20673076923076922,19.664126391005784,2.965416406893174,3468.701923076923,0.505347016765286,0.32263929980276135,2176.6573426573427,0.8088411685439657,10.62004662004662,7.012820512820513,72.85227272727273,0.9299985216503074,0.13127863043041615,0.19301994301994302,2.1432190494690495,0.02484778889540794,14.006308432950368,0.0028493470038892096,3.823198323118526,0.006455848071441285,0.06767909766605985,443.jpg,/mnt/wangbd8/workspace/DataSets/ThyroidAgent/train_val_test/500_TestData_Malignancy_Cls/images/443.jpg,/mnt/wangbd8/workspace/DataSets/ThyroidAgent/train_val_test/500_TestData_Malignancy_Cls/masks/443.jpg
0.8315765537194908,218.882437941441,240.3518254559345,25233.5,182.01750341306382,860.6934341759527,0.03410915783287902,25234.0,0.6542521955213204,60.0,133.0,231702035.0,2.2003118791229412,37.0,3.502521174246695,215.0,22.571200313107674,91.46409606087026,87.0,23.0,192.0,15.593505639108646,95.82346581819505,0.7987781458660277,231702035.0,0.2573364901572875,816.4557331786933,18.532390201015065,4.155117292091276,96.73852920420715,9.217336147649632,5.252713460535941,0.18315150061943014,0.9326136679523023,0.1829916476841306,0.6874128231037433,0.14966555749727714,0.18225462283367327,3.0240228535668057,-0.6184951989033745,0.9660793650775128,0.9085201614514649,0.9977665827209413,0.9085308183138181,0.9817022884400898,0.1828517763657435,0.29948447428365904,2.840151767055171,1.358966240288843,1083.720133667502,0.22634088004751507,1.6569999909269135,20.594402673350043,50.98203842940685,847.157059314954,3.939462681542185,0.06980388423818426,5.940228928388462,529.5639097744361,0.11060232033718381,0.1897439961956091,23.206408704858777,0.19806661036410303,4.37296428641107,0.013782600285469397,1083.720133667502,0.22634088004751507,1.6569999909269135,20.594402673350043,50.98203842940685,847.157059314954,3.939462681542185,0.06980388423818426,529.5639097744361,0.11060232033718381,0.19806661036410303,4.37296428641107,0.013782600285469397,5.940228928388462,0.1897439961956091,23.206408704858777,3.243988188805968,13269.602124118253,0.5258620164903801,0.2789103188104024,6493.628992628993,1.384383214563693,18.760798922089243,7.14599350083221,130.74130141872078,0.5241873518640031,0.07261691578415849,0.17708911257298354,3.4666147085501926,0.012689945123567543,25.4146985595868,0.0009210277302929758,6.4553133082318865,0.006787626524251549,0.035330910224083446,444.png,/mnt/wangbd8/workspace/DataSets/ThyroidAgent/train_val_test/500_TestData_Malignancy_Cls/images/444.png,/mnt/wangbd8/workspace/DataSets/ThyroidAgent/train_val_test/500_TestData_Malignancy_Cls/masks/444.png
0.76358662335743,73.16375880599733,83.73768566183328,2950.0,55.86686753880893,873.9209229614241,0.29624438066488956,2967.0,0.22031486610853257,29.0,108.0,18326955.0,2.436702475349086,41.0,4.67122827813585,220.0,26.735348921270703,69.97404785979103,69.0,0.0,220.0,17.340483991206035,78.59345547614309,0.8236030034262612,18326955.0,0.22302114632715855,1280.563869796159,12.641592920353983,3.3307522123893807,204.92785559443178,14.405284841017751,7.302087412222309,1.1113569321533923,0.7358140407985649,0.5191740412979351,1.3502516492001588,0.8418152469957622,0.1084218316278139,3.996486570688651,-0.37654548537866744,0.9183542031576375,0.7920663415587935,0.9879670161669479,0.8022808680994522,0.9526587350702397,0.2962073910193379,0.19542772861356933,3.2728341620738433,2.1033610860939254,254.6910569105691,0.20706589992729196,2.5455277943023336,15.995934959349594,11.896747967479675,118.94634146341464,3.048112693368525,0.15747919688049863,4.7570775533822465,403.5008130081301,0.32804944147002446,0.41456016177957533,6.078062661114416,0.5907151402483375,10.675524002977772,0.09308436639447748,254.6910569105691,0.20706589992729196,2.5455277943023336,15.995934959349594,11.896747967479675,118.94634146341464,3.048112693368525,0.15747919688049863,403.5008130081301,0.32804944147002446,0.5907151402483375,10.675524002977772,0.09308436639447748,4.7570775533822465,0.41456016177957533,6.078062661114416,3.9114760342548087,1048.1567239635997,0.3532715618347151,0.5778105844437106,661.7037411526795,2.018633232039344,13.156723963599596,5.290529154027637,60.171890798786656,1.0586337788339066,0.18243537339600988,0.3595288918848069,5.7709807886754305,0.05966009041210262,7.187366365580136,0.004503290954031372,14.153068634996334,0.022716521972356032,0.17145842200982855,445.jpg,/mnt/wangbd8/workspace/DataSets/ThyroidAgent/train_val_test/500_TestData_Malignancy_Cls/images/445.jpg,/mnt/wangbd8/workspace/DataSets/ThyroidAgent/train_val_test/500_TestData_Malignancy_Cls/masks/445.jpg
0.5029096196408969,285.16045235496614,282.44822534404426,31843.5,143.40993463046212,801.2375900532367,0.025161731281210818,31844.0,0.7895034170891803,35.0,129.0,260135327.0,2.5720176371647248,49.0,3.352686845382951,238.0,28.84524231193896,82.77147971360382,83.0,5.0,233.0,20.503720418499086,90.3828141995219,0.4332353555187948,260135327.0,0.19446410857565727,1317.9352486457701,16.734550960537522,3.8256364152550395,249.33983977893791,10.612524310899758,8.578146466713633,0.18191855146525346,0.9584663924097054,0.18191855146525346,0.6842561814028629,0.14882419209803738,0.13431324314708198,3.418477336696461,-0.6716485499714052,0.9841107163862445,0.9090407242673734,0.9981988262231164,0.9090407242673734,0.9834619498667952,0.18191855146525346,0.23683795463865492,3.2365587852312103,2.190016254544722,1128.1556683587141,0.19088928398624602,2.225211935375815,17.403553299492387,50.91032148900169,815.0631133671743,6.682874303959535,0.1318039481585076,6.235290394981937,622.1346869712352,0.1052681365433562,0.18559226227860823,21.878099982535545,0.18719060514486588,3.2348428694851794,0.026695971395978697,1128.1556683587141,0.19088928398624602,2.225211935375815,17.403553299492387,50.91032148900169,815.0631133671743,6.682874303959535,0.1318039481585076,622.1346869712352,0.1052681365433562,0.18719060514486588,3.2348428694851794,0.026695971395978697,6.235290394981937,0.18559226227860823,21.878099982535545,3.612956040410858,16910.576560733578,0.5310443587719375,0.2733513038479369,6192.5150734832305,2.185293326438249,16.84276472804924,7.184022107775405,119.95895616128627,0.944596285837105,0.13144991156991906,0.1748698516378456,2.974490223171294,0.023284241527350737,25.83556159664745,0.0009343882730691922,8.396574865363293,0.008571257897002178,0.04707474335481728,446.png,/mnt/wangbd8/workspace/DataSets/ThyroidAgent/train_val_test/500_TestData_Malignancy_Cls/images/446.png,/mnt/wangbd8/workspace/DataSets/ThyroidAgent/train_val_test/500_TestData_Malignancy_Cls/masks/446.png
0.5998134428355912,169.99710599081465,168.07438829280326,13566.5,101.96654941643745,502.468037431536,0.03703741108108473,13567.0,0.8217323801852001,124.0,178.0,307135098.0,1.8439231503064268,27.0,3.592803005306146,239.0,16.67473140205443,148.95540650106878,146.0,92.0,147.0,11.546034989839,150.46060775705365,0.6638041831276587,307135098.0,0.33111312477620153,450.6813607233099,12.717234721912824,3.464617212445236,31.43148275071626,3.0955552527082832,3.0178629544011746,0.16321378183708324,0.8973845679497251,0.16321378183708318,0.6419428040292263,0.13657504325552022,0.24308421022003357,2.6040979746887545,-0.5880607611524142,0.9411309848477325,0.9183931090814584,0.9967357243632584,0.9183931090814584,0.9795982772703646,0.16321378183708318,0.3938516373357095,2.440884192851673,0.7952691840595645,674.3916449086162,0.2934689490463952,0.944182931235471,13.066579634464752,62.33289817232376,771.5813751087902,6.222574108117283,0.10735401384226449,5.739321584796184,217.35248041775458,0.09458332481190364,0.16938158767597847,27.47769638865597,0.17878715375214535,2.3167578015687957,0.021542809078793797,674.3916449086162,0.2934689490463952,0.944182931235471,13.066579634464752,62.33289817232376,771.5813751087902,6.222574108117283,0.10735401384226449,217.35248041775458,0.09458332481190364,0.17878715375214535,2.3167578015687957,0.021542809078793797,5.739321584796184,0.16938158767597847,27.47769638865597,2.838542799438838,7507.291589887226,0.5533494206447429,0.25997231857318537,4492.211763838726,0.7943773466121791,12.817129800250608,7.342153755435985,93.67848455811897,0.7449545219183469,0.10245800383984949,0.16915227308092345,2.1784599886980662,0.017862349257642282,24.074988937936556,0.0014842415437643667,3.525133753809503,0.006111731701130181,0.032432846123510294,447.png,/mnt/wangbd8/workspace/DataSets/ThyroidAgent/train_val_test/500_TestData_Malignancy_Cls/images/447.png,/mnt/wangbd8/workspace/DataSets/ThyroidAgent/train_val_test/500_TestData_Malignancy_Cls/masks/447.png
0.6296979516886607,268.4235659894214,261.9790067925291,35470.5,169.0257696885047,797.338095116625,0.022478907687137905,35471.0,0.8373288846516804,65.0,132.0,370732271.0,2.158119145160163,31.0,3.718602412710694,223.0,20.1585276088275,98.72490203264638,98.0,21.0,202.0,13.079632560672657,102.23355893393567,0.24564092000812768,370732271.0,0.2725048008000872,705.0942909428705,21.012234840975392,4.459203036053131,80.58726430815175,2.367163878094929,4.670138715164353,0.1591662182446402,0.9340831774181276,0.15910957546234672,0.6325007002736587,0.13385036124083197,0.20030605959837605,2.919183750939524,-0.6473437530885594,0.9689318436895284,0.9204508765470559,0.9980589973179196,0.9204546527325421,0.9840895573881497,0.15906001302783992,0.31957857769973663,2.7596803736160074,1.2073262333522485,1428.1541789236892,0.24712825383694223,1.3888528558734043,21.386572071292612,69.98010036338466,1447.979408202111,4.293169488533976,0.06530334283354763,6.127882780817651,526.9691988233259,0.09118691794831733,0.16292182346141917,32.30612272579913,0.18111956861815443,3.7962895380249146,0.013270720325171721,1428.1541789236892,0.24712825383694223,1.3888528558734043,21.386572071292612,69.98010036338466,1447.979408202111,4.293169488533976,0.06530334283354763,526.9691988233259,0.09118691794831733,0.18111956861815443,3.7962895380249146,0.013270720325171721,6.127882780817651,0.16292182346141917,32.30612272579913,3.1414048736744347,19983.94386963999,0.5633882289656336,0.2554734608233722,9666.017789179894,1.2076269822194785,21.095289109413322,7.406585661526317,155.74551041696034,0.4650407234131816,0.0631785393884446,0.16730725255999424,3.535246320155119,0.0108390966319693,28.98401600101652,0.0006942088565244416,5.673086636633313,0.00527941262521202,0.026331333937061392,448.png,/mnt/wangbd8/workspace/DataSets/ThyroidAgent/train_val_test/500_TestData_Malignancy_Cls/images/448.png,/mnt/wangbd8/workspace/DataSets/ThyroidAgent/train_val_test/500_TestData_Malignancy_Cls/masks/448.png
0.7250911296433991,424.4995685088947,432.8660300832118,99580.0,307.80087166324995,3051.3536059557628,0.03064223344000565,99516.0,0.3666050594004284,48.0,122.0,747660746.0,2.313834439294759,39.0,3.9523617345839783,241.0,24.074153996787025,80.99995980545842,76.0,0.0,241.0,16.372772791249997,86.67739172322825,0.7664229980257584,747660746.0,0.24666629987673236,951.9767474560795,15.650408479363442,3.760687784088033,148.39673923292247,11.578727113771173,6.179914310320774,0.1493708304228546,0.9528000944494324,0.14933033680566102,0.6084004540554824,0.12707128093236247,0.18643202053958785,3.0410703671573893,-0.6821543263809087,0.9783018330889233,0.9253388809588889,0.9985211040173008,0.9253415805333685,0.9864248216056762,0.14929490489061664,0.32002105668094066,2.891432978824461,1.582321285185907,3317.863342805477,0.21427688858211552,1.935574015420189,16.35339705502454,86.03487470937742,1266.6442779643503,8.707437669344746,0.11454957099507425,6.412731651227561,1402.3053474554379,0.09056479898317217,0.15559307046103138,44.7282701000311,0.20543947957185804,3.4073179573625683,0.02593247553717577,3317.863342805477,0.21427688858211552,1.935574015420189,16.35339705502454,86.03487470937742,1266.6442779643503,8.707437669344746,0.11454957099507425,1402.3053474554379,0.09056479898317217,0.20543947957185804,3.4073179573625683,0.02593247553717577,6.412731651227561,0.15559307046103138,44.7282701000311,3.2829458109568694,57403.98368101612,0.5768317022490466,0.2568349570714816,24547.2434985329,1.5971423160018603,15.759375376823828,7.48655492584107,117.09389444913381,0.782861583162785,0.10617925058112708,0.16731312887709848,2.673033593704641,0.01842285961437952,76.43336043895226,0.00029532579402730765,7.392934413868764,0.005267849855189222,0.017417634685209744,449.jpg,/mnt/wangbd8/workspace/DataSets/ThyroidAgent/train_val_test/500_TestData_Malignancy_Cls/images/449.jpg,/mnt/wangbd8/workspace/DataSets/ThyroidAgent/train_val_test/500_TestData_Malignancy_Cls/masks/449.jpg
0.8226783138929089,100.49044624483733,107.96758772891057,6402.5,82.67131087904878,1128.0113267570382,0.1761829483415913,6417.0,0.25145846782864306,47.0,117.0,43476809.0,2.115159741645146,38.0,3.385210596809489,219.0,21.764794984997895,77.80162069502883,73.0,17.0,202.0,15.733020309540326,82.31193495552634,0.6799113648471391,43476809.0,0.26989690996544285,722.1624533496606,13.701347797501645,3.5558021038790266,69.20275030933404,6.274708141224979,4.386459688187424,0.15598290598290598,0.9313220133224837,0.15565417488494412,0.6252715979483833,0.1317546838237932,0.2104613863072367,2.8114610754361955,-0.6405029827528407,0.963995863989288,0.9222057856673241,0.9980980524215267,0.922227701073855,0.9844375709760326,0.1553665351742275,0.36587771203155817,2.6540298218179346,1.135610648542582,288.1071149335418,0.22525966765718672,1.5032328936614257,17.84910086004691,57.092259577795154,678.7544956997655,6.250395053577855,0.08550169206187673,5.641470521813163,166.74511336982016,0.13037147253308848,0.19931432133395668,31.91995432318911,0.3053345633375409,6.559908206018112,0.02032549231268739,288.1071149335418,0.22525966765718672,1.5032328936614257,17.84910086004691,57.092259577795154,678.7544956997655,6.250395053577855,0.08550169206187673,166.74511336982016,0.13037147253308848,0.3053345633375409,6.559908206018112,0.02032549231268739,5.641470521813163,0.19931432133395668,31.91995432318911,3.187815098745997,3305.7099890914756,0.5151488217378021,0.330732107223855,1731.9284712482468,1.2146081602191898,14.35452703755649,7.097865045971638,95.638927847904,0.7500471233532922,0.10163675030987582,0.1942842796045227,3.2016085744463485,0.017778680127615513,6.0112088740595775,0.004281050962319147,5.690222591285393,0.004900242434697266,0.18873285218113633,450.jpg,/mnt/wangbd8/workspace/DataSets/ThyroidAgent/train_val_test/500_TestData_Malignancy_Cls/images/450.jpg,/mnt/wangbd8/workspace/DataSets/ThyroidAgent/train_val_test/500_TestData_Malignancy_Cls/masks/450.jpg
0.4886234263200688,460.79952442610204,441.87894269811045,78502.5,225.1574424717402,2082.957502887848,0.026533645462091627,78494.0,0.4768329588612835,29.0,113.0,466336089.0,2.4614634066471757,42.0,5.818111505705692,255.0,26.69943788345271,68.55679414987132,63.0,3.0,252.0,17.83447386163402,77.0781500383938,1.1858615084969206,466336089.0,0.21878130619729985,1241.0071892333158,12.590226911847566,3.258361932080111,374.91249858185665,25.827902955795075,8.080535248596613,0.18731752292168213,0.954687745875938,0.18578087384111047,0.6981056170779039,0.15280298983651552,0.1537733335928304,3.3067699311716807,-0.6529752418811311,0.979530051983359,0.907263227987502,0.9984652150511,0.9073656712595402,0.98452811082786,0.1844363058956103,0.2759693694616606,3.1134298939408063,2.066963192879574,2917.984781144781,0.1964972916595812,2.353649178655239,14.87952861952862,61.98141414141414,644.1528619528619,14.405334020422718,0.16436289981460442,6.194065010965247,1731.7226936026937,0.11661432280152818,0.1891864346319464,34.04182504733077,0.2677243072876719,4.462444576390823,0.04128047808271876,2917.984781144781,0.1964972916595812,2.353649178655239,14.87952861952862,61.98141414141414,644.1528619528619,14.405334020422718,0.16436289981460442,1731.7226936026937,0.11661432280152818,0.2677243072876719,4.462444576390823,0.04128047808271876,6.194065010965247,0.1891864346319464,34.04182504733077,3.538188037215101,41416.93161260733,0.5276445538844667,0.3073397429467524,17173.019848650853,2.0923043127655756,12.714220195174153,7.180268555558387,87.50304481871225,1.393502581205797,0.18816999880346788,0.185703507415995,2.568976963561263,0.03288350630937383,68.73796821576722,0.0003516177725685593,11.534104267363453,0.006660264019758528,0.03138461193603198,451.jpg,/mnt/wangbd8/workspace/DataSets/ThyroidAgent/train_val_test/500_TestData_Malignancy_Cls/images/451.jpg,/mnt/wangbd8/workspace/DataSets/ThyroidAgent/train_val_test/500_TestData_Malignancy_Cls/masks/451.jpg
0.8607404622370475,94.62663745405173,106.21675950620975,5928.5,81.448975662138,1063.6437943888961,0.17941195823376843,5943.0,0.2566144651020275,19.0,119.0,35019012.0,2.4562439970531007,39.0,7.061771681019003,244.0,32.52311072639172,60.47046945986875,48.0,1.0,243.0,18.08661001638133,76.76249452285292,1.9933726206506654,35019012.0,0.23734273058863734,2235.8028886741054,11.863247863247862,2.937410968660968,1241.016159726601,93.90182223655486,13.49768515347887,0.5582264957264956,0.9205705741956547,0.2676282051282052,0.8947467671024536,0.48660163954635105,0.18843091332964015,3.3282071560219317,-0.6393858407751988,0.9778523374513627,0.8935363247863248,0.9948638991361423,0.900124643874644,0.9776471747625595,0.13822115384615383,0.33475783475783477,2.995226331450546,3.513977912301341,192.15686274509804,0.1449146777866501,7.223080449258251,24.147058823529413,68.0444947209653,412.4570135746606,23.589554936290753,0.2159682327346893,5.812198833995906,321.30920060331823,0.24231463092256278,0.22311963654719838,47.95706305494701,0.5063486849676287,16.281840934574834,0.09579380147718373,192.15686274509804,0.1449146777866501,7.223080449258251,24.147058823529413,68.0444947209653,412.4570135746606,23.589554936290753,0.2159682327346893,321.30920060331823,0.24231463092256278,0.5063486849676287,16.281840934574834,0.09579380147718373,5.812198833995906,0.22311963654719838,47.95706305494701,3.5542015334886545,2961.7804139323575,0.498364532043136,0.4483549466184856,1410.527847888272,3.6278029014716595,12.274945313814571,6.970048796903921,63.20713444388356,2.1028749117869014,0.2829756525119567,0.23458036532241477,4.8800175743638645,0.056426318673349705,8.039365359853154,0.005063131533648356,8.665317212166379,0.016305341812286853,0.3066276045056993,452.jpg,/mnt/wangbd8/workspace/DataSets/ThyroidAgent/train_val_test/500_TestData_Malignancy_Cls/images/452.jpg,/mnt/wangbd8/workspace/DataSets/ThyroidAgent/train_val_test/500_TestData_Malignancy_Cls/masks/452.jpg
0.7744578414235207,126.06181494222724,129.3213052826177,9629.5,97.62956108608864,415.98275605729737,0.043198790805057105,9630.0,0.8362410309237405,106.0,172.0,190855018.0,2.1392668553890375,37.0,2.69937480216987,222.0,21.031511081349493,138.37694704049844,138.0,62.0,160.0,15.283316430470373,140.77925024698717,-0.04538208216177283,190855018.0,0.25967960973463633,670.6178278549314,17.427282266526756,4.04601259181532,53.544745157076534,0.0013441341687037145,4.403178794748786,0.17492130115424973,0.9235834527467898,0.17492130115424973,0.6688397517052623,0.14432383955675399,0.1836371639127117,2.9518364777969452,-0.6209873261076484,0.9643375043888852,0.912539349422875,0.9965015739769149,0.912539349422875,0.9781348373557186,0.17492130115424973,0.28835257082896115,2.776915176642698,1.144525023975759,430.8687040181098,0.24384193775784369,1.3046992126609678,18.014148273910582,50.67458970005659,858.7792869269949,4.08476668180949,0.0877167156241859,5.854125682257174,181.32597623089984,0.10261798315274467,0.18348909657320872,20.973014989964096,0.18655212178644534,3.334934199449441,0.01893544090301428,430.8687040181098,0.24384193775784369,1.3046992126609678,18.014148273910582,50.67458970005659,858.7792869269949,4.08476668180949,0.0877167156241859,181.32597623089984,0.10261798315274467,0.18655212178644534,3.334934199449441,0.01893544090301428,5.854125682257174,0.18348909657320872,20.973014989964096,3.173563584370445,5140.088473520249,0.5337578892544391,0.27259595694917554,2500.7146417445483,1.142441347511077,17.502492211838007,7.2053997923156805,125.17227414330218,0.584404455205412,0.0823332291379688,0.17439136956270912,3.077950848044306,0.014949987435072486,14.27545047609559,0.0024003496584113003,3.462114480257193,0.009411597116913684,0.04323062558356675,453.png,/mnt/wangbd8/workspace/DataSets/ThyroidAgent/train_val_test/500_TestData_Malignancy_Cls/images/453.png,/mnt/wangbd8/workspace/DataSets/ThyroidAgent/train_val_test/500_TestData_Malignancy_Cls/masks/453.png
0.5780531006221611,234.48301827729634,235.25518060183074,24772.5,135.54363575843402,2215.2215715997536,0.0894226086022708,24775.0,0.2518678173656802,44.0,102.0,155569426.0,2.022362392953898,27.0,6.463583319555643,242.0,18.137434614049145,75.28008072653886,77.0,0.0,242.0,11.644249095891151,79.2419753407443,0.3815103832288488,155569426.0,0.30516783035207895,612.200101708922,13.416777133388566,3.5299295774647885,83.19704545631414,1.174898462064259,3.9252072709663124,0.09971002485501243,0.9504536279746508,0.08769676884838444,0.43413467165167496,0.09201930158856547,0.26480592532239106,2.470422063643373,-0.7569962310564011,0.9750174798216092,0.9572854615047215,0.9990284140730787,0.9576118475559237,0.9921100440570199,0.08183297661787721,0.393910521955261,2.374393358130958,1.006229323955331,643.3620624764773,0.24213852558392068,2.017098017196039,16.358298833270606,226.59051561911932,3033.322167858487,24.53994301954183,0.12760573737015127,6.626914133046279,229.34098607452015,0.08631576442398199,0.1072452068617558,139.64559456142933,0.26190463770960104,5.558046510724855,0.03041600428507339,643.3620624764773,0.24213852558392068,2.017098017196039,16.358298833270606,226.59051561911932,3033.322167858487,24.53994301954183,0.12760573737015127,229.34098607452015,0.08631576442398199,0.26190463770960104,5.558046510724855,0.03041600428507339,6.626914133046279,0.1072452068617558,139.64559456142933,2.803355330100125,16894.00496468214,0.6818972740537695,0.21304532558923348,7560.5329969727545,1.0713783095284402,13.632573158425833,7.972108980827447,106.13259334006054,0.9805022434843802,0.12359333347570817,0.1545173225697948,2.3023881601076357,0.019065845618248794,11.988323380918237,0.0016726161843759757,4.415419923912613,0.0020267176632317355,0.12467159389460096,454.jpg,/mnt/wangbd8/workspace/DataSets/ThyroidAgent/train_val_test/500_TestData_Malignancy_Cls/images/454.jpg,/mnt/wangbd8/workspace/DataSets/ThyroidAgent/train_val_test/500_TestData_Malignancy_Cls/masks/454.jpg
0.42263716853815514,276.1574881720941,266.7508200549719,25137.5,116.71441887166291,723.7817459305209,0.028792908838608487,25138.0,0.7765301954704289,67.0,171.0,399164530.0,2.6829298397129864,48.0,2.9708357534991676,250.0,30.7117393600817,119.82711432890444,120.0,21.0,229.0,21.100416500641344,126.01162449992347,0.1969054567050114,399164530.0,0.18191964159257085,1520.392180717377,30.51026931990729,5.30140653720131,284.4212868141262,6.290248282848892,9.802603770461204,0.1811715815551826,0.9637067992483238,0.18109166466874452,0.6829153505231325,0.14837739054268562,0.12565705980492986,3.530333137696857,-0.6845402282609397,0.9872341307340398,0.9094621593542715,0.9985150184791424,0.9094674871467007,0.9849095402320048,0.18102173739311117,0.2114201230720051,3.3487295192172986,2.495943838004096,834.9888003446048,0.17983820812935705,2.4910496599110585,31.272668533275898,49.3194055567521,1474.368296360112,2.629475900039938,0.04884310223111803,6.309307449938981,483.8408356665949,0.10420866587693191,0.18470045349669822,20.006148501151504,0.17403083082644497,5.519342488339169,0.009089938460371922,834.9888003446048,0.17983820812935705,2.4910496599110585,31.272668533275898,49.3194055567521,1474.368296360112,2.629475900039938,0.04884310223111803,483.8408356665949,0.10420866587693191,0.17403083082644497,5.519342488339169,0.009089938460371922,6.309307449938981,0.18470045349669822,20.006148501151504,3.7147435746683226,13377.517861405044,0.5321631737371726,0.2677915179274135,4573.095950354045,2.492951321783554,30.613573076617072,7.187843106054578,218.8728618028483,0.36293410488590455,0.050134056490776804,0.17306468295011537,5.34558791029075,0.008669471194275706,12.314475031742951,0.0012533477617735814,9.257961658358065,0.008014790086235181,0.06423760638799138,455.png,/mnt/wangbd8/workspace/DataSets/ThyroidAgent/train_val_test/500_TestData_Malignancy_Cls/images/455.png,/mnt/wangbd8/workspace/DataSets/ThyroidAgent/train_val_test/500_TestData_Malignancy_Cls/masks/455.png
0.6507206397890141,81.24424076989139,85.7962703152066,3243.0,52.86730433295643,830.3645737753199,0.2560482805350971,3263.0,0.24311379010134948,50.0,110.0,21440289.0,1.960249873234138,36.0,2.7495063933177595,155.0,19.538700475215524,77.58718970272756,74.0,38.0,117.0,14.879841478248382,81.06003382472363,0.619296991149805,21440289.0,0.29920563860684474,550.9570776983064,7.328140536957242,2.5490553529996687,36.53256128896063,3.773698257134406,3.4143053467100417,0.09247596950613192,0.9472587759729972,0.09247596950613192,0.44468072586513985,0.08392416457003288,0.2706426372531129,2.4039508067590516,-0.7329150865004501,0.9685166503305118,0.9537620152469339,0.9975006494728071,0.9537620152469339,0.9867891472134096,0.09247596950613192,0.4173019555850182,2.3114748372529212,0.8766953290540435,134.05904761904762,0.25535056689342406,1.1939990929705215,11.047619047619047,99.38095238095238,614.1161904761905,23.889756084656085,0.19206296296296296,5.452771485737306,71.45333333333333,0.1361015873015873,0.16089488201041985,60.751767800453514,0.3573928874902265,4.8237858722575995,0.04358211184494834,134.05904761904762,0.25535056689342406,1.1939990929705215,11.047619047619047,99.38095238095238,614.1161904761905,23.889756084656085,0.19206296296296296,71.45333333333333,0.1361015873015873,0.3573928874902265,4.8237858722575995,0.04358211184494834,5.452771485737306,0.16089488201041985,60.751767800453514,2.896942537102264,1895.605577689243,0.5809394966868657,0.31508450744042854,976.3079987741343,0.9505377438829045,7.921238124425376,7.487894575543978,54.83083052405762,1.8281355773487247,0.23625063847175398,0.18539517145094836,1.7756154867708653,0.038164289659973594,5.276381431530884,0.013072680981312436,1.3823441968174255,0.005534850485373946,0.19395562150856765,456.jpg,/mnt/wangbd8/workspace/DataSets/ThyroidAgent/train_val_test/500_TestData_Malignancy_Cls/images/456.jpg,/mnt/wangbd8/workspace/DataSets/ThyroidAgent/train_val_test/500_TestData_Malignancy_Cls/masks/456.jpg
0.9364916255201412,121.73276925352548,134.06341782902598,10765.5,114.00171895730234,1380.8569978244743,0.12826687082109278,10763.0,0.2663626515403423,32.0,106.0,59096603.0,2.2886847902650675,38.0,3.8676066439011607,223.0,23.22360226179812,67.95345163987736,65.0,3.0,220.0,16.22534979403303,74.09938245341658,0.6855819141653009,59096603.0,0.2401819064696553,873.0468902045508,11.514241575745872,3.1916578159698754,116.09988821624623,8.18213277997203,5.522278356782771,0.21203051076566573,0.9260484512909352,0.21106498020662354,0.7475231280030854,0.16748208489604333,0.16200410900048534,3.1803160652735585,-0.5938454710763232,0.9653297910352351,0.8945640629525924,0.9974150932235684,0.8946284316565286,0.9789022795298744,0.2102201409674616,0.27507965627112096,2.9647945476989164,1.4335772168871097,573.5241592578276,0.22169468854187382,1.7425027668747235,14.629686896018555,31.048705063780442,313.32701971395437,5.807615955854918,0.1364314142957359,5.577254741032413,356.41785852338614,0.1377726550148381,0.24036049428597975,13.73963152266342,0.3034165541646888,5.6504826216198945,0.030119050717792032,573.5241592578276,0.22169468854187382,1.7425027668747235,14.629686896018555,31.048705063780442,313.32701971395437,5.807615955854919,0.1364314142957359,356.41785852338614,0.1377726550148381,0.3034165541646888,5.650482621619894,0.030119050717792032,5.577254741032413,0.24036049428597975,13.73963152266342,3.4623169050134353,5064.841122363653,0.4705789391771489,0.35684749652779724,2585.0778593328996,1.4906671162208642,11.973148750348416,6.703614233949643,74.73093003809346,1.164587255433245,0.16476049750649294,0.21063933021565653,2.959970887918486,0.03037053354999642,14.92722006505853,0.0020646684545880846,7.758868825390072,0.008015642418589847,0.09730587157412803,457.jpg,/mnt/wangbd8/workspace/DataSets/ThyroidAgent/train_val_test/500_TestData_Malignancy_Cls/images/457.jpg,/mnt/wangbd8/workspace/DataSets/ThyroidAgent/train_val_test/500_TestData_Malignancy_Cls/masks/457.jpg
0.7751438809770123,106.97161882993501,113.52973178863765,6892.5,82.91839577422947,363.98275605729725,0.052808524636532066,6893.0,0.8085604795600961,41.0,134.0,55692625.0,2.5111054591599977,56.0,3.267790551373775,222.0,32.10456340477409,81.16770636877992,71.0,18.0,204.0,23.948126694930544,89.88654857475372,0.8961182515569002,55692625.0,0.20198569461880153,1491.3950575130843,16.326722491552815,3.734978698398707,313.52748392621595,26.895195037619114,9.687910428624217,0.18128397238137212,0.9632626605545632,0.18128397238137212,0.6828778563474134,0.148420093739002,0.14359337963199462,3.320119483475111,-0.6728817601403465,0.9825980579844852,0.909358013809314,0.9977892198490077,0.909358013809314,0.9818716027618628,0.18128397238137212,0.2375495813133539,3.1388355110937414,2.467298600251398,242.12878787878788,0.18343089990817263,2.5560514233241505,18.53181818181818,47.00984848484848,695.6,6.031899989239523,0.10652809689392032,6.0761143364867465,144.38939393939393,0.10938590449954086,0.19149862179022195,19.74088096877869,0.19334021524321143,4.227048204583419,0.01953636716339586,242.12878787878788,0.18343089990817263,2.5560514233241505,18.53181818181818,47.00984848484848,695.6,6.031899989239523,0.10652809689392032,144.38939393939393,0.10938590449954086,0.19334021524321143,4.227048204583419,0.01953636716339586,6.0761143364867465,0.19149862179022195,19.74088096877869,3.551505741789399,3610.2743362831857,0.5237595149112413,0.27867217132563876,1392.2873930073988,2.4866779088169335,16.58320034817931,7.1273755984331935,114.75554910779051,0.8414050834386121,0.11568949181431738,0.17724906104421556,3.132364556635556,0.019804228997752717,8.445445115050925,0.004276057243211688,6.326122988948607,0.012065219958313535,0.16003451910624336,458.png,/mnt/wangbd8/workspace/DataSets/ThyroidAgent/train_val_test/500_TestData_Malignancy_Cls/images/458.png,/mnt/wangbd8/workspace/DataSets/ThyroidAgent/train_val_test/500_TestData_Malignancy_Cls/masks/458.png
0.8180706849679037,153.33796476579226,156.62694531912445,15066.5,125.44129386753598,527.195959492894,0.03499126933879096,15067.0,0.8253516937637151,120.0,191.0,377419991.0,2.2779313584016654,37.0,3.100019288021732,239.0,22.541035457873352,155.68772814760734,156.0,62.0,177.0,15.555724858295587,158.2701652598781,-0.10716315234498244,377419991.0,0.24264496615456116,810.7765156258374,23.728501639563675,4.7365990764906645,89.24070275333861,-1.2597182922262196,5.357359021633475,0.18483570902763835,0.9332987316360173,0.18483570902763838,0.6905422787357135,0.1506714696958886,0.16729862710717242,3.1278906706204213,-0.6273540188920905,0.970918159931339,0.9075821454861808,0.9971563737072671,0.9075821454861808,0.979462698996929,0.18483570902763838,0.2821387940841866,2.9430549615927855,1.3855486826652783,671.7969507969508,0.2327778762290197,1.497055827617158,24.302148302148304,46.712751212751215,1081.0751905751906,2.745525059007202,0.060874545562045565,5.905475508428481,320.7269577269577,0.11113200198439284,0.1915444348576359,19.45682636898853,0.19028294889870348,4.652772045034516,0.011878190515177559,671.7969507969508,0.2327778762290197,1.497055827617158,24.302148302148304,46.712751212751215,1081.0751905751906,2.745525059007202,0.060874545562045565,320.7269577269577,0.11113200198439284,0.19028294889870348,4.652772045034516,0.011878190515177559,5.905475508428481,0.1915444348576359,19.45682636898853,3.333301449526968,7891.369814827106,0.5237518958536607,0.27681761757506146,3655.9317050507734,1.3839374983682209,23.83984867591425,7.125041481383155,168.9871241786686,0.42291631976566646,0.05965714216484585,0.17668856883697265,4.240713701024314,0.010663129527490739,15.73234026849331,0.001550147056659948,4.8272698005713135,0.00894083012971249,0.039279087744282966,459.png,/mnt/wangbd8/workspace/DataSets/ThyroidAgent/train_val_test/500_TestData_Malignancy_Cls/images/459.png,/mnt/wangbd8/workspace/DataSets/ThyroidAgent/train_val_test/500_TestData_Malignancy_Cls/masks/459.png
0.6482782770113804,115.39190955596655,115.41230437002807,6750.5,74.80606830799503,355.49747468305867,0.05266239162773997,6751.0,0.8192876018427359,71.0,136.0,77848935.0,2.120245644267462,37.5,2.5898235340414666,182.0,20.946630223217696,104.31861946378314,104.0,34.0,148.0,15.42756854494327,107.38466925053092,0.1334304138201537,77848935.0,0.2580455226863805,649.092823216324,14.54904897409016,3.6753781638460388,48.90386015860232,1.2826654179580017,4.346642006970967,0.18406469971544107,0.9187479077187674,0.18406469971544104,0.6888888164389178,0.15018488603410557,0.17734137442662537,2.961156536413324,-0.6048580347789552,0.9608746620966861,0.9079676501422795,0.9963187060056912,0.9079676501422795,0.9769919125355699,0.18406469971544104,0.2784184514003295,2.7770918366978847,1.1326766766716023,330.25095932463546,0.25345430493064885,1.192664192497507,14.848042977743669,46.039140445126634,654.3921719109746,4.685984541168731,0.10674550531391885,5.6865193246980095,146.01458173445894,0.1120603083150107,0.19300844319360094,19.195130901061308,0.1904372544159119,2.7204111028712394,0.02442535050602043,330.25095932463546,0.25345430493064885,1.192664192497507,14.848042977743669,46.039140445126634,654.3921719109746,4.685984541168731,0.10674550531391885,146.01458173445894,0.1120603083150107,0.1904372544159119,2.7204111028712394,0.02442535050602043,5.6865193246980095,0.19300844319360094,19.195130901061308,3.175651026895064,3524.2235224411197,0.5220298507541282,0.27789068198414335,1742.0653236557548,1.1286428135719937,14.687749962968448,7.110798400237002,104.09968893497259,0.7118847363168839,0.101338174137971,0.17721654405108708,2.6015569709837227,0.018776100339025763,11.89048842461886,0.0032058991203128676,3.7309343223498974,0.009768180602893655,0.059669387625510405,460.png,/mnt/wangbd8/workspace/DataSets/ThyroidAgent/train_val_test/500_TestData_Malignancy_Cls/images/460.png,/mnt/wangbd8/workspace/DataSets/ThyroidAgent/train_val_test/500_TestData_Malignancy_Cls/masks/460.png
0.8960989590902485,64.5128214589847,74.09453421137081,2855.5,57.80987215737124,588.2985565973369,0.20602295800992362,2863.0,0.32199433530413546,21.0,80.0,9196774.0,2.036679847820026,29.0,5.729200906664616,175.0,19.81742147424187,49.75899406217255,44.0,10.0,165.0,12.27647258979206,56.67702986471428,1.4809223768235447,9196774.0,0.304905628059056,736.3282242063915,7.49366144668158,2.4865771812080535,152.74061458930657,17.085137648736424,5.362441131280373,0.12005965697240864,0.9562025938127877,0.12005965697240865,0.529532323104687,0.10564533574007623,0.2516710402879194,2.646949609188254,-0.7025884205699983,0.9711436074560704,0.9399701715137956,0.9981529283542706,0.9399701715137956,0.9866600381141768,0.12005965697240865,0.4228187919463087,2.526889952215847,1.3706251970631953,129.87872763419483,0.25820820603219646,1.5824101118932528,9.57455268389662,78.22862823061631,453.25646123260435,24.118039588433124,0.24258452967005226,5.649461749270397,63.186878727634195,0.12562003723187712,0.1756898358365351,45.83148425550078,0.31130921837851516,3.0203938684264315,0.06469811237037952,129.87872763419483,0.25820820603219646,1.5824101118932528,9.57455268389662,78.22862823061631,453.25646123260435,24.118039588433124,0.24258452967005226,63.186878727634195,0.12562003723187712,0.31130921837851516,3.0203938684264315,0.06469811237037952,5.649461749270397,0.1756898358365351,45.83148425550078,3.057380784796134,1575.1606706252182,0.5501783690622488,0.3117401502958056,872.9448131330772,1.3285595824403496,7.5515193852602165,7.326929793922459,51.90778903248341,2.248569698487149,0.29528299971170213,0.1855280009314239,1.5402646796289827,0.04990939039035233,3.978085427465389,0.011805211941283195,3.764782519726135,0.005551961729922623,0.5062803342699705,461.jpg,/mnt/wangbd8/workspace/DataSets/ThyroidAgent/train_val_test/500_TestData_Malignancy_Cls/images/461.jpg,/mnt/wangbd8/workspace/DataSets/ThyroidAgent/train_val_test/500_TestData_Malignancy_Cls/masks/461.jpg
0.6543090374599919,295.872475502411,290.9295447354909,44776.5,193.5920346568876,901.1370849898485,0.02012522383370403,44777.0,0.8324135498445535,51.0,190.0,708411573.0,2.9784561992945595,88.0,2.3330735616811413,255.0,46.59180064258894,113.39037898921322,106.0,19.0,236.0,36.57618159197478,125.78108225410459,0.547017342323678,708411573.0,0.1470722565095819,2963.5026056964184,30.168516898786695,5.043239363968692,878.1436992371367,46.76289095851982,19.11225948160025,0.17524501558680394,0.9818281296460758,0.1752450155868039,0.6695636446945372,0.14453420009878473,0.10525374592279967,3.7942044127677987,-0.7252276800900349,0.9933083803030098,0.9123774922065983,0.99856356544601,0.9123774922065983,0.9853962487010999,0.1752450155868039,0.22610957859561776,3.618959397180998,4.821876124296764,1073.056735816046,0.13409856733517195,4.657033832644063,30.688452886778304,60.2180704823794,1746.6719570107473,4.411619657977197,0.07084839021945283,6.701421454107603,839.2654336415897,0.10488195871551982,0.17870781874623132,28.905920248880545,0.18546867515470525,5.637545919371077,0.014000072893979225,1073.056735816046,0.13409856733517195,4.657033832644063,30.688452886778304,60.2180704823794,1746.6719570107473,4.411619657977197,0.07084839021945283,839.2654336415897,0.10488195871551982,0.18546867515470525,5.637545919371077,0.014000072893979225,6.701421454107603,0.17870781874623132,28.905920248880545,3.995830257196396,24182.658083391027,0.5400687425104636,0.26736762484245546,6585.454429729549,4.827506125873655,30.345154878620722,7.250619737811823,219.41892042789826,0.5117694194395563,0.07060319652649004,0.17227098237438365,5.248066343584132,0.012263869365405458,27.368743772054923,0.0009347993575422992,8.562672660577695,0.015106447083849997,0.04489684016296095,462.png,/mnt/wangbd8/workspace/DataSets/ThyroidAgent/train_val_test/500_TestData_Malignancy_Cls/images/462.png,/mnt/wangbd8/workspace/DataSets/ThyroidAgent/train_val_test/500_TestData_Malignancy_Cls/masks/462.png
0.8035087881859371,59.917405699617845,67.67569726275453,2149.5,48.1441620449451,589.0681092190376,0.27404889938080373,2167.0,0.2790025322994251,9.0,60.0,3119209.0,1.644065429658208,28.5,8.435865376722434,180.0,16.679028401224986,31.181818181818183,25.0,0.0,180.0,11.853421463995238,37.93960298751192,1.6570681382848365,3119209.0,0.3672184329740332,467.1076897260561,3.351692774128348,1.6563921172309248,61.50370821499123,7.400150146554297,2.5888764825003108,0.156644770085902,0.8858906883795947,0.1556341586659929,0.6274305060908727,0.13242277874223052,0.3047584528912857,2.215720511167585,-0.5519893256199132,0.9029668818554608,0.9222839818089945,0.9975914523309226,0.9223513559036551,0.9827185447195553,0.15474987367357249,0.46589186457806975,2.055290404194127,0.6863803131465533,153.9777777777778,0.3110662177328844,1.0482848688909294,6.149494949494949,49.11313131313131,111.75757575757575,38.8484675811402,0.3595026140085664,4.83909959515873,89.23030303030303,0.18026323844505662,0.22842639593908629,29.94819304152638,0.4183783728991399,3.299593150204642,0.09816698206399845,153.9777777777778,0.3110662177328844,1.0482848688909294,6.149494949494949,49.11313131313131,111.75757575757575,38.8484675811402,0.3595026140085664,89.23030303030303,0.18026323844505662,0.4183783728991399,3.299593150204642,0.09816698206399845,4.83909959515873,0.22842639593908629,29.94819304152638,2.744758055544486,1046.8984771573605,0.4831095879821691,0.410574866654642,795.76234425473,0.8072882472307161,3.885556068297185,6.878172588832487,22.230733733271805,4.428161146976865,0.5792950489302012,0.2241962774957699,1.221530021022407,0.0980869261726465,6.270231762917932,0.00937910498148633,6.184609605306471,0.004171086846641662,0.6938468796482543,463.jpg,/mnt/wangbd8/workspace/DataSets/ThyroidAgent/train_val_test/500_TestData_Malignancy_Cls/images/463.jpg,/mnt/wangbd8/workspace/DataSets/ThyroidAgent/train_val_test/500_TestData_Malignancy_Cls/masks/463.jpg
0.7423268231453972,193.73961124935656,204.31837900688228,21498.5,143.8181101361591,647.2375900532367,0.030106174386735664,21499.0,0.803054979707481,80.0,167.0,338610135.0,2.4647190211904535,51.0,2.428213673390757,230.0,28.17857304588945,120.87264523931346,117.0,38.0,192.0,21.069488366310676,125.49916798411587,0.34779924732019957,338610135.0,0.20156977457812242,1139.844797556409,20.656845753899482,4.34125720174247,135.24750373174598,6.738934150548683,7.43229578091812,0.19096913204365543,0.9498983351033876,0.19059440723218887,0.7044639342220803,0.15464290397546598,0.13744821372634722,3.3344276951722263,-0.6469714088838294,0.9791727829740434,0.9047402688650521,0.9976714307209695,0.9047652505191499,0.9809439658659762,0.1902665230221556,0.208487516979718,3.141647453781875,1.9058162282404438,817.3772241992882,0.19392104963209686,2.008047291982399,21.533333333333335,44.88517200474496,894.4253855278766,3.4096639751370867,0.07496986098819827,6.075085118670863,458.44483985765123,0.10876508656172035,0.1960556304944416,18.869121830889792,0.2052311437870355,4.573913735605463,0.01580005781213957,817.3772241992882,0.19392104963209686,2.008047291982399,21.533333333333335,44.88517200474496,894.4253855278766,3.4096639751370867,0.07496986098819827,458.44483985765123,0.10876508656172035,0.2052311437870355,4.573913735605463,0.01580005781213957,6.075085118670863,0.1960556304944416,18.869121830889792,3.53850507038928,11141.53351318666,0.5182349650303112,0.28757161123139285,4333.548583655053,1.9065466383967646,20.773384808595747,7.0886552862923855,145.85166751941952,0.5326921503441756,0.07508912524082664,0.18060788357081206,3.819570419295988,0.013609398877833983,20.20678984481749,0.0012980056905405066,6.347905911924242,0.009644027486192294,0.041398058432371175,464.png,/mnt/wangbd8/workspace/DataSets/ThyroidAgent/train_val_test/500_TestData_Malignancy_Cls/images/464.png,/mnt/wangbd8/workspace/DataSets/ThyroidAgent/train_val_test/500_TestData_Malignancy_Cls/masks/464.png
0.5930142963188255,126.08087929230523,130.26895255585654,7183.0,74.76776391278517,1304.2611101190807,0.1815760977473313,7202.0,0.23035270705667196,19.0,73.90000000000055,16619860.0,1.8753168018219437,27.0,6.595131714309055,182.0,17.71793033824339,42.01083032490975,35.0,3.0,179.0,11.711932696322616,48.03824381310788,1.5846371148022347,16619860.0,0.3351502378963664,542.7630040592413,5.3317244405440976,2.1336112329969286,65.9142450280145,7.5055515697959425,3.232819153814425,0.11510896592072548,0.9312357005264306,0.11510896592072548,0.5151363692927606,0.10185889188538673,0.2892573573627345,2.3658169157735367,-0.6712418619616705,0.9530968855244673,0.9424455170396372,0.9982290928319888,0.9424455170396372,0.9872101148976972,0.11510896592072548,0.47038174637999125,2.250707949852812,0.8369820299337876,267.734375,0.23240831163194445,1.5943256896219133,8.696180555555555,101.28472222222223,472.1935763888889,35.39246967710696,0.3045466685661533,5.839758746960561,133.87673611111111,0.11621244454089506,0.15995556789780616,62.20051781925154,0.3031970755143296,3.7842398132572947,0.05921727500471111,267.734375,0.23240831163194445,1.5943256896219133,8.696180555555555,101.28472222222223,472.1935763888889,35.39246967710696,0.3045466685661533,133.87673611111111,0.11621244454089506,0.3031970755143296,3.7842398132572947,0.05921727500471111,5.839758746960561,0.15995556789780616,62.20051781925154,2.8222192040362977,4151.69175229103,0.5764637256721786,0.2931025747190932,2413.7520133296307,0.9735177429577903,5.875173562899195,7.475978894751458,39.963482366009444,2.7934578412962887,0.36306900727059316,0.17862322194452157,1.3438088185380601,0.057837577838303095,11.783719911614346,0.003995542878161185,4.430414531640876,0.0039393346999521805,0.22449918595597082,465.jpg,/mnt/wangbd8/workspace/DataSets/ThyroidAgent/train_val_test/500_TestData_Malignancy_Cls/images/465.jpg,/mnt/wangbd8/workspace/DataSets/ThyroidAgent/train_val_test/500_TestData_Malignancy_Cls/masks/465.jpg
0.8192486083256004,118.35380918187681,135.5912976558599,8883.0,96.96119346228625,1059.158513014658,0.1192343254547628,8882.0,0.31544511177594003,52.0,133.0,87353718.0,2.389373099509731,40.0,4.132818487531494,253.0,24.879412432948982,93.81828417023193,92.0,22.0,231.0,17.04131026627506,99.17114164102452,0.5571964323602915,87353718.0,0.22554672507987208,1033.0448897377569,19.747547874824846,4.268624474544605,174.03671782466165,9.06610698691535,6.416057634894972,0.31048575432041103,0.9076834158779944,0.30324614666043903,0.9090864290469249,0.2185275288560065,0.1252077797176672,3.526831329490659,-0.5141584414004189,0.9554644190511041,0.8491008874357777,0.9974578831708794,0.8495835279464424,0.974775895519707,0.2969114899579635,0.24182624941616068,3.1955970687767294,1.681635847303846,617.9528432732317,0.2142693631321885,1.868978206797848,21.963245492371705,16.841886269070734,295.84466019417476,1.485608392474197,0.06947248955304201,5.163973144300599,574.4611650485436,0.19918903087674886,0.3247016437739248,7.357024070821656,0.4047097663037468,9.49653367578016,0.027932511869068147,617.9528432732317,0.2142693631321885,1.868978206797848,21.963245492371705,16.841886269070734,295.84466019417476,1.485608392474197,0.06947248955304201,574.4611650485436,0.19918903087674886,0.4047097663037468,9.49653367578016,0.027932511869068147,5.163973144300599,0.3247016437739248,7.357024070821656,3.733819656924596,3671.843053366359,0.4134027306199458,0.43236228748299976,2003.3060121594235,1.7176780142417174,19.954289574420176,5.957667192073857,113.11506417473542,0.47686588255198065,0.07644490993574968,0.2638482323800946,5.677456278615928,0.01917216807689765,8.97310014682256,0.0019022504144976238,15.838590725090988,0.008401857925181846,0.13542567052554244,466.jpg,/mnt/wangbd8/workspace/DataSets/ThyroidAgent/train_val_test/500_TestData_Malignancy_Cls/images/466.jpg,/mnt/wangbd8/workspace/DataSets/ThyroidAgent/train_val_test/500_TestData_Malignancy_Cls/masks/466.jpg
0.6334562881866952,425.11279119636623,448.19750110860724,86694.5,269.2903707719357,1377.5046173579885,0.015889181174791808,86695.0,0.757718065550627,50.0,130.0,713965368.0,2.315701000881909,41.0,3.3182147968324043,218.0,24.57747602496202,85.32953457523502,80.0,14.0,204.0,17.266881895352856,90.74893721741493,0.7122319108574813,713965368.0,0.23572136928093032,954.2401352640879,16.945231317549585,3.9279548242264344,129.204547390574,10.75538883528346,6.224881239354476,0.15927237381101159,0.9501038403955196,0.1592492304843898,0.6326584537766226,0.1339120564011413,0.17258338841891233,3.0814175211761814,-0.6687334482773016,0.9771181083633188,0.9203776990904671,0.9980576739004337,0.9203792419789085,0.9840752873454391,0.15922898007359576,0.2734615473628179,2.9220072790188274,1.596038403291372,3051.7096452486107,0.21738920396414096,1.7742992475129225,17.931400484399486,70.53746972503205,1107.0413164268414,6.498672833628236,0.09002209214974609,6.28993981946736,1283.8199173671462,0.09145319257494987,0.1619239863890651,32.39773871770233,0.17114352001500574,3.1081467991681877,0.017185532480352123,3051.7096452486107,0.21738920396414096,1.7742992475129225,17.931400484399486,70.53746972503205,1107.0413164268414,6.498672833628236,0.09002209214974609,1283.8199173671462,0.09145319257494987,0.17114352001500574,3.1081467991681877,0.017185532480352123,6.28993981946736,0.1619239863890651,32.39773871770233,3.2923860966939866,48943.78906511333,0.5645514627730933,0.2513368050785076,20435.864109810253,1.5981784483689763,17.044950689197762,7.413126477882231,124.95502624142108,0.6615607426389225,0.08931818845025243,0.16597971176089868,2.8793843038493825,0.015031905253629033,81.06328918286066,0.00032505671887298035,5.800487101383512,0.006979248182339415,0.012426445427980977,467.png,/mnt/wangbd8/workspace/DataSets/ThyroidAgent/train_val_test/500_TestData_Malignancy_Cls/images/467.png,/mnt/wangbd8/workspace/DataSets/ThyroidAgent/train_val_test/500_TestData_Malignancy_Cls/masks/467.png
0.8198454164030509,352.16009501576207,383.6378500617477,78121.5,288.7168397387354,1807.6610383315922,0.023139097922231296,78101.0,0.5481169359242999,7.0,76.0,196664435.0,2.014853146648397,44.0,3.0976665839795396,181.0,22.670249997668723,42.142162072188576,42.0,0.0,181.0,17.420154848541564,50.1804575672683,0.45340862535083803,196664435.0,0.2710708913284134,742.1164975418047,6.127104995297181,2.238078672387358,63.734641516829996,5.397261236687762,4.535208395069198,0.0627729890611109,0.9726954140015577,0.0627729890611109,0.33835568880373157,0.05883254090544455,0.24306438221127544,2.3821043721106996,-0.8127284181971288,0.9806427236153,0.9686135054694445,0.9990342617067521,0.9686135054694445,0.9930252234376543,0.0627729890611109,0.3047556466055944,2.3193313830495916,1.1494953460325772,1318.754104477612,0.24603621352194252,1.3526106872354644,8.908955223880596,757.4210820895522,2644.4001865671644,525.4687303099723,0.26157270037990316,7.1001005932902865,254.87985074626866,0.04755221096012475,0.06862908285425283,545.1046488290822,0.1254738933902752,1.3560703053699625,0.029527485737929897,1318.754104477612,0.24603621352194252,1.3526106872354644,8.908955223880596,757.4210820895522,2644.4001865671644,525.4687303099723,0.26157270037990316,254.87985074626866,0.04755221096012475,0.1254738933902752,1.3560703053699625,0.029527485737929897,7.1001005932902865,0.06862908285425283,545.1046488290822,2.5828209768594435,60125.13628506677,0.7698382387558005,0.12945535221834317,21170.907683640413,1.166363878476791,6.198243300341865,8.324746162020974,49.789464923624536,3.6091353783247295,0.4206620832649949,0.13354715902058448,0.8950169936648983,0.052549183183652,58.020299594707105,0.0008401045502642317,2.1551209188065914,0.002613191262685971,0.03758612868140671,468.jpg,/mnt/wangbd8/workspace/DataSets/ThyroidAgent/train_val_test/500_TestData_Malignancy_Cls/images/468.jpg,/mnt/wangbd8/workspace/DataSets/ThyroidAgent/train_val_test/500_TestData_Malignancy_Cls/masks/468.jpg
0.8763667626335326,131.03434408313424,145.49914089093448,11487.5,114.83414391794474,461.74011537017805,0.04019500460240941,11488.0,0.8228488889834147,40.0,99.0,60951029.0,1.9357111671736444,32.0,2.566612596939932,143.0,18.359853502819462,69.28664693593315,69.0,13.0,130.0,13.515826884234222,72.83972668418096,0.18108446842531065,60951029.0,0.29323887867005227,504.9863398015296,11.526056771245276,3.2752878108796906,29.135798722299857,1.2167102830210546,3.3440235284012183,0.14983741980841903,0.9142281721971788,0.149837419808419,0.6094332981428698,0.1273861674335746,0.2183726842016159,2.6573626779846204,-0.6254178240306724,0.9544172591473681,0.9250812900957903,0.9959503400051777,0.9250812900957903,0.9785946543130828,0.149837419808419,0.33139994727128924,2.5075252581762033,0.8734652370524096,500.2535832414554,0.2757737504087405,1.0123977540846703,12.454244762954795,72.17199558985666,779.1262403528115,9.333663328433174,0.1280811282616685,5.892122629471048,161.09040793825798,0.08880397350510363,0.15790389972144847,32.065539494972946,0.1608105223227856,2.1106609859130567,0.022135434223204232,500.2535832414554,0.2757737504087405,1.0123977540846703,12.454244762954795,72.17199558985666,779.1262403528115,9.333663328433174,0.1280811282616685,161.09040793825798,0.08880397350510363,0.1608105223227856,2.1106609859130567,0.022135434223204232,5.892122629471048,0.15790389972144847,32.065539494972946,2.8897430829013233,6554.517931754875,0.5705534411346513,0.24445067057983721,3368.72823816156,0.8762525408007192,11.650853064066853,7.44933844011142,85.56276114206128,0.9283660969900958,0.12519109312132465,0.16364418910554007,1.9541163726400497,0.020717066009835278,25.524180399197576,0.002061404850635625,2.1750655415659543,0.008690317967899427,0.026964815143815064,469.png,/mnt/wangbd8/workspace/DataSets/ThyroidAgent/train_val_test/500_TestData_Malignancy_Cls/images/469.png,/mnt/wangbd8/workspace/DataSets/ThyroidAgent/train_val_test/500_TestData_Malignancy_Cls/masks/469.png
0.8092434914162386,95.06540119470043,98.79271228182775,5724.5,76.93105717568483,321.25483399593935,0.056119282731407,5725.0,0.8348799675615378,74.0,139.0,68638690.0,2.0684310978634777,33.0,2.833005765501061,198.0,19.720263946149004,106.67912663755459,107.0,43.0,155.0,13.990261744971509,109.49562013932028,0.11586951566175081,68638690.0,0.27573793024541865,608.8547695429148,15.165072617782501,3.768774353524619,45.39287957806557,0.7966439576713218,4.001335401010548,0.15568544102019127,0.9250975893860865,0.15568544102019127,0.6238871104965937,0.1314474844745398,0.2043718956765369,2.8160160310920657,-0.6375026537064588,0.9634803815177033,0.9221572794899044,0.9968862911795963,0.9221572794899044,0.9805393198724761,0.15568544102019127,0.34130357775416226,2.6603305900718754,1.039255210507685,238.73068893528185,0.24919696131031507,1.2352892464729497,15.592901878914406,61.67327766179541,918.4968684759916,5.5754644857247,0.10231990186471249,5.902099126096441,90.24425887265136,0.09420068775850872,0.1673362445414847,25.960801469658865,0.17516689726101248,2.7405206844075676,0.02217745563211177,238.73068893528185,0.24919696131031507,1.2352892464729497,15.592901878914406,61.67327766179541,918.4968684759916,5.5754644857247,0.10231990186471249,90.24425887265136,0.09420068775850872,0.17516689726101248,2.7405206844075676,0.02217745563211177,5.902099126096441,0.1673362445414847,25.960801469658865,3.054112623018062,3184.35231441048,0.5562187448751931,0.25620393203790925,1578.5996506550218,1.0413222020937816,15.331703056768559,7.360174672489083,112.41921397379913,0.6711325292853677,0.09308597371991008,0.16784085395439108,2.589180009704027,0.016497491475969326,8.086062555239124,0.00434552915261802,3.156022895266261,0.0076523864882499975,0.08065025219761618,470.png,/mnt/wangbd8/workspace/DataSets/ThyroidAgent/train_val_test/500_TestData_Malignancy_Cls/images/470.png,/mnt/wangbd8/workspace/DataSets/ThyroidAgent/train_val_test/500_TestData_Malignancy_Cls/masks/470.png
0.681208857158661,191.07634900391974,190.2866259094422,16884.0,130.1629013350096,2203.713995648921,0.13052084788254684,16898.0,0.2090197740366819,38.0,88.0,74854741.0,1.83655562387066,26.0,13.805322470268102,236.0,16.798026607634778,62.18990413066635,59.0,15.0,221.0,11.068873397201607,66.55673408405148,2.1980799233683777,74854741.0,0.33732257153652045,562.2146761536686,9.611686390532546,2.965483234714004,142.85128314499698,11.689282706215932,3.415352714852033,0.14497041420118345,0.9185633388058603,0.11735700197238659,0.531442416154229,0.1311977482892367,0.2870111902910535,2.357017797935475,-0.6753265159807463,0.9537168520375817,0.9439697180647407,0.9985988269264091,0.9446817472057857,0.9895215628388706,0.10412942759697569,0.4323224852071006,2.2300115869069836,0.8900807822633039,602.5921052631579,0.24777635907202217,2.250578735013417,15.009457236842104,118.68996710526316,965.7578125,18.905639606026686,0.12487696680006065,6.114713154868455,257.88157894736844,0.10603683344875346,0.14392235767546455,70.4126118583362,0.29440731260695396,6.74371929858423,0.027346681832366257,602.5921052631579,0.24777635907202217,2.250578735013417,15.009457236842104,118.68996710526316,965.7578125,18.905639606026686,0.12487696680006065,257.88157894736844,0.10603683344875346,0.29440731260695396,6.74371929858423,0.027346681832366257,6.114713154868455,0.14392235767546455,70.4126118583362,2.724871763098336,10242.444076222038,0.6061335114346099,0.2726904547599172,5700.076813824121,0.9839992696846525,10.069061427387856,7.6284767428098,70.69280388211622,1.1499191032885316,0.14708841761982386,0.17177575255454297,2.230099551557712,0.02312280444549001,13.08949367160115,0.0018231875950307404,6.057727067658233,0.002437967180975902,0.16362506247677144,471.jpg,/mnt/wangbd8/workspace/DataSets/ThyroidAgent/train_val_test/500_TestData_Malignancy_Cls/images/471.jpg,/mnt/wangbd8/workspace/DataSets/ThyroidAgent/train_val_test/500_TestData_Malignancy_Cls/masks/471.jpg
0.8050629603043026,170.7860841744778,178.63090438107287,18308.5,137.4935505042849,563.0538238691629,0.0307536840193988,18309.0,0.8518858448465171,73.0,147.0,227351645.0,2.3269936283994554,38.0,3.4124675446074297,229.0,23.44090151490927,107.34737014582991,104.0,14.0,215.0,16.090637414974953,111.43374803439956,0.34675752974610696,227351645.0,0.2389341179130338,894.0223237682299,24.529544454225352,4.805870378521127,116.69612623683582,4.899416249552196,5.900476151102947,0.1678587147887324,0.9446771747115617,0.16774867957746478,0.653117676936255,0.13971909528874946,0.17111155504840772,3.1235787145850633,-0.6579360266518512,0.9763375026311536,0.9161366637323943,0.9983380953801636,0.9161439994131455,0.9847509536384976,0.16765239876760563,0.2656800176056338,2.9551339524765594,1.51708371647292,719.7211568689091,0.22625625805372812,1.655483907565363,24.404275385099027,59.681546683432884,1463.662684690349,3.214528846843848,0.05912720793196947,6.1229123397195835,310.2398616787174,0.0975290354224198,0.1737396908624174,26.553036088113956,0.18513763973331626,4.342375382799167,0.012491814661269208,719.7211568689091,0.22625625805372812,1.655483907565363,24.404275385099027,59.681546683432884,1463.662684690349,3.214528846843848,0.05912720793196947,310.2398616787174,0.0975290354224198,0.18513763973331626,4.342375382799167,0.012491814661269208,6.1229123397195835,0.1737396908624174,26.553036088113956,3.341242493184965,10017.348462504779,0.5471270119889005,0.2654069678008958,4374.644764869736,1.5164833633281596,24.593096291441366,7.3012725981757605,179.81948768365285,0.4024424519369287,0.05582147640341601,0.1711878189839848,4.179699115796117,0.009904329230574584,12.094640479298507,0.001417566740380034,7.503123834266444,0.005610162933134559,0.06726483353926163,472.png,/mnt/wangbd8/workspace/DataSets/ThyroidAgent/train_val_test/500_TestData_Malignancy_Cls/images/472.png,/mnt/wangbd8/workspace/DataSets/ThyroidAgent/train_val_test/500_TestData_Malignancy_Cls/masks/472.png
0.8254720518116611,102.86708960524776,102.96115772464877,6837.5,84.91390752033786,348.08326112068556,0.05090797237596864,6838.0,0.8421131760583973,55.0,119.0,56475662.0,2.115675144118678,33.0,3.893554888167145,192.0,20.225433957699522,86.99678268499561,86.0,19.0,173.0,13.708271867768596,90.8795393352458,0.5943829015121631,56475662.0,0.2776929775207127,690.650472246135,16.98238341968912,3.9886010362694297,78.94248119801307,5.789982553126039,4.470242652727015,0.1764618800888231,0.9240485902029628,0.1764618800888231,0.6722754637805157,0.1453230849643409,0.1987118350252931,2.9293176497936178,-0.6140503420203636,0.9619800850489953,0.9117690599555884,0.9972852018447873,0.9117690599555884,0.9803931244345752,0.1764618800888231,0.34137675795706884,2.752855769704797,1.1616761332039593,311.52392156862743,0.24433248750480585,1.3942846597462515,17.734901960784313,49.19843137254902,806.0,3.833334671646437,0.08377591592192432,5.823546389051323,134.76156862745097,0.1056953479430988,0.18645802866335184,20.43519015763168,0.18325975473669706,3.302609186689977,0.01748421855721131,311.52392156862743,0.24433248750480585,1.3942846597462515,17.734901960784313,49.19843137254902,806.0,3.833334671646437,0.08377591592192432,134.76156862745097,0.1056953479430988,0.18325975473669706,3.302609186689977,0.01748421855721131,5.823546389051323,0.18645802866335184,20.43519015763168,3.1492547644511815,3623.811055864288,0.5299518946862076,0.2724574515672573,1898.8645802866336,1.163195264561261,17.137467095642002,7.174027493419128,121.85960807253583,0.5677943655038306,0.07998892327721768,0.17470182964479541,3.03372493581619,0.014479815696630606,8.379523435244296,0.0032724201216988063,4.783371079614639,0.007147553737289119,0.09066108533013496,473.png,/mnt/wangbd8/workspace/DataSets/ThyroidAgent/train_val_test/500_TestData_Malignancy_Cls/images/473.png,/mnt/wangbd8/workspace/DataSets/ThyroidAgent/train_val_test/500_TestData_Malignancy_Cls/masks/473.png
0.43644534365836096,254.06164896194855,250.44959572736389,22081.5,110.88402369160751,683.0954544295057,0.03093519255618983,22082.0,0.7711481525899102,40.0,115.0,147924975.0,2.2736627750797163,38.0,2.719281506868988,168.0,23.00424433040705,76.68241101349516,76.0,5.0,163.0,16.392422704627496,81.84677083111148,0.19334314898165197,147924975.0,0.2377856867176964,818.701736637879,14.128140932265111,3.581436635105608,80.41030480291639,2.1392636346380316,5.379517454442111,0.17370721048798252,0.9374391561771364,0.17370721048798254,0.6661154475625541,0.14353301551246628,0.16793673959116326,3.089439187065019,-0.6416953459215032,0.9726330158880383,0.9131463947560088,0.9965258557902404,0.9131463947560088,0.9782865986890024,0.17370721048798254,0.2580116533139111,2.9157319765770384,1.3883061662325231,887.7801526717557,0.22589825767729152,1.516013959300481,14.505343511450382,53.06921119592875,734.7137404580153,6.471327122027776,0.13226137681535718,6.044972622427586,387.5307888040712,0.0986083432071428,0.17797300969115115,21.497966059993914,0.17264131047797462,2.459936133759184,0.026198952762506614,887.7801526717557,0.22589825767729152,1.516013959300481,14.505343511450382,53.06921119592875,734.7137404580153,6.471327122027776,0.13226137681535718,387.5307888040712,0.0986083432071428,0.17264131047797462,2.459936133759184,0.026198952762506614,6.044972622427586,0.17797300969115115,21.497966059993914,3.2932944072099737,11945.437732089486,0.5409581438316042,0.2640279090505889,5250.783534100172,1.386567295289467,14.228738338918577,7.255049361470881,102.72570419346074,0.9062425080831474,0.12620620195063503,0.17117511497549537,2.445548913645101,0.022326473314756703,37.18461682916063,0.0011496823470159608,3.3461642301282404,0.011286068498087418,0.0206224444878792,474.png,/mnt/wangbd8/workspace/DataSets/ThyroidAgent/train_val_test/500_TestData_Malignancy_Cls/images/474.png,/mnt/wangbd8/workspace/DataSets/ThyroidAgent/train_val_test/500_TestData_Malignancy_Cls/masks/474.png
0.6118192052012824,172.42425961599503,177.73013250431114,14128.5,105.49247347567764,1632.4692629207643,0.115544414688096,14141.0,0.25811185208488663,11.0,85.0,37827138.0,2.1071453601787153,44.0,2.9216139023774947,161.0,24.343650658577513,42.64139735520826,35.0,0.0,161.0,18.131667678814804,51.720376869226335,0.7785573765892861,37827138.0,0.26082445210288546,856.7086150900403,6.082297000731531,2.1807607900512074,87.50420657921549,10.438988864864026,5.434042454362388,0.12772494513533286,0.954070375130442,0.12772494513533283,0.5511656616513079,0.11141128352550905,0.2161430446692842,2.7042901285883763,-0.6968122125241148,0.971870627898369,0.9361375274323335,0.9974455010972932,0.9361375274323335,0.9840343818580832,0.12772494513533283,0.33986832479882956,2.5765651834530447,1.3904418498744306,491.2462787550744,0.22158154206363304,1.5546570977656766,9.763644564727109,100.36941813261164,365.72981506540367,69.31388946933457,0.2593371693888802,5.9588810815765685,220.489400090212,0.0994539468156121,0.1567781627890531,59.6849298151061,0.23785550248616205,3.1537999966430235,0.03505226906504176,491.2462787550744,0.22158154206363304,1.5546570977656766,9.763644564727109,100.36941813261164,365.72981506540367,69.31388946933457,0.2593371693888802,220.489400090212,0.0994539468156121,0.23785550248616205,3.1537999966430235,0.03505226906504176,5.9588810815765685,0.1567781627890531,59.6849298151061,3.0188752427648446,8156.91061452514,0.5768270005321504,0.267993158361267,3688.3185771869034,1.4401364087065562,6.400608160667562,7.4849727742026735,43.029276571671026,3.6891136173725556,0.4542620896507013,0.17078000141432714,1.359761607304214,0.06400999637349276,32.07090965980203,0.0025084149685729714,2.9654169507538635,0.008569209539921015,0.06800272155920803,475.jpg,/mnt/wangbd8/workspace/DataSets/ThyroidAgent/train_val_test/500_TestData_Malignancy_Cls/images/475.jpg,/mnt/wangbd8/workspace/DataSets/ThyroidAgent/train_val_test/500_TestData_Malignancy_Cls/masks/475.jpg
0.49665775898143566,601.7710573049178,949.6578331167494,126709.5,298.87426474094957,3096.177848998405,0.024435246362730537,126679.0,0.4075525561546916,26.0,85.0,397865616.0,1.6417353873400597,37.0,5.074177962054049,236.0,20.03480976779553,50.19213918644763,44.0,15.0,221.0,15.239190355315678,56.04229231652365,1.2367306546626986,397865616.0,0.3983263872969556,621.4876919789535,7.824144939502681,2.65195385690241,59.09977108997599,8.685810757603095,3.2564206280230024,0.09127790657054845,0.9454682638670563,0.06680904442821303,0.350673608443355,0.08681445815313751,0.36687671073918904,2.000923207816107,-0.777260584939206,0.9599153149446505,0.9686861204014813,0.9991428788605495,0.9690559080344006,0.9940836040252994,0.05820260930120723,0.5384419956175173,1.9245769168412687,0.8369246336483877,2059.374026596382,0.24672026196194824,1.5875841181263015,10.741344195519348,821.1337007308015,4490.243081346592,180.95867408002653,0.19863539784926568,7.038428333760991,480.0820654127231,0.05751552239280258,0.06589095272302434,590.8048048116148,0.20406043080225178,2.174269268254954,0.07248383567416934,2059.374026596382,0.24672026196194824,1.5875841181263015,10.741344195519348,821.1337007308015,4490.243081346592,180.95867408002653,0.19863539784926568,480.0820654127231,0.05751552239280258,0.20406043080225178,2.174269268254954,0.07248383567416934,7.038428333760991,0.06589095272302434,590.8048048116148,2.1774080210797395,99458.02162157896,0.7851184617938171,0.13629751474580368,50459.58841639104,0.8438387790326753,7.8987440696563755,8.362972552672503,64.24067919702556,1.5408588579669285,0.18481736037592444,0.13610034461556814,1.1443798016158075,0.026733090971666845,59.34927255885033,0.00045203596815931703,3.627961134701299,0.0012013169965450164,0.04234259186992407,476.jpg,/mnt/wangbd8/workspace/DataSets/ThyroidAgent/train_val_test/500_TestData_Malignancy_Cls/images/476.jpg,/mnt/wangbd8/workspace/DataSets/ThyroidAgent/train_val_test/500_TestData_Malignancy_Cls/masks/476.jpg
0.1906467928303244,255.37633159810485,198.9170681465017,4410.5,48.686678583952116,1289.1900423072125,0.29230020231429826,4439.0,0.18261308899526044,50.0,142.0,52859714.0,2.5344102204488776,42.0,4.349833678632452,239.0,28.353000785953782,102.31808965983329,104.0,21.0,218.0,18.99737165588313,109.12388821036498,0.6223373425961638,52859714.0,0.21113097719069454,1439.0315065105465,23.425479586817513,4.612395474667979,344.56177616848265,14.883763870063238,8.895853682318478,0.2907033939990162,0.9367111331080852,0.18740777176586323,0.7361576891149719,0.2555817210807703,0.16807592335901791,3.2844074334117446,-0.6853166522101213,0.9835772267924507,0.9164867914701542,0.9972278465991419,0.9200196753566158,0.9836948590022864,0.12903071541782804,0.30545991146089524,3.0263628592745544,2.2966392690793738,157.90112130479102,0.16095934893454744,3.6490713983629846,28.81243628950051,56.76758409785933,1255.2507645259939,4.133364499790552,0.06710082233897825,5.8390566193283036,194.59633027522935,0.19836527041307783,0.22099571975670196,36.29218972921804,0.44782205416877263,14.9851613875429,0.02910739242551397,157.90112130479102,0.16095934893454744,3.6490713983629846,28.81243628950051,56.76758409785933,1255.2507645259939,4.133364499790552,0.06710082233897825,194.59633027522935,0.19836527041307783,0.44782205416877263,14.9851613875429,0.02910739242551397,5.8390566193283036,0.22099571975670196,36.29218972921804,3.6914462611509546,2196.0678080648795,0.4947212903953322,0.4169436349796579,937.2104077494931,2.364048798254997,23.689344446947512,6.9603514305023655,155.28429826537507,0.5028489109405622,0.07111530924560591,0.22453755850917373,6.159182498560737,0.01541286070838641,2.354065767688126,0.00834790000197461,6.191280736901931,0.00797069843370499,0.33829525801623694,477.jpg,/mnt/wangbd8/workspace/DataSets/ThyroidAgent/train_val_test/500_TestData_Malignancy_Cls/images/477.jpg,/mnt/wangbd8/workspace/DataSets/ThyroidAgent/train_val_test/500_TestData_Malignancy_Cls/masks/477.jpg
0.924381490097403,165.83914096277098,172.40939649566667,19866.5,153.2986322396395,599.0954544295056,0.030156064451690313,19867.0,0.8340067937274195,95.0,163.0,340501751.0,2.2238556689068076,36.0,3.583687161434204,250.0,21.818319508833,127.9526350229023,127.0,38.0,212.0,15.213798474070627,130.91624159893493,0.39312311377436904,340501751.0,0.2528237073108376,767.1855050866537,22.604910714285715,4.626090706168832,88.36508536588863,4.13835896962644,5.02310299306359,0.2063210227272727,0.9210922571570932,0.20621956168831168,0.7347768646844264,0.16379451510435336,0.16834828696377183,3.133298994303022,-0.5913650820646796,0.9633170370602454,0.8969003652597404,0.997957275552418,0.8969071293290044,0.9812535357634791,0.2061307832792208,0.26785714285714285,2.926432949428427,1.3073560039477157,987.322351268073,0.23401809700594287,1.5007367712771953,23.63688077743541,37.05688551789524,806.3555344868453,2.167425594472951,0.05833237339469773,5.747689798843077,508.5648257881015,0.12054155624273559,0.2123622086877737,14.88280946233534,0.21559168275375595,5.267396936236553,0.012913423307487367,987.322351268073,0.23401809700594287,1.5007367712771953,23.63688077743541,37.05688551789524,806.3555344868453,2.167425594472951,0.05833237339469773,508.5648257881015,0.12054155624273559,0.21559168275375595,5.267396936236553,0.012913423307487367,5.747689798843077,0.2123622086877737,14.88280946233534,3.329621709767732,9949.504454623244,0.5008055798370789,0.2991984379214341,5022.84859314441,1.306187754243476,22.704786832435698,6.931242764383148,155.48507575376252,0.40409432024740793,0.05828615884254632,0.18686487363187418,4.325853033785787,0.01095453974809277,16.21642026104749,0.0010514647456445808,9.102190048689879,0.005732373230621722,0.05260764637919775,478.png,/mnt/wangbd8/workspace/DataSets/ThyroidAgent/train_val_test/500_TestData_Malignancy_Cls/images/478.png,/mnt/wangbd8/workspace/DataSets/ThyroidAgent/train_val_test/500_TestData_Malignancy_Cls/masks/478.png
0.9292061373474987,118.10062999580649,125.29964086141668,10129.5,109.73983021670949,426.2253967444166,0.04207763431012554,10130.0,0.8370658277291625,48.0,118.0,80281485.0,2.2317065642189102,37.0,5.0855750794726,222.0,22.602310399164267,83.96219151036526,83.0,18.0,204.0,15.661927638094665,89.02315381463214,0.9001783036259505,80281485.0,0.25272492152852016,875.4723118804018,16.382895918571002,3.873715198084023,162.59325674977708,11.909700734496237,5.680844859066095,0.17193892825067358,0.9412454194452653,0.17193892825067358,0.6621210639245744,0.14237593320268332,0.18017307352792844,3.0348637629130426,-0.640897731793528,0.9710094142988753,0.9140305358746632,0.9979031838018211,0.9140305358746632,0.9828061071749327,0.17193892825067358,0.2996706915477497,2.8629248346623717,1.4631959468291922,430.0382096069869,0.23473701397761293,1.6790345340477872,17.69650655021834,52.68449781659389,792.332423580786,5.138974525020465,0.08949676080301924,5.96096009837866,184.2085152838428,0.10055049960908449,0.18084896347482723,22.109393175187357,0.1903308314254456,3.424610971140156,0.01909574236601654,430.0382096069869,0.23473701397761293,1.6790345340477872,17.69650655021834,52.68449781659389,792.332423580786,5.138974525020465,0.08949676080301924,184.2085152838428,0.10055049960908449,0.1903308314254456,3.424610971140156,0.01909574236601654,5.96096009837866,0.18084896347482723,22.109393175187357,3.2601932841591923,5442.903455083909,0.5373053756252625,0.2723335435001447,2560.103455083909,1.4586848852382013,16.492102665350444,7.232971372161895,117.15034550839091,0.6597743644942529,0.09080044075233105,0.1740155752988922,2.9430953164418114,0.015936769695416707,10.285338845162364,0.002413419182441744,6.318762213237548,0.00685583496023439,0.09856751380248141,479.png,/mnt/wangbd8/workspace/DataSets/ThyroidAgent/train_val_test/500_TestData_Malignancy_Cls/images/479.png,/mnt/wangbd8/workspace/DataSets/ThyroidAgent/train_val_test/500_TestData_Malignancy_Cls/masks/479.png
0.794104103553389,98.02666400256399,100.0199980003999,5974.5,77.84337614208535,330.3259018078048,0.05528929647799897,5975.0,0.8294936876305552,84.0,159.0,89088641.0,2.2161899723307874,44.0,2.2262618641978946,199.0,24.09907277533657,118.77205020920502,115.0,53.0,146.0,18.520875011037408,122.10746415902379,0.285019028788171,89088641.0,0.2364498940844873,803.4328924493619,11.850262845514669,3.253094793963032,62.649206634276645,3.2128157139640856,5.25250535527229,0.18195692725114465,0.9330359039067044,0.18195692725114465,0.684339409495519,0.1488486038764663,0.1663022436859031,3.0418838819019363,-0.6246856184691334,0.9679454537106934,0.9090215363744276,0.9950822452094286,0.9090215363744276,0.9740061532498365,0.18195692725114465,0.23673054095302695,2.8599269546507933,1.358615570630859,252.3084274543875,0.21920801690216116,1.5201649153344539,13.125108601216334,44.715030408340574,486.30929626411813,7.079236895453229,0.15649724876918622,5.8330710817223785,121.62901824500435,0.1056724745829751,0.19263598326359832,17.76711521202052,0.19391620741033452,2.7887371557361686,0.0333807358668609,252.3084274543875,0.21920801690216116,1.5201649153344539,13.125108601216334,44.715030408340574,486.30929626411813,7.079236895453229,0.15649724876918622,121.62901824500435,0.1056724745829751,0.19391620741033452,2.788737155736169,0.0333807358668609,5.833071081722378,0.19263598326359832,17.76711521202052,3.2667982365518644,3121.06460251046,0.5223539083699515,0.2816910348208189,1412.7881171548117,1.3665411739990545,12.043849372384937,7.118493723849372,83.77506276150628,1.0894960483496048,0.15366322640632263,0.17832635983263598,2.2434495583449556,0.027891394183583867,17.09920794658079,0.004137045249581536,2.390129833014757,0.016329881142013804,0.04859619719575418,480.png,/mnt/wangbd8/workspace/DataSets/ThyroidAgent/train_val_test/500_TestData_Malignancy_Cls/images/480.png,/mnt/wangbd8/workspace/DataSets/ThyroidAgent/train_val_test/500_TestData_Malignancy_Cls/masks/480.png
0.6654106242588796,173.59933520680377,175.72990639046048,15262.5,115.5148420108858,629.480230740356,0.041243585961694085,15263.0,0.695721901298652,57.0,127.0,138219113.0,2.190959482602059,43.0,2.8852002722216623,189.0,23.20863410188418,90.93448208084911,88.0,27.0,162.0,17.46236105941907,95.16211783394388,0.4830629364465432,138219113.0,0.24960851830648484,786.7486393291521,11.142110486271918,3.1455176976513397,77.31463631682973,5.738688468856353,5.153604716907941,0.16228911677141913,0.9389419270402953,0.16228911677141908,0.6397578320836483,0.13595135934897176,0.18310532690764567,2.9590027063643323,-0.6490819427400416,0.9704512677353374,0.9188554416142903,0.9967542176645715,0.9188554416142903,0.9797138604035724,0.16228911677141908,0.26860734369831296,2.796713589592915,1.3289734584198394,595.9703960015379,0.22913125567148707,1.5096077707077735,12.401384083044983,66.96386005382546,639.6874279123414,12.144506081299621,0.16547104462700113,6.024894407512311,260.82929642445214,0.10028039078218075,0.1704121077114591,32.52893801677141,0.1904277911740517,2.386417445971719,0.03824588885328582,595.9703960015379,0.22913125567148707,1.5096077707077735,12.401384083044983,66.96386005382546,639.6874279123414,12.144506081299621,0.16547104462700113,260.82929642445214,0.10028039078218075,0.1904277911740517,2.386417445971719,0.03824588885328582,6.024894407512311,0.1704121077114591,32.52893801677141,3.186104983596076,8427.407521457118,0.5521462046424109,0.26436692860970845,3809.7748149118784,1.328521007902462,11.252899167922427,7.335582781890847,80.63270654524013,1.2036323565220715,0.16410706058832714,0.17057954239373357,1.9871075294648641,0.028710486207339007,28.197684749996775,0.00174250754862079,3.316730248877162,0.010142457503322147,0.03461675538182047,481.png,/mnt/wangbd8/workspace/DataSets/ThyroidAgent/train_val_test/500_TestData_Malignancy_Cls/images/481.png,/mnt/wangbd8/workspace/DataSets/ThyroidAgent/train_val_test/500_TestData_Malignancy_Cls/masks/481.png
0.8687874993025805,197.52240047027087,212.34876971623828,26251.5,171.60499236080946,1571.692567624143,0.059870581400077824,26243.0,0.3654385798543785,48.0,112.0,177322376.0,2.0958089070641512,34.0,4.227778869028252,219.0,20.28898361370389,77.99702777883626,75.0,17.0,202.0,14.093847207874196,82.20060817290668,0.8064344746842762,177322376.0,0.276392045037048,673.4036416631768,14.156888647136531,3.6290310047400727,74.94129006345506,6.649017127331167,4.264742875632638,0.31665242054549697,0.8617659468024281,0.30973657626855233,0.9161600489979185,0.2207156738669322,0.15255707539541974,3.24561559371276,-0.44669810918944136,0.9194422566347589,0.8458232962934182,0.996144338496312,0.8462843525785478,0.9690892136847533,0.3036852125262258,0.27585670992307093,2.90934323810065,1.145348824044534,2143.3807820696234,0.25552942084759456,1.3392384583740107,15.598235574630424,16.73497854077253,217.71113495469717,1.7795209837487247,0.09556687247303944,4.9982348557334655,1598.1070577014782,0.19052301593961354,0.31962809130053726,6.946614401230361,0.3926361550316515,6.586548282731948,0.03719819453343409,2143.3807820696234,0.25552942084759456,1.3392384583740107,15.598235574630424,16.73497854077253,217.71113495469717,1.7795209837487247,0.09556687247303944,1598.1070577014782,0.19052301593961354,0.3926361550316515,6.586548282731948,0.03719819453343409,4.9982348557334655,0.31962809130053726,6.946614401230361,3.442435445884099,10940.71062759593,0.41690014966261213,0.42547872882994986,7253.356437907251,1.1585234933204813,14.409366307205731,5.998590100217201,83.16415806119727,0.6053586208394849,0.09914525534323582,0.25944061273482455,4.005334755934915,0.02515690045670187,47.418126445128124,0.0005287861365948508,10.825101280864958,0.008812645366539688,0.02423124822034621,482.jpg,/mnt/wangbd8/workspace/DataSets/ThyroidAgent/train_val_test/500_TestData_Malignancy_Cls/images/482.jpg,/mnt/wangbd8/workspace/DataSets/ThyroidAgent/train_val_test/500_TestData_Malignancy_Cls/masks/482.jpg
0.7592337207877778,301.0458005249605,308.65028754238995,53014.0,228.56412326010093,1793.5016587651216,0.033830717523015086,53018.0,0.45509119840297924,4.0,128.0,352622182.0,2.6748687287257953,82.0,2.5055441934016383,255.0,40.920319861701756,65.79044852691538,66.0,0.0,255.0,33.63143315406754,81.55360133204395,0.39137616720051666,352622182.0,0.17964546964712746,2322.606772853258,13.734736201221486,3.2072718278506063,502.2653579604105,24.467054162874746,13.979069670838143,0.18649517684887457,0.9736692212623874,0.17987404630986129,0.6961115385319456,0.15414050431299245,0.136035504040953,3.4862996605281187,-0.6969216696738444,0.9879202455379789,0.9107250898989707,0.998474080422729,0.9111522289236857,0.9850527824756787,0.17421532626825725,0.2673376586312525,3.281741262835646,3.5413912119217543,1467.4165469102854,0.1506278533063319,3.5025691268308896,18.747177171012112,89.54629439540136,683.6241018271402,56.40351801663248,0.18248230624289435,6.355932189365354,1313.7825908437692,0.13485758477148113,0.18374891546267305,59.9286556828672,0.32145548072968255,6.8399113735739645,0.04326529244344008,1467.4165469102854,0.1506278533063319,3.5025691268308896,18.747177171012112,89.54629439540136,683.6241018271402,56.40351801663248,0.18248230624289435,1313.7825908437692,0.13485758477148113,0.32145548072968255,6.8399113735739645,0.04326529244344008,6.355932189365354,0.18374891546267305,59.9286556828672,3.697209053968763,28527.5059413784,0.5380720876188917,0.3226389577549239,9524.443509751405,3.534684757652025,13.799615225017918,7.252706627937681,91.69391527405787,2.8256363353846417,0.34987254610466145,0.1897122989676462,3.084512178253926,0.05188385869109243,34.9335007555744,0.0008249804670492987,9.355506417840111,0.010050127512677665,0.056659483577304534,483.jpg,/mnt/wangbd8/workspace/DataSets/ThyroidAgent/train_val_test/500_TestData_Malignancy_Cls/images/483.jpg,/mnt/wangbd8/workspace/DataSets/ThyroidAgent/train_val_test/500_TestData_Malignancy_Cls/masks/483.jpg
0.8892167451865094,98.16061789721654,101.53324578678651,6673.5,87.2860651520595,349.98275605729725,0.05244365865846966,6674.0,0.8274373439155149,98.0,173.0,126264568.0,2.2829404749558315,42.0,3.0308976217247667,246.0,23.770892443843685,134.38297872340425,133.0,64.0,182.0,17.360151508293796,137.5458993867795,0.4541565849547898,126264568.0,0.23361051420003773,860.0894675431496,16.383657351154312,3.876215066828676,95.9706802102786,5.8683003211010565,5.632512320452838,0.19805589307411908,0.9320629188027921,0.19805589307411903,0.718022799593066,0.15882975629273216,0.15679700153101372,3.167478639418146,-0.6131449006031842,0.969141923619486,0.9009720534629404,0.9969529862603981,0.9009720534629404,0.9779937896584312,0.19805589307411903,0.24240583232077764,2.969422746344029,1.4576420533817394,312.31563845050215,0.22404278224569737,1.5732978392742827,17.157101865136298,37.63271162123386,592.3192252510761,3.504949146325197,0.0918276284090872,5.738592671110286,164.98852223816357,0.11835618524975865,0.2088702427329937,14.71100988248468,0.20057763679511229,3.614051488823201,0.01754263470057518,312.31563845050215,0.22404278224569737,1.5732978392742827,17.157101865136298,37.63271162123386,592.3192252510761,3.504949146325197,0.0918276284090872,164.98852223816357,0.11835618524975865,0.20057763679511229,3.614051488823201,0.01754263470057518,5.738592671110286,0.2088702427329937,14.71100988248468,3.375305339178966,3369.524423134552,0.504873302837062,0.29088095992220964,1559.116571771052,1.4536419513003782,16.53116571771052,6.958945160323644,113.82004794725802,0.6447664244501116,0.09250404487037048,0.1836896080977591,3.099798554922918,0.01683759695872711,9.129112740117554,0.003470928374527421,5.236806479487848,0.009871311037502568,0.08932207668491374,484.png,/mnt/wangbd8/workspace/DataSets/ThyroidAgent/train_val_test/500_TestData_Malignancy_Cls/images/484.png,/mnt/wangbd8/workspace/DataSets/ThyroidAgent/train_val_test/500_TestData_Malignancy_Cls/masks/484.png
0.8208945435011568,48.67477119483673,56.60388679233962,1439.0,39.95685408000875,517.1269837220831,0.35936552030721547,1454.0,0.2600387855486439,78.0,131.0,17136296.0,1.8115922686251036,31.0,2.1609510124315103,156.0,16.789780693206993,106.72214580467676,109.0,60.0,96.0,12.867162335898596,108.56160973689433,-0.14357366882521044,17136296.0,0.31692962921618306,396.00670351106555,8.010108864696734,2.709564541213064,19.461312693938584,-0.6081689638195754,2.795559428127774,0.12208398133748055,0.9163132952152939,0.12208398133748055,0.5353216856648803,0.10717948283827025,0.2517598905790073,2.4242447821523827,-0.6555209457756594,0.9518152998991303,0.9389580093312597,0.9953044622562508,0.9389580093312597,0.9796526697770865,0.12208398133748055,0.3786936236391913,2.3021608008149035,0.7294108523663138,106.21846153846154,0.3268260355029586,0.7207005917159763,10.169230769230769,42.09230769230769,312.71384615384613,9.201376068376067,0.1554068376068376,4.796249893582242,54.80307692307692,0.16862485207100592,0.2235213204951857,22.07700828402367,0.40457906687481093,4.775547315819861,0.043944723383768876,106.21846153846154,0.3268260355029586,0.7207005917159763,10.169230769230769,42.09230769230769,312.71384615384613,9.201376068376067,0.1554068376068376,54.80307692307692,0.16862485207100592,0.40457906687481093,4.775547315819861,0.043944723383768876,4.796249893582242,0.2235213204951857,22.07700828402367,2.987570777030592,711.0068775790921,0.4890006035619616,0.4040043214279633,460.81568088033015,0.7423130991866104,8.485557083906466,6.921595598349381,55.5213204951857,1.4895571603240105,0.20227877120586885,0.22111416781292983,2.1492052575271283,0.037140402380831085,3.9389577642361835,0.019391320583606732,1.1206066331739435,0.008500352889585326,0.16754030509188694,485.jpg,/mnt/wangbd8/workspace/DataSets/ThyroidAgent/train_val_test/500_TestData_Malignancy_Cls/images/485.jpg,/mnt/wangbd8/workspace/DataSets/ThyroidAgent/train_val_test/500_TestData_Malignancy_Cls/masks/485.jpg
0.6920227294171485,189.50966396234276,187.97074240423694,19454.5,131.14499490614705,587.7817459305209,0.030213150989772074,19455.0,0.8411992449489085,89.0,171.0,342956886.0,2.394003074955461,46.0,3.691307139739126,255.0,26.012305407156106,128.60508866615265,127.0,57.0,198.0,18.59785529188968,132.77128118373489,0.778244589356847,342956886.0,0.21984053111117582,1088.9442763414058,15.10555181869923,3.6519377037305327,191.36377607950334,14.598981664366592,7.240147965642945,0.16453665856056296,0.955558766669752,0.16453665856056293,0.6450530516502309,0.13746434655028764,0.159151524228805,3.1766955094944835,-0.6734550132862371,0.9799299254808067,0.9177316707197185,0.9979934553834077,0.9177316707197185,0.9835463341439437,0.16453665856056293,0.24514927303771925,3.0121588509339228,1.8511711560508766,692.1021765417171,0.20922073051442475,1.972985774108131,16.483373639661426,65.91626360338573,858.5991535671101,8.755421282767552,0.11629932298392956,6.211492968985999,328.8923821039903,0.09942333195404786,0.17003341043433565,31.327784298516363,0.17711790410112788,2.974100864284599,0.02381017100847421,692.1021765417171,0.20922073051442475,1.972985774108131,16.483373639661426,65.91626360338573,858.5991535671101,8.755421282767552,0.11629932298392956,328.8923821039903,0.09942333195404786,0.17711790410112788,2.974100864284599,0.02381017100847421,6.211492968985999,0.17003341043433565,31.327784298516363,3.380083944826154,10743.017065021846,0.5521982557194473,0.25834581923067956,4276.997532767926,1.8476677749316526,15.196915959907479,7.333590336674376,109.30773580056541,0.8622846813916177,0.11724225018210072,0.16870841543162282,2.6390273851337844,0.02000250528299035,19.792575305449688,0.0015057173725537558,6.001845602986691,0.008315270034245077,0.05897375434916187,486.png,/mnt/wangbd8/workspace/DataSets/ThyroidAgent/train_val_test/500_TestData_Malignancy_Cls/images/486.png,/mnt/wangbd8/workspace/DataSets/ThyroidAgent/train_val_test/500_TestData_Malignancy_Cls/masks/486.png
0.3676250280214865,325.84145228124197,317.7876649588527,30421.5,119.78747302545344,849.4802307403561,0.02792367998752054,30422.0,0.727850136390213,57.0,172.0,463091550.0,2.8281706528102677,65.0,2.5062009601937767,255.0,36.2955939085445,115.42265465781342,116.0,13.0,242.0,27.109883552110514,123.37851742861123,0.15684117060855313,463091550.0,0.15550790486563557,1899.8693546252662,29.286431165401122,5.123918785077583,389.11875834441605,7.324980025071041,12.311009685072474,0.18345988775173325,0.9706334251834488,0.1833938593595246,0.687832683829617,0.14982658010095218,0.10668873389740485,3.6817976317487244,-0.6977010891240484,0.9902772689499114,0.9083096731594585,0.9984962564066483,0.9083140750522725,0.9847176016456307,0.18333608451634203,0.16715087487619676,3.497990754975651,3.123617393206051,883.2873724938445,0.15534424419518897,3.0812506209288566,30.83520928596553,50.531832571227575,1362.5724586704187,3.53360037444654,0.05810745314284757,6.450534240997633,601.7214210341189,0.10582508284103392,0.18690421405561763,21.905757011098714,0.1907480986743737,5.901169409628949,0.012439013946298113,883.2873724938445,0.15534424419518897,3.0812506209288566,30.83520928596553,50.531832571227575,1362.5724586704187,3.53360037444654,0.05810745314284757,601.7214210341189,0.10582508284103392,0.1907480986743737,5.901169409628949,0.012439013946298113,6.450534240997633,0.18690421405561763,21.905757011098714,3.8721625662607755,16105.215107488002,0.5293936988852804,0.27582179197682705,4730.861481822365,3.127720918112674,29.454112155676814,7.172703964236407,208.73450134770889,0.4436504573924378,0.061031147963524664,0.17578470259096124,5.264625745987918,0.010707203278735528,15.014980606877014,0.0011764250711256302,9.278283916053208,0.010239990909342656,0.055755069452750196,487.png,/mnt/wangbd8/workspace/DataSets/ThyroidAgent/train_val_test/500_TestData_Malignancy_Cls/images/487.png,/mnt/wangbd8/workspace/DataSets/ThyroidAgent/train_val_test/500_TestData_Malignancy_Cls/masks/487.png
0.47039250283976275,258.40716813468873,252.16859439668534,24559.5,121.55279457061164,702.2670273047595,0.02859451647243468,24560.0,0.7910654453784164,91.0,161.0,394318693.0,2.194138084826327,36.0,2.9206672303595647,223.0,21.480046505798473,123.81266286644951,122.0,39.0,184.0,15.152435266180452,126.70959464942463,0.2501937826296015,394318693.0,0.25359621189614745,725.7458901404128,21.043165173274414,4.460148930076511,65.89034026439253,2.454304497811645,4.784613568658324,0.1836667894112352,0.9260642410757192,0.1836667894112352,0.6880332479892656,0.1499332998786042,0.1761884565026775,3.0365727495792214,-0.615768808583804,0.9658688507857606,0.9081666052943824,0.997174357085981,0.9081666052943824,0.9795925789543073,0.1836667894112352,0.29515977251339964,2.852905960167989,1.2420700895173897,1094.8203125,0.2375912136501736,1.3803522557388117,21.38888888888889,49.106770833333336,1016.9049479166666,3.0451178509055534,0.06496391744270046,5.887933740345328,489.4670138888889,0.10622114016685957,0.18762214983713354,20.699351369598762,0.18391704988209415,3.881769225910548,0.013429336426169856,1094.8203125,0.2375912136501736,1.3803522557388117,21.38888888888889,49.106770833333336,1016.9049479166666,3.0451178509055534,0.06496391744270046,489.4670138888889,0.10622114016685957,0.18391704988209415,3.881769225910548,0.013429336426169856,5.887933740345328,0.18762214983713354,20.699351369598762,3.2387920315233796,12980.037377850163,0.5285031505639317,0.27376826279323924,6228.3229641693815,1.2426406049401053,21.14600977198697,7.163110749185668,151.01107491856678,0.4463484406622312,0.0627957501574191,0.1752465617082881,3.7170670466883817,0.011302137906186423,27.69662906703703,0.0009246115036391049,4.8979513438141025,0.007995089804207623,0.02348427820659542,488.png,/mnt/wangbd8/workspace/DataSets/ThyroidAgent/train_val_test/500_TestData_Malignancy_Cls/images/488.png,/mnt/wangbd8/workspace/DataSets/ThyroidAgent/train_val_test/500_TestData_Malignancy_Cls/masks/488.png
0.700092942726332,259.4768714442304,273.09522148876937,36698.5,181.65792649881345,850.2497833620569,0.023168515971008538,36699.0,0.7986979298407987,33.0,139.0,338509797.0,2.6177570612278243,68.0,1.955565859625586,205.0,34.33443397984965,87.4104743998474,88.0,10.0,195.0,27.473662392343755,96.04140526129707,0.08841429475730708,338509797.0,0.17569125954068932,1583.3604897583232,18.57868214931259,4.015199649449526,200.30208936443577,3.5350118243614466,10.007072815309801,0.17965711781782331,0.9647272247331162,0.17965711781782331,0.6793263725458885,0.14738043783521607,0.12406351793448787,3.4468073381130004,-0.6829937456617593,0.9858927624840966,0.9101714410910884,0.9978090595388072,0.9101714410910884,0.9820342882182178,0.17965711781782331,0.18162896423289698,3.26715022029518,2.546682483281906,1111.6544106745737,0.1648116250073497,2.7277620794801187,20.588880652335064,57.27042253521127,910.1061527057079,7.496417462586715,0.12633216081507143,6.328485707185229,738.927057079318,0.10955182462258235,0.18379247390937084,27.6668208007359,0.20022227482547017,4.307483498826093,0.030355822082950054,1111.6544106745737,0.1648116250073497,2.7277620794801187,20.588880652335064,57.27042253521127,910.1061527057079,7.496417462586715,0.12633216081507143,738.927057079318,0.10955182462258235,0.20022227482547017,4.307483498826093,0.030355822082950054,6.328485707185229,0.18379247390937084,27.6668208007359,3.639748356883468,19576.23098722036,0.5334268232709436,0.27562819297324653,6447.6935338837575,2.5495925989109485,18.72972015586256,7.205237199923704,131.65661189678192,0.8487885958270385,0.11933441195512531,0.17535294634125664,3.416363146437535,0.021838151745075945,31.25689399209078,0.0009452642810722825,5.885728370772454,0.012274542543827328,0.02878601301602721,489.png,/mnt/wangbd8/workspace/DataSets/ThyroidAgent/train_val_test/500_TestData_Malignancy_Cls/images/489.png,/mnt/wangbd8/workspace/DataSets/ThyroidAgent/train_val_test/500_TestData_Malignancy_Cls/masks/489.png
0.8164096249211362,131.0789338175515,131.48764200486676,10981.5,107.01410319304966,439.3969696196704,0.040012472760521826,10982.0,0.8454320496515721,87.0,154.0,173300293.0,2.173726360064933,35.0,3.185052862078321,224.0,21.223389718597492,122.75314150427972,124.0,40.0,184.0,14.844055285006297,125.62004041842175,0.048844740896290983,173300293.0,0.26275654925937814,712.0608055561922,20.705893169072354,4.425530936839203,69.29604100596686,0.5468500369279372,4.6745168920988345,0.19224050749287486,0.9209985245991495,0.1922405074928749,0.7061349694995915,0.1552840947717568,0.18135430191528162,3.0385838533384706,-0.6017137468850133,0.9627266010924743,0.9038797462535626,0.997042453730879,0.9038797462535626,0.9786399436119029,0.1922405074928749,0.30284085685391193,2.846343345845598,1.2166893498979272,520.5027322404371,0.23702310211313168,1.4031414958809028,20.809653916211293,44.19854280510018,924.0081967213115,2.701022521106196,0.06894749562696967,5.776704357466125,250.97085610200364,0.11428545359836231,0.19996357676197413,19.189434507516562,0.2115751807159336,4.316425041601203,0.015818796153901957,520.5027322404371,0.23702310211313168,1.4031414958809028,20.809653916211293,44.19854280510018,924.0081967213115,2.701022521106196,0.06894749562696967,250.97085610200364,0.11428545359836231,0.2115751807159336,4.316425041601203,0.015818796153901957,5.776704357466125,0.19996357676197413,19.189434507516562,3.252793518684891,5641.73119650337,0.5137252956204125,0.29134219101464387,2885.5924239664905,1.217676805684015,20.82462210890548,7.051720997996722,146.83773447459478,0.4514131720799775,0.06503456129613867,0.18234889415002328,3.7837977296181635,0.012269447496347468,12.193845638952427,0.001996157279089671,5.0168280790188815,0.008052611365215952,0.05092984263719289,490.png,/mnt/wangbd8/workspace/DataSets/ThyroidAgent/train_val_test/500_TestData_Malignancy_Cls/images/490.png,/mnt/wangbd8/workspace/DataSets/ThyroidAgent/train_val_test/500_TestData_Malignancy_Cls/masks/490.png
0.5817314933591923,208.9604490563793,218.10318658836692,19316.5,121.55887408257495,1896.8784258492376,0.09819990297669028,19325.0,0.2597345084939386,50.0,118.0,159568902.0,2.242960061000068,35.0,5.24816645766735,236.0,22.087909732247304,86.13216041397153,85.0,16.0,220.0,14.9717657178896,90.86871299459271,0.6809010106247215,159568902.0,0.2525095799534416,838.3739437155353,16.859173676924712,3.9450803961239482,132.01388621905778,6.540547464520866,5.31340654426618,0.1313491640932808,0.9517520450397368,0.1073900543073155,0.5020664824650338,0.11981654032915261,0.21385077358508298,2.780620949593393,-0.7477304509194498,0.9817685754519618,0.9486161777113064,0.9987277218318478,0.9493229333049373,0.9904039984436109,0.09504288976443166,0.3345224150782664,2.6511777477712055,1.3611889270898652,485.53865336658356,0.20180326407588675,2.4990718341303846,22.90648379052369,166.40523690773068,2422.6629260182876,16.071530671999874,0.07779811063537512,6.591685371155899,230.3973399833749,0.09575949292742099,0.1245019404915912,101.8921594945858,0.28268719808148945,8.745447861502141,0.016845554344324023,485.53865336658356,0.20180326407588675,2.4990718341303846,22.90648379052369,166.40523690773068,2422.6629260182876,16.071530671999874,0.07779811063537512,230.3973399833749,0.09575949292742099,0.28268719808148945,8.745447861502141,0.016845554344324023,6.591685371155899,0.1245019404915912,101.8921594945858,3.077165347114967,12470.468150064684,0.6453023622284442,0.24402552779865078,4879.747632600259,1.4136281546167635,17.179767141009055,7.812005174644243,127.94261319534282,0.707035639457738,0.08896635968699206,0.16311916055771167,3.2644185712232283,0.013553048684803276,8.713348156059686,0.00227769665877517,4.6287706620127125,0.0032202355892434194,0.12117627160482539,491.jpg,/mnt/wangbd8/workspace/DataSets/ThyroidAgent/train_val_test/500_TestData_Malignancy_Cls/images/491.jpg,/mnt/wangbd8/workspace/DataSets/ThyroidAgent/train_val_test/500_TestData_Malignancy_Cls/masks/491.jpg
0.8210715227317563,257.2803226820577,264.8490135907627,38637.5,211.24554631347476,973.2203461105341,0.025188491649577073,38638.0,0.7159756647430604,39.0,105.0,215397822.0,2.0797498106935084,38.0,3.0575988966869367,195.0,21.01107190761094,70.11335990475698,67.0,10.0,185.0,15.572611246590924,74.66435792273089,0.5380004387139545,215397822.0,0.26604739267926725,658.8831068796824,12.042296466173251,3.317366829980194,56.09388160675161,4.547404045642361,4.30700581095603,0.1575106848743876,0.9294388608390213,0.15751068487438757,0.6283209232393596,0.13270106902478895,0.19568362606711964,2.829252625112128,-0.6381462078880398,0.9640822569786786,0.9212446575628064,0.9975767586942403,0.9212446575628064,0.9824988127917348,0.15751068487438757,0.29878557281350987,2.671741940237743,1.1161291239576046,1545.390174326466,0.24491127960799777,1.3332296231926282,13.098890649762282,70.9540412044374,783.1963549920761,9.396698919623317,0.1305004137154069,6.066672868892842,586.6301109350238,0.09296832185975021,0.1633107303690667,33.45928295337816,0.18372642385858062,2.505334487472978,0.02745155992577989,1545.390174326466,0.24491127960799777,1.3332296231926282,13.098890649762282,70.9540412044374,783.1963549920761,9.396698919623317,0.1305004137154069,586.6301109350238,0.09296832185975021,0.18372642385858062,2.505334487472978,0.02745155992577989,6.066672868892842,0.1633107303690667,33.45928295337816,3.0576040691628643,21745.178218334284,0.5627925414963063,0.2559665915804326,10279.53915834153,1.1193016091223624,12.153191158962679,7.402919405766344,88.47380816812465,0.933533402380829,0.12677849486025236,0.16748336410327197,2.09337382312174,0.02173234888179342,52.03259599660699,0.000649369043723244,4.7159674007407,0.006221595529990209,0.020640550840943298,492.png,/mnt/wangbd8/workspace/DataSets/ThyroidAgent/train_val_test/500_TestData_Malignancy_Cls/images/492.png,/mnt/wangbd8/workspace/DataSets/ThyroidAgent/train_val_test/500_TestData_Malignancy_Cls/masks/492.png
0.6046245467221311,531.3879317426744,526.8206525944099,131649.5,321.2901873635252,2913.356564548585,0.0221296439754696,131595.0,0.44149002744697224,21.0,86.0,510570449.0,2.0920379155044686,38.0,5.119505834933681,238.0,20.748566176424255,56.75848626467571,60.0,0.0,238.0,15.659580679787068,62.288538827199616,0.48758888684424356,510570449.0,0.2646029860400953,658.3363061701731,8.81348951647411,2.773748395378691,92.47160634013028,3.2361479833365676,4.571526070883398,0.09228864845039426,0.9604235356658518,0.07885567577480286,0.39882920660692933,0.08607043084849345,0.23043364855854326,2.530809503951628,-0.7865079755258193,0.9810173232038558,0.9617589180433701,0.9991089274774912,0.9619718758277807,0.9929191755938499,0.07393231342244501,0.3547817715019255,2.444232840244358,1.1659536798334482,2400.365802912805,0.22700641222931767,1.953663757443958,11.084074144127104,483.7663135993947,3619.871288065065,136.6789190349833,0.23931619185127906,7.102815995195231,653.4280310194818,0.061795728297662354,0.08035259698316806,328.8845929749282,0.1804405142863753,2.781458850041399,0.04131999021989107,2400.365802912805,0.22700641222931767,1.953663757443958,11.084074144127104,483.7663135993947,3619.871288065065,136.6789190349833,0.23931619185127906,653.4280310194818,0.061795728297662354,0.1804405142863753,2.781458850041399,0.04131999021989107,7.102815995195231,0.08035259698316806,328.8845929749282,2.743748468217448,97590.3238040959,0.7415959862008124,0.15556371106804912,34820.42994794635,1.1800076694940491,8.874007371100726,8.21715870663779,71.307914434439,2.1052563611530153,0.25475989140725697,0.13975159474988494,1.3397904344558853,0.035088655301067764,65.172874018265,0.00040593624356937173,4.4256269893613345,0.0020111904637044532,0.03341353694391541,493.jpg,/mnt/wangbd8/workspace/DataSets/ThyroidAgent/train_val_test/500_TestData_Malignancy_Cls/images/493.jpg,/mnt/wangbd8/workspace/DataSets/ThyroidAgent/train_val_test/500_TestData_Malignancy_Cls/masks/493.jpg
0.7889329120737764,140.34103040856743,140.4314779527724,12152.5,110.71965780366551,460.8111831820436,0.03791904407998713,12153.0,0.8480368743765719,40.0,129.0,88616110.0,2.428096883111003,41.0,3.6497834243069525,205.0,26.977978293150603,77.97959351600427,72.0,9.0,196.0,18.046236247958195,85.39149005907059,0.9065771306295421,88616110.0,0.2239626351554367,1210.8895695870951,15.078615307986054,3.6309563340527973,220.32223774648688,19.357567791920513,7.757983192107492,0.17889755935580276,0.9549199326642721,0.178399468703304,0.6787347088102944,0.1470711889221816,0.16035834767984555,3.2511122857821237,-0.6576815751811317,0.9791097638247672,0.9108500747135977,0.9978187512193215,0.9108832807570976,0.9821645812265104,0.1779636393823676,0.2855719740992861,3.0701827927069094,1.9842201878658239,436.35641367066137,0.19367794659150525,2.332758275251285,16.876165113182424,51.418109187749664,704.4065690190856,6.348685305597968,0.1280406241050118,6.2014049031719525,230.40257434531736,0.10226479109867614,0.18538632436435448,22.32135049405941,0.20713747438082647,3.7921407857552207,0.029953651279432923,436.35641367066137,0.19367794659150525,2.332758275251285,16.876165113182424,51.418109187749664,704.4065690190856,6.348685305597968,0.1280406241050118,230.40257434531736,0.10226479109867614,0.20713747438082647,3.7921407857552207,0.029953651279432923,6.2014049031719525,0.18538632436435448,22.32135049405941,3.470426131048488,6459.235497408047,0.5314930879131118,0.28217711222154507,2721.817905044022,1.9949429978558102,15.239200197482104,7.195013576894594,106.75734386571217,0.875920007640884,0.12286645518443078,0.17754189637675197,2.8344441701637457,0.02253457006073149,14.027858014327874,0.0022585365545432956,6.371456761080523,0.009605189905060624,0.08983513841998966,494.png,/mnt/wangbd8/workspace/DataSets/ThyroidAgent/train_val_test/500_TestData_Malignancy_Cls/images/494.png,/mnt/wangbd8/workspace/DataSets/ThyroidAgent/train_val_test/500_TestData_Malignancy_Cls/masks/494.png
0.7784113509347317,210.98410371527274,221.22612865572637,26925.5,164.232421198759,708.6518036156098,0.026318983997162905,26926.0,0.8208313282969449,66.0,147.0,325720548.0,2.3648711910930555,39.0,3.3299332700656543,226.0,24.68748895083407,105.4053331352596,102.0,28.0,198.0,16.938384554908477,109.98581002787218,0.5668323917604038,325720548.0,0.22896401425793225,986.5941541321317,15.403903679329941,3.721638498354771,136.43555462664654,9.252596289308576,6.3965731081367165,0.18333084056236915,0.9442755268187109,0.18325605743344303,0.6875801952645192,0.1497480579763198,0.1592667221720188,3.2084469560495155,-0.6425639336126266,0.9757290760300281,0.9083794495961711,0.9977643224176431,0.9083844351380995,0.9816750741032824,0.18319062219563267,0.26607837271911455,3.0247034109723794,1.6449759871747718,1099.1172766627312,0.21627652039801873,1.7781729111287983,16.39728453364817,47.849665486029124,695.6564344746163,5.416608793662494,0.11601257802376129,6.033557553206496,545.8827233372688,0.10741493965707768,0.18873950828195796,19.777600442084715,0.18363418862721673,3.1598485062724904,0.023808027954131318,1099.1172766627312,0.21627652039801873,1.7781729111287983,16.39728453364817,47.849665486029124,695.6564344746163,5.416608793662494,0.11601257802376129,545.8827233372688,0.10741493965707768,0.18363418862721673,3.1598485062724904,0.023808027954131318,6.033557553206496,0.18873950828195796,19.777600442084715,3.4060885412201882,14193.946297259155,0.5271464865653701,0.2735387088926821,6165.085047909084,1.647087702340597,15.536730297853376,7.151155017455248,109.55277427022209,0.7987750887078942,0.11248669904425493,0.17531794960674113,2.7908052522551525,0.020217455507495916,29.534993103078012,0.0009412691370955562,6.638204413101241,0.008138278729316035,0.037336371373733385,495.png,/mnt/wangbd8/workspace/DataSets/ThyroidAgent/train_val_test/500_TestData_Malignancy_Cls/images/495.png,/mnt/wangbd8/workspace/DataSets/ThyroidAgent/train_val_test/500_TestData_Malignancy_Cls/masks/495.png
0.7608678904927206,154.92324398659926,156.82155464093577,14210.5,117.87612184037285,503.6396103067898,0.03544137154264732,14211.0,0.839053652493419,62.0,133.0,139164484.0,2.180692958749829,37.0,2.9768299199061103,184.0,21.716430883276768,95.14319893040603,93.0,18.0,166.0,15.418062559965836,98.95822278695647,0.4987971748683377,139164484.0,0.25468946238111084,740.5015544420958,19.741342605733752,4.309217996026113,70.6045294595956,5.205476846169171,4.870233489161569,0.18230201532784557,0.927837413446828,0.18230201532784557,0.6850871837105788,0.14906799053525152,0.1771978521945201,3.0153191480238375,-0.6167555738504042,0.9654250473115344,0.9088489923360772,0.9971953536103408,0.9088489923360772,0.9797442205191282,0.18230201532784557,0.2981833664490491,2.833017132695994,1.2631338761223536,647.2872023809524,0.24080625088577098,1.404316666445224,20.256324404761905,48.384300595238095,939.8764880952381,3.184282933597546,0.069089255555893,5.856921208017998,291.1659226190476,0.10832065573625284,0.1891492505805362,20.433725370030825,0.18847019452742222,3.8505149076071863,0.01394707860228986,647.2872023809524,0.24080625088577098,1.404316666445224,20.256324404761905,48.384300595238095,939.8764880952381,3.184282933597546,0.069089255555893,291.1659226190476,0.10832065573625284,0.18847019452742222,3.8505149076071863,0.01394707860228986,5.856921208017998,0.1891492505805362,20.433725370030825,3.2273436023432214,7483.7337977622965,0.5266155652496163,0.27600219954669447,3619.3919498979662,1.2634226140707598,19.87629301245514,7.149320948560974,141.41045668848076,0.474127112776009,0.06686046774631321,0.17612334732875157,3.5289838075356337,0.011995430945112781,17.09411631154797,0.001586088316803814,4.905724397784133,0.008103015046464457,0.04105279388632013,496.png,/mnt/wangbd8/workspace/DataSets/ThyroidAgent/train_val_test/500_TestData_Malignancy_Cls/images/496.png,/mnt/wangbd8/workspace/DataSets/ThyroidAgent/train_val_test/500_TestData_Malignancy_Cls/masks/496.png
0.5416950759543381,160.86597575657458,161.3071604114337,10753.0,87.14030695592638,1393.182899632277,0.1295622523604833,10765.0,0.26385274684044874,49.0,97.0,62045489.0,1.7423598763889983,24.0,16.849080577764607,237.0,17.55978819560475,70.8907570831398,64.0,31.0,206.0,10.487887823403241,75.91858217438154,3.1225925759819333,62045489.0,0.40017752910260984,738.1316795475868,6.581889537666316,2.34703742701254,313.09889027037923,26.923495427670233,4.5094537411184215,0.21623432564372547,0.9084855696826046,0.11879008327749595,0.516582678900815,0.20212324175865107,0.36492820415326177,2.2027195849339765,-0.7162469925494719,0.9562366430237953,0.9498899205513545,0.9975461781668448,0.9523515522797614,0.9889178544246985,0.0727388511321698,0.5564276825883029,2.056417444240618,1.1814220166905367,246.73030056864337,0.2004307884391904,4.2567005485821525,14.942323314378553,340.663688058489,1580.3590576766856,93.21946556824733,0.2530586135001583,6.173072123347238,193.56701868399676,0.15724371948334423,0.11435206688341848,264.19001280882907,0.3985810115599618,8.976727790781437,0.08404502805898793,246.73030056864337,0.2004307884391904,4.2567005485821525,14.942323314378553,340.663688058489,1580.3590576766856,93.21946556824733,0.2530586135001583,193.56701868399676,0.15724371948334423,0.3985810115599618,8.976727790781437,0.08404502805898793,6.173072123347238,0.11435206688341848,264.19001280882907,2.479237842612583,7331.317510450534,0.6810327459777551,0.2548007824120806,4307.911100789596,1.2455489817619114,6.854064096609382,7.934881560613098,46.43678588016721,2.315134084527826,0.2875838111715072,0.16683181090984156,1.7975228363523768,0.0449596091133427,9.120625870767897,0.0039913018169414356,4.035675503200938,0.0033907575366641293,0.25316747490000724,497.jpg,/mnt/wangbd8/workspace/DataSets/ThyroidAgent/train_val_test/500_TestData_Malignancy_Cls/images/497.jpg,/mnt/wangbd8/workspace/DataSets/ThyroidAgent/train_val_test/500_TestData_Malignancy_Cls/masks/497.jpg
0.7238756590404243,45.601726569947004,51.42956348249516,1096.5,33.00997987420161,416.4163056034277,0.3797686325612656,1106.0,0.28189120310718907,45.0,111.0,8789254.0,2.209475010887266,30.0,7.888092610582084,240.0,22.539771556756016,82.70705244122966,79.0,29.0,211.0,13.280359548754248,89.14529862887387,1.7877517200415334,8789254.0,0.274341173739164,1106.4277441147908,9.267893660531698,2.7551124744376274,367.73973414618223,30.05768841401403,7.102656186616818,0.39366053169734155,0.8949722786563714,0.268916155419223,0.9387254379341444,0.3213446330518859,0.18999429159295925,3.189107489590619,-0.5544091622195568,0.9557060583027942,0.8777276554793697,0.9953894749857997,0.8823960463531016,0.9741662733994023,0.19491308793456033,0.3343558282208589,2.8473653109181676,1.8740791795785396,79.61449275362318,0.2307666456626759,2.7525813904641883,14.710144927536232,21.48985507246377,149.52753623188406,7.097671004633738,0.16242913284476432,4.857844763149492,79.44057971014493,0.23026254988447806,0.31193490054249545,11.212720016803194,0.46868316337245997,9.16062777168351,0.05038955546129525,79.61449275362318,0.2307666456626759,2.7525813904641883,14.710144927536232,21.48985507246377,149.52753623188406,7.097671004633738,0.16242913284476432,79.44057971014493,0.23026254988447806,0.46868316337245997,9.16062777168351,0.05038955546129525,4.857844763149492,0.31193490054249545,11.212720016803194,3.4453423132896965,450.4755877034358,0.4073016163683868,0.47877923802111777,303.42133815551534,1.860773391234398,9.854430379746836,6.124773960216999,47.81645569620253,1.8101111803639145,0.2546450685625533,0.2723528229857344,3.901195499296765,0.05000053662379827,1.9889413680781758,0.018113182826868433,8.827448525015097,0.012314491375081973,0.904989517244219,498.jpg,/mnt/wangbd8/workspace/DataSets/ThyroidAgent/train_val_test/500_TestData_Malignancy_Cls/images/498.jpg,/mnt/wangbd8/workspace/DataSets/ThyroidAgent/train_val_test/500_TestData_Malignancy_Cls/masks/498.jpg
0.677895121409328,411.9593460553458,403.7635446644484,89667.0,279.265230909896,2350.5870119268648,0.02621462758792939,89640.0,0.4515906274225089,34.0,133.0,764621684.0,2.662477759774263,49.0,4.675937947159273,255.0,31.379589014991993,82.30167336010709,79.0,1.0,254.0,20.594032801817747,92.35754518989177,1.0898795927024916,764621684.0,0.19174737748156592,1756.3507156291382,17.331944662788874,3.810665438947156,591.1804032687608,39.624505312411394,11.356239134282031,0.11314483347182608,0.9802701114916142,0.1122015855548319,0.5095113119657931,0.1005556376708078,0.15489838329202263,3.2610361877513343,-0.7726987934984352,0.9917310481153288,0.9439935320142836,0.9990729544461328,0.9440564152087498,0.9906559143314371,0.11137624362746198,0.2550025827026299,3.143657418908475,2.867345991938464,1871.3623766135156,0.1776160190407665,2.9930871570819995,19.66514806378132,195.41268033409264,2707.8565869400154,31.410380056066025,0.1255268239363835,7.035305958674134,815.8881928625665,0.07743813523752528,0.11753681392235608,123.027081463186,0.19580249360449226,3.859242646938814,0.02794782086362843,1871.3623766135156,0.1776160190407665,2.9930871570819995,19.66514806378132,195.41268033409264,2707.8565869400154,31.410380056066025,0.1255268239363835,815.8881928625665,0.07743813523752528,0.19580249360449226,3.859242646938814,0.02794782086362843,7.035305958674134,0.11753681392235608,123.027081463186,3.4914128684774792,58372.743842034804,0.6511908059129273,0.21142936762668701,17188.234917447568,2.8883009402626123,17.44119812583668,7.8562472110664885,134.46977911646587,1.0926666150484379,0.13726633697539758,0.1534204720115028,2.7672002826119297,0.020819819626195817,41.8761073609339,0.0005542242076935557,6.43204346571828,0.005756449036351554,0.0395473542177394,499.jpg,/mnt/wangbd8/workspace/DataSets/ThyroidAgent/train_val_test/500_TestData_Malignancy_Cls/images/499.jpg,/mnt/wangbd8/workspace/DataSets/ThyroidAgent/train_val_test/500_TestData_Malignancy_Cls/masks/499.jpg
0.809938982373116,414.7631187375232,428.62221127701724,108676.5,335.93281831616946,1379.4629867976466,0.012693296037300121,108677.0,0.8471546547969446,31.0,120.0,719675524.0,2.466304894603773,44.0,2.9595034058033516,228.0,26.575844737822013,74.20261876938082,73.0,0.0,228.0,18.660310748655547,81.37660094857011,0.37110261395006966,719675524.0,0.20873279497869393,1116.122549708754,13.933634240670488,3.485974579791211,157.18180272809994,6.850232998375255,7.282878312481848,0.15641643360193466,0.957948585466579,0.1563610518834399,0.6258502363134073,0.13196765505583885,0.15206802457638602,3.2277391106689497,-0.6908485469396319,0.9832834430396181,0.9218250122301296,0.9984513540742299,0.9218287043446959,0.9857857784781607,0.15631259287975702,0.24852546174507795,3.070992191471579,1.8598236865209459,3516.7617366136033,0.20357520906591048,1.9291117376398224,14.626628075253256,75.24451519536903,960.1483646888568,14.669876639442293,0.15357215525058715,6.398331434976327,1582.7712301013025,0.09162206831266584,0.158957277068745,35.66785240376058,0.16564476853835647,2.389565234350344,0.028505241610249515,3516.7617366136033,0.20357520906591048,1.9291117376398224,14.626628075253256,75.24451519536903,960.1483646888568,14.669876639442293,0.15357215525058715,1582.7712301013025,0.09162206831266584,0.16564476853835647,2.389565234350344,0.028505241610249515,6.398331434976327,0.158957277068745,35.66785240376058,3.433599009459888,61832.63911407197,0.5689579130273377,0.24617952422821499,22684.453959899518,1.8625261861270497,14.00144464790158,7.439761863135714,103.1758973839911,1.2333348755150164,0.16353830843808928,0.1642292706317293,2.3277418404998294,0.026664270136447947,86.70144377671181,0.000290550015347068,7.82686774892544,0.006360360123508663,0.01697721489781276,500.png,/mnt/wangbd8/workspace/DataSets/ThyroidAgent/train_val_test/500_TestData_Malignancy_Cls/images/500.png,/mnt/wangbd8/workspace/DataSets/ThyroidAgent/train_val_test/500_TestData_Malignancy_Cls/masks/500.png
